,precision,recall,f1-score,Prompt ID
0,0.7567142857142858,0.62,0.649932733932734,P6
