,precision,recall,f1-score,Prompt ID
0,0.5370718560758189,0.3448621553884712,0.3367686148463599,P4_2
