,precision,recall,f1-score,Prompt ID
0,0.19866666666666666,0.24,0.20141176470588237,P2_1
