,precision,recall,f1-score,Prompt ID
0,0.5010436678132869,0.2581453634085213,0.20842953616362536,P1
1,0.5309230661662383,0.21453634085213033,0.15637316209436292,P2
