,precision,recall,f1-score,support,Prompt ID
0 - OTHER,0.9235537190082644,0.9781181619256017,0.9500531349628055,457.0,P1
1 - ANIMAL,0.8163265306122449,0.5194805194805194,0.6349206349206349,77.0,P1
micro avg,0.9136960600375235,0.9119850187265918,0.9128397375820058,534.0,P1
macro avg,0.8699401248102547,0.7487993407030606,0.7924868849417201,534.0,P1
weighted avg,0.9080921206814976,0.9119850187265918,0.9046126808368745,534.0,P1
