,precision,recall,f1-score,Prompt ID
0,0.43861264606806505,0.31086142322097376,0.2575802301237851,P1_HIERARCHY
1,0.5800290151771186,0.5074906367041199,0.502212936120434,P2_HIERARCHY
