,precision,recall,f1-score,Prompt ID
0,0.24307692307692308,0.22,0.20206060606060602,P2.1
