,precision,recall,f1-score,Prompt ID
0,0.6144444444444445,0.4,0.3837712287712287,P12
