,precision,recall,f1-score,Prompt ID
0,0.6181797624459904,0.45162907268170427,0.443345012432491,P5
1,0.5848121771464442,0.5007518796992482,0.5038677130518152,P6
