,precision,recall,f1-score,Prompt ID
0,0.45730581707665185,0.3052434456928839,0.22872315055781994,P7
