,precision,recall,f1-score,Prompt ID
0,0.583879152839656,0.4245614035087719,0.4019848967203865,P1
1,0.5650509092869307,0.37293233082706767,0.33805883297938155,P2
