,precision,recall,f1-score,Prompt ID
0,0.4828657559961018,0.3202247191011236,0.27042376036190163,P1_HIERARCHY
