,precision,recall,f1-score,Prompt ID
0,0.5308205128205128,0.36,0.34943196672608434,P1
1,0.6144871794871795,0.28,0.282060606060606,P2
