,precision,recall,f1-score,Prompt ID
0,0.48737356215867866,0.3157894736842105,0.2997592455057974,P3_2
