,precision,recall,f1-score,Prompt ID
0,0.6082245787865908,0.5112359550561798,0.49825145602081505,P5
