,precision,recall,f1-score,Prompt ID
0,0.7256483059863563,0.6441947565543071,0.6453418701825658,P2_HIERARCHY
