,precision,recall,f1-score,Prompt ID
0,0.5648282276967121,0.2746867167919799,0.24404968625354626,P12
