,precision,recall,f1-score,Prompt ID
0,0.5757508831404938,0.45880149812734083,0.4215716888359422,P12_1
