,precision,recall,f1-score,Prompt ID
0,0.5039290140392412,0.3464419475655431,0.2947117299841809,P1_HIERARCHY
1,0.6169146309020545,0.550561797752809,0.5404813502191589,P2_HIERARCHY
