,precision,recall,f1-score,Prompt ID
0,0.7308571428571429,0.64,0.6631226551226552,P3_1
1,0.7296190476190476,0.6,0.6324242424242424,P3_2
2,0.6647619047619048,0.38,0.46771020550330905,P3_3
3,0.77,0.68,0.7037864357864357,P4_1
