,precision,recall,f1-score,Prompt ID
0,0.5224848484848486,0.46,0.44462835249042143,P11_5
