,precision,recall,f1-score,Prompt ID
0,0.46301587301587305,0.4,0.3429859943977591,P1
1,0.13634920634920633,0.26,0.16780952380952383,P2
2,0.2696969696969697,0.36,0.26504761904761903,P3
3,0.5647619047619048,0.5,0.4662106782106782,P4
