,precision,recall,f1-score,Prompt ID
0,0.5952011713461064,0.37623762376237624,0.3726926994555652,P3_2
1,0.6511942428966876,0.37376237623762376,0.3593857293675213,P3_3
2,0.6036009845825656,0.38613861386138615,0.3809208506398998,P3_4
