,precision,recall,f1-score,Prompt ID
0,0.47712673814498296,0.23208020050125314,0.17306158564913274,P7
1,0.5642510001993053,0.2761904761904762,0.24500280595054288,P9
