,precision,recall,f1-score,Prompt ID
0,0.618782429193114,0.5093632958801498,0.486824341092783,P11_3
1,0.5876815764181428,0.5187265917602997,0.5089338750704505,P11_4
2,0.5443221985108965,0.41760299625468167,0.3923730612542238,P11_5
3,0.5141573008949751,0.3951310861423221,0.3601138617169403,P12
