,precision,recall,f1-score,Prompt ID
0,0.6014467515662952,0.5280898876404494,0.5182580832126532,P11_4
1,0.5514159444185405,0.4250936329588015,0.4041697021624384,P11_5
2,0.5275066877542829,0.40262172284644193,0.37142832980517654,P12
