,precision,recall,f1-score,Prompt ID
0,0.6902104363429782,0.5445544554455446,0.5606084208611952,P11_3
1,0.6984994312648414,0.5420792079207921,0.5713907646313399,P11_4
