,precision,recall,f1-score,Prompt ID
0,0.7120000000000001,0.44,0.4793092006033183,P6
