,precision,recall,f1-score,Prompt ID
0,0.5565567765567766,0.42,0.38225549613784904,P3_1
1,0.5419365079365079,0.42,0.412979316979317,P3_2
2,0.5622649572649573,0.34,0.34794871794871796,P3_3
