,precision,recall,f1-score,Prompt ID
0,0.4612494776006521,0.3408239700374532,0.27131591775092834,P1
