,precision,recall,f1-score,Prompt ID
0,0.584218342068823,0.47518796992481205,0.4815858603981903,P11_4
