,precision,recall,f1-score,Prompt ID
0,0.48905430665963795,0.3118811881188119,0.29295436847961037,P3_2
1,0.5453013716781014,0.29455445544554454,0.2692020367401934,P3_3
2,0.49780908671145974,0.31683168316831684,0.2975387122822825,P3_4
