,precision,recall,f1-score,Prompt ID
0,0.5530507381517595,0.43258426966292135,0.3981865963333671,P3_3
1,0.557854734663211,0.44756554307116103,0.4268579401306994,P3_4
2,0.5517988777124359,0.4344569288389513,0.4164152023784904,P4_1
3,0.49582309553166615,0.41385767790262173,0.3916073299552695,P4_2
