,precision,recall,f1-score,Prompt ID
0,0.6048194310492013,0.46441947565543074,0.4449556240897896,P12_2
