,precision,recall,f1-score,Prompt ID
0,0.5287401490955289,0.398876404494382,0.36471139130547137,P9
1,0.5479252166657969,0.4232209737827715,0.3952120589709726,P9_1
2,0.46595526270700954,0.34831460674157305,0.28096372202531655,P10
