,precision,recall,f1-score,Prompt ID
0,0.3,0.06,0.09999999999999998,P3
1,0.26666666666666666,0.08,0.12307692307692307,P4
