,precision,recall,f1-score,Prompt ID
0,0.4698307010628205,0.25742574257425743,0.21019795313477121,P1
