,precision,recall,f1-score,Prompt ID
0,0.5068253968253968,0.36,0.34594871794871795,P9_1
