,precision,recall,f1-score,Prompt ID
0,0.5758813135361276,0.4939879759519038,0.49833980934594024,P6
