,precision,recall,f1-score,Prompt ID
0,0.5459895232133695,0.35396039603960394,0.3491176662503488,P4_1
1,0.4330984741619877,0.3415841584158416,0.31980329325164847,P4_2
