,precision,recall,f1-score,Prompt ID
0,0.592265570654617,0.3193069306930693,0.2966857290590613,P3_1
