,precision,recall,f1-score,support,Prompt ID
0 - OTHER,0.9278350515463918,0.9846827133479212,0.9554140127388535,457.0,P1
1 - ANIMAL,0.8571428571428571,0.5454545454545454,0.6666666666666665,77.0,P1
accuracy,0.9213483146067416,0.9213483146067416,0.9213483146067416,0.9213483146067416,P1
macro avg,0.8924889543446244,0.7650686294012333,0.81104033970276,534.0,P1
weighted avg,0.9176416077840843,0.9213483146067416,0.9137781594662723,534.0,P1
