,precision,recall,f1-score,Prompt ID
0,0.5454514259253799,0.35396039603960394,0.3486461905313484,P4_1
1,0.5438416913408485,0.36386138613861385,0.3564025414117586,P4_2
