,precision,recall,f1-score,Prompt ID
0,0.5910814337190363,0.5411985018726592,0.532348176038849,P6
