,precision,recall,f1-score,Prompt ID
0,0.50564805980368,0.25513784461152883,0.20566124530544702,P1
1,0.5236587629174335,0.21804511278195488,0.16039636210898076,P2
