,precision,recall,f1-score,Prompt ID
0,0.6094615384615385,0.5,0.4756638655462185,P5
1,0.7165194805194804,0.6,0.6028929851510497,P6
