,precision,recall,f1-score,Prompt ID
0,0.6076795986965007,0.4395989974937343,0.43558529991081285,P11_3
