,precision,recall,f1-score,Prompt ID
0,0.4442907507797584,0.33146067415730335,0.261232470770214,P1
