,precision,recall,f1-score,Prompt ID
0,0.9080921206814976,0.9119850187265918,0.9046126808368745,P1
