,precision,recall,f1-score,Prompt ID
0,0.5618987575798541,0.43258426966292135,0.4091966337439143,P4_1
1,0.5468144647684123,0.4307116104868914,0.411998067050804,P4_2
