,precision,recall,f1-score,Prompt ID
0,0.5275555555555556,0.34,0.33874428495481124,P1
1,0.6268205128205129,0.3,0.2905656565656566,P2
