,precision,recall,f1-score,Prompt ID
0,0.9122219674386608,0.9157303370786517,0.9057072870297364,P2
1,0.948181439866833,0.9456928838951311,0.9466639089805593,P3
