,precision,recall,f1-score,Prompt ID
0,0.5307140742772366,0.4101123595505618,0.3752520024075376,P9
1,0.5103605811324905,0.40636704119850187,0.3750098992098739,P9_1
2,0.4759109087503444,0.3539325842696629,0.29121809745409954,P10
