,precision,recall,f1-score,Prompt ID
0,0.5252129497832074,0.36633663366336633,0.32765986637990924,P12_1
1,0.551458843440315,0.4034653465346535,0.3947806076409275,P12_2
