prediction,true_lable,BiomedBERT_prediction,Scibert_prediction,BioLinkBERT_prediction,BiomedBERT_probs,Scibert_probs,BioLinkBERT_probs
1,0,1,1,0,"[3.3075141e-03 9.9131936e-01 5.6141790e-04 3.1342238e-04 7.4254384e-04
 4.5799138e-04 2.9842183e-04 1.6137679e-03 2.1576279e-04 2.1947491e-04
 2.4289814e-04 1.7159591e-04 2.7757938e-04 2.5832612e-04]","[0.20756704 0.21943632 0.09106054 0.07291391 0.04718717 0.0606543
 0.02606323 0.02147304 0.0884378  0.01215925 0.05298349 0.01756828
 0.05042746 0.03206828]","[9.8369712e-01 3.2526476e-03 4.0259026e-03 3.1015896e-03 5.9333234e-04
 9.3051995e-04 2.8767984e-04 5.0015701e-04 1.4869354e-03 2.7149584e-04
 2.5505159e-04 1.6322320e-04 3.7694848e-04 1.0576587e-03]"
5,2,2,5,5,"[1.6068949e-03 6.1167229e-04 9.8925924e-01 1.2397297e-03 6.3533412e-04
 3.6859655e-04 3.0112162e-04 4.7651149e-04 5.7669228e-04 2.9033134e-03
 8.5091847e-04 3.6145654e-04 5.9958274e-04 2.0883163e-04]","[0.00787968 0.01927235 0.00409697 0.00176066 0.00586205 0.73800874
 0.0242507  0.00606315 0.01258736 0.00341289 0.14757092 0.00837478
 0.0125248  0.00833488]","[0.00214648 0.00742981 0.00323394 0.00240433 0.00302309 0.5250578
 0.12994373 0.00385885 0.01091779 0.00211691 0.30043745 0.00289503
 0.00278142 0.00375348]"
1,3,1,5,0,"[1.0653374e-02 9.8236841e-01 7.6013064e-04 6.2879606e-04 1.1295383e-03
 6.2969798e-04 3.2615053e-04 1.7513727e-03 2.7573251e-04 2.9196462e-04
 2.9503598e-04 1.9831274e-04 3.9289019e-04 2.9872224e-04]","[0.0210437  0.04751893 0.00623203 0.00403215 0.00943781 0.70558316
 0.02879254 0.00836782 0.0210002  0.00382527 0.10735449 0.0097679
 0.01803041 0.00901359]","[9.8142403e-01 5.7433657e-03 2.6888389e-03 2.2255741e-03 6.4807222e-04
 1.4957550e-03 4.4315710e-04 5.7184813e-04 2.4073317e-03 2.9306472e-04
 2.6475335e-04 1.9744477e-04 4.1302451e-04 1.1836048e-03]"
0,0,0,5,6,"[9.94218588e-01 4.96014138e-04 4.47790604e-04 6.00279891e-04
 2.94907775e-04 3.17682687e-04 1.02007631e-04 1.32988367e-04
 5.41722286e-04 1.18671538e-04 1.16148374e-04 2.13411477e-04
 1.52623936e-04 2.24714703e-03]","[0.01391742 0.03994615 0.01420752 0.00687895 0.01202752 0.5084003
 0.04439094 0.00923978 0.0256492  0.00505557 0.27094778 0.01091464
 0.02865535 0.00976885]","[0.00103067 0.0026576  0.00114512 0.0046269  0.00162171 0.05623576
 0.8937836  0.00240636 0.00535544 0.00226556 0.02262563 0.00326912
 0.00147716 0.00149942]"
4,4,4,5,3,"[5.2843099e-03 3.1673770e-02 1.6452870e-03 6.3740672e-04 9.4842494e-01
 1.2013902e-03 1.0338019e-03 3.8177625e-03 1.7540917e-03 1.0870463e-03
 1.2520181e-03 7.2183501e-04 7.7396224e-04 6.9228548e-04]","[0.0099496  0.0274509  0.00584406 0.00346962 0.00654608 0.6630395
 0.0458197  0.00736795 0.01725611 0.00320913 0.178605   0.00855477
 0.01538376 0.00750393]","[4.6565649e-03 1.2746570e-03 1.0614725e-02 9.6689242e-01 3.9020909e-03
 8.6162641e-04 2.2609343e-03 8.6785521e-04 8.6692336e-04 1.0416462e-03
 1.1072173e-03 3.9085825e-03 8.4708544e-04 8.9775224e-04]"
0,0,0,5,11,"[9.8413980e-01 9.8857684e-03 6.0284801e-04 5.2832259e-04 7.7722856e-04
 6.8108219e-04 1.8558350e-04 4.5922262e-04 7.8392192e-04 1.7200274e-04
 1.4896673e-04 2.9439575e-04 2.5215151e-04 1.0888480e-03]","[0.02440118 0.06738499 0.0094409  0.0055635  0.01206258 0.60250765
 0.03600907 0.01147407 0.03137333 0.00491629 0.14943707 0.01098914
 0.02410729 0.01033287]","[0.00185324 0.00323155 0.00406196 0.02601772 0.00359526 0.00462639
 0.00752561 0.00505593 0.00482437 0.01923544 0.00260815 0.88869584
 0.00633515 0.02233335]"
0,0,0,5,6,"[9.9050361e-01 9.5896609e-04 6.5221381e-04 3.9148303e-03 2.7278007e-04
 3.8335202e-04 2.2911950e-04 2.2042614e-04 4.3097686e-04 1.5597988e-04
 1.5140756e-04 2.8160634e-04 1.4230939e-04 1.7023525e-03]","[0.00691136 0.01906123 0.00423213 0.00199581 0.00646525 0.74003744
 0.02601359 0.00660848 0.01117946 0.00360928 0.14483078 0.00845112
 0.01413393 0.00646996]","[5.6335388e-04 1.6280646e-03 9.4975356e-04 3.8508498e-03 1.7189174e-03
 1.2484990e-02 9.4835436e-01 2.5491354e-03 3.3828903e-03 2.6671397e-03
 1.3873025e-02 4.7396375e-03 2.1241277e-03 1.1138446e-03]"
5,5,5,1,5,"[7.1078975e-04 1.0685646e-03 2.6866130e-04 3.3854158e-04 4.8488897e-04
 9.9061650e-01 1.3608349e-03 4.6167229e-04 8.5170614e-04 3.9005274e-04
 2.0677154e-03 2.9201622e-04 4.4324997e-04 6.4477202e-04]","[0.20472145 0.48120603 0.04316622 0.02429655 0.0192008  0.04319805
 0.01252218 0.01753373 0.05908755 0.00639546 0.03116263 0.00886821
 0.0297446  0.01889645]","[0.00213297 0.00331365 0.00129234 0.00176553 0.00169882 0.8112732
 0.14262764 0.00178133 0.01001428 0.00165373 0.01544501 0.00261589
 0.00169995 0.00268571]"
1,1,1,5,3,"[2.2762162e-03 9.9077272e-01 5.4892764e-04 3.8585215e-04 1.0541396e-03
 4.9161300e-04 4.6101247e-04 2.2038228e-03 2.3834358e-04 3.5870523e-04
 3.1588558e-04 2.3359456e-04 3.3539595e-04 3.2374039e-04]","[0.01301666 0.02846071 0.00682432 0.002958   0.00670569 0.6701909
 0.0328104  0.00802682 0.01858349 0.00404657 0.1754384  0.00974971
 0.01491    0.00827823]","[0.00280647 0.00127074 0.00694637 0.94227225 0.00327333 0.00113799
 0.00319362 0.00125575 0.00109516 0.00225965 0.00131154 0.03036184
 0.00134165 0.00147361]"
0,0,0,1,10,"[9.9682403e-01 6.8170979e-04 4.8048495e-04 3.6730111e-04 1.8639256e-04
 1.6878538e-04 6.7715177e-05 1.3001407e-04 2.0797836e-04 9.5537245e-05
 6.5355161e-05 1.2404550e-04 8.9674759e-05 5.1100325e-04]","[0.03163991 0.86266774 0.00547742 0.00408907 0.00610276 0.02671082
 0.00967084 0.0084143  0.01381605 0.00287462 0.01210266 0.00317202
 0.00940126 0.00386043]","[0.0009736  0.00577907 0.01027032 0.00197802 0.00469857 0.03679705
 0.02114737 0.00396999 0.00393619 0.00235308 0.898145   0.00232154
 0.00533108 0.00229908]"
1,3,1,5,6,"[5.3330385e-03 9.8549658e-01 6.8753195e-04 1.1808084e-03 1.4550770e-03
 7.1937375e-04 8.2911656e-04 2.0782277e-03 3.5712525e-04 4.2370500e-04
 2.7527081e-04 4.4770993e-04 4.0281253e-04 3.1365734e-04]","[0.04860444 0.09138181 0.02379701 0.01938983 0.0169694  0.46221593
 0.0531217  0.01426734 0.06675045 0.00801386 0.12104309 0.01657269
 0.04267294 0.01519955]","[6.8030803e-04 1.6987673e-03 9.1591169e-04 4.3816301e-03 1.2973521e-03
 1.6592510e-02 9.4268119e-01 2.2693041e-03 4.0461705e-03 2.2269087e-03
 1.6647842e-02 3.6929231e-03 1.6856752e-03 1.1833616e-03]"
0,0,0,5,0,"[9.96434450e-01 6.53389725e-04 3.82390921e-04 4.65147634e-04
 2.29251702e-04 1.73892637e-04 8.00069029e-05 1.32959874e-04
 2.54196668e-04 1.04550876e-04 7.43216588e-05 1.48438980e-04
 1.05709565e-04 7.61220697e-04]","[0.01190665 0.04559555 0.00645085 0.00343909 0.00808165 0.64647955
 0.03531948 0.00922453 0.02622704 0.0042887  0.16554856 0.00970135
 0.01767823 0.01005867]","[9.6871513e-01 6.3505867e-03 2.7183224e-03 2.6454874e-03 9.9399721e-04
 5.2607534e-03 7.9444284e-04 8.4468297e-04 7.2431937e-03 4.2663235e-04
 4.0520195e-04 3.6062323e-04 6.5648352e-04 2.5843449e-03]"
0,0,0,5,1,"[9.96260464e-01 6.90029177e-04 4.07828164e-04 4.40410338e-04
 2.31458383e-04 1.87607031e-04 9.29206726e-05 1.38422620e-04
 2.58151646e-04 1.04230101e-04 7.12126202e-05 1.57280287e-04
 1.18212076e-04 8.41659610e-04]","[0.05205701 0.14544505 0.0211161  0.01353739 0.0193528  0.40991673
 0.03932187 0.01463361 0.03456639 0.00643314 0.161724   0.01698702
 0.04895322 0.01595557]","[1.0187005e-02 9.6241063e-01 4.0958128e-03 1.4645900e-03 5.6443815e-03
 1.9247503e-03 1.2960323e-03 6.0634976e-03 1.3773830e-03 9.0698927e-04
 1.9618790e-03 9.0915605e-04 1.0734525e-03 6.8430469e-04]"
2,2,2,5,0,"[1.4638309e-03 8.9751912e-04 8.9566934e-01 2.6911469e-03 2.2440483e-03
 6.2526600e-04 1.2644924e-03 1.1672297e-03 2.2116986e-03 7.7198930e-02
 6.8576061e-03 1.7165734e-03 3.6724992e-03 2.3196836e-03]","[0.00818805 0.0206141  0.00328846 0.00145189 0.00523758 0.77854604
 0.02589825 0.0060956  0.01089078 0.00282127 0.11221992 0.00675076
 0.01186176 0.00613563]","[9.3770218e-01 3.9987389e-02 3.4627763e-03 2.4553612e-03 1.6901189e-03
 4.7845021e-03 7.8117178e-04 1.0042619e-03 4.3240599e-03 4.8519394e-04
 5.5528909e-04 3.2775418e-04 6.5792585e-04 1.7818250e-03]"
4,4,4,5,11,"[1.9878147e-03 1.8900339e-02 1.5260716e-03 6.4508768e-04 9.6446699e-01
 1.1248495e-03 1.2377147e-03 3.1417438e-03 1.7753749e-03 1.3283838e-03
 1.7140878e-03 7.6261966e-04 7.4086210e-04 6.4783235e-04]","[0.01958723 0.04795261 0.00972833 0.00564225 0.01376734 0.6316864
 0.03090499 0.01046346 0.02369814 0.00613445 0.1488051  0.01342427
 0.02623367 0.01197185]","[4.2236943e-04 1.8875088e-03 2.8160727e-03 1.0604189e-02 2.3829862e-03
 2.6046801e-03 5.2126646e-03 3.3219203e-03 3.2532956e-03 1.1502293e-02
 3.4185916e-03 9.4240445e-01 5.6461389e-03 4.5228871e-03]"
6,6,6,1,0,"[2.6120644e-04 6.7713269e-04 2.7234343e-04 7.8292127e-04 1.2655626e-03
 9.1611193e-03 9.7708547e-01 9.5781963e-04 9.1957033e-04 3.8055109e-04
 5.2339379e-03 1.2826554e-03 7.3148881e-04 9.8826736e-04]","[0.11251847 0.17632638 0.05657703 0.04750676 0.0342075  0.17247571
 0.04236411 0.02411366 0.11339194 0.01664855 0.07264503 0.0258696
 0.06617    0.03918523]","[9.8483247e-01 2.7279926e-03 2.1114114e-03 2.4985957e-03 6.5898726e-04
 1.1764237e-03 2.9850064e-04 6.0631742e-04 1.9654485e-03 3.3405246e-04
 2.2031771e-04 2.0733877e-04 4.0596799e-04 1.9561714e-03]"
0,0,0,1,0,"[9.9642855e-01 6.9367647e-04 4.0092031e-04 3.6380466e-04 2.0788297e-04
 2.2088291e-04 7.4468015e-05 1.5853500e-04 2.8701557e-04 9.7853685e-05
 7.5408854e-05 1.4030107e-04 1.1668330e-04 7.3390617e-04]","[0.17190135 0.25319698 0.04079264 0.02749749 0.02682598 0.16035339
 0.02962511 0.02557336 0.07565513 0.01270084 0.07176626 0.01747557
 0.05285669 0.03377923]","[9.8316807e-01 3.5043785e-03 2.4039149e-03 1.5867209e-03 6.3501135e-04
 1.7120364e-03 3.1304994e-04 5.2728702e-04 2.3228859e-03 4.2609172e-04
 2.9639481e-04 2.1974830e-04 3.9494649e-04 2.4894844e-03]"
10,6,10,5,2,"[5.4092781e-04 1.6513052e-03 1.5123301e-03 1.2674195e-03 3.9035508e-03
 1.9433854e-02 1.2137897e-01 5.7961014e-03 2.4367638e-03 2.1932516e-03
 8.3396834e-01 1.5282173e-03 2.1341760e-03 2.2547443e-03]","[0.0921861  0.12396912 0.04482368 0.02545665 0.02541203 0.28884012
 0.03977893 0.01611818 0.04964272 0.00975878 0.16765021 0.0229683
 0.06354663 0.02984849]","[0.00804428 0.00403817 0.959901   0.00400255 0.00248929 0.00161274
 0.00106877 0.00114205 0.00274539 0.00405338 0.00534453 0.00180447
 0.00214101 0.00161251]"
5,6,6,5,5,"[2.4107716e-04 5.2050600e-04 3.2664463e-04 1.6403740e-03 1.0087583e-03
 1.5084534e-03 9.8595780e-01 7.6463801e-04 6.9620053e-04 4.9376342e-04
 4.3929149e-03 1.2478314e-03 5.3075986e-04 6.7016511e-04]","[0.00605144 0.01876543 0.00518737 0.00302693 0.00687211 0.6782702
 0.04388493 0.00760464 0.01342955 0.00308078 0.18444465 0.00849407
 0.01450954 0.00637828]","[0.00166745 0.00335036 0.00257337 0.00110228 0.00242076 0.8896693
 0.02097774 0.00258015 0.00520896 0.00194277 0.05820601 0.00273526
 0.00294964 0.004616  ]"
1,1,1,5,9,"[2.9764839e-03 9.8960847e-01 7.5397303e-04 3.3055406e-04 8.0392236e-04
 4.7286914e-04 3.0338872e-04 2.9784134e-03 2.1029318e-04 3.4080865e-04
 2.8310076e-04 2.2624899e-04 3.6543177e-04 3.4590156e-04]","[0.03885888 0.06974188 0.01675864 0.01041553 0.01108725 0.55850005
 0.04381246 0.00988853 0.03765245 0.00540435 0.14369524 0.01396501
 0.02733535 0.01288422]","[0.01580488 0.00537972 0.02236516 0.00814523 0.00435988 0.00550475
 0.0055667  0.01018171 0.00530483 0.60654026 0.00373799 0.02272023
 0.00835711 0.27603152]"
0,0,0,1,4,"[9.96491730e-01 5.63591020e-04 4.80477785e-04 5.17495209e-04
 1.80552001e-04 1.81545329e-04 7.68868194e-05 1.17341304e-04
 2.68517266e-04 1.04095736e-04 7.11065150e-05 1.39574739e-04
 8.90043520e-05 7.18267052e-04]","[0.17839321 0.3128953  0.0601217  0.04934525 0.03650943 0.06857806
 0.02830186 0.02022849 0.08115597 0.00989375 0.05703623 0.01725654
 0.05314102 0.02714316]","[0.00289675 0.01734555 0.00413137 0.00420062 0.95593023 0.00141906
 0.00127315 0.00192892 0.00123834 0.00223124 0.00145069 0.00182638
 0.00282474 0.00130294]"
0,0,0,5,0,"[9.8969799e-01 5.3419075e-03 7.0049067e-04 4.6552462e-04 5.4184161e-04
 3.3661778e-04 1.3034567e-04 5.5856054e-04 3.0276782e-04 1.8390102e-04
 1.2587775e-04 2.2657348e-04 2.3165581e-04 1.1559497e-03]","[0.02496694 0.0544849  0.01548599 0.00909419 0.01474803 0.5572644
 0.0482049  0.0116978  0.03614875 0.00591303 0.15591808 0.01359737
 0.03766049 0.01481507]","[9.6876860e-01 4.0847613e-03 4.3301904e-03 2.5676114e-03 8.2448887e-04
 5.4598441e-03 5.4611330e-04 8.1305479e-04 6.9786361e-03 5.5066141e-04
 6.4867927e-04 3.6446581e-04 8.5009896e-04 3.2129751e-03]"
2,2,2,5,0,"[0.19667922 0.00412355 0.75557095 0.02619976 0.00259452 0.00084671
 0.00084922 0.00171548 0.00120178 0.00500604 0.00095989 0.00107369
 0.00125488 0.00192438]","[0.0221015  0.14256519 0.00816038 0.00565231 0.01715009 0.5202664
 0.05447106 0.01267697 0.01942509 0.00593213 0.12083466 0.01168044
 0.05151127 0.00757247]","[9.8373336e-01 3.3600931e-03 2.8361834e-03 2.0406807e-03 4.7944905e-04
 1.5614027e-03 3.2768757e-04 5.2430906e-04 2.4212429e-03 2.7982504e-04
 2.6305561e-04 1.8355330e-04 3.8368677e-04 1.6053829e-03]"
1,1,1,5,0,"[1.0743914e-02 9.8357958e-01 5.6869298e-04 4.1453665e-04 8.3636632e-04
 7.3489803e-04 2.5176271e-04 1.2204709e-03 3.9546104e-04 1.9539465e-04
 2.1386394e-04 1.9178302e-04 3.6752102e-04 2.8589461e-04]","[0.03808094 0.10312119 0.01401187 0.00954309 0.01334812 0.4799726
 0.05458928 0.011633   0.04707325 0.00540252 0.16138801 0.01315076
 0.03457301 0.01411241]","[0.79462874 0.00534627 0.02107461 0.00860028 0.00347996 0.01810865
 0.00249375 0.00272332 0.08521859 0.00269    0.00473911 0.00208935
 0.00683667 0.04197076]"
0,0,0,5,1,"[9.9657440e-01 7.3071069e-04 4.1809236e-04 4.3572785e-04 1.9810327e-04
 1.5404716e-04 8.0715050e-05 1.4054138e-04 2.2703015e-04 1.0612870e-04
 6.3841479e-05 1.3664857e-04 1.1278094e-04 6.2128121e-04]","[0.03191398 0.0865078  0.02017279 0.01091223 0.01472318 0.4245322
 0.06011694 0.01139226 0.04666761 0.00796227 0.21521494 0.01328695
 0.04133581 0.01526087]","[1.3882190e-02 9.6909618e-01 2.7003866e-03 1.5996973e-03 2.4118409e-03
 2.0416572e-03 1.0352223e-03 2.6370739e-03 1.1288977e-03 5.2389962e-04
 1.0695041e-03 6.6255353e-04 6.5370894e-04 5.5702095e-04]"
1,1,1,5,2,"[1.9844326e-03 9.9053347e-01 4.8409891e-04 6.1745191e-04 1.0218433e-03
 4.9020932e-04 5.9926958e-04 2.3697233e-03 2.3341858e-04 3.6680052e-04
 2.8878928e-04 3.1132228e-04 3.4364406e-04 3.5546135e-04]","[0.02395077 0.06942548 0.01342285 0.00741077 0.01742913 0.5033901
 0.04180365 0.01158037 0.03133818 0.00595931 0.22284763 0.01236509
 0.02842292 0.01065381]","[0.20533133 0.0084986  0.7402912  0.01382889 0.00324749 0.00279366
 0.00126589 0.00167822 0.00572454 0.00326012 0.0046682  0.00139013
 0.00333082 0.00469091]"
9,9,9,5,8,"[8.7455288e-04 8.3299458e-04 1.4591785e-02 1.0883731e-03 1.6493177e-03
 6.0713349e-04 7.2791049e-04 1.6881741e-03 7.4653031e-04 9.6549582e-01
 2.7976832e-03 1.3606689e-03 2.1089544e-03 5.4302793e-03]","[0.02930029 0.07360834 0.01229682 0.00730513 0.01461212 0.56843394
 0.04080419 0.0106144  0.03296822 0.00476419 0.15641452 0.01175733
 0.02584087 0.01127955]","[0.04360279 0.00779263 0.00442926 0.0027951  0.00240551 0.02171582
 0.0046523  0.00373382 0.8913583  0.00228793 0.00497095 0.00255932
 0.00354076 0.00415542]"
8,8,8,1,2,"[4.4129402e-03 5.9274852e-04 6.5759174e-04 9.3094877e-04 1.0804118e-03
 7.1313274e-03 1.5576764e-03 4.3777321e-04 9.7839659e-01 4.0742618e-04
 1.3317700e-03 9.2596060e-04 1.1340808e-03 1.0027870e-03]","[0.11316155 0.4424022  0.02403819 0.02725068 0.03060566 0.10836129
 0.026583   0.03121463 0.07355289 0.00683026 0.0438415  0.01498452
 0.03999858 0.01717511]","[0.18711947 0.0175448  0.71735835 0.03633584 0.00399346 0.00356313
 0.00202715 0.00225287 0.01093283 0.00337632 0.00661873 0.00187704
 0.00317825 0.00382169]"
10,10,10,5,0,"[2.0328746e-04 4.6370339e-04 1.0389133e-03 4.0756134e-04 1.4043285e-03
 5.1991162e-03 1.3218842e-02 1.5111602e-03 1.1761207e-03 1.4639628e-03
 9.7191310e-01 3.7893280e-04 7.3463540e-04 8.8618847e-04]","[0.00639986 0.01802458 0.00299686 0.00147552 0.00613602 0.81106
 0.02275918 0.00656435 0.00981268 0.00284347 0.08701337 0.0074601
 0.01168973 0.00576429]","[9.5516318e-01 1.2833044e-02 1.6060270e-02 4.9278815e-03 9.5895177e-04
 1.5237844e-03 6.6477089e-04 9.3003182e-04 2.9018768e-03 5.3604407e-04
 8.2733727e-04 3.3845939e-04 7.0338626e-04 1.6311014e-03]"
6,0,6,5,8,"[0.04329282 0.02899853 0.0041694  0.03020361 0.0134203  0.04068121
 0.78314316 0.00666685 0.02284506 0.00266385 0.00684408 0.00841443
 0.00269918 0.00595747]","[0.01237328 0.03318806 0.0047771  0.00223185 0.00740191 0.74879414
 0.02220941 0.00862094 0.0161887  0.00401169 0.10618099 0.00965834
 0.01584441 0.00851922]","[0.02927813 0.00583208 0.00583454 0.00366285 0.00242264 0.01366971
 0.00409637 0.00385516 0.9135894  0.00232823 0.0062193  0.00259904
 0.00350343 0.00310907]"
1,7,7,1,1,"[5.8344635e-04 4.1564829e-03 4.1985890e-04 4.0442141e-04 1.5539145e-03
 5.7238445e-04 6.0705433e-04 9.8679048e-01 2.1702278e-04 7.6777249e-04
 9.4761921e-04 9.2318637e-04 1.4090637e-03 6.4726931e-04]","[0.18216935 0.38301298 0.06080554 0.05776939 0.03504576 0.03903674
 0.01810299 0.01809613 0.05056903 0.01152033 0.04301188 0.01545609
 0.06021904 0.02518467]","[2.4574665e-02 9.3931204e-01 3.9809933e-03 8.1610046e-03 1.0489817e-02
 2.5663693e-03 1.9286659e-03 2.4172694e-03 1.2924990e-03 8.8242127e-04
 1.3100208e-03 1.1882245e-03 1.0026658e-03 8.9327007e-04]"
5,0,0,5,5,"[9.96300578e-01 5.21820039e-04 4.84718330e-04 5.64515591e-04
 2.30642268e-04 1.74554269e-04 7.94220687e-05 1.12991605e-04
 2.98493193e-04 1.11013993e-04 6.37604899e-05 1.41703887e-04
 1.07022279e-04 8.08748882e-04]","[0.05082079 0.1256322  0.02483486 0.02111053 0.01840685 0.3942322
 0.05745542 0.01808962 0.04480362 0.00669935 0.16644795 0.01554444
 0.03900203 0.01692015]","[1.8668593e-03 3.4059905e-03 1.3144382e-03 7.4978365e-04 1.3314387e-03
 9.4093734e-01 1.9195531e-02 1.3464397e-03 6.0599325e-03 1.0281999e-03
 1.7252343e-02 1.4460875e-03 1.5211439e-03 2.5445353e-03]"
3,3,3,5,11,"[2.8774976e-03 5.0741731e-04 9.2199334e-04 9.9097025e-01 4.4153153e-04
 2.9281445e-04 7.1383303e-04 3.2320269e-04 5.1523233e-04 6.0100394e-04
 3.0085206e-04 7.4107462e-04 2.9067017e-04 5.0238270e-04]","[0.01489937 0.02806055 0.00712963 0.00421614 0.00806295 0.67925245
 0.03507214 0.00757791 0.02009666 0.0036481  0.15396976 0.01025039
 0.01759067 0.01017328]","[4.0859301e-04 1.8520541e-03 2.4081038e-03 8.3335442e-03 2.6369307e-03
 3.3042533e-03 6.0163536e-03 3.6180390e-03 3.2105232e-03 1.1726807e-02
 3.3732243e-03 9.4241029e-01 5.5614538e-03 5.1397523e-03]"
1,1,1,5,0,"[6.0354788e-03 9.8725665e-01 1.2091887e-03 5.4273172e-04 1.0410402e-03
 6.2523264e-04 3.1227127e-04 1.2255630e-03 2.7046382e-04 3.4357767e-04
 2.6469838e-04 2.0196311e-04 3.6480679e-04 3.0635143e-04]","[0.05534104 0.12046829 0.03460209 0.02100963 0.02254005 0.33667672
 0.05639442 0.01603062 0.06068328 0.00684259 0.1875391  0.01672049
 0.04669163 0.01846019]","[9.6924949e-01 4.2566359e-03 5.8759814e-03 2.5011352e-03 1.1099514e-03
 4.2190417e-03 5.6841079e-04 7.6606515e-04 6.1078602e-03 4.8586540e-04
 6.0004118e-04 2.9546357e-04 7.8998849e-04 3.1741587e-03]"
5,1,1,5,5,"[3.9676889e-03 9.9029982e-01 6.8306894e-04 4.5857485e-04 8.4458198e-04
 5.0335616e-04 3.6531969e-04 1.2207363e-03 2.8996507e-04 3.0904854e-04
 2.4457360e-04 2.2724962e-04 2.9406743e-04 2.9191756e-04]","[0.02889604 0.04271535 0.01015123 0.00647477 0.01097777 0.6377141
 0.03220349 0.01085274 0.03317386 0.0040952  0.13234457 0.01201381
 0.02480611 0.01358094]","[2.3486263e-03 3.4635053e-03 1.4823389e-03 9.1908680e-04 1.3305029e-03
 9.5749271e-01 1.0060202e-02 1.4264163e-03 5.0414857e-03 1.1333654e-03
 8.1110401e-03 2.0725497e-03 1.8634988e-03 3.2545049e-03]"
1,1,1,5,6,"[2.3776363e-03 9.9203378e-01 5.2846409e-04 4.2116860e-04 7.9780899e-04
 4.8286782e-04 3.2189715e-04 1.5505458e-03 2.3941403e-04 2.9092495e-04
 2.1898703e-04 2.0406698e-04 2.8051078e-04 2.5206525e-04]","[0.0190217  0.04950414 0.00841323 0.00397348 0.01126534 0.63633925
 0.02949117 0.01090994 0.02142041 0.00524439 0.16589355 0.00997977
 0.01994718 0.0085964 ]","[6.2008947e-04 2.0894976e-03 1.1365017e-03 3.2360842e-03 1.5167503e-03
 4.8792388e-02 8.6974275e-01 2.3473445e-03 3.9624986e-03 2.0391566e-03
 5.8023877e-02 2.9537750e-03 1.8495687e-03 1.6896514e-03]"
0,13,0,5,1,"[9.94443595e-01 4.91541636e-04 6.92624482e-04 5.17032517e-04
 2.38013061e-04 2.33425264e-04 1.03875936e-04 1.49580344e-04
 3.81745194e-04 1.57249378e-04 1.16540075e-04 1.90382474e-04
 1.67801059e-04 2.11673626e-03]","[0.01776454 0.04076957 0.0072052  0.00383129 0.01252625 0.7025285
 0.02712912 0.01048208 0.01668623 0.00476512 0.11330803 0.01160602
 0.02145747 0.0099407 ]","[1.1487576e-02 9.7465265e-01 1.0885936e-03 1.0697795e-03 2.0595894e-03
 2.3439461e-03 8.5753069e-04 2.4743692e-03 9.9632761e-04 4.2269239e-04
 8.9706003e-04 4.8953842e-04 6.2099943e-04 5.3942774e-04]"
10,10,10,5,12,"[2.7396332e-04 1.3117279e-03 1.8979709e-03 4.2503775e-04 1.7933375e-03
 7.9859076e-03 1.0128136e-02 1.9081143e-03 1.4164899e-03 2.2054107e-03
 9.6851093e-01 3.2153324e-04 8.9067442e-04 9.3075383e-04]","[0.01008768 0.02372796 0.00662451 0.00310733 0.00849052 0.6642881
 0.02479364 0.00836265 0.01667469 0.00375143 0.1959025  0.00933467
 0.0172876  0.00756689]","[0.00195657 0.00354349 0.00464899 0.00318646 0.00654688 0.00341153
 0.00477194 0.00496795 0.00606127 0.00892553 0.00846146 0.01542327
 0.9225493  0.00554535]"
1,0,1,1,1,"[9.4774291e-03 9.8431891e-01 1.1344805e-03 4.9717503e-04 9.7802933e-04
 4.2537437e-04 3.1661373e-04 1.2152414e-03 2.6653058e-04 2.7393998e-04
 2.1230914e-04 1.9211324e-04 4.2416394e-04 2.6776010e-04]","[0.13690905 0.37850288 0.03551656 0.03076165 0.02445609 0.11345401
 0.03111697 0.02280274 0.06002012 0.00962661 0.0693574  0.01908963
 0.04440539 0.023981  ]","[0.01655747 0.7296526  0.00297461 0.00247444 0.01194411 0.00280297
 0.00243356 0.21100597 0.00331298 0.00359281 0.00397251 0.00282046
 0.00347019 0.00298547]"
0,2,0,5,0,"[8.9127624e-01 3.9567379e-03 9.3179606e-02 3.5256725e-03 8.7833143e-04
 4.9695774e-04 4.0021935e-04 6.9171155e-04 8.9290156e-04 1.6513206e-03
 4.6056797e-04 4.4194752e-04 6.7583699e-04 1.4719549e-03]","[0.0688369  0.18450047 0.04490235 0.02636006 0.02731201 0.25574613
 0.0373026  0.01975101 0.05126776 0.0108664  0.15065755 0.02032597
 0.07989556 0.02227537]","[9.7276014e-01 7.8643421e-03 4.9242764e-03 2.3902834e-03 7.7100703e-04
 2.7075810e-03 5.1697670e-04 6.3276192e-04 4.4833906e-03 3.2072057e-04
 4.4063118e-04 2.3624559e-04 5.1471416e-04 1.4366853e-03]"
0,0,0,5,11,"[0.73330307 0.0050245  0.23242891 0.01279182 0.00166801 0.00120797
 0.00078935 0.00108446 0.00160896 0.00327579 0.00111108 0.0009176
 0.00123499 0.00355341]","[0.01927146 0.05084541 0.00986327 0.0058083  0.01081997 0.5861561
 0.04137569 0.0094274  0.0220485  0.00491697 0.19393326 0.01128125
 0.02380706 0.01044533]","[4.0836431e-04 1.4882218e-03 2.3862389e-03 6.2303143e-03 2.5490334e-03
 3.3899872e-03 4.1426956e-03 3.3628715e-03 3.5077266e-03 1.4372341e-02
 3.0758313e-03 9.4037580e-01 6.6455253e-03 8.0651855e-03]"
11,11,11,5,6,"[0.00199095 0.00116639 0.0021157  0.01869897 0.00304718 0.00554461
 0.00696685 0.00613246 0.00338396 0.04340815 0.0054238  0.78188235
 0.00329793 0.11694063]","[0.00433634 0.01136762 0.00257471 0.00133192 0.00448279 0.80628765
 0.02462341 0.00492498 0.00868086 0.00234959 0.10972966 0.00594123
 0.00893263 0.00443664]","[5.0671166e-04 1.5844897e-03 1.0065072e-03 3.4736902e-03 1.4356802e-03
 1.3066807e-02 9.4455498e-01 2.3465238e-03 3.3383046e-03 2.4581652e-03
 1.9266771e-02 3.8663791e-03 1.9622419e-03 1.1325118e-03]"
0,0,0,5,1,"[9.8116118e-01 2.1275620e-03 7.7909720e-04 1.0188104e-03 7.4450596e-04
 7.1996157e-03 3.7257155e-04 3.1787832e-04 2.6501305e-03 2.5469900e-04
 4.4736546e-04 4.1515150e-04 3.7731204e-04 2.1342307e-03]","[0.03615787 0.12691495 0.0228405  0.01721546 0.02867239 0.4051829
 0.05255251 0.01786412 0.04169517 0.00849635 0.15499282 0.01884746
 0.04980765 0.01875984]","[3.5649911e-02 9.4691700e-01 2.7655857e-03 1.9337784e-03 3.5344225e-03
 2.7180293e-03 8.5383514e-04 1.4692132e-03 1.1861390e-03 4.6081294e-04
 6.8733713e-04 5.1863631e-04 6.3577085e-04 6.6936977e-04]"
0,0,0,5,0,"[9.9679357e-01 4.4481389e-04 4.0149636e-04 4.2064281e-04 2.1006500e-04
 1.9729961e-04 7.8357269e-05 1.1761664e-04 2.7516208e-04 8.9988644e-05
 8.8952555e-05 1.3372130e-04 9.0059140e-05 6.5824389e-04]","[0.03726644 0.07984652 0.01580734 0.01014331 0.01538748 0.49904934
 0.04059291 0.01120283 0.03638535 0.00625725 0.18491535 0.01335671
 0.033652   0.01613737]","[9.6816301e-01 5.8045117e-03 1.2255375e-02 5.1357197e-03 1.5482239e-03
 1.1947397e-03 4.4181963e-04 5.3763442e-04 2.0374984e-03 4.3392513e-04
 4.2642618e-04 2.4400852e-04 5.0896377e-04 1.2680067e-03]"
0,0,0,5,9,"[9.9558997e-01 5.5543793e-04 8.6242217e-04 7.9833803e-04 2.8633760e-04
 1.3379569e-04 8.0380953e-05 1.5070380e-04 2.3094157e-04 1.3198733e-04
 6.3988977e-05 1.4296721e-04 9.4624695e-05 8.7806763e-04]","[0.03463829 0.06956886 0.01571194 0.01282204 0.01846506 0.55141824
 0.04158984 0.01245086 0.03785575 0.00591496 0.13671492 0.01368523
 0.03511353 0.01405049]","[0.0047816  0.00411391 0.00831403 0.00405422 0.00530435 0.00808993
 0.00677625 0.00984866 0.00539482 0.5767857  0.00561398 0.04173833
 0.01874246 0.30044183]"
0,0,0,5,2,"[9.95127559e-01 1.62732927e-03 6.91639958e-04 5.34314488e-04
 2.36195046e-04 1.94756227e-04 7.50208710e-05 1.58371506e-04
 3.06880305e-04 1.10691835e-04 6.23885644e-05 1.45745129e-04
 1.06290106e-04 6.22752355e-04]","[0.04687362 0.09016633 0.02269087 0.01458943 0.01933639 0.46030438
 0.04098983 0.01329297 0.05381711 0.00785479 0.15271239 0.01651572
 0.04405602 0.01680012]","[5.2100131e-03 1.0732902e-03 9.6136296e-01 7.4325749e-03 1.6719450e-03
 9.9476008e-04 1.0414891e-03 7.9887704e-04 2.5843733e-03 6.1716042e-03
 5.1896027e-03 2.0574494e-03 3.1082325e-03 1.3025604e-03]"
5,6,5,5,0,"[6.7568189e-03 3.7594864e-03 5.2228483e-04 1.0498072e-03 8.4283372e-04
 9.5723563e-01 1.2989136e-02 5.9989083e-04 8.6578550e-03 4.6752300e-04
 3.1738444e-03 5.8084441e-04 1.1930401e-03 2.1709809e-03]","[0.04059033 0.10258643 0.02536832 0.01497482 0.02082367 0.3980521
 0.0416697  0.01494333 0.04053155 0.00750879 0.21264781 0.01534851
 0.0470974  0.01785732]","[9.3436515e-01 8.3406977e-03 6.8806331e-03 3.7374623e-02 1.6554027e-03
 2.3252787e-03 1.0584871e-03 1.1682477e-03 3.2489554e-03 4.4762008e-04
 4.9192546e-04 5.7730457e-04 6.7387644e-04 1.3919211e-03]"
4,4,4,5,0,"[2.0402097e-03 1.2849807e-02 1.2022633e-03 6.2136090e-04 9.7253031e-01
 9.2319504e-04 1.2928488e-03 2.5069772e-03 1.5669863e-03 1.0573592e-03
 1.3943299e-03 7.5824128e-04 6.5141980e-04 6.0475967e-04]","[0.12554312 0.16699588 0.04196315 0.02464887 0.02396336 0.26822963
 0.04100373 0.01867418 0.09118704 0.00823998 0.10661706 0.01556129
 0.04302331 0.02434924]","[9.7001326e-01 6.3690231e-03 3.5817097e-03 2.0003393e-03 8.8201807e-04
 4.4137891e-03 6.4527482e-04 7.2289270e-04 7.4547823e-03 4.1615139e-04
 4.0905440e-04 2.9578863e-04 5.8399222e-04 2.2119377e-03]"
3,0,3,5,8,"[6.4428478e-02 2.3491797e-03 1.9546091e-03 9.1393709e-01 1.1885909e-03
 9.0404897e-04 1.8880977e-03 1.1690168e-03 1.1526427e-03 9.4078144e-04
 4.3558562e-04 2.6347153e-03 8.1881706e-04 6.1981892e-03]","[0.00694276 0.01762394 0.00455649 0.00192501 0.00668579 0.70355123
 0.02408297 0.00697352 0.01020063 0.00334528 0.18738692 0.00795586
 0.01295379 0.00581589]","[0.07660519 0.01225803 0.00417232 0.00320702 0.00329487 0.08667819
 0.00692024 0.00406092 0.77852184 0.00278206 0.00595694 0.00415033
 0.00460985 0.0067822 ]"
0,0,0,5,6,"[9.9117529e-01 5.8504549e-04 6.7910203e-04 9.9681306e-04 3.0876530e-04
 2.7414269e-04 1.3976904e-04 2.3370930e-04 3.7749088e-04 2.2161682e-04
 1.2877454e-04 3.1814608e-04 2.2464461e-04 4.3366929e-03]","[0.01106639 0.03098467 0.00599698 0.00356191 0.01006877 0.6959845
 0.0310017  0.00836981 0.01620523 0.00394245 0.14436288 0.01071566
 0.01829669 0.00944242]","[0.0009108  0.00223322 0.00204204 0.0057006  0.00126215 0.01974538
 0.8537059  0.00249327 0.00609005 0.00310612 0.09545195 0.00333291
 0.00235776 0.00156783]"
6,6,6,5,0,"[4.3838096e-04 6.7132822e-04 5.1090034e-04 1.0604566e-03 1.2188728e-03
 3.5411988e-03 9.8341882e-01 8.0312270e-04 5.8269355e-04 5.6650239e-04
 3.9344383e-03 1.4212364e-03 7.1137864e-04 1.1207232e-03]","[0.06033498 0.18504414 0.02437846 0.01927079 0.02274198 0.3064134
 0.06268045 0.01800745 0.04567853 0.00727624 0.18476938 0.01206106
 0.03593784 0.01540527]","[9.8541141e-01 2.8299978e-03 2.7567011e-03 2.8605268e-03 6.4747769e-04
 8.6398266e-04 2.8526684e-04 5.3739402e-04 1.5499998e-03 3.1893363e-04
 2.2426456e-04 1.7538616e-04 3.3606944e-04 1.2026470e-03]"
5,3,11,5,5,"[2.0837206e-03 9.5908577e-04 1.4437210e-03 2.5878704e-01 1.6217630e-03
 1.5149240e-03 3.3899695e-03 2.3873227e-03 1.9031190e-03 2.3448435e-03
 4.6623105e-04 7.1606743e-01 1.8786290e-03 5.1522176e-03]","[0.0117121  0.03410916 0.00484431 0.00235608 0.00784085 0.720961
 0.02634238 0.00749757 0.01804985 0.00345363 0.13057558 0.00765505
 0.01637466 0.00822783]","[0.00187778 0.00505695 0.00198825 0.00140953 0.0023616  0.83051276
 0.06190886 0.00260848 0.00631371 0.00186286 0.07574686 0.0025041
 0.00245272 0.0033956 ]"
5,8,5,1,3,"[8.0283295e-04 9.5068890e-04 1.6858177e-04 3.4910475e-04 4.8773707e-04
 9.9003333e-01 2.2707032e-03 3.5584747e-04 1.3455831e-03 3.0133137e-04
 1.4698391e-03 3.0153460e-04 4.4773516e-04 7.1506016e-04]","[0.08883063 0.7750417  0.01676385 0.02688881 0.01284964 0.00802209
 0.00618007 0.00780286 0.01207537 0.0038851  0.00694622 0.00834142
 0.01961588 0.00675624]","[0.01142943 0.00326442 0.44031516 0.49846613 0.00988849 0.00232599
 0.00356733 0.00158101 0.00417671 0.00473788 0.00620983 0.00901503
 0.00289091 0.00213168]"
7,7,7,5,0,"[6.2201783e-04 4.7724550e-03 4.5270266e-04 3.7322869e-04 1.6247343e-03
 5.4062158e-04 5.9805898e-04 9.8661959e-01 2.0328292e-04 6.8722526e-04
 9.5125311e-04 8.2345842e-04 1.1523394e-03 5.7904230e-04]","[0.1323816  0.22204815 0.02806271 0.01877552 0.02258206 0.25989813
 0.04209526 0.02286159 0.06207591 0.0066014  0.09998637 0.01760089
 0.04465184 0.02037861]","[0.43192944 0.0149462  0.39062667 0.1170943  0.00842801 0.00519272
 0.00268354 0.00226669 0.01062336 0.00226875 0.00419506 0.00269948
 0.00315144 0.00389432]"
0,0,0,1,0,"[9.96293604e-01 5.84776863e-04 3.97383788e-04 3.56530276e-04
 2.23907089e-04 1.98429727e-04 8.82875902e-05 1.39628188e-04
 2.84759473e-04 1.00136582e-04 8.00915368e-05 1.53517060e-04
 1.12379654e-04 9.86459549e-04]","[0.08394724 0.23200914 0.04109002 0.02645977 0.03659912 0.21076044
 0.03832214 0.02049367 0.06074121 0.0096678  0.13589689 0.01927361
 0.06073576 0.02400316]","[9.6906036e-01 4.2193872e-03 4.2706677e-03 2.0140968e-03 7.9289317e-04
 4.5615151e-03 6.3826609e-04 9.9262153e-04 8.1815012e-03 6.1440398e-04
 4.3646447e-04 3.2455506e-04 6.7137164e-04 3.2217389e-03]"
0,0,0,1,6,"[9.96287227e-01 5.76450315e-04 3.71041358e-04 4.03078244e-04
 2.13157502e-04 1.92380496e-04 8.20988571e-05 1.23119404e-04
 2.74991384e-04 1.05985047e-04 8.44033711e-05 1.49648578e-04
 1.21925244e-04 1.01437222e-03]","[0.16583209 0.2699588  0.09388787 0.0762171  0.045207   0.05084476
 0.02802144 0.02351071 0.06663123 0.01244063 0.05485712 0.01987305
 0.06098642 0.03173183]","[0.00114566 0.00350363 0.00189978 0.00455979 0.00164363 0.0326786
 0.8019862  0.00357154 0.0116796  0.00307042 0.12667106 0.00349781
 0.00260567 0.00148652]"
1,1,1,5,0,"[2.2710552e-03 9.9093223e-01 8.2669122e-04 5.5355183e-04 9.7541237e-04
 5.3771178e-04 3.5942325e-04 1.7908972e-03 2.4893600e-04 3.6440697e-04
 2.8041741e-04 2.6224865e-04 3.1302281e-04 2.8396191e-04]","[0.0245751  0.06153553 0.0142734  0.00823223 0.01360871 0.52348506
 0.03894836 0.01154653 0.03042125 0.00568683 0.21535653 0.01382857
 0.02709392 0.01140802]","[9.2991090e-01 4.0272414e-03 4.0513992e-02 4.2836191e-03 3.1035154e-03
 3.4664273e-03 4.2594541e-04 7.9883472e-04 6.2437635e-03 8.2924106e-04
 1.1531470e-03 4.2546188e-04 1.1583443e-03 3.6598966e-03]"
1,4,4,1,1,"[2.6030184e-03 1.8527599e-02 1.5599608e-03 5.2639138e-04 9.6483660e-01
 1.0249061e-03 1.2570521e-03 3.0849045e-03 1.8007014e-03 1.0673469e-03
 1.4411691e-03 7.5017248e-04 8.0043043e-04 7.1981357e-04]","[0.20968214 0.30561122 0.04461184 0.03433831 0.02192494 0.12949601
 0.03524846 0.01640551 0.04798532 0.00690957 0.07125834 0.01398131
 0.04288759 0.0196594 ]","[8.5183382e-03 9.7510558e-01 2.1546267e-03 1.0853824e-03 2.5570968e-03
 1.8530616e-03 9.5585594e-04 3.1195907e-03 9.5986843e-04 5.8113126e-04
 1.2900634e-03 5.8575114e-04 7.1503886e-04 5.1873963e-04]"
1,1,1,5,0,"[2.9862388e-03 9.9128270e-01 5.2879343e-04 4.0806556e-04 8.0279232e-04
 5.2944693e-04 3.8474708e-04 1.4822694e-03 2.4975374e-04 2.7041489e-04
 2.4045764e-04 2.1258088e-04 2.8945645e-04 3.3213577e-04]","[0.08642393 0.20286253 0.04883428 0.03752382 0.03148786 0.20915903
 0.04596112 0.02023936 0.06261187 0.01022751 0.12109223 0.0218874
 0.072595   0.02909417]","[0.62894195 0.00924648 0.02260332 0.31716344 0.0040014  0.0024993
 0.00193164 0.00186362 0.00443646 0.00107458 0.00120319 0.00163717
 0.0011511  0.00224641]"
1,1,1,5,10,"[3.3926326e-03 9.9095321e-01 5.4714381e-04 3.8188891e-04 8.0112339e-04
 4.2457908e-04 3.2443518e-04 1.7362204e-03 2.1370790e-04 2.5147249e-04
 2.2519180e-04 2.0388144e-04 2.8669884e-04 2.5791395e-04]","[0.01341422 0.03713942 0.00692862 0.00363162 0.01004699 0.68906176
 0.02836289 0.00925186 0.02191646 0.00349685 0.14112534 0.00807405
 0.01915108 0.00839893]","[5.2484538e-04 3.0008738e-03 4.9503278e-03 4.9091675e-03 2.7786107e-03
 1.4575077e-02 1.7300321e-01 4.0295036e-03 3.5716488e-03 3.3268242e-03
 7.7387434e-01 3.7500462e-03 5.1991171e-03 2.5063904e-03]"
0,0,0,5,0,"[9.9639964e-01 6.6096708e-04 6.3344883e-04 3.4355809e-04 2.3578692e-04
 1.7823711e-04 7.7979952e-05 1.0844093e-04 3.3938326e-04 1.1074564e-04
 8.6314285e-05 1.4822344e-04 1.0701761e-04 5.7011785e-04]","[0.01295725 0.02587965 0.00460547 0.00251367 0.00680551 0.76994956
 0.0224311  0.0061507  0.01503891 0.00300139 0.10156169 0.00819263
 0.0140278  0.00688463]","[9.7091806e-01 6.0711782e-03 1.1948186e-02 2.9170015e-03 1.0634540e-03
 1.2982236e-03 3.3130567e-04 6.3370942e-04 2.2421626e-03 3.5729608e-04
 4.5721556e-04 2.2613196e-04 4.5146002e-04 1.0846159e-03]"
3,3,3,5,1,"[0.00373356 0.00090546 0.00517358 0.8365412  0.00130963 0.0011632
 0.00222053 0.0013357  0.00196232 0.01215617 0.00118619 0.12425692
 0.00167732 0.00637816]","[0.04431055 0.16794094 0.04578658 0.02156624 0.02513334 0.26997328
 0.05211625 0.01740967 0.05152566 0.01126113 0.19261949 0.01911666
 0.06407075 0.01716948]","[0.0112959  0.9438178  0.00557349 0.00140474 0.00472435 0.00212645
 0.00167969 0.0175891  0.00213325 0.0016958  0.00390436 0.00121136
 0.00181325 0.00103056]"
0,0,0,5,0,"[9.9520904e-01 9.2955446e-04 8.1496529e-04 5.3328305e-04 2.4056775e-04
 2.3967009e-04 7.2221206e-05 1.5197341e-04 2.7239186e-04 1.1398783e-04
 9.2560513e-05 1.4436246e-04 9.8868535e-05 1.0866422e-03]","[0.01503475 0.0397507  0.00720632 0.00364442 0.009068   0.6746022
 0.02944938 0.00891748 0.01879618 0.00385234 0.15181798 0.00949102
 0.01959629 0.00877291]","[9.6266520e-01 2.4022143e-03 5.1715118e-03 2.9686068e-03 8.0235134e-04
 6.2287073e-03 7.1540836e-04 1.2539378e-03 7.8355009e-03 9.0511714e-04
 1.1468288e-03 5.0426432e-04 1.0985581e-03 6.3017146e-03]"
5,5,5,5,0,"[6.9211033e-04 1.1787254e-03 2.1280008e-04 3.1000166e-04 5.0200062e-04
 9.9049991e-01 1.5969255e-03 4.0298107e-04 1.0925970e-03 3.6182965e-04
 1.5412151e-03 3.5471111e-04 5.0239020e-04 7.5186032e-04]","[0.00829197 0.02677085 0.00410482 0.00219925 0.00692969 0.7464354
 0.02791525 0.00808812 0.0156645  0.00282277 0.12392911 0.00776983
 0.01212681 0.00695164]","[9.1376173e-01 1.8740002e-02 3.8640570e-02 8.7613137e-03 1.7505466e-03
 3.3041905e-03 1.0360909e-03 1.4986468e-03 6.9075888e-03 7.7861635e-04
 1.2548238e-03 5.6001329e-04 9.2374400e-04 2.0820524e-03]"
1,2,2,1,1,"[1.5613157e-03 6.8209227e-04 9.8319787e-01 9.7820105e-04 6.8387302e-04
 3.6436270e-04 3.0549199e-04 6.8127859e-04 5.2900566e-04 8.2545485e-03
 1.0254974e-03 4.1005819e-04 1.0014835e-03 3.2465320e-04]","[0.16053906 0.20356606 0.06802918 0.03986121 0.02778254 0.14409372
 0.03360931 0.01971072 0.08876137 0.01297166 0.08433171 0.01962528
 0.06396835 0.0331499 ]","[2.1586608e-02 9.5916831e-01 2.4647790e-03 1.3456356e-03 1.8924158e-03
 2.9111877e-03 1.1862713e-03 3.0796460e-03 1.6633086e-03 7.4207579e-04
 1.2342654e-03 8.4553874e-04 8.0589979e-04 1.0739015e-03]"
1,1,1,5,1,"[2.3040541e-03 9.9013621e-01 5.4405449e-04 3.9027692e-04 1.1950220e-03
 5.1029678e-04 4.5474319e-04 2.7731131e-03 2.0913219e-04 2.8235797e-04
 3.1372314e-04 2.2874857e-04 3.6009241e-04 2.9838050e-04]","[0.01517893 0.02699484 0.00598277 0.00316435 0.00993574 0.74087507
 0.0229706  0.00776846 0.02076046 0.00351894 0.11083597 0.00803809
 0.01640139 0.00757439]","[7.2459332e-03 9.7465229e-01 1.0854356e-03 9.7903959e-04 2.4152258e-03
 2.7756349e-03 1.2233222e-03 4.3526567e-03 1.3034598e-03 5.5140030e-04
 1.4248887e-03 6.3641038e-04 7.1790960e-04 6.3651992e-04]"
1,8,0,1,1,"[0.7598908  0.00775719 0.00369946 0.16012958 0.00344482 0.00919009
 0.00801094 0.00171179 0.02873574 0.00165156 0.00178952 0.00509701
 0.00222313 0.00666834]","[0.07022952 0.33439928 0.0247254  0.01898003 0.02417171 0.21494533
 0.04157349 0.01788767 0.05812546 0.0107797  0.09877164 0.01910095
 0.04696068 0.01934909]","[1.2448428e-02 9.7252154e-01 1.4054596e-03 9.8180166e-04 2.7752526e-03
 2.0158340e-03 7.8660622e-04 2.6800998e-03 1.0357464e-03 4.8738357e-04
 1.0453881e-03 4.9171638e-04 6.8227859e-04 6.4235524e-04]"
1,1,1,5,0,"[2.3890629e-03 9.9167937e-01 5.5432704e-04 4.0778957e-04 8.3110720e-04
 5.3246081e-04 4.4005815e-04 1.5215162e-03 2.5193699e-04 3.1172999e-04
 2.5039230e-04 2.2393877e-04 2.9302901e-04 3.1349013e-04]","[0.02589823 0.03733009 0.00797913 0.00481319 0.01065978 0.6966155
 0.03050555 0.00818247 0.02327227 0.00548037 0.10918653 0.01026065
 0.0202909  0.00952533]","[9.3318117e-01 4.7309133e-03 5.0617890e-03 4.2916577e-02 2.5109488e-03
 2.2029511e-03 1.1426493e-03 1.0024005e-03 3.0500668e-03 5.7658041e-04
 5.3519366e-04 6.0727244e-04 8.8787911e-04 1.5936233e-03]"
4,4,4,5,3,"[1.8017124e-03 2.3639783e-02 1.6279452e-03 8.6487061e-04 9.5752680e-01
 1.0974387e-03 1.4878622e-03 4.2674500e-03 1.8089090e-03 1.5158446e-03
 1.8972614e-03 9.4053859e-04 8.4105477e-04 6.8256544e-04]","[0.03560303 0.08128322 0.01633741 0.0112541  0.01716216 0.509415
 0.04013288 0.01442901 0.03307195 0.00680096 0.16047151 0.01598212
 0.04185797 0.01619872]","[0.17978615 0.19101067 0.01378995 0.21277091 0.01946836 0.04318786
 0.18205382 0.0140582  0.1019764  0.00407623 0.01266934 0.01153133
 0.00659893 0.00702185]"
0,0,0,5,6,"[9.9110478e-01 3.6692636e-03 7.7195629e-04 8.6421659e-04 4.0817074e-04
 2.6619731e-04 1.6059655e-04 2.9801056e-04 3.1121413e-04 1.8278870e-04
 1.0514987e-04 1.9284032e-04 1.9561670e-04 1.4691695e-03]","[0.06514286 0.11985543 0.03697064 0.02406726 0.02599561 0.34127462
 0.05006426 0.01895403 0.04844447 0.00881524 0.16380876 0.02030635
 0.05418123 0.02211932]","[4.1693746e-04 1.4268606e-03 9.4318809e-04 4.0987707e-03 1.5847347e-03
 1.5289719e-02 9.2999840e-01 2.4500790e-03 3.6073932e-03 2.3895428e-03
 2.8107533e-02 5.8696033e-03 2.4078020e-03 1.4093067e-03]"
0,0,0,5,6,"[9.9592257e-01 9.7028172e-04 8.9545955e-04 3.6581222e-04 2.2307955e-04
 2.0072307e-04 7.2066367e-05 1.3564879e-04 2.3518076e-04 1.1983688e-04
 7.9779558e-05 1.4547343e-04 1.0053583e-04 5.3356588e-04]","[0.03036498 0.08157207 0.01221646 0.0065508  0.01588565 0.535382
 0.03863959 0.01281097 0.03390326 0.00575842 0.1704956  0.01430344
 0.02916767 0.01294899]","[6.6050788e-04 1.6301855e-03 1.0055098e-03 3.5901365e-03 1.4397103e-03
 1.4574893e-02 9.4755751e-01 2.2991041e-03 4.0438217e-03 2.6539662e-03
 1.3770848e-02 3.7667011e-03 1.8866241e-03 1.1205196e-03]"
5,5,5,5,10,"[8.3259755e-04 1.7730324e-03 2.3558969e-04 4.2744505e-04 9.9835848e-04
 9.7954822e-01 9.6936757e-03 6.7116867e-04 1.3265482e-03 3.9683847e-04
 2.1256036e-03 4.8027968e-04 6.4385973e-04 8.4688060e-04]","[0.0239569  0.04736412 0.01042624 0.00747782 0.01350202 0.5860465
 0.03954675 0.00955537 0.04140852 0.00480999 0.15957025 0.01245342
 0.02978325 0.01409875]","[6.9535058e-04 4.3037441e-03 9.3047973e-03 1.4708644e-03 2.7578841e-03
 1.8329598e-02 1.9309502e-02 3.2699346e-03 2.4391592e-03 2.8873836e-03
 9.2716336e-01 1.8914544e-03 4.2474000e-03 1.9295861e-03]"
0,0,0,5,1,"[9.9611986e-01 7.9929712e-04 4.6455555e-04 4.7138703e-04 2.6711065e-04
 1.9200380e-04 6.9584879e-05 1.2068163e-04 3.1399544e-04 9.4229712e-05
 6.5573491e-05 1.1869297e-04 1.0730831e-04 7.9572893e-04]","[0.00999578 0.02343142 0.00400223 0.00194028 0.0067486  0.7730987
 0.02092293 0.00699147 0.01302738 0.00304392 0.10649244 0.00910431
 0.01368575 0.00751488]","[0.06129239 0.8405713  0.05838901 0.00545549 0.00910405 0.00389828
 0.00197297 0.00356435 0.003793   0.00203714 0.0048582  0.00152969
 0.00207623 0.00145773]"
5,0,0,5,5,"[9.9676216e-01 5.7677104e-04 3.3907895e-04 4.3024696e-04 2.1150390e-04
 1.9821958e-04 9.5066534e-05 1.1960939e-04 2.5126460e-04 8.7083099e-05
 7.7129065e-05 1.2363767e-04 9.2111426e-05 6.3598447e-04]","[0.02170122 0.04659385 0.01058437 0.00635474 0.01228829 0.62510186
 0.03453363 0.01077952 0.02706514 0.00478862 0.14504874 0.01358363
 0.02917021 0.01240611]","[0.00183113 0.00387051 0.00102144 0.00106005 0.00136154 0.9045037
 0.05679127 0.00133139 0.00669967 0.00130455 0.01447872 0.00184017
 0.0013666  0.00253933]"
0,0,0,1,0,"[9.96679664e-01 4.49089188e-04 4.84007876e-04 4.57648275e-04
 1.97912872e-04 1.69336010e-04 8.97677819e-05 1.15384217e-04
 2.65894778e-04 1.01517384e-04 7.88742982e-05 1.43714278e-04
 1.17039737e-04 6.50008733e-04]","[0.09209809 0.2783648  0.03263352 0.02071215 0.02013785 0.21342593
 0.03994199 0.01604551 0.05710385 0.0080564  0.12368365 0.01669657
 0.05774563 0.02335409]","[9.8385632e-01 3.9302963e-03 3.0076855e-03 1.6890359e-03 5.0913758e-04
 1.3761360e-03 3.3004986e-04 6.0129852e-04 2.1405534e-03 3.2681559e-04
 3.0831198e-04 1.8357029e-04 4.2650671e-04 1.3141918e-03]"
7,0,7,5,1,"[3.1021303e-03 3.7639219e-01 1.7480064e-03 8.4757351e-04 4.6894206e-03
 1.8390614e-03 1.6297206e-03 6.0057509e-01 4.6693432e-04 1.2208882e-03
 2.3364993e-03 1.4948590e-03 2.4723508e-03 1.1852032e-03]","[0.00995396 0.02574821 0.00495454 0.00255816 0.00726952 0.72664744
 0.02615756 0.00800452 0.01415342 0.00343177 0.13942741 0.00810726
 0.0160652  0.00752099]","[9.1661150e-03 9.7172427e-01 2.2268447e-03 1.2394813e-03 3.1571556e-03
 2.2342273e-03 1.0917551e-03 3.9600129e-03 1.1199046e-03 5.9863622e-04
 1.5766738e-03 5.5624050e-04 7.5279176e-04 5.9577852e-04]"
3,2,3,5,0,"[1.7990304e-02 1.5772169e-03 4.3970291e-02 9.2084360e-01 1.3665402e-03
 1.1384424e-03 1.4036836e-03 8.8175660e-04 1.6685792e-03 2.6746080e-03
 1.5725601e-03 2.0230245e-03 1.0712683e-03 1.8180128e-03]","[0.01037906 0.02514815 0.00480325 0.00241248 0.00679448 0.73041683
 0.02609227 0.00745023 0.01732033 0.00338566 0.13578394 0.00811064
 0.01450848 0.00739407]","[9.8564643e-01 2.9511089e-03 2.3494659e-03 2.6859227e-03 5.9225556e-04
 1.0452960e-03 3.5015083e-04 5.3452840e-04 1.5293318e-03 2.9823894e-04
 2.6337069e-04 1.9420608e-04 3.5181828e-04 1.2080544e-03]"
0,0,0,5,2,"[9.95114207e-01 5.01826347e-04 3.18800827e-04 6.81211881e-04
 2.67132506e-04 2.77837447e-04 1.15374613e-04 1.19091499e-04
 3.91541485e-04 1.02827602e-04 1.05784675e-04 2.00606635e-04
 1.22708050e-04 1.68107054e-03]","[0.02685279 0.05908948 0.01169364 0.00690599 0.01348388 0.5975188
 0.03292042 0.01102231 0.02939142 0.00631628 0.14754277 0.01259551
 0.03221213 0.0124546 ]","[0.02090977 0.01080237 0.87348634 0.03955692 0.02268271 0.0033784
 0.00172339 0.00139718 0.00626771 0.00326022 0.00781861 0.00272968
 0.00353811 0.00244835]"
9,9,9,5,12,"[8.7398017e-04 8.2607183e-04 1.0597483e-02 1.3130868e-03 1.5985600e-03
 5.8883720e-04 7.1716344e-04 1.8684042e-03 6.8512303e-04 9.6960068e-01
 2.7765697e-03 1.6771228e-03 1.9535364e-03 4.9233316e-03]","[0.00986445 0.0294677  0.00665235 0.00269956 0.0081025  0.60891145
 0.03117217 0.00825811 0.01464182 0.00438719 0.2377804  0.00939375
 0.0202652  0.00840335]","[0.00680386 0.00601306 0.00963266 0.00467451 0.00544562 0.00800482
 0.00369062 0.00495735 0.01971941 0.01334232 0.00827978 0.02740371
 0.8452378  0.03679455]"
4,4,4,5,0,"[0.04254063 0.07697042 0.00501954 0.00146148 0.85463965 0.00252104
 0.00137334 0.00574435 0.00287959 0.00195787 0.00152489 0.00113811
 0.001123   0.00110617]","[0.06883855 0.15255323 0.03697532 0.02641335 0.02213492 0.3046951
 0.04676142 0.01785355 0.0523631  0.00821451 0.15365085 0.02266889
 0.06462621 0.02225118]","[9.5698476e-01 4.4371551e-03 1.7177969e-02 1.1814473e-02 2.1746622e-03
 1.1418810e-03 4.8027444e-04 7.1106723e-04 1.8654380e-03 4.9365917e-04
 4.7719289e-04 2.9939887e-04 5.9293112e-04 1.3492301e-03]"
2,2,2,5,0,"[2.6029053e-03 6.5497495e-04 9.8499089e-01 3.2998016e-03 7.6418178e-04
 3.6756133e-04 4.2146503e-04 4.6482723e-04 5.7501940e-04 3.4622923e-03
 1.0189828e-03 4.4044227e-04 5.6969613e-04 3.6695611e-04]","[0.01455245 0.03806866 0.0105121  0.00457335 0.01018921 0.61763275
 0.02992081 0.00899785 0.02171438 0.00463539 0.19666754 0.01053225
 0.02264748 0.00935584]","[0.5265343  0.01052627 0.00925597 0.00692495 0.0038547  0.00957423
 0.00288503 0.00817295 0.00900011 0.01957238 0.00179254 0.00674115
 0.0055276  0.379638  ]"
5,4,1,5,5,"[0.00731802 0.48505673 0.00332403 0.00150063 0.45562017 0.00460777
 0.0029741  0.02426076 0.00293087 0.00301977 0.00343784 0.00196459
 0.00221302 0.00177184]","[0.06994603 0.17968364 0.04617986 0.03454183 0.02731794 0.20210351
 0.03476104 0.02452268 0.0575732  0.01311301 0.13428609 0.02688249
 0.11574715 0.03334156]","[1.5215263e-03 3.8442046e-03 1.3609814e-03 7.9850602e-04 1.5407064e-03
 9.5022792e-01 1.1388188e-02 1.4629752e-03 6.0646129e-03 1.1075622e-03
 1.2887806e-02 2.2327513e-03 2.0264557e-03 3.5358181e-03]"
0,0,0,5,1,"[9.9521339e-01 5.8110681e-04 7.9054642e-04 3.9443406e-04 2.9458132e-04
 2.5676718e-04 1.0272357e-04 1.6027338e-04 3.9272284e-04 1.3312421e-04
 1.1476364e-04 2.0159999e-04 1.2565663e-04 1.2384325e-03]","[0.02443442 0.08826191 0.01913253 0.00939488 0.01471335 0.3801015
 0.04716047 0.01139511 0.02935646 0.00816493 0.2970936  0.01498052
 0.04324425 0.0125662 ]","[1.15793109e-01 8.46043885e-01 1.24658905e-02 4.74643987e-03
 3.98205686e-03 5.01336576e-03 1.70006277e-03 1.73317106e-03
 2.80416873e-03 8.18035682e-04 1.59214158e-03 9.59146360e-04
 9.61826532e-04 1.38670939e-03]"
12,12,12,5,0,"[4.8877992e-04 1.3863220e-03 1.4344205e-03 1.0358886e-03 1.0116866e-03
 8.2006468e-04 1.0741747e-03 3.1980635e-03 1.4158721e-03 5.8446242e-03
 7.8716519e-04 5.2102329e-03 9.7499305e-01 1.2997210e-03]","[0.01689273 0.03140454 0.0059113  0.00365969 0.00746641 0.7039687
 0.03582056 0.00835175 0.02856762 0.00354581 0.12417024 0.00799876
 0.01265863 0.00958319]","[9.0789211e-01 7.8632226e-03 1.3847259e-02 5.2467197e-02 2.2102252e-03
 2.9695847e-03 1.4775227e-03 1.4805150e-03 4.7212304e-03 6.0572586e-04
 8.6400518e-04 6.3484826e-04 8.0547540e-04 2.1610598e-03]"
0,0,0,5,12,"[9.9668366e-01 7.1567384e-04 4.3476297e-04 3.9815210e-04 2.1063321e-04
 1.6206987e-04 7.5968157e-05 1.1357619e-04 2.5184429e-04 9.5783413e-05
 6.6104891e-05 1.2817567e-04 8.9151144e-05 5.7461200e-04]","[0.03345208 0.05895164 0.01632453 0.00953269 0.01376929 0.49250916
 0.04524188 0.0120942  0.04394605 0.00493356 0.21071066 0.01442918
 0.03056562 0.01353961]","[0.00288432 0.00533175 0.00364143 0.00345904 0.00665121 0.00480748
 0.00472345 0.00552    0.00674827 0.00754393 0.00666735 0.01827869
 0.9171978  0.00654521]"
0,0,0,5,1,"[9.95832026e-01 1.07098231e-03 5.73667232e-04 5.45953226e-04
 2.29248180e-04 1.93231986e-04 7.40229298e-05 1.33031775e-04
 2.86972092e-04 1.17468895e-04 6.88953078e-05 1.19415185e-04
 1.13282251e-04 6.41768973e-04]","[0.0435947  0.09141787 0.01985935 0.01576408 0.01787484 0.46772894
 0.05019049 0.01357031 0.05790846 0.00745923 0.14387482 0.01778907
 0.03747328 0.01549468]","[0.42135882 0.5130501  0.01318267 0.00752021 0.01469093 0.00933229
 0.00266656 0.00280268 0.00696267 0.0010624  0.00150691 0.00112363
 0.00135862 0.00338157]"
2,2,2,5,0,"[4.3218639e-03 6.8297674e-04 9.8604625e-01 1.6562310e-03 6.5289508e-04
 4.5136260e-04 3.2140850e-04 4.8782927e-04 6.6161132e-04 2.7218116e-03
 6.7941996e-04 4.0699239e-04 5.5158098e-04 3.5787933e-04]","[0.00600929 0.0219601  0.00436985 0.0018866  0.00759213 0.73100764
 0.03177926 0.0067599  0.01517042 0.00358828 0.14370343 0.00768352
 0.01248465 0.00600496]","[0.36851352 0.07913922 0.02094191 0.17473029 0.01436819 0.05794066
 0.10595641 0.00721351 0.10831085 0.00482271 0.01369564 0.01662923
 0.01289329 0.01484463]"
1,1,1,5,0,"[3.4997053e-02 8.6044562e-01 7.9332124e-03 2.2475410e-03 2.4554050e-02
 1.8186427e-03 1.2293061e-03 5.8191918e-02 8.3662028e-04 2.0378558e-03
 1.4006438e-03 1.1916588e-03 1.6360903e-03 1.4798841e-03]","[0.0107015  0.08179279 0.00554499 0.00304555 0.01094219 0.6494836
 0.04454749 0.01318009 0.01781395 0.00433716 0.12124757 0.00953144
 0.01952624 0.00830537]","[9.8439920e-01 2.6877131e-03 2.2130706e-03 1.5655434e-03 5.4112525e-04
 1.7347769e-03 3.2943269e-04 6.3053769e-04 2.2661551e-03 3.7263313e-04
 3.0888012e-04 2.0954139e-04 4.1786340e-04 2.3236331e-03]"
2,3,2,5,7,"[6.7429119e-03 7.9498283e-04 9.7610062e-01 5.2510295e-03 8.1700424e-04
 3.4504681e-04 2.8557263e-04 6.0275680e-04 5.5963296e-04 6.0111010e-03
 6.2178326e-04 6.2016392e-04 6.3700665e-04 6.1059627e-04]","[0.12484133 0.17912897 0.05637837 0.03528481 0.02776834 0.23163918
 0.03580569 0.01651147 0.07053456 0.00790929 0.10774305 0.0187029
 0.05870066 0.0290513 ]","[0.00539297 0.07158504 0.00179732 0.00145543 0.00829937 0.0024184
 0.00251944 0.88418937 0.00367086 0.00417639 0.00529875 0.00318885
 0.00338121 0.00262641]"
0,0,0,5,4,"[9.9668247e-01 6.7261339e-04 5.2594522e-04 3.5181755e-04 2.0067574e-04
 1.8550997e-04 7.2775445e-05 1.0022087e-04 3.0281721e-04 9.5426345e-05
 7.1182003e-05 1.2144248e-04 1.0217357e-04 5.1476248e-04]","[0.02521216 0.04119996 0.01115216 0.00544542 0.01264948 0.61483675
 0.0305286  0.01064244 0.02554667 0.00456863 0.17463753 0.01059076
 0.02220332 0.01078622]","[0.00981613 0.02214336 0.00524202 0.00438337 0.94230413 0.00171261
 0.00101282 0.00188633 0.00181035 0.00214185 0.00130735 0.00158587
 0.00276457 0.00188931]"
4,4,4,5,0,"[2.1096945e-03 2.2668207e-02 2.2367244e-03 7.2953745e-04 9.5877379e-01
 8.4946287e-04 1.3130440e-03 3.5446207e-03 2.0197402e-03 1.4853581e-03
 1.9775003e-03 8.4382948e-04 7.4820954e-04 7.0035388e-04]","[0.00507028 0.0136937  0.0034643  0.00143426 0.00586054 0.7688463
 0.02083491 0.00621323 0.00879108 0.00280872 0.13911729 0.00759046
 0.01055108 0.00572396]","[0.45273283 0.09464592 0.01511326 0.37186947 0.0130212  0.01077991
 0.00947121 0.00443781 0.01182298 0.0014198  0.00326515 0.00500674
 0.00235946 0.00405407]"
0,0,0,5,8,"[9.96182740e-01 5.69934200e-04 7.60306604e-04 4.57751943e-04
 2.31134822e-04 1.63238670e-04 7.55190631e-05 1.22125755e-04
 2.75734550e-04 1.25627848e-04 7.25863647e-05 1.53068875e-04
 1.11283014e-04 6.98974938e-04]","[0.05282951 0.13313606 0.01563608 0.01014775 0.02061555 0.4484422
 0.03829603 0.01676621 0.03601948 0.00821696 0.15103334 0.0149761
 0.03860488 0.01527993]","[0.02962542 0.01008367 0.00391035 0.00332067 0.00359087 0.26519203
 0.04770737 0.00515369 0.5973609  0.00352115 0.01363247 0.00442315
 0.0047614  0.00771685]"
1,1,1,5,12,"[2.7608809e-03 9.8387021e-01 1.0440060e-03 4.4360373e-04 1.2568503e-03
 4.8095087e-04 3.3369902e-04 7.6873987e-03 1.9103620e-04 5.0166441e-04
 3.7135454e-04 2.9864672e-04 5.1348610e-04 2.4629815e-04]","[0.03864161 0.07718594 0.01860045 0.00978617 0.01539889 0.53477407
 0.03698981 0.01023703 0.04169875 0.00645339 0.14432225 0.01311262
 0.03824067 0.01455836]","[0.00208293 0.00367601 0.0040212  0.00310422 0.00652872 0.00335793
 0.00425128 0.00502637 0.00593959 0.00833717 0.00715791 0.01587459
 0.9248229  0.00581922]"
0,0,0,5,0,"[9.9675518e-01 5.1517575e-04 4.5985740e-04 3.7780113e-04 2.2777492e-04
 1.9480243e-04 7.6618715e-05 1.3233097e-04 2.7108489e-04 9.2320086e-05
 8.0498750e-05 1.2703156e-04 1.0484188e-04 5.8474822e-04]","[0.00391727 0.01164733 0.00207203 0.00088873 0.00508014 0.8613656
 0.01728546 0.00546805 0.00738868 0.00208995 0.06512807 0.00533529
 0.00781142 0.00452205]","[9.5501441e-01 9.9302512e-03 1.7100981e-02 7.6075201e-03 1.1360316e-03
 1.7201368e-03 6.4404722e-04 8.0873084e-04 2.8467148e-03 4.0745217e-04
 5.7023787e-04 3.5369094e-04 6.0754851e-04 1.2519299e-03]"
5,5,5,5,0,"[2.5857568e-03 2.0639156e-03 2.5723202e-04 3.9999688e-04 6.1976543e-04
 9.8299950e-01 1.2096456e-03 5.4825994e-04 5.5598398e-03 3.1070327e-04
 1.3998987e-03 3.9080344e-04 6.9501478e-04 9.5976359e-04]","[0.0690787  0.13716617 0.02780518 0.02312015 0.02567668 0.35694423
 0.0442639  0.01578211 0.07529096 0.00762112 0.13156144 0.01821193
 0.04752441 0.01995298]","[0.71063215 0.02166922 0.0160504  0.00817632 0.00776699 0.06888737
 0.00350109 0.00299095 0.13848583 0.00204946 0.0049721  0.00168736
 0.00513955 0.00799129]"
1,1,1,5,1,"[2.7057484e-03 9.9143022e-01 5.7857303e-04 4.6040182e-04 9.3344535e-04
 4.5336361e-04 4.6342352e-04 1.3770782e-03 2.3232501e-04 2.9566247e-04
 2.4975804e-04 2.2523683e-04 2.8533817e-04 3.0925733e-04]","[0.01142    0.03043448 0.00510003 0.00330618 0.00838659 0.7303371
 0.03440894 0.00792837 0.01639803 0.00340133 0.11625065 0.00790301
 0.01818192 0.00654343]","[1.1993113e-02 9.7340083e-01 1.6271635e-03 1.2278598e-03 2.7458689e-03
 2.0498396e-03 8.3606690e-04 2.2428019e-03 9.4547850e-04 4.5762450e-04
 8.1901869e-04 5.0766004e-04 6.0637074e-04 5.4028223e-04]"
1,1,1,5,3,"[1.2813565e-02 9.8138314e-01 8.6497300e-04 3.8458809e-04 9.3114137e-04
 5.4214179e-04 3.1099955e-04 1.0902848e-03 3.7806021e-04 2.3490573e-04
 2.4254694e-04 1.6087123e-04 3.3638888e-04 3.2647941e-04]","[0.04497164 0.07578435 0.02149729 0.01332025 0.01823926 0.5103676
 0.0391143  0.01743685 0.03821775 0.0080155  0.13867815 0.01940737
 0.03898229 0.01596753]","[0.00229151 0.00113472 0.00664254 0.9465658  0.00313827 0.00108683
 0.0030008  0.00140947 0.00099614 0.00224074 0.00134841 0.02728178
 0.00149697 0.00136588]"
0,0,0,5,0,"[9.9662030e-01 5.8717857e-04 4.4397695e-04 3.7641317e-04 2.2605259e-04
 1.3990460e-04 6.4496053e-05 1.2743891e-04 2.4490367e-04 1.0622026e-04
 6.7149245e-05 1.4558020e-04 1.0274417e-04 7.4761058e-04]","[0.00964504 0.0234687  0.00533503 0.00300688 0.00638653 0.72108704
 0.02959415 0.00733914 0.0178065  0.00321162 0.14365032 0.00792661
 0.01449427 0.0070481 ]","[0.57889396 0.35146227 0.02118968 0.01174726 0.01034396 0.00678431
 0.00302491 0.00194405 0.00632828 0.0009965  0.00225738 0.00113462
 0.00135583 0.00253694]"
10,10,10,5,0,"[3.1119384e-04 1.3225290e-03 1.4482239e-03 1.0578890e-03 3.4184169e-03
 4.9162940e-03 8.6224459e-02 2.6209510e-03 1.5847209e-03 1.7355435e-03
 8.9231312e-01 7.4004667e-04 1.1093520e-03 1.1972578e-03]","[0.01010649 0.03003912 0.00441403 0.00262765 0.00773127 0.73724806
 0.02579502 0.00779221 0.01415134 0.00337545 0.12613441 0.00817553
 0.01500719 0.00740215]","[9.8636186e-01 3.0475173e-03 1.8856138e-03 2.3698772e-03 5.6063250e-04
 1.0874307e-03 3.3986085e-04 5.2258937e-04 1.3696889e-03 2.8798360e-04
 2.2275094e-04 1.7865372e-04 3.7074540e-04 1.3950376e-03]"
5,5,5,5,2,"[1.4523265e-03 1.3878214e-03 4.3281392e-04 3.7460262e-04 5.9270213e-04
 9.8787552e-01 9.3248638e-04 4.9472431e-04 1.3613874e-03 4.7683940e-04
 3.0828521e-03 3.5866670e-04 5.6720013e-04 6.1030581e-04]","[0.00980943 0.02762756 0.00490514 0.0031405  0.00755985 0.71320313
 0.04006699 0.00766017 0.01664068 0.003412   0.1349713  0.00855571
 0.01479787 0.00764966]","[0.01967698 0.00312398 0.9447914  0.00852936 0.00236202 0.00160212
 0.00099627 0.00145656 0.00335032 0.00333145 0.00497218 0.00159066
 0.00223087 0.0019859 ]"
0,0,0,5,0,"[9.9644947e-01 4.2834115e-04 6.0962874e-04 5.0798297e-04 2.0371328e-04
 1.6341510e-04 7.6925724e-05 1.0368541e-04 2.3996834e-04 1.2002166e-04
 7.6872704e-05 1.3870170e-04 9.4874893e-05 7.8640244e-04]","[0.01318649 0.04282598 0.00870975 0.00507672 0.01061934 0.61189324
 0.05036717 0.00876466 0.02579276 0.00403812 0.17936152 0.00957432
 0.02148488 0.00830506]","[9.8534632e-01 3.5621761e-03 2.5742981e-03 2.3159028e-03 5.9920474e-04
 1.0986337e-03 3.1556527e-04 4.7335017e-04 1.6100530e-03 2.6772611e-04
 2.2842136e-04 1.7115362e-04 3.2938382e-04 1.1077542e-03]"
0,0,0,5,0,"[9.96368170e-01 6.37446647e-04 3.37693578e-04 4.28999541e-04
 2.25049298e-04 1.97450470e-04 8.23776063e-05 1.41674449e-04
 2.61301378e-04 9.04638364e-05 8.26501127e-05 1.39315947e-04
 1.11114095e-04 8.96110607e-04]","[0.03814209 0.07415964 0.02171078 0.01045353 0.01995305 0.4783768
 0.03630519 0.01359791 0.03110421 0.00554786 0.20271085 0.01506835
 0.03900053 0.01386917]","[9.3561894e-01 1.0477356e-02 1.3563652e-02 2.1410987e-02 1.8197106e-03
 3.1617412e-03 1.2617792e-03 1.2471689e-03 6.8062171e-03 5.1774376e-04
 1.0086021e-03 4.1409172e-04 1.0871829e-03 1.6047568e-03]"
7,7,7,5,8,"[5.2206893e-04 3.1034788e-03 4.6930139e-04 4.1188803e-04 1.4046967e-03
 4.9819803e-04 6.0847943e-04 9.8796773e-01 2.0260394e-04 8.6990249e-04
 8.4107806e-04 1.0578638e-03 1.4962270e-03 5.4658687e-04]","[0.01054907 0.02196606 0.00413709 0.00190608 0.00524727 0.7800832
 0.02318221 0.00587641 0.01664896 0.00244208 0.1056798  0.00617224
 0.00977589 0.00633365]","[0.07193302 0.00982452 0.00637944 0.00498478 0.00300697 0.02365557
 0.00783611 0.00427148 0.84841996 0.00295509 0.00598087 0.00263913
 0.00346934 0.00464373]"
6,6,6,5,0,"[5.2394572e-04 7.0148375e-04 5.3435116e-04 1.0898388e-03 1.4932352e-03
 4.9544391e-03 9.8175025e-01 9.5746946e-04 7.9478853e-04 5.6319428e-04
 2.1660675e-03 2.6882770e-03 7.1550481e-04 1.0672215e-03]","[0.01765341 0.05635666 0.00638394 0.00345791 0.00906546 0.6564469
 0.04010308 0.00849592 0.02581537 0.00389954 0.13718715 0.00927281
 0.01722288 0.00863904]","[9.7346842e-01 5.6158123e-03 5.8382619e-03 7.1196593e-03 1.8079384e-03
 1.3422138e-03 4.0546543e-04 5.5569666e-04 1.4479158e-03 3.6218439e-04
 3.2458970e-04 2.3755101e-04 4.4401496e-04 1.0302280e-03]"
1,5,1,5,1,"[2.2980738e-02 9.4788408e-01 1.0618081e-03 6.7542080e-04 3.0978627e-03
 1.5242094e-02 1.4149463e-03 2.7561700e-03 1.1520921e-03 3.8876029e-04
 9.9780271e-04 4.8472843e-04 7.9948240e-04 1.0639590e-03]","[0.03122255 0.07974842 0.02269838 0.01037904 0.01851531 0.4670013
 0.04102513 0.01580077 0.03703436 0.00824164 0.19660142 0.01566189
 0.04127482 0.01479497]","[6.3531431e-03 9.6473789e-01 1.4583543e-03 2.4566667e-03 6.3327816e-03
 1.7299122e-03 1.6073129e-03 9.2582684e-03 1.0883743e-03 8.7274407e-04
 1.3171365e-03 1.1559754e-03 9.1644534e-04 7.1488676e-04]"
1,1,1,5,1,"[5.1900363e-03 9.8904210e-01 7.1336189e-04 3.6686298e-04 9.2801335e-04
 5.7134597e-04 3.3631979e-04 1.2158802e-03 2.4830012e-04 2.8900555e-04
 2.2710324e-04 2.1211131e-04 3.5413244e-04 3.0524749e-04]","[0.032362   0.07604064 0.02455336 0.0149679  0.01742097 0.4715533
 0.05312799 0.01588031 0.04421771 0.00736925 0.17341726 0.0167923
 0.03782732 0.01446954]","[6.1010560e-03 9.7720522e-01 1.1393747e-03 1.0000165e-03 3.1324662e-03
 1.7401048e-03 1.0414291e-03 4.2346530e-03 8.8200148e-04 5.6627399e-04
 1.1187029e-03 5.8230531e-04 7.1805302e-04 5.3844164e-04]"
0,3,0,5,7,"[8.5185814e-01 1.1764170e-03 3.6062323e-03 1.3156992e-01 8.9888158e-04
 9.6514774e-04 7.0662773e-04 5.2370358e-04 1.2276961e-03 1.3596785e-03
 4.5010200e-04 1.3716645e-03 4.9547263e-04 3.7904342e-03]","[0.00668447 0.01616365 0.00372122 0.0019692  0.00594366 0.77306193
 0.02349362 0.00642378 0.01150691 0.0026564  0.12361561 0.00718705
 0.01197998 0.00559252]","[0.00733296 0.14232205 0.00181625 0.0014754  0.01143164 0.00344372
 0.00272908 0.8043808  0.00553608 0.00320549 0.00543017 0.00331185
 0.00414199 0.00344262]"
0,2,0,5,2,"[9.8514056e-01 1.0607779e-03 7.4939034e-03 2.5501195e-03 3.4944652e-04
 2.0812009e-04 1.5625176e-04 2.0286556e-04 5.7486771e-04 3.0684471e-04
 1.2595885e-04 2.5506949e-04 1.9789743e-04 1.3770883e-03]","[0.01438927 0.03605744 0.00591896 0.00337166 0.00927309 0.7062845
 0.02849905 0.00831741 0.01763902 0.0037592  0.12921609 0.00966354
 0.01883483 0.00877589]","[0.02810775 0.0047923  0.92861825 0.01238918 0.00177305 0.0021254
 0.00132845 0.00118876 0.00635307 0.00314264 0.0044271  0.0018604
 0.0021281  0.00176542]"
0,0,0,5,11,"[9.9490619e-01 8.5871638e-04 6.9520023e-04 8.5894862e-04 2.5878800e-04
 2.1888445e-04 1.1157040e-04 1.4006199e-04 2.5391308e-04 1.2259350e-04
 8.7120781e-05 1.5825882e-04 9.9168719e-05 1.2305185e-03]","[0.02686572 0.06346913 0.01240866 0.00728919 0.01452437 0.5779748
 0.0312677  0.01161773 0.02745344 0.00679873 0.16467293 0.01346383
 0.03007597 0.0121178 ]","[4.8926740e-04 1.4087152e-03 3.4075729e-03 2.1558359e-02 2.7156922e-03
 2.2937658e-03 3.1757772e-03 3.3781349e-03 2.4800352e-03 2.0453664e-02
 2.2357472e-03 9.2279524e-01 5.6058764e-03 8.0021676e-03]"
1,1,1,5,0,"[1.8766990e-03 9.9100494e-01 5.6713575e-04 4.8811425e-04 1.0310522e-03
 6.0427852e-04 4.6246927e-04 2.2253804e-03 2.3940558e-04 3.4252586e-04
 2.9810876e-04 2.6865854e-04 3.0609226e-04 2.8504120e-04]","[0.12775882 0.22810659 0.02970369 0.02730533 0.02234864 0.25147218
 0.04271821 0.01740284 0.0464601  0.00727478 0.10159885 0.02122022
 0.05261432 0.02401549]","[9.8449463e-01 2.6139815e-03 4.1661360e-03 2.3110055e-03 6.6866312e-04
 9.1205689e-04 2.7871845e-04 4.8652079e-04 1.4111496e-03 3.4595001e-04
 2.8685707e-04 1.6686425e-04 3.9547691e-04 1.4619348e-03]"
5,5,5,5,0,"[2.1056703e-03 2.2006007e-03 6.9217244e-04 1.9170026e-03 2.7464156e-03
 7.6926982e-01 1.9684711e-01 1.5876672e-03 3.9924625e-03 9.3459239e-04
 7.2218534e-03 4.0393723e-03 1.8660811e-03 4.5792763e-03]","[0.03349236 0.06466337 0.01267808 0.0085795  0.01447417 0.57995677
 0.03554348 0.01282324 0.0273045  0.00566325 0.14406025 0.0150632
 0.03003468 0.01566317]","[9.7928816e-01 3.5185951e-03 4.7576656e-03 4.2660250e-03 6.6652260e-04
 1.4153499e-03 4.2463126e-04 4.8035162e-04 2.1987602e-03 3.1209446e-04
 3.9235342e-04 2.5186021e-04 3.6899411e-04 1.6587642e-03]"
4,2,4,5,11,"[4.3761116e-03 3.7191976e-02 3.7212081e-03 9.7180076e-04 9.3979496e-01
 1.0559306e-03 1.0072518e-03 4.6850047e-03 1.7115687e-03 1.6279467e-03
 1.5575601e-03 8.1444700e-04 7.9129793e-04 6.9307990e-04]","[0.02360409 0.0786014  0.01981467 0.00802827 0.01505629 0.36877128
 0.05239868 0.01009386 0.03241712 0.01006125 0.31260657 0.01764986
 0.03417762 0.01671899]","[0.00326764 0.002536   0.00588053 0.0403476  0.00247575 0.00352212
 0.003452   0.00434099 0.00475054 0.01649333 0.00193632 0.88722074
 0.00514845 0.01862805]"
0,0,0,5,0,"[8.6745667e-01 2.4636192e-02 8.5782915e-02 9.2310878e-03 1.6654959e-03
 5.2681408e-04 5.5639900e-04 2.8383923e-03 8.9058781e-04 2.0270273e-03
 6.2774704e-04 4.9722119e-04 1.3418111e-03 1.9214960e-03]","[0.00855748 0.03041398 0.00479888 0.00259148 0.00692579 0.69750434
 0.03193412 0.00837122 0.01565626 0.00396856 0.15592188 0.00986785
 0.01608397 0.00740418]","[9.8275787e-01 3.1245386e-03 2.3859888e-03 1.9964851e-03 6.0121802e-04
 2.1435220e-03 3.6328367e-04 7.3707046e-04 2.9484278e-03 3.8069984e-04
 3.2408605e-04 2.3616041e-04 4.6022225e-04 1.5405131e-03]"
2,2,2,5,0,"[0.00163468 0.00120745 0.5353983  0.00261577 0.00245974 0.00091899
 0.00105391 0.00284134 0.00165495 0.43302318 0.00568664 0.00205864
 0.00611612 0.00333031]","[0.14359711 0.10433288 0.07066704 0.02241389 0.02449115 0.20374434
 0.03640712 0.01187103 0.07180808 0.01219671 0.19657284 0.01632662
 0.06055275 0.02501846]","[9.8259038e-01 5.6112483e-03 3.0508919e-03 1.8568819e-03 6.1729271e-04
 1.2355695e-03 3.0291406e-04 5.4805609e-04 1.9000320e-03 2.9919005e-04
 2.6737122e-04 1.6919692e-04 3.7711501e-04 1.1737584e-03]"
10,10,10,5,11,"[1.4996843e-04 5.4870482e-04 1.8310833e-03 2.9465902e-04 1.3501414e-03
 2.2975332e-03 4.9119322e-03 1.2953170e-03 1.0474412e-03 3.1223334e-03
 9.8087937e-01 3.0862427e-04 9.4573176e-04 1.0171357e-03]","[0.01839747 0.03730018 0.00728983 0.00504261 0.00784842 0.66904986
 0.04534873 0.008765   0.02961353 0.00333449 0.1314371  0.00905224
 0.01832047 0.00920003]","[5.1821565e-04 2.0257651e-03 2.7305884e-03 1.2717831e-02 3.1276881e-03
 3.8782272e-03 6.7158155e-03 3.8912091e-03 3.8842610e-03 8.0165006e-03
 3.3914587e-03 9.3878675e-01 5.9265960e-03 4.3891058e-03]"
3,3,3,5,0,"[3.7004349e-03 5.4818380e-04 4.5690220e-04 9.8996770e-01 3.9007768e-04
 3.0161988e-04 7.9317816e-04 4.0119945e-04 4.0763873e-04 5.1044993e-04
 2.6019342e-04 1.1563965e-03 3.1283655e-04 7.9321029e-04]","[0.04228169 0.12029647 0.0115872  0.00857604 0.01134426 0.46306297
 0.09196749 0.00931253 0.04417052 0.00532719 0.14604677 0.01258842
 0.01984195 0.01359645]","[0.4447602  0.02432779 0.01531388 0.07025964 0.01089197 0.03974822
 0.04129788 0.01120056 0.3027329  0.00498255 0.00833321 0.0056205
 0.01270578 0.00782488]"
6,6,6,5,0,"[2.3103182e-04 4.4266513e-04 2.8781756e-04 1.0741950e-03 9.3492254e-04
 1.9973232e-03 9.8804736e-01 6.7645812e-04 6.2201923e-04 3.8232261e-04
 2.9640286e-03 1.0786754e-03 5.7261798e-04 6.8853679e-04]","[0.0229965  0.0480812  0.01152044 0.00630298 0.01386357 0.61403984
 0.03048423 0.01059641 0.02602091 0.00485714 0.16062072 0.01123383
 0.02768488 0.01169714]","[0.4728115  0.00837186 0.02493365 0.01241159 0.0047955  0.04021616
 0.00602476 0.00464431 0.29800212 0.00575102 0.0098929  0.00668948
 0.01477309 0.09068208]"
1,1,1,5,2,"[3.3212502e-03 9.9103642e-01 7.3691859e-04 4.4202447e-04 9.0382370e-04
 4.8964197e-04 3.3339646e-04 1.2056944e-03 2.5785321e-04 2.8217997e-04
 2.1304248e-04 1.9977658e-04 2.9961887e-04 2.7804612e-04]","[0.03722334 0.07785352 0.01186599 0.00800659 0.01293617 0.56064785
 0.03746806 0.01024442 0.03271294 0.00572593 0.1467027  0.01319969
 0.03111442 0.01429844]","[1.3730554e-02 2.2924296e-03 9.5636308e-01 8.4035434e-03 2.0539290e-03
 1.2121904e-03 8.9424883e-04 9.2811749e-04 2.7765923e-03 3.0717636e-03
 3.7320969e-03 1.5808217e-03 1.7147069e-03 1.2457959e-03]"
3,3,3,5,2,"[1.0876949e-03 4.1738432e-04 4.8614209e-04 9.9309087e-01 3.9265479e-04
 2.7416507e-04 8.6489075e-04 3.0747461e-04 4.2859360e-04 5.4091791e-04
 2.7083117e-04 1.0886999e-03 3.2042078e-04 4.2911421e-04]","[0.02091631 0.06273532 0.01588009 0.00901677 0.01735885 0.48753312
 0.05067621 0.01244652 0.03158901 0.00652189 0.22384451 0.01405846
 0.03322851 0.01419439]","[5.4094051e-03 1.3070808e-03 9.6386790e-01 6.8615447e-03 1.9469784e-03
 1.0242306e-03 8.9867337e-04 7.9242105e-04 2.5727050e-03 5.1445197e-03
 4.0434422e-03 2.0257395e-03 2.9177309e-03 1.1878989e-03]"
0,0,0,5,0,"[9.9684119e-01 4.4964562e-04 4.5683628e-04 3.7898438e-04 2.0574500e-04
 1.4665742e-04 6.7335110e-05 1.1363413e-04 2.4464651e-04 1.0005871e-04
 6.8398876e-05 1.3171637e-04 9.2656795e-05 7.0251868e-04]","[0.01147134 0.03557772 0.00763403 0.0047331  0.00985168 0.6477913
 0.04591735 0.00861867 0.02175996 0.0040908  0.1638348  0.01000885
 0.02021527 0.00849512]","[9.8501390e-01 3.5858417e-03 2.6112965e-03 2.0904155e-03 5.7515898e-04
 1.2261015e-03 2.9978418e-04 5.4858456e-04 1.7674983e-03 2.9448813e-04
 2.6044087e-04 1.8250861e-04 3.6658969e-04 1.1775279e-03]"
5,6,5,5,11,"[5.2870932e-04 1.0443178e-03 1.9577029e-04 3.3822635e-04 5.8570533e-04
 9.9040270e-01 2.0774931e-03 3.8943542e-04 1.3425748e-03 3.1570348e-04
 1.2905643e-03 3.8138422e-04 4.3310088e-04 6.7449507e-04]","[0.02441937 0.05994753 0.01182414 0.00750185 0.01486287 0.5891081
 0.03577695 0.01287107 0.03198475 0.00618894 0.15253475 0.01276658
 0.02959786 0.0106151 ]","[3.5328651e-04 1.8608681e-03 1.9038531e-03 7.6471292e-03 2.9700764e-03
 2.9605224e-03 5.3642890e-03 3.7604987e-03 2.5810108e-03 1.4100249e-02
 3.0077288e-03 9.4035113e-01 7.2951256e-03 5.8442880e-03]"
0,0,0,5,4,"[0.5415626  0.22089249 0.00581116 0.00536499 0.0126554  0.14203934
 0.00662089 0.00471434 0.04080585 0.00207683 0.00262117 0.00426911
 0.00374769 0.00681816]","[0.01879362 0.04838848 0.00928657 0.00540596 0.00980459 0.61738276
 0.03629246 0.00859811 0.02334931 0.00398828 0.180806   0.00977322
 0.01919112 0.00893955]","[0.00626337 0.01882609 0.00694372 0.00889337 0.9419854  0.001857
 0.00141512 0.00183444 0.00181579 0.00211723 0.00164292 0.00199188
 0.00287732 0.00153634]"
0,0,0,5,12,"[9.9627787e-01 5.3321489e-04 5.1231676e-04 8.1199594e-04 2.2537983e-04
 1.5296864e-04 9.6098891e-05 1.1717277e-04 2.1399895e-04 1.0456107e-04
 6.7674140e-05 1.4351640e-04 8.9704641e-05 6.5347838e-04]","[0.01818577 0.06077203 0.01406326 0.00665317 0.01050426 0.48814994
 0.04189561 0.00968764 0.02609462 0.00645684 0.27039662 0.01186195
 0.0247384  0.01053985]","[0.0027753  0.00494662 0.00362826 0.00332831 0.00602353 0.00434963
 0.00436117 0.00543651 0.00662407 0.00741802 0.00642054 0.01631407
 0.9218733  0.0065007 ]"
0,0,0,1,3,"[9.9089795e-01 4.4390076e-04 5.2214856e-04 2.6108013e-03 3.5057584e-04
 4.2832349e-04 2.4196389e-04 1.3854579e-04 9.2683372e-04 1.6525481e-04
 1.5122246e-04 3.0080459e-04 1.9396657e-04 2.6278074e-03]","[0.15305953 0.26747063 0.08254772 0.05917195 0.03700942 0.08113413
 0.02877085 0.02422934 0.08928924 0.01395982 0.05347111 0.01871734
 0.0597971  0.03137185]","[2.4325242e-03 1.0912925e-03 4.9712299e-03 9.6586221e-01 3.7509929e-03
 9.3814224e-04 2.9606554e-03 9.5245568e-04 8.9464395e-04 1.3221147e-03
 1.0891398e-03 1.1666293e-02 1.0375215e-03 1.0307060e-03]"
1,1,1,5,0,"[2.0763983e-03 9.9076349e-01 5.1881530e-04 5.1077688e-04 9.6412475e-04
 5.5182324e-04 5.7537010e-04 2.2755417e-03 2.3329606e-04 3.4333859e-04
 2.9058597e-04 2.7883830e-04 3.0385292e-04 3.1371356e-04]","[0.02543939 0.06246143 0.01276691 0.00785859 0.01547443 0.5995791
 0.03281763 0.01036778 0.0280996  0.0055379  0.1463934  0.01305641
 0.02917204 0.01097534]","[9.6797192e-01 1.4210344e-02 5.4396386e-03 2.4238031e-03 9.0673659e-04
 1.8846530e-03 4.9743336e-04 9.6884416e-04 2.5859198e-03 4.1088398e-04
 4.2279935e-04 2.3394366e-04 4.9372140e-04 1.5493295e-03]"
11,11,11,5,0,"[1.0635635e-03 6.3242851e-04 1.3317657e-03 1.9304719e-02 1.2234321e-03
 1.1426274e-03 1.7598993e-03 1.6649050e-03 1.1655755e-03 3.2222511e-03
 3.4773850e-04 9.5709628e-01 1.4195723e-03 8.6252298e-03]","[0.02960047 0.1018472  0.03378167 0.01288041 0.02041144 0.30365533
 0.05160562 0.01537982 0.03592713 0.01013105 0.2896742  0.01577708
 0.0634935  0.01583509]","[9.8276603e-01 3.5848101e-03 4.1207098e-03 2.7712246e-03 6.6019245e-04
 1.1102571e-03 3.3342309e-04 5.5618153e-04 1.7684026e-03 3.0241918e-04
 2.8349625e-04 1.6860598e-04 4.1254397e-04 1.1618811e-03]"
4,4,4,5,11,"[2.2619010e-03 9.0958131e-03 1.3897636e-03 6.3073152e-04 9.7594643e-01
 8.3319593e-04 1.3426309e-03 1.9655456e-03 1.9009652e-03 1.0324103e-03
 1.5229520e-03 7.7002490e-04 6.4401771e-04 6.6362228e-04]","[0.02884072 0.07034446 0.0322545  0.01685422 0.01784325 0.37883946
 0.05645828 0.01384004 0.03904838 0.00872963 0.2523892  0.02076416
 0.04652857 0.01726523]","[0.00098388 0.00222246 0.00260285 0.02512211 0.00311305 0.00408749
 0.00653848 0.0046786  0.00470656 0.0067973  0.00264943 0.9239576
 0.00553369 0.00700656]"
3,3,3,5,2,"[1.4401855e-03 4.4311659e-04 5.7428132e-04 9.9200189e-01 6.5008755e-04
 2.7023841e-04 1.0698794e-03 3.2520902e-04 5.7260541e-04 5.2958826e-04
 2.8743886e-04 9.9044014e-04 3.4117987e-04 5.0397514e-04]","[0.02985366 0.06528223 0.01483042 0.0105927  0.01443043 0.5363269
 0.04739779 0.0143331  0.03480709 0.00542579 0.16926363 0.01456129
 0.02982274 0.01307224]","[1.8734394e-02 2.9905986e-03 9.4821125e-01 9.1338940e-03 2.6118143e-03
 1.5046216e-03 7.2916469e-04 9.7312580e-04 2.9176057e-03 2.4742184e-03
 4.5247152e-03 1.5152820e-03 1.8073177e-03 1.8720926e-03]"
5,10,5,5,0,"[2.2521636e-03 1.1647280e-03 4.4405795e-04 5.2666594e-04 6.2640425e-04
 9.8022008e-01 1.4859545e-03 6.6581857e-04 2.2883676e-03 6.1630853e-04
 7.0735672e-03 3.9252310e-04 6.6297239e-04 1.5802593e-03]","[0.01556136 0.03502677 0.00672413 0.00366126 0.00828009 0.7398443
 0.02155228 0.0084241  0.01772612 0.00431628 0.09761078 0.01050273
 0.02122151 0.00954824]","[9.5132762e-01 5.4302490e-03 3.7720420e-03 2.5154022e-03 1.0791437e-03
 9.4738016e-03 1.0241898e-03 1.1789048e-03 1.4237520e-02 7.3057943e-04
 7.5079961e-04 4.9140601e-04 1.1182514e-03 6.8702511e-03]"
0,0,0,5,11,"[9.95271504e-01 7.65180856e-04 9.00590676e-04 5.31280821e-04
 2.62779067e-04 2.22414281e-04 8.65008624e-05 1.64852609e-04
 2.82090507e-04 1.14139446e-04 1.07692009e-04 1.30896457e-04
 1.07531603e-04 1.05255435e-03]","[0.01286726 0.03848177 0.00807764 0.00378062 0.00955089 0.5882375
 0.0326075  0.00887208 0.02393484 0.00422243 0.22849512 0.00909057
 0.02261375 0.00916796]","[3.99871729e-04 2.20328546e-03 2.25557783e-03 7.80204544e-03
 3.07479966e-03 3.78884608e-03 8.30790307e-03 4.38020611e-03
 3.47576477e-03 1.17683625e-02 3.81543208e-03 9.37041819e-01
 6.55595446e-03 5.13028493e-03]"
0,0,0,5,0,"[9.9423295e-01 9.1936206e-04 6.2275236e-04 4.2515190e-04 3.5656325e-04
 4.3976665e-04 1.1011012e-04 1.7981885e-04 5.8126281e-04 1.4119864e-04
 1.6593342e-04 2.2243088e-04 1.6732595e-04 1.4355953e-03]","[0.00664737 0.02110706 0.00371389 0.00204366 0.00676216 0.7323082
 0.03206987 0.00712547 0.01130209 0.00279027 0.14919727 0.00712684
 0.01203792 0.00576797]","[9.8351467e-01 2.8968726e-03 3.2546397e-03 1.9563227e-03 5.7505467e-04
 1.4764972e-03 3.1954245e-04 5.7204900e-04 2.5991057e-03 3.5662175e-04
 3.1289400e-04 1.8792314e-04 4.6829102e-04 1.5094823e-03]"
4,4,4,5,2,"[1.9444730e-03 1.6544862e-02 1.3539125e-03 5.7444046e-04 9.6768177e-01
 1.1230545e-03 1.2281474e-03 2.7610241e-03 1.7821055e-03 1.2481889e-03
 1.5229745e-03 7.9520681e-04 7.5709046e-04 6.8276562e-04]","[0.01988508 0.06641915 0.01765119 0.01082093 0.01446327 0.41663462
 0.07494263 0.01140127 0.03116762 0.00669208 0.26422265 0.01616702
 0.03526326 0.01426922]","[0.1788552  0.00581729 0.6924323  0.08737043 0.0030387  0.002384
 0.00120483 0.00247412 0.00549892 0.00470941 0.00442287 0.00293027
 0.00300995 0.00585171]"
4,1,4,5,3,"[0.00830597 0.38671133 0.00311299 0.0018829  0.5525926  0.00466951
 0.00358038 0.0223031  0.00321913 0.00353744 0.0037364  0.00196319
 0.0024709  0.00191423]","[0.0283861  0.12515758 0.01489285 0.00839865 0.02331771 0.44872102
 0.0337645  0.01579693 0.02287109 0.00823409 0.16722596 0.0177063
 0.07010747 0.01541987]","[2.5872057e-03 9.1247604e-04 7.2246334e-03 9.6672684e-01 2.8355885e-03
 8.9230301e-04 2.8467872e-03 8.5845339e-04 1.0038276e-03 1.1306439e-03
 1.4020532e-03 9.4010979e-03 1.0674261e-03 1.1106845e-03]"
0,0,0,5,7,"[9.6720225e-01 1.0755478e-03 1.0360684e-03 2.4170626e-02 6.5005297e-04
 6.7182031e-04 4.7002482e-04 2.7355194e-04 9.4989839e-04 4.4884550e-04
 2.0753594e-04 6.4351875e-04 2.9596270e-04 1.9041182e-03]","[0.02787976 0.09008197 0.02220104 0.01298552 0.01619427 0.40393457
 0.05672963 0.0114095  0.0364094  0.00773699 0.24187593 0.01566412
 0.04252028 0.01437697]","[0.00343994 0.07033996 0.00128186 0.00277682 0.0143781  0.0031237
 0.00459224 0.87547207 0.00431878 0.00304331 0.00593477 0.00531829
 0.00347781 0.00250227]"
0,0,0,0,0,"[9.96453881e-01 6.65324565e-04 7.07661442e-04 3.89303634e-04
 1.94335182e-04 1.62577038e-04 6.91192326e-05 1.15575560e-04
 2.63770839e-04 1.02801103e-04 6.97397772e-05 1.18779884e-04
 8.70917938e-05 6.00061729e-04]","[0.43536887 0.24526335 0.05834322 0.0460727  0.02754193 0.02464481
 0.01176574 0.01490852 0.04118716 0.00618693 0.02202275 0.01165206
 0.03074015 0.02430191]","[9.8628485e-01 2.7330853e-03 2.4989501e-03 1.8110692e-03 5.4296927e-04
 1.1207893e-03 2.8836235e-04 4.8908452e-04 1.6192602e-03 2.9057218e-04
 2.4285787e-04 1.6970905e-04 3.8569301e-04 1.5226934e-03]"
0,0,0,5,0,"[9.95290041e-01 6.54805161e-04 3.54055519e-04 5.42270194e-04
 2.99824373e-04 2.69127602e-04 1.20491088e-04 1.64680954e-04
 3.10844101e-04 1.03406564e-04 9.76229203e-05 1.93103420e-04
 1.21776255e-04 1.47787167e-03]","[0.08757776 0.17529097 0.02603998 0.0255899  0.0236436  0.3076481
 0.0559152  0.01926238 0.06045644 0.00669521 0.12721942 0.01965474
 0.04719668 0.01780947]","[0.5789699  0.01470009 0.33080986 0.04006915 0.00229536 0.00392051
 0.00234643 0.00225917 0.01016059 0.00235407 0.00360777 0.00184387
 0.00222553 0.00443761]"
0,0,0,5,9,"[9.9608994e-01 4.0237742e-04 3.9330625e-04 5.2459224e-04 2.1672505e-04
 2.0115792e-04 7.4019365e-05 1.2400369e-04 2.7300318e-04 1.0841384e-04
 8.3580686e-05 1.5959909e-04 1.0580593e-04 1.2435986e-03]","[0.01285403 0.03140773 0.00611391 0.00360683 0.00923585 0.7004219
 0.03218048 0.00823496 0.02027932 0.00327416 0.1398579  0.00810626
 0.0168444  0.0075823 ]","[0.00136737 0.00154411 0.01673139 0.00265568 0.00422354 0.00197197
 0.00396171 0.00428249 0.00247119 0.9180143  0.00474029 0.01303759
 0.01075959 0.0142387 ]"
0,0,0,1,2,"[9.1807085e-01 9.4982050e-03 6.1388336e-02 4.0086890e-03 1.1520388e-03
 7.6037645e-04 4.2032503e-04 7.5518549e-04 8.8239706e-04 8.6181500e-04
 4.4922126e-04 3.2613749e-04 4.4288437e-04 9.8339794e-04]","[0.14649978 0.2792922  0.0628721  0.04573391 0.02095265 0.10958111
 0.04659012 0.01671229 0.06569211 0.01039167 0.10982426 0.01823069
 0.0447853  0.02284172]","[0.01475122 0.00363905 0.4751589  0.46432698 0.00779165 0.00192019
 0.0030628  0.00213624 0.00369746 0.0051282  0.00652565 0.00579364
 0.00370523 0.00236287]"
7,7,7,5,0,"[6.1651622e-04 2.9854227e-03 4.6651173e-04 4.2159087e-04 1.4573411e-03
 4.8747196e-04 5.8016449e-04 9.8830169e-01 2.0180375e-04 7.7801209e-04
 8.7730977e-04 9.1988727e-04 1.3156974e-03 5.9036782e-04]","[0.0107223  0.02573899 0.00515599 0.00273873 0.00788971 0.71133244
 0.03025857 0.00736861 0.01766445 0.00338313 0.14721186 0.00767605
 0.01525501 0.00760403]","[9.7366363e-01 4.5274422e-03 3.6247303e-03 2.3225688e-03 6.8549899e-04
 4.3209707e-03 4.3463212e-04 6.7084760e-04 4.4920426e-03 4.0169235e-04
 3.9525994e-04 2.9769901e-04 6.9593982e-04 3.4669747e-03]"
0,3,0,5,0,"[6.2161946e-01 1.4596310e-03 2.5765642e-03 3.6210245e-01 9.1687031e-04
 1.3782453e-03 1.2321934e-03 7.5033226e-04 1.5758206e-03 9.7361696e-04
 6.6814193e-04 1.3491730e-03 5.8960932e-04 2.8078754e-03]","[0.0284394  0.05598159 0.01216357 0.00675852 0.01428215 0.601311
 0.03047113 0.01089069 0.02829161 0.00588337 0.14998718 0.01368399
 0.02759214 0.01426366]","[9.7329998e-01 6.1778445e-03 7.2541581e-03 3.2282206e-03 8.3796860e-04
 1.9851588e-03 4.1869772e-04 6.8189768e-04 2.9350789e-03 3.4010891e-04
 5.4208911e-04 2.9450763e-04 6.0028123e-04 1.4038974e-03]"
0,0,0,5,2,"[9.95084226e-01 3.19373357e-04 1.02805893e-03 9.51801019e-04
 2.11254606e-04 1.83772558e-04 1.06703403e-04 9.93731737e-05
 4.46234219e-04 1.34060741e-04 1.11120338e-04 1.90281251e-04
 1.19008095e-04 1.01456861e-03]","[0.02531353 0.06193792 0.00907962 0.00633297 0.01164157 0.61093795
 0.03479208 0.01071034 0.03053746 0.00516095 0.14391936 0.01211399
 0.02647166 0.0110505 ]","[0.00397723 0.00243313 0.50736195 0.01084623 0.00589135 0.00258589
 0.00363746 0.00345051 0.00538148 0.3995546  0.00866848 0.02086012
 0.0154794  0.00987221]"
0,1,0,1,4,"[5.1705700e-01 4.6319944e-01 2.5791198e-03 2.2072166e-03 2.7497481e-03
 1.8688079e-03 1.0385723e-03 3.0347030e-03 1.6065991e-03 6.7709276e-04
 5.1156775e-04 6.6673080e-04 1.0975008e-03 1.7058179e-03]","[0.10889839 0.21040767 0.0589265  0.04581881 0.03225564 0.17789045
 0.03953531 0.02013807 0.0984245  0.01204451 0.08549127 0.02006235
 0.0586531  0.03145337]","[0.00745836 0.01543685 0.00420892 0.00328895 0.9519903  0.00183034
 0.0010849  0.00212612 0.00194321 0.00233386 0.00149163 0.00171598
 0.00286237 0.00222824]"
0,0,0,5,2,"[9.9580622e-01 6.0002698e-04 8.4688899e-04 6.0990837e-04 1.9013423e-04
 1.8229522e-04 7.3194024e-05 1.3055702e-04 2.8194883e-04 1.1469432e-04
 9.5294272e-05 1.4065340e-04 1.0102104e-04 8.2689454e-04]","[0.07518671 0.12958819 0.02925034 0.02358374 0.02729145 0.3746862
 0.04076033 0.01519626 0.06007932 0.00953052 0.12012901 0.01953159
 0.0541087  0.02107772]","[0.00317457 0.00204961 0.90486073 0.00627787 0.003373   0.00203659
 0.0025034  0.00204431 0.00524344 0.01218495 0.04220873 0.00404996
 0.00755721 0.00243559]"
0,0,0,5,2,"[9.9316847e-01 2.9630333e-03 4.7701210e-04 5.5766874e-04 3.5722213e-04
 2.4615380e-04 1.2213431e-04 3.5157727e-04 2.5710341e-04 1.5453894e-04
 9.4250885e-05 1.8153393e-04 1.7708585e-04 8.9211727e-04]","[0.01360184 0.0471862  0.00674913 0.00410302 0.00749344 0.63146996
 0.04861908 0.007739   0.02223954 0.00350026 0.17061913 0.00857966
 0.01993272 0.00816709]","[1.9661697e-02 3.0675686e-03 9.5001847e-01 4.9648047e-03 1.8445272e-03
 1.4501704e-03 7.3840993e-04 1.0991034e-03 3.3427209e-03 3.6288144e-03
 5.2399416e-03 1.4885169e-03 1.8385570e-03 1.6167972e-03]"
1,1,1,5,6,"[0.00651943 0.6332913  0.00411869 0.00231179 0.29630682 0.0048822
 0.00330373 0.03308756 0.00249195 0.0037141  0.00365873 0.00210523
 0.00253555 0.00167294]","[0.00921333 0.02338973 0.00677841 0.0031925  0.00864505 0.665389
 0.03163653 0.00772017 0.01837086 0.00354448 0.1869493  0.00873976
 0.01843143 0.00799951]","[5.1899435e-04 1.5244945e-03 9.5555722e-04 3.9689629e-03 1.3504837e-03
 1.3195577e-02 9.3974388e-01 2.4254704e-03 3.0905083e-03 2.4381829e-03
 2.3400474e-02 4.1719158e-03 1.9547560e-03 1.2607818e-03]"
13,9,13,5,4,"[0.00416401 0.00144645 0.00473007 0.0051604  0.00321057 0.00333122
 0.00414281 0.00440198 0.0018382  0.29516134 0.00684475 0.00785099
 0.00428354 0.6534337 ]","[0.02517972 0.09192676 0.01082754 0.00671973 0.01153538 0.5177119
 0.04512051 0.01090294 0.02516411 0.00497711 0.19545995 0.01167891
 0.02816521 0.01463027]","[0.02457916 0.03376154 0.25064453 0.01630108 0.62371886 0.00523501
 0.00225221 0.00397861 0.00659553 0.0068714  0.00841753 0.0048028
 0.00816523 0.00467642]"
0,0,0,5,1,"[9.7167510e-01 1.0875257e-02 2.6544922e-03 1.8332361e-03 9.7059330e-04
 2.6943805e-03 2.5763098e-04 8.1309682e-04 4.7979765e-03 4.2730608e-04
 6.1884907e-04 3.3362187e-04 9.8051317e-04 1.0677489e-03]","[0.00538261 0.01661643 0.00319259 0.00150795 0.00473678 0.76451737
 0.02565239 0.00564386 0.01207521 0.0025128  0.13863157 0.00591851
 0.00885549 0.00475658]","[2.5845267e-02 9.5657009e-01 1.6776770e-03 1.5491470e-03 2.0722712e-03
 3.5928723e-03 1.2548217e-03 1.7280821e-03 1.8695407e-03 5.0127035e-04
 1.3313299e-03 5.7446223e-04 7.5775263e-04 6.7535957e-04]"
0,0,0,1,9,"[9.96795833e-01 4.94262611e-04 4.42753168e-04 3.53444484e-04
 1.95497691e-04 2.18414600e-04 8.36925828e-05 1.08546454e-04
 3.16521327e-04 8.99486113e-05 8.06837270e-05 1.17679512e-04
 9.54908246e-05 6.07367489e-04]","[0.18086918 0.24747562 0.06972938 0.0535498  0.0300443  0.10297008
 0.0364611  0.01996023 0.06159692 0.01014282 0.07291681 0.0192832
 0.06592957 0.02907091]","[0.00114187 0.00163745 0.01398414 0.00268189 0.00401882 0.00210843
 0.00367351 0.00485192 0.0024147  0.9169783  0.00432917 0.01723642
 0.00983403 0.01510936]"
5,9,9,5,5,"[9.0622134e-04 8.4247882e-04 2.0258039e-02 1.1568953e-03 1.4983786e-03
 6.5745943e-04 6.8502052e-04 1.6437318e-03 9.0770039e-04 9.5926648e-01
 3.2893766e-03 1.7385517e-03 2.4698479e-03 4.6798978e-03]","[0.00635567 0.01657782 0.00303569 0.00124217 0.00579449 0.80089164
 0.02388551 0.00526862 0.01166353 0.00257468 0.10348492 0.00563144
 0.00863544 0.00495847]","[3.0328615e-03 3.0527262e-03 1.2162091e-03 7.6822081e-04 1.0935653e-03
 9.4757324e-01 1.5700059e-02 1.2166071e-03 1.0505176e-02 8.9624245e-04
 9.4290189e-03 1.4746696e-03 1.4497675e-03 2.5917515e-03]"
13,0,13,5,0,"[4.8306845e-03 4.5664242e-04 1.9275510e-03 6.5806857e-03 1.4717751e-03
 2.3900536e-03 1.5388140e-03 1.9263007e-03 1.4433028e-03 2.9761914e-02
 2.2463817e-03 5.7015703e-03 1.3361316e-03 9.3838823e-01]","[0.02438535 0.04448803 0.00928272 0.00499047 0.00948212 0.650524
 0.029827   0.00946021 0.02495743 0.0047144  0.1390302  0.01115527
 0.02465549 0.01304731]","[9.63325977e-01 1.04094185e-02 5.71637461e-03 8.51034559e-03
 1.87313696e-03 2.16751220e-03 6.75873831e-04 8.54739454e-04
 2.71483604e-03 3.70781228e-04 6.77010103e-04 3.97767988e-04
 5.73226600e-04 1.73290959e-03]"
5,8,8,5,5,"[0.19494282 0.00170747 0.00234906 0.00676238 0.00366635 0.01792648
 0.00635009 0.00086548 0.7346471  0.00096121 0.00362307 0.00329621
 0.00326922 0.01963301]","[0.01189543 0.02706064 0.00767736 0.00308781 0.00944045 0.62856257
 0.02513562 0.00922654 0.01719115 0.00471122 0.21479505 0.01152036
 0.02015899 0.00953684]","[0.00192358 0.00364504 0.00123763 0.00102637 0.00135076 0.90907955
 0.0529896  0.00139839 0.00891742 0.00133011 0.01073998 0.00206923
 0.00160699 0.00268533]"
3,3,3,5,11,"[2.4207197e-03 5.3153618e-04 1.0249963e-03 9.9013209e-01 5.3441565e-04
 3.2274707e-04 1.2384757e-03 3.4435448e-04 6.0701522e-04 5.5129197e-04
 4.8727659e-04 8.2409126e-04 3.1981914e-04 6.6110195e-04]","[0.01860634 0.04728365 0.00895925 0.00628308 0.01146548 0.63532716
 0.04490605 0.00892271 0.02415352 0.00469571 0.14334051 0.01109831
 0.02402502 0.01093325]","[4.7784456e-04 2.5019685e-03 2.3920990e-03 7.1311197e-03 3.2556690e-03
 4.3302597e-03 7.2929370e-03 4.8145112e-03 3.9065774e-03 1.1143056e-02
 3.9684926e-03 9.3689263e-01 6.7819129e-03 5.1108613e-03]"
1,1,1,5,3,"[2.1801034e-03 9.9074638e-01 5.0504092e-04 3.8898661e-04 9.3881669e-04
 5.0153589e-04 4.3554627e-04 2.5985045e-03 2.3255566e-04 2.9454700e-04
 3.0585573e-04 2.2732173e-04 3.3094868e-04 3.1379735e-04]","[0.02630768 0.07825903 0.01117965 0.00648926 0.01531688 0.54831713
 0.03502689 0.01302994 0.02472956 0.00528474 0.18265836 0.01363094
 0.02859317 0.01117685]","[0.00179779 0.00130359 0.0110848  0.85639656 0.00486257 0.00186348
 0.00515731 0.00184966 0.00198727 0.00367279 0.00289001 0.10091587
 0.00374446 0.00247382]"
8,8,8,5,4,"[0.00460035 0.00111179 0.00087095 0.00309039 0.00292816 0.07367106
 0.04028507 0.0011029  0.8432314  0.00107403 0.01868025 0.00188968
 0.00346421 0.00399975]","[0.02851174 0.12428248 0.01199292 0.00704592 0.0125519  0.5287732
 0.04001926 0.0127609  0.03071455 0.00563492 0.14548579 0.01302439
 0.02767681 0.01152521]","[0.01854979 0.03006286 0.00877918 0.00533116 0.91765946 0.00243397
 0.00120051 0.00200321 0.00280881 0.00229087 0.00162668 0.00161253
 0.00303147 0.00260934]"
5,5,5,5,1,"[2.3688903e-02 3.3436627e-03 4.0974619e-04 8.5777044e-04 1.2452067e-03
 9.3789834e-01 6.3729170e-03 1.3789854e-03 1.6448537e-02 4.2870652e-04
 2.4053040e-03 8.4230717e-04 1.5329017e-03 3.1467471e-03]","[0.01211969 0.03376097 0.00748332 0.00377702 0.00770533 0.6083931
 0.03685001 0.00915631 0.02182934 0.0039299  0.21785015 0.01008867
 0.01886583 0.00819045]","[3.1843733e-02 9.4739652e-01 3.1919563e-03 2.0150661e-03 3.8731357e-03
 2.5422149e-03 1.0150020e-03 2.0932811e-03 1.5670455e-03 6.3438504e-04
 1.3483895e-03 7.6893833e-04 9.1636507e-04 7.9403620e-04]"
6,6,6,5,2,"[0.00298176 0.00479678 0.0011146  0.11282115 0.00511444 0.07940628
 0.74323    0.00582478 0.00403058 0.00154587 0.02292813 0.01038769
 0.00250986 0.00330796]","[0.00977332 0.02793593 0.00611736 0.00249471 0.00739091 0.69080955
 0.02714895 0.0073334  0.01687149 0.00339986 0.171771   0.00799585
 0.0143668  0.00659085]","[0.316846   0.09348899 0.44579712 0.05056467 0.0479285  0.00703727
 0.00385271 0.00287409 0.01015588 0.00340815 0.00558299 0.00321242
 0.00449295 0.00475819]"
10,10,10,5,12,"[4.3006029e-04 1.2232539e-03 7.8821993e-03 6.4016000e-04 2.1834942e-03
 7.2031883e-03 4.4432352e-03 2.1512194e-03 1.5808102e-03 4.3940842e-03
 9.6549857e-01 3.6404881e-04 1.2230743e-03 7.8252191e-04]","[0.04170416 0.10118695 0.0161166  0.01128937 0.01779198 0.4890359
 0.04086138 0.01491147 0.03266663 0.0060719  0.16327134 0.01535731
 0.03530723 0.01442771]","[0.00214793 0.00393945 0.00454772 0.00309009 0.00579126 0.00350041
 0.00432007 0.00465469 0.00630989 0.00810729 0.00740214 0.01573636
 0.92474186 0.00571092]"
0,0,0,5,0,"[9.9651164e-01 5.5146072e-04 4.1484347e-04 3.6782987e-04 2.0075869e-04
 2.7522491e-04 8.0685029e-05 1.3648889e-04 2.7352644e-04 1.0364986e-04
 9.8350421e-05 1.3416859e-04 9.1622940e-05 7.5979141e-04]","[0.00512161 0.0151206  0.00278401 0.00146417 0.00570107 0.7647066
 0.03126839 0.00626689 0.01019531 0.00256832 0.13576396 0.00593627
 0.00820463 0.00489815]","[9.8491561e-01 2.9455984e-03 1.6114539e-03 2.2321686e-03 7.4326782e-04
 1.4899555e-03 4.1186510e-04 6.1428087e-04 2.1174387e-03 3.2708698e-04
 2.3455195e-04 2.1623149e-04 4.3273714e-04 1.7075941e-03]"
1,1,1,5,0,"[3.1755520e-03 9.9126148e-01 6.2466634e-04 3.9435030e-04 7.9034583e-04
 5.4916437e-04 3.4658524e-04 1.3091459e-03 2.6235281e-04 2.5748441e-04
 2.7464019e-04 1.9748868e-04 2.7628549e-04 2.8061974e-04]","[0.01790456 0.0539433  0.00980721 0.00672026 0.01292403 0.57670134
 0.03786949 0.01098136 0.02791492 0.00464085 0.18794093 0.0123082
 0.02974426 0.01059932]","[8.8515174e-01 6.1646678e-02 1.6248323e-02 3.1888443e-03 1.7649966e-03
 9.4090030e-03 1.0254527e-03 1.9330254e-03 1.0990381e-02 9.2443713e-04
 1.7173470e-03 6.1168935e-04 1.3454156e-03 4.0427558e-03]"
5,5,5,5,7,"[1.4611366e-03 1.8625975e-03 2.8406703e-04 3.2884325e-04 6.4397341e-04
 9.8904884e-01 8.5997430e-04 4.5397723e-04 1.6426708e-03 4.1579633e-04
 1.3845530e-03 3.3681188e-04 6.0225523e-04 6.7451643e-04]","[0.06225547 0.10167981 0.02408821 0.01768912 0.02194936 0.44739032
 0.04682094 0.01369537 0.04682644 0.00840484 0.13912454 0.01386971
 0.03995597 0.01624989]","[0.0112834  0.34289503 0.00300971 0.00220759 0.01506933 0.00372017
 0.00303118 0.5929225  0.00488401 0.00391863 0.00695738 0.00324754
 0.00379027 0.00306332]"
1,1,1,5,2,"[6.2933643e-03 9.8802525e-01 6.9714995e-04 3.3715472e-04 6.8789627e-04
 5.4874504e-04 2.4442081e-04 1.4982860e-03 2.7722615e-04 2.4398066e-04
 2.6954274e-04 1.6498641e-04 3.7573179e-04 3.3641100e-04]","[0.03115884 0.07739961 0.0180702  0.01206161 0.01507171 0.4695773
 0.04733688 0.01324361 0.03947818 0.00689875 0.18813714 0.01732245
 0.04500832 0.01923533]","[0.01216742 0.00189127 0.9504846  0.00754652 0.00155781 0.00142969
 0.00134115 0.00102772 0.00413013 0.0043854  0.00797859 0.0018195
 0.0026651  0.00157505]"
8,8,8,5,1,"[2.0330565e-02 1.1476511e-03 9.2404976e-04 1.7788820e-03 1.8109062e-03
 1.1233937e-02 1.5845639e-03 5.5637828e-04 9.5427424e-01 4.0789830e-04
 1.7719772e-03 1.0561864e-03 1.3582917e-03 1.7643730e-03]","[0.02101438 0.04665432 0.01073488 0.00541389 0.01030786 0.5984831
 0.03236856 0.00919096 0.0237372  0.00468243 0.19143839 0.01069176
 0.0243292  0.01095304]","[9.0000816e-02 8.8628387e-01 3.1985594e-03 2.0736344e-03 3.0197096e-03
 5.6930101e-03 1.2340616e-03 1.5487128e-03 2.5306803e-03 5.4410473e-04
 1.2865607e-03 6.4992375e-04 7.9044327e-04 1.1460317e-03]"
2,0,2,0,5,"[1.4050448e-01 8.0877300e-03 8.3474237e-01 4.8766183e-03 1.8177481e-03
 5.8645877e-04 4.8283197e-04 1.5736902e-03 7.0788548e-04 3.0792325e-03
 8.6368271e-04 6.1871606e-04 1.1975532e-03 8.6090650e-04]","[0.26682466 0.20770194 0.07298798 0.06057234 0.03441434 0.08372647
 0.02858314 0.01668167 0.06702631 0.01116207 0.04990885 0.01639945
 0.05544059 0.02857013]","[0.01283699 0.00631997 0.00269193 0.00187757 0.00175392 0.7554958
 0.05640375 0.00269496 0.12781368 0.0024256  0.01828377 0.00329879
 0.00292622 0.00517706]"
3,3,3,5,9,"[1.2654460e-03 3.6176195e-04 3.9348195e-04 9.9264878e-01 3.0437857e-04
 2.8150200e-04 7.9183280e-04 3.3523067e-04 4.0870666e-04 4.1464349e-04
 2.3257529e-04 1.7329635e-03 3.2205370e-04 5.0661521e-04]","[0.01841398 0.04460832 0.00741123 0.00387256 0.00972245 0.64047587
 0.02897675 0.00960388 0.02229607 0.00435798 0.17135736 0.01013337
 0.01905493 0.00971529]","[0.00169286 0.00169093 0.01122006 0.00291591 0.00377961 0.00243687
 0.0038272  0.00412554 0.00257128 0.9091296  0.00382473 0.01791673
 0.01045176 0.02441699]"
1,1,1,5,0,"[3.5108870e-03 9.9150413e-01 5.5409083e-04 3.2362735e-04 7.3920324e-04
 4.1649179e-04 2.9251128e-04 1.3035549e-03 2.0668995e-04 2.3368854e-04
 2.2358319e-04 1.6226669e-04 2.6785038e-04 2.6116197e-04]","[0.01647127 0.04434302 0.00929428 0.00518307 0.01184767 0.59063214
 0.04260897 0.01090732 0.02200121 0.00472565 0.19231643 0.01170127
 0.02894492 0.00902283]","[9.8405671e-01 2.9489566e-03 1.6909926e-03 2.6878645e-03 6.0563529e-04
 1.7581335e-03 4.4289368e-04 5.8539852e-04 2.4376130e-03 2.9352179e-04
 2.3841155e-04 2.3301650e-04 4.4536873e-04 1.5756404e-03]"
3,0,3,5,0,"[2.9274821e-01 8.8386368e-03 6.5262858e-03 6.7645401e-01 1.6820759e-03
 1.0180206e-03 1.6019569e-03 1.5220904e-03 1.2625373e-03 2.2626314e-03
 5.9194595e-04 1.9395523e-03 1.0654224e-03 2.4865922e-03]","[0.03726275 0.0764892  0.01983986 0.01242361 0.01814835 0.5095588
 0.03495754 0.01270127 0.04419908 0.00668525 0.15331227 0.01579063
 0.04328221 0.01534917]","[9.6127075e-01 5.1201950e-03 1.6139530e-02 6.7862300e-03 1.3220593e-03
 1.6608674e-03 6.5030978e-04 6.3168502e-04 3.1824762e-03 4.3556909e-04
 5.6124560e-04 2.5553047e-04 6.8950665e-04 1.2939462e-03]"
1,1,1,5,9,"[5.3085778e-03 9.8952639e-01 8.0014544e-04 3.2122503e-04 6.8157283e-04
 4.0983834e-04 2.9283401e-04 1.0870832e-03 2.6313259e-04 2.2788892e-04
 2.3208397e-04 1.5710207e-04 3.9043103e-04 3.0170890e-04]","[0.00754998 0.02207979 0.00360152 0.00178748 0.00621676 0.7661091
 0.02719375 0.00649958 0.0144938  0.00306998 0.11396213 0.00777414
 0.01277437 0.00688753]","[0.0012154  0.0018305  0.01481626 0.00289283 0.0037968  0.00217917
 0.0039767  0.00453439 0.00256987 0.91539526 0.00467443 0.02020958
 0.00887774 0.01303115]"
1,6,6,1,1,"[3.0574598e-04 5.1205506e-04 4.3902034e-04 8.9440099e-04 1.2451983e-03
 1.5620632e-03 9.8743898e-01 7.3188415e-04 5.6484150e-04 5.2275427e-04
 2.9594915e-03 1.3405241e-03 6.2297779e-04 8.5997622e-04]","[0.15333913 0.2646243  0.03307936 0.02024378 0.0177284  0.21644774
 0.0394313  0.01567395 0.05750747 0.00714786 0.09124813 0.0147813
 0.04826337 0.02048394]","[0.04708378 0.32505012 0.02618398 0.23609523 0.3232287  0.00541649
 0.0066496  0.00499132 0.00286982 0.0034115  0.00413973 0.00707489
 0.00451425 0.00329064]"
0,1,0,5,4,"[8.4539783e-01 1.3376856e-01 9.5450897e-03 2.5512348e-03 1.8678303e-03
 6.6459767e-04 4.9526384e-04 1.6811050e-03 7.9152180e-04 7.0790027e-04
 3.7007139e-04 4.4770996e-04 8.4001798e-04 8.7129913e-04]","[0.01331736 0.03409958 0.00957937 0.00492354 0.01148856 0.58400136
 0.04833245 0.00813257 0.02629587 0.00385715 0.21125449 0.01032131
 0.02487023 0.00952625]","[0.00219671 0.0114685  0.00408733 0.00312675 0.96188647 0.00152385
 0.00130772 0.0020063  0.00149641 0.00227527 0.00182654 0.00192857
 0.00346665 0.00140295]"
0,3,0,5,2,"[8.5190129e-01 1.2284516e-03 2.3294948e-03 1.3291527e-01 7.8472623e-04
 1.0445284e-03 7.9481426e-04 4.9453584e-04 1.4978213e-03 8.7399717e-04
 4.2006531e-04 1.0990588e-03 4.9551448e-04 4.1206274e-03]","[0.12768474 0.22221802 0.03813476 0.02579692 0.02720986 0.23802069
 0.02792438 0.01839834 0.04763238 0.00865419 0.11013212 0.01775605
 0.06404103 0.02639652]","[8.1255678e-03 1.4033543e-03 9.6377766e-01 5.4248748e-03 1.3914823e-03
 9.7187172e-04 9.2786539e-04 8.0060755e-04 2.4085422e-03 5.4841046e-03
 4.0871403e-03 1.6430762e-03 2.2871713e-03 1.2668037e-03]"
6,6,6,5,2,"[2.5508154e-04 3.9074829e-04 3.2570772e-04 1.1716085e-03 9.4913092e-04
 2.3428784e-03 9.8587799e-01 6.3747494e-04 5.4025982e-04 4.6115951e-04
 4.3198466e-03 1.3054695e-03 5.8673596e-04 8.3590613e-04]","[0.01434322 0.0498369  0.01064131 0.00705599 0.00885603 0.49964428
 0.07449815 0.00767913 0.03193977 0.00481034 0.2533668  0.01008674
 0.01842069 0.00882053]","[1.4644992e-02 3.0023160e-03 9.5374113e-01 8.2682408e-03 1.8349675e-03
 1.3844782e-03 9.5133972e-04 9.4890269e-04 3.5467711e-03 2.5678580e-03
 4.6701324e-03 1.4129517e-03 1.5289384e-03 1.4970022e-03]"
1,7,1,5,9,"[3.6463798e-03 6.4836615e-01 2.7331579e-03 1.4435340e-03 4.5210165e-03
 2.7015114e-03 1.5173020e-03 3.2604074e-01 3.7601157e-04 1.5715396e-03
 2.1982209e-03 2.0440063e-03 1.8029873e-03 1.0374777e-03]","[0.0070791  0.0206012  0.00433913 0.00212002 0.00603568 0.7288255
 0.03603178 0.00614341 0.01542095 0.0027353  0.14508463 0.00656504
 0.01321782 0.00580049]","[0.001094   0.00216551 0.00926005 0.00288172 0.00496489 0.005331
 0.00534981 0.00637678 0.00421418 0.80926687 0.00993182 0.07798269
 0.02715131 0.03402934]"
13,13,13,1,11,"[6.0672383e-03 4.7006295e-04 1.7760660e-03 2.1013748e-03 1.2511675e-03
 2.6219094e-03 1.3529474e-03 1.5783022e-03 1.7693241e-03 2.3133570e-02
 2.2371600e-03 3.7516435e-03 1.7679469e-03 9.5012134e-01]","[0.09952776 0.27288708 0.03398803 0.0249449  0.02244179 0.22774252
 0.04497154 0.0191927  0.07272865 0.006721   0.09219045 0.01509523
 0.04584529 0.02172311]","[4.6946859e-04 2.3983505e-03 2.4288362e-03 7.6365196e-03 3.5761008e-03
 4.1347942e-03 8.2040951e-03 4.5781163e-03 3.7864258e-03 1.1195151e-02
 4.2296783e-03 9.3526864e-01 6.8019689e-03 5.2918829e-03]"
0,0,0,5,0,"[9.9492514e-01 5.6753197e-04 6.6474272e-04 9.9884532e-04 2.4817456e-04
 1.6315781e-04 8.3773812e-05 1.5267239e-04 2.7536388e-04 1.3649999e-04
 8.1827347e-05 1.8100771e-04 1.1369175e-04 1.4074475e-03]","[0.08214374 0.14294638 0.03973918 0.02697256 0.02669495 0.30691016
 0.05053717 0.01581044 0.06373668 0.00962238 0.13213016 0.02006299
 0.06114108 0.02155211]","[9.7057152e-01 7.0332978e-03 7.4300566e-03 4.4266474e-03 2.0972250e-03
 2.1970486e-03 4.1463919e-04 4.8985367e-04 2.3358916e-03 3.7393978e-04
 4.6158009e-04 2.4802567e-04 5.0147547e-04 1.4187983e-03]"
10,10,10,5,0,"[0.00089173 0.00316857 0.03823649 0.0015263  0.00466412 0.00409862
 0.00737181 0.00682685 0.00327609 0.38037962 0.5325268  0.00293853
 0.00791707 0.00617742]","[0.00754194 0.02452849 0.00447311 0.00219184 0.00715549 0.69990206
 0.03459898 0.00678715 0.01369825 0.00270147 0.17006233 0.00662999
 0.01344993 0.00627889]","[9.8159009e-01 4.0744990e-03 2.2799820e-03 4.2904234e-03 7.3820603e-04
 1.3528848e-03 5.3060154e-04 6.2809628e-04 1.9737878e-03 3.5620082e-04
 3.1849954e-04 2.5194956e-04 4.3181167e-04 1.1828583e-03]"
0,0,0,1,2,"[9.9596477e-01 1.2523561e-03 7.1577245e-04 4.3065142e-04 2.2272146e-04
 1.4242025e-04 7.7791228e-05 1.5092338e-04 2.5785927e-04 9.4477051e-05
 6.1697530e-05 1.1150202e-04 1.0011527e-04 4.1683801e-04]","[0.14613007 0.24670029 0.05175398 0.02771466 0.02628654 0.15349735
 0.04200455 0.01854646 0.05441881 0.01109862 0.1255219  0.02049122
 0.05113858 0.02469693]","[6.1633214e-03 1.6614201e-03 9.6380877e-01 6.1679902e-03 1.7917396e-03
 1.0678420e-03 9.6213678e-04 7.9088059e-04 2.9284360e-03 4.1482793e-03
 5.2387877e-03 1.7617741e-03 2.3716034e-03 1.1369684e-03]"
1,1,1,5,0,"[2.1754506e-03 9.9197751e-01 5.8045908e-04 4.3679506e-04 8.5147558e-04
 4.9121852e-04 3.0546662e-04 1.7652552e-03 2.0813163e-04 2.6941838e-04
 2.5012813e-04 2.0314648e-04 2.5851859e-04 2.2708299e-04]","[0.0150109  0.0333722  0.0067387  0.00459945 0.00811048 0.6875278
 0.03721746 0.00754858 0.02465854 0.00311922 0.1359663  0.00961205
 0.01757577 0.00894254]","[9.8580348e-01 2.5713374e-03 2.4475821e-03 2.0757676e-03 5.6669745e-04
 1.1296844e-03 3.0440441e-04 5.3141703e-04 1.5300781e-03 3.5388424e-04
 2.8951914e-04 1.8441626e-04 4.4087539e-04 1.7708554e-03]"
5,0,0,5,5,"[9.9625909e-01 8.5716631e-04 7.4393669e-04 4.4469562e-04 2.1887796e-04
 1.8415067e-04 7.9829580e-05 1.3229200e-04 2.6430114e-04 1.0838149e-04
 6.6441273e-05 1.3267115e-04 1.0429429e-04 4.0401897e-04]","[0.04714126 0.08936603 0.03627819 0.01665089 0.0225297  0.41318595
 0.04005091 0.01525337 0.04333793 0.00973173 0.17745818 0.01760798
 0.0526625  0.01874534]","[0.00248199 0.00412351 0.00151347 0.00102772 0.00131517 0.9289859
 0.0285305  0.00132016 0.00883016 0.00112983 0.01518134 0.00146832
 0.00137444 0.00271756]"
11,11,11,5,0,"[0.00223991 0.00118129 0.00275873 0.04992338 0.00211305 0.0021865
 0.0034731  0.00269704 0.00195195 0.02198061 0.00161492 0.86129487
 0.00224395 0.04434076]","[0.02766663 0.06425344 0.01022123 0.00676311 0.01249082 0.6107735
 0.04000117 0.01080476 0.03225271 0.00460968 0.13605718 0.01194151
 0.01977309 0.01239116]","[9.6944827e-01 9.0919668e-03 4.2316206e-03 2.2350915e-03 7.1739103e-04
 3.7876712e-03 6.0205144e-04 8.5336703e-04 4.9223700e-03 3.8442813e-04
 5.1007443e-04 2.7879889e-04 6.6353421e-04 2.2732096e-03]"
2,0,2,1,3,"[0.42484748 0.03802467 0.50336784 0.00884935 0.00282749 0.00287485
 0.00117083 0.00233253 0.00277222 0.0053503  0.00227171 0.00089486
 0.00244828 0.00196764]","[0.14905272 0.26153684 0.06955066 0.05197003 0.03610275 0.10617528
 0.03149973 0.02821531 0.08977683 0.01308195 0.05909488 0.02069315
 0.05467899 0.02857085]","[2.8159837e-03 1.0487833e-03 6.0168030e-03 9.6777302e-01 2.9219098e-03
 8.2270190e-04 2.1154420e-03 9.3938393e-04 8.1070594e-04 1.4303200e-03
 9.6254435e-04 1.0359263e-02 9.8793022e-04 9.9518371e-04]"
0,0,0,5,8,"[9.9646485e-01 4.3935675e-04 4.4791269e-04 4.9585424e-04 2.1990246e-04
 1.6238482e-04 9.2153619e-05 1.1218009e-04 2.8580616e-04 1.0374339e-04
 7.9557678e-05 1.4362509e-04 9.5577809e-05 8.5700850e-04]","[0.00788903 0.02170238 0.00656514 0.00319807 0.00821244 0.6195222
 0.03000879 0.00802011 0.01625902 0.00353337 0.24133463 0.00858447
 0.01769706 0.00747342]","[0.05592386 0.00782992 0.00422041 0.00489326 0.00321887 0.03003481
 0.01625492 0.00369016 0.8540496  0.00275885 0.0066936  0.00285014
 0.00392918 0.00365235]"
0,0,0,5,7,"[9.9639171e-01 7.1128772e-04 3.7840585e-04 3.7130524e-04 2.0051257e-04
 2.3919271e-04 8.5328196e-05 1.1253970e-04 3.2033143e-04 7.3205076e-05
 7.7659839e-05 1.5395811e-04 1.1505325e-04 7.6956121e-04]","[0.01999351 0.05453509 0.01392557 0.00618493 0.01263864 0.500235
 0.03496287 0.01156475 0.02278976 0.00550805 0.26393932 0.01294464
 0.02904671 0.01173121]","[0.00526475 0.06304079 0.00136129 0.00135564 0.00917599 0.00258127
 0.00244903 0.89293694 0.00383942 0.00343899 0.0043759  0.00325099
 0.00378289 0.00314616]"
10,10,10,5,2,"[1.9703958e-04 1.1061593e-03 4.1863788e-03 3.7116167e-04 2.4160822e-03
 2.9861960e-03 7.8183878e-03 1.8387571e-03 1.5310866e-03 2.5766958e-03
 9.7286022e-01 3.8565163e-04 9.4357022e-04 7.8264863e-04]","[0.00789928 0.02695103 0.00510858 0.00265051 0.00714795 0.63816655
 0.04484814 0.00703237 0.0135793  0.00331357 0.21400486 0.00785032
 0.01450356 0.00694407]","[7.6025650e-03 1.2483476e-03 9.6170890e-01 8.3840461e-03 1.9024111e-03
 1.1263730e-03 8.8326592e-04 7.6286087e-04 2.6885399e-03 3.9692782e-03
 4.4871755e-03 1.7289681e-03 2.2642585e-03 1.2431468e-03]"
2,2,2,5,7,"[3.0402434e-03 1.5329409e-03 9.8617584e-01 1.1303154e-03 9.7567093e-04
 4.2541264e-04 2.9605071e-04 7.7252468e-04 4.7104494e-04 2.9827110e-03
 8.0540497e-04 4.0342534e-04 7.0930336e-04 2.7908367e-04]","[0.03496268 0.11465609 0.01808398 0.01209827 0.01805654 0.44961813
 0.04972453 0.0137589  0.03534376 0.00657824 0.17369218 0.01563146
 0.04281271 0.01498264]","[0.00391692 0.05391653 0.00135082 0.00160824 0.01176809 0.00234406
 0.00273878 0.89993626 0.00379216 0.00355979 0.00478578 0.00388681
 0.00381792 0.00257781]"
0,13,0,1,6,"[9.95762825e-01 5.95494814e-04 4.95288288e-04 4.33510664e-04
 2.55212013e-04 2.17340930e-04 1.06886204e-04 1.62560071e-04
 3.41053936e-04 1.22210215e-04 9.83886712e-05 1.97409739e-04
 1.17379888e-04 1.09439564e-03]","[0.08481801 0.24543989 0.05370688 0.02942908 0.02640073 0.1988029
 0.04448176 0.01543209 0.04266331 0.01031554 0.1467803  0.01762012
 0.06860562 0.01550377]","[6.0104590e-04 1.8497934e-03 8.9231832e-04 3.6314623e-03 1.4797091e-03
 1.9142076e-02 9.3364459e-01 2.5902262e-03 3.2736456e-03 2.6444735e-03
 2.0650554e-02 5.9649427e-03 2.2649956e-03 1.3701395e-03]"
0,0,0,5,0,"[9.9656290e-01 4.9458037e-04 3.6773147e-04 5.8604073e-04 2.0169093e-04
 1.4789455e-04 8.0790363e-05 1.1653955e-04 2.5141137e-04 9.3450180e-05
 6.9900161e-05 1.3751806e-04 9.6256743e-05 7.9338695e-04]","[0.02721813 0.0609333  0.01127272 0.00617046 0.01215503 0.56531996
 0.04786572 0.01086209 0.03151886 0.00424257 0.17426771 0.01146886
 0.02545249 0.01125206]","[9.3930298e-01 1.8312186e-02 2.9541289e-03 3.3573681e-03 2.2303008e-03
 1.1985526e-02 1.7700542e-03 1.3654445e-03 1.1447183e-02 8.4134151e-04
 8.1648177e-04 6.5211917e-04 9.9403737e-04 3.9707613e-03]"
8,8,8,5,0,"[3.1686868e-03 6.5429532e-04 5.2141218e-04 1.0068112e-03 1.7474310e-03
 1.1839378e-02 5.3097261e-03 5.6807551e-04 9.6842235e-01 4.0289768e-04
 2.8457867e-03 8.5918925e-04 1.3099535e-03 1.3440250e-03]","[0.02262302 0.0498756  0.01369814 0.00706215 0.01210607 0.585809
 0.03767842 0.01015402 0.02972357 0.00589434 0.17185219 0.01308817
 0.02791895 0.01251631]","[9.0965468e-01 1.6849352e-02 4.3261554e-02 1.1467451e-02 1.3818291e-03
 2.4109655e-03 1.2257257e-03 1.8352602e-03 5.7642888e-03 8.7040529e-04
 1.4087064e-03 5.9186766e-04 9.8157523e-04 2.2963323e-03]"
3,3,3,5,2,"[1.3290828e-03 5.4541911e-04 5.0242362e-04 9.9303538e-01 4.0671599e-04
 2.7406530e-04 8.7067671e-04 3.2009289e-04 4.1457915e-04 4.7035783e-04
 2.5538317e-04 9.2126947e-04 3.2527102e-04 3.2930801e-04]","[0.08003321 0.1840217  0.03119283 0.02096205 0.01997493 0.3177179
 0.04562503 0.01544641 0.05591794 0.00913383 0.14290732 0.01547658
 0.04273177 0.01885854]","[0.39300725 0.00966598 0.54949504 0.01812104 0.00234707 0.002365
 0.00155191 0.00212658 0.00607722 0.00326241 0.00505898 0.00161893
 0.00192836 0.00337423]"
2,2,2,5,4,"[2.7058793e-03 5.6804356e-04 9.8812431e-01 1.1472667e-03 6.4922584e-04
 3.6286926e-04 2.5205122e-04 3.7416187e-04 6.9573428e-04 3.1172875e-03
 7.4287492e-04 3.7201282e-04 6.1896682e-04 2.6915540e-04]","[0.01222776 0.03266291 0.00707459 0.00345369 0.00870922 0.6839584
 0.03104386 0.00896199 0.01744686 0.00426112 0.15024891 0.01113471
 0.0196347  0.00918121]","[0.00345422 0.01585717 0.00427012 0.00340816 0.957469   0.00146521
 0.00115975 0.00181167 0.00140385 0.0021227  0.00154814 0.00168735
 0.00293233 0.00141046]"
7,7,7,1,0,"[5.1344658e-04 3.0084033e-03 4.1124836e-04 5.0490745e-04 1.5311728e-03
 4.9450272e-04 6.9419487e-04 9.8777211e-01 2.0614402e-04 7.8840426e-04
 1.0209060e-03 1.1262549e-03 1.3096833e-03 6.1870547e-04]","[0.19713183 0.32869843 0.06218699 0.04744602 0.03289786 0.07776355
 0.02579929 0.01984718 0.05990742 0.00958732 0.04642907 0.01694339
 0.0516331  0.02372863]","[9.8015141e-01 4.8476309e-03 5.2048122e-03 2.9101877e-03 6.6161255e-04
 1.2013166e-03 3.9023659e-04 5.4918334e-04 1.9444640e-03 3.0487642e-04
 3.4869302e-04 1.7343624e-04 3.6511052e-04 9.4720483e-04]"
12,12,12,5,13,"[6.6284800e-04 1.1535330e-03 1.6608870e-03 1.2631953e-03 8.2957919e-04
 8.4127369e-04 9.2450710e-04 2.2924745e-03 1.8647464e-03 5.6852959e-03
 6.4397708e-04 5.4388451e-03 9.7515738e-01 1.5814598e-03]","[0.00887171 0.02328304 0.00395324 0.00221812 0.00625137 0.74828696
 0.03280327 0.00646733 0.01331288 0.00272354 0.12428326 0.00775107
 0.01274164 0.00705267]","[0.00791098 0.00430468 0.00406115 0.0024135  0.00428244 0.01220396
 0.00500915 0.007522   0.00787837 0.09129556 0.00600066 0.0295723
 0.0169605  0.8005847 ]"
0,2,0,5,7,"[8.9952207e-01 3.2030481e-03 7.9192063e-03 1.3987772e-02 1.3547203e-03
 2.3443727e-03 1.0200081e-03 8.5739762e-04 2.6711384e-03 2.4314660e-03
 6.2866829e-04 1.5532522e-03 1.3352458e-03 6.1171565e-02]","[0.01326923 0.03502136 0.00653249 0.00353758 0.01001823 0.7048981
 0.02442457 0.00915425 0.01591619 0.00387809 0.13407321 0.01038577
 0.02069991 0.00819112]","[0.00637941 0.09459209 0.00177989 0.00258579 0.01572303 0.0024715
 0.00290157 0.85217744 0.00366953 0.00341848 0.00489085 0.00368805
 0.00312193 0.00260039]"
3,2,3,5,8,"[2.1684899e-03 5.3755566e-04 1.3219536e-03 9.8985451e-01 6.9118431e-04
 3.9504824e-04 1.1229728e-03 3.8207424e-04 7.1669131e-04 5.7582190e-04
 4.7332988e-04 8.1037421e-04 4.0126283e-04 5.4843508e-04]","[0.03739442 0.06068107 0.01612336 0.01448262 0.01720248 0.52066433
 0.05450312 0.01325117 0.06189562 0.00713985 0.13191201 0.01453189
 0.03415513 0.01606304]","[0.0298766  0.00661005 0.0037777  0.00261479 0.00255642 0.01809587
 0.00462707 0.00368143 0.91137606 0.00217168 0.00524626 0.00240532
 0.00363691 0.00332385]"
0,0,0,5,2,"[9.94197845e-01 2.03175354e-03 7.86795106e-04 8.00674490e-04
 2.84601731e-04 2.06606972e-04 1.10636734e-04 2.07806443e-04
 2.61022535e-04 1.32342611e-04 6.67516724e-05 1.67737831e-04
 1.21409787e-04 6.24158187e-04]","[0.00800851 0.02163664 0.0039017  0.00185539 0.00726549 0.74873406
 0.03310153 0.00718452 0.01246932 0.00267682 0.12710774 0.00778347
 0.01179186 0.00648302]","[0.29614714 0.01843302 0.5943436  0.05036628 0.0045235  0.00383314
 0.0022517  0.00273531 0.01032054 0.00307731 0.00533264 0.00198727
 0.00299984 0.00364881]"
5,5,5,5,0,"[1.1869541e-03 2.0845367e-03 2.9344118e-04 7.6890719e-04 1.3596497e-03
 9.5587575e-01 2.0751767e-02 9.4702025e-04 6.9592916e-03 4.7885100e-04
 4.6537304e-03 7.4258388e-04 1.4565199e-03 2.4409734e-03]","[0.01254379 0.03658925 0.01052581 0.00487168 0.00933834 0.540001
 0.04513562 0.00885485 0.01922369 0.0056051  0.25450113 0.01169519
 0.03022111 0.01089352]","[9.7977209e-01 4.4046077e-03 2.2575054e-03 1.7832648e-03 4.9855438e-04
 2.9331290e-03 4.2742840e-04 7.1039866e-04 3.6903673e-03 3.7979273e-04
 3.7261753e-04 2.3627270e-04 4.7440530e-04 2.0594436e-03]"
1,1,1,1,8,"[2.3182007e-03 9.9061733e-01 5.6313985e-04 5.2744511e-04 1.0000820e-03
 4.4521567e-04 4.8352944e-04 2.3211471e-03 2.1103097e-04 3.3145357e-04
 2.5156041e-04 2.9481217e-04 3.4420681e-04 2.9075984e-04]","[0.14327256 0.24017495 0.08641259 0.06505049 0.03589048 0.10474321
 0.03288722 0.02212024 0.0760558  0.01239063 0.07303447 0.02322506
 0.05854372 0.02619848]","[0.07281654 0.00961822 0.00512269 0.00427378 0.00380044 0.02690758
 0.00772713 0.0037278  0.84680384 0.00276481 0.00522333 0.00311446
 0.00378263 0.00431685]"
5,5,5,5,5,"[2.7177520e-03 2.8065534e-03 5.4036884e-04 2.1039075e-03 2.2752765e-03
 8.4865713e-01 3.7270576e-02 9.4352127e-04 9.0572104e-02 5.3207699e-04
 5.7770843e-03 1.7783417e-03 2.2049877e-03 1.8204765e-03]","[0.01630741 0.04920717 0.00873982 0.00432198 0.01266728 0.621997
 0.03137184 0.00897653 0.02415979 0.00466911 0.17170659 0.01085529
 0.02565631 0.00936381]","[0.00282107 0.00582272 0.00602402 0.00224368 0.00289142 0.51532507
 0.0816277  0.0039537  0.01021905 0.00275442 0.3557443  0.00275668
 0.00354724 0.00426893]"
0,0,0,5,0,"[9.9650323e-01 6.2892941e-04 4.1994097e-04 3.8466277e-04 2.7492613e-04
 2.1009998e-04 7.8404773e-05 1.2999788e-04 2.8240192e-04 9.9880461e-05
 7.9140678e-05 1.3093927e-04 9.7700809e-05 6.8001053e-04]","[0.01739667 0.07304927 0.00899097 0.0052689  0.00933241 0.6047812
 0.03905856 0.00995155 0.03018118 0.00467046 0.15619527 0.01036455
 0.02108902 0.00966997]","[9.7206861e-01 4.1345293e-03 7.2099627e-03 8.7842401e-03 8.8350143e-04
 1.4556929e-03 5.0722953e-04 6.1858597e-04 1.8706347e-03 3.2775695e-04
 3.4134791e-04 2.4835567e-04 3.9703591e-04 1.1526702e-03]"
4,4,4,5,9,"[4.0905261e-03 9.7286925e-03 1.1209617e-03 9.0503704e-04 9.7467458e-01
 9.6704339e-04 1.1907236e-03 2.0352239e-03 1.5465952e-03 7.3148601e-04
 1.1530137e-03 6.3683564e-04 5.7759474e-04 6.4170070e-04]","[0.04320192 0.08010183 0.01044963 0.00654742 0.01417443 0.60721123
 0.03349189 0.01250045 0.02991183 0.00469619 0.1053376  0.01201499
 0.02812045 0.01224009]","[0.00097012 0.00217583 0.01551892 0.00255965 0.00447898 0.00234815
 0.00403747 0.0065452  0.00270503 0.9029248  0.00721147 0.02252077
 0.0121393  0.01386429]"
0,0,0,5,11,"[9.96506751e-01 4.26242885e-04 8.08427634e-04 5.44516661e-04
 1.71373773e-04 1.38430827e-04 6.36275217e-05 1.13663846e-04
 2.57345178e-04 1.07198277e-04 6.23969172e-05 1.20844845e-04
 1.07244799e-04 5.71984856e-04]","[0.02673854 0.08794982 0.01382529 0.00760969 0.01287598 0.50001633
 0.04077821 0.01348999 0.03070617 0.00745633 0.19571474 0.0165288
 0.03217838 0.01413188]","[3.9120833e-04 1.9287874e-03 2.2477966e-03 6.0985046e-03 2.5271899e-03
 3.3550640e-03 4.8456080e-03 4.0343367e-03 3.2166606e-03 1.2955882e-02
 2.9665288e-03 9.4321328e-01 5.8444645e-03 6.3746269e-03]"
0,2,0,5,2,"[9.8587459e-01 1.5205489e-03 8.0913668e-03 1.1698403e-03 3.8945064e-04
 2.1053200e-04 1.2357419e-04 2.6949236e-04 3.7807555e-04 3.5111830e-04
 1.8659627e-04 1.8373210e-04 2.2855385e-04 1.0224126e-03]","[0.01535552 0.03919805 0.00710857 0.00433589 0.00955275 0.6324393
 0.03517303 0.00843122 0.02238026 0.00391544 0.18249874 0.01063061
 0.01952486 0.00945576]","[0.2665173  0.00779013 0.6208085  0.06254189 0.0059599  0.00446916
 0.00235708 0.00194352 0.01123907 0.00242912 0.00499871 0.00238568
 0.00343548 0.00312438]"
8,8,8,5,7,"[0.00954992 0.00465559 0.00130603 0.00994448 0.0034484  0.19075467
 0.11510915 0.00205389 0.6423073  0.00111539 0.00814712 0.00307293
 0.00414459 0.00439062]","[0.02860225 0.10417971 0.01199358 0.00745169 0.01718755 0.5123176
 0.03509042 0.01396105 0.02945898 0.00759731 0.15732381 0.01558667
 0.04554142 0.01370802]","[0.00472633 0.07446513 0.00162348 0.00152624 0.0157931  0.0024144
 0.0024185  0.86908686 0.00525512 0.00347144 0.00501607 0.00338647
 0.00776666 0.00305017]"
5,0,0,5,5,"[9.9453837e-01 1.6135777e-03 4.3942814e-04 3.4531986e-04 3.0790135e-04
 3.0748112e-04 1.2050578e-04 2.5033037e-04 3.0618804e-04 1.2496977e-04
 1.2368131e-04 1.5177875e-04 1.4988963e-04 1.2206575e-03]","[0.0437879  0.12998512 0.02701865 0.01622568 0.01508222 0.33872464
 0.0524575  0.01279714 0.04739341 0.00822988 0.22445033 0.01801921
 0.04740008 0.01842822]","[0.00272968 0.00482357 0.00156763 0.0011137  0.00142186 0.93128043
 0.02955198 0.0013117  0.00932934 0.0013973  0.00850973 0.00221473
 0.00180234 0.00294605]"
1,1,1,5,0,"[1.9224292e-03 9.9127734e-01 5.5523822e-04 4.1970817e-04 8.9091924e-04
 5.8475265e-04 4.5739624e-04 2.2158890e-03 2.4272762e-04 3.2929546e-04
 2.6724034e-04 2.3866337e-04 2.9593930e-04 3.0240451e-04]","[0.01769347 0.06053416 0.00838765 0.00565043 0.01163779 0.55529225
 0.04465844 0.00979091 0.02396214 0.00538523 0.21229665 0.01253564
 0.02115977 0.01101541]","[9.7845650e-01 4.3223612e-03 4.6809376e-03 3.0964422e-03 6.6910934e-04
 2.0623419e-03 5.0194067e-04 5.9254933e-04 3.2310747e-03 3.0100747e-04
 3.2195539e-04 1.9629547e-04 3.9101767e-04 1.1765435e-03]"
5,6,5,5,0,"[2.3710080e-03 1.4369038e-03 2.3159664e-04 4.2782669e-04 5.8482750e-04
 9.8610294e-01 1.4514138e-03 5.2013923e-04 2.5798569e-03 3.5348607e-04
 2.0593191e-03 3.5497025e-04 6.2205718e-04 9.0366177e-04]","[0.17078798 0.15879837 0.06078378 0.04283844 0.03284733 0.18061669
 0.03671992 0.01781566 0.06135786 0.0128911  0.10403045 0.02533563
 0.05690524 0.03827151]","[9.7424299e-01 5.4599000e-03 7.9772426e-03 3.3664873e-03 6.6483644e-04
 1.7763267e-03 3.8350219e-04 4.8310208e-04 2.7340157e-03 3.6170078e-04
 3.8745592e-04 2.3005161e-04 4.5765383e-04 1.4746826e-03]"
3,3,3,5,13,"[0.01535627 0.00203165 0.07233735 0.884678   0.00150748 0.00091418
 0.00177346 0.00140002 0.00129537 0.00954041 0.00289667 0.00216518
 0.00119254 0.0029116 ]","[0.10707585 0.1379447  0.02632284 0.01615085 0.02159749 0.3577981
 0.03295832 0.01538374 0.05201606 0.00709873 0.14651352 0.01660245
 0.04104882 0.02148851]","[0.03638326 0.00566202 0.01331563 0.0064942  0.00448649 0.00748464
 0.00487073 0.00926692 0.00600257 0.14216104 0.00382439 0.02126612
 0.00802322 0.7307588 ]"
0,0,0,5,0,"[9.9563593e-01 9.9810620e-04 6.1283773e-04 3.5720045e-04 2.5719387e-04
 3.0275551e-04 8.7664674e-05 1.1612144e-04 4.7599207e-04 8.9917237e-05
 8.8908069e-05 1.2871233e-04 9.9582285e-05 7.4911315e-04]","[0.00740459 0.0192909  0.00438421 0.00216338 0.0076905  0.76397294
 0.02581813 0.0069171  0.01195441 0.00307534 0.11988842 0.00766279
 0.01413054 0.00564681]","[0.7959631  0.00436588 0.05201024 0.0291271  0.00212015 0.00551255
 0.00111862 0.00271041 0.00700087 0.00693498 0.0023548  0.00478393
 0.00651185 0.07948548]"
6,6,6,5,0,"[2.2192093e-04 5.7329133e-04 3.3948960e-04 9.8344625e-04 1.2012251e-03
 1.6814404e-03 9.8247004e-01 1.1718671e-03 5.4369937e-04 5.0789968e-04
 6.6602924e-03 2.0474293e-03 6.1670429e-04 9.8124985e-04]","[0.01301192 0.0357789  0.00660558 0.00340837 0.01025575 0.69322646
 0.02766179 0.0094537  0.01596161 0.00415278 0.14131492 0.01022654
 0.02049797 0.00844369]","[9.7422802e-01 3.7324200e-03 1.0174737e-02 3.9453711e-03 6.3637510e-04
 1.2789917e-03 4.0905701e-04 5.2990741e-04 2.0968642e-03 4.1005225e-04
 4.6087848e-04 2.5032568e-04 4.2556666e-04 1.4213668e-03]"
0,0,0,5,8,"[9.9590188e-01 5.0922693e-04 4.0536685e-04 3.8321395e-04 2.2954844e-04
 2.7916109e-04 9.4521645e-05 1.2491930e-04 3.1004605e-04 9.9731980e-05
 9.4959854e-05 1.6357470e-04 1.1847860e-04 1.2854042e-03]","[0.07004364 0.08235668 0.02850767 0.01651161 0.01467497 0.44323584
 0.04923664 0.01291191 0.05842575 0.0068233  0.14959294 0.01458444
 0.03656223 0.01653242]","[0.06353347 0.00727726 0.00456669 0.00299938 0.00291234 0.01994706
 0.00356522 0.00380405 0.8734435  0.00257792 0.00461956 0.00234661
 0.00396708 0.00443991]"
1,4,1,5,10,"[0.00544855 0.5864269  0.00394972 0.00140386 0.31040013 0.00535902
 0.00309626 0.06678285 0.0025163  0.0034949  0.0039296  0.00222593
 0.00304426 0.00192173]","[0.02573077 0.06467333 0.01079546 0.00683562 0.01336316 0.58085
 0.04353827 0.01012604 0.03667638 0.00448441 0.15731332 0.01110349
 0.02365262 0.01085698]","[6.3644041e-04 3.0413938e-03 1.1142795e-02 1.7580922e-03 2.3439419e-03
 8.2220016e-03 1.7142817e-02 3.5716295e-03 2.3245967e-03 3.0250140e-03
 9.3834162e-01 1.9996581e-03 4.4011427e-03 2.0487963e-03]"
1,1,1,5,8,"[3.3884267e-03 9.9146199e-01 5.2602717e-04 3.8402001e-04 7.4701384e-04
 5.2144501e-04 2.7411844e-04 1.2571097e-03 2.6843301e-04 2.3622083e-04
 2.1256377e-04 1.9141096e-04 2.4949652e-04 2.8194010e-04]","[0.01866646 0.04492185 0.00931928 0.00500613 0.01026093 0.6019164
 0.02745774 0.01102159 0.02451863 0.00540294 0.1916228  0.01240978
 0.02491133 0.01256419]","[0.02095468 0.00491056 0.00352035 0.0022996  0.00233615 0.01458973
 0.00592461 0.003386   0.9246203  0.00224331 0.00601391 0.00254487
 0.00363741 0.00301874]"
5,6,6,5,5,"[5.0206273e-04 1.1652942e-03 8.2505704e-04 4.2603784e-03 2.7233753e-03
 6.7645218e-03 8.4392029e-01 2.9505135e-03 1.7793083e-03 1.3762247e-03
 1.2901677e-01 2.0189164e-03 1.2122084e-03 1.4852366e-03]","[0.0159912  0.06374987 0.00754486 0.00449637 0.00989759 0.6457603
 0.03203282 0.00851162 0.02535364 0.00435538 0.13798718 0.01052522
 0.0234535  0.01034052]","[2.6797066e-03 4.4783331e-03 1.2075428e-03 9.2530710e-04 1.3994558e-03
 9.5653236e-01 1.0709753e-02 1.2814772e-03 6.2353015e-03 1.0264912e-03
 7.1769175e-03 1.8040291e-03 1.6169138e-03 2.9265699e-03]"
8,8,8,5,8,"[2.4497284e-02 1.2364751e-03 1.3370579e-03 1.3940956e-03 2.3116551e-03
 1.3522455e-02 2.3021025e-03 7.4367755e-04 9.4422394e-01 5.5920554e-04
 2.3733438e-03 1.4841869e-03 1.4407412e-03 2.5738373e-03]","[0.01443659 0.02721951 0.0082889  0.00478306 0.00722966 0.64468664
 0.04072903 0.00723197 0.03010464 0.00484726 0.16807868 0.00900643
 0.02245079 0.01090674]","[0.06906842 0.00776825 0.00474643 0.00334923 0.00257139 0.02118018
 0.0047239  0.00352106 0.8652937  0.00244244 0.00453091 0.00236879
 0.00378572 0.00464952]"
13,0,13,5,0,"[0.377652   0.00185311 0.00328049 0.0078419  0.0033946  0.0068854
 0.00222491 0.00200245 0.0142267  0.00446186 0.00364417 0.00445465
 0.00410078 0.56397694]","[0.09030145 0.21990739 0.04576771 0.03192314 0.02779302 0.22467487
 0.05214607 0.02258011 0.05814354 0.01145505 0.12246218 0.0172592
 0.04783046 0.02775583]","[9.7117394e-01 3.4510049e-03 4.9371948e-03 2.7077883e-03 5.5793551e-04
 3.2414722e-03 5.0985254e-04 5.3792342e-04 6.7563271e-03 5.0465827e-04
 5.8568025e-04 3.1571719e-04 7.1150676e-04 4.0091174e-03]"
4,4,4,5,3,"[2.6181375e-03 1.2998010e-02 1.5738440e-03 5.1495072e-04 9.7053224e-01
 1.3320144e-03 1.0817799e-03 2.2921865e-03 2.1174087e-03 1.0976389e-03
 1.5548646e-03 7.4244046e-04 8.4063155e-04 7.0399779e-04]","[0.01134027 0.02078655 0.00362018 0.00305677 0.00666285 0.7779668
 0.03110268 0.00586924 0.02508476 0.00364975 0.0846689  0.0067541
 0.0127424  0.00669484]","[4.1060154e-03 1.0097874e-03 5.5032927e-03 9.7325462e-01 2.5938200e-03
 7.4086472e-04 2.4256681e-03 8.6750108e-04 8.1758236e-04 1.0108969e-03
 8.3576160e-04 5.2046818e-03 7.5002539e-04 8.7944034e-04]"
0,0,0,5,0,"[9.96474087e-01 4.65888676e-04 3.70468973e-04 4.29181819e-04
 2.12963991e-04 1.80886243e-04 7.99846748e-05 1.39630705e-04
 2.76999548e-04 1.01157755e-04 8.42446025e-05 1.67970589e-04
 1.13958376e-04 9.02589934e-04]","[0.03414526 0.06792519 0.01214342 0.00780776 0.01401561 0.56300956
 0.02796306 0.01203774 0.03125464 0.00562995 0.16785084 0.01280591
 0.03049313 0.0129179 ]","[9.8163283e-01 2.8093637e-03 2.9553445e-03 2.3495799e-03 5.3997111e-04
 1.5480949e-03 2.8903951e-04 5.9250352e-04 1.7841945e-03 4.3449018e-04
 3.1665378e-04 2.7233167e-04 5.5192574e-04 3.9238469e-03]"
5,3,3,5,5,"[1.3545358e-03 4.5560396e-04 5.8915326e-04 9.9233025e-01 3.8444265e-04
 2.5221371e-04 7.9006172e-04 3.7892826e-04 4.4571445e-04 5.9008703e-04
 2.7401699e-04 1.3088376e-03 3.0807414e-04 5.3827785e-04]","[0.03469957 0.05761115 0.01597755 0.0094624  0.01299671 0.5559613
 0.0378173  0.00890177 0.03587767 0.0059617  0.17029266 0.01134539
 0.03088326 0.01221163]","[2.4544171e-03 3.3801126e-03 1.7352996e-03 9.1719854e-04 1.4994639e-03
 9.3439943e-01 1.6750222e-02 1.1942849e-03 5.4921000e-03 1.0532856e-03
 2.5412196e-02 1.3617540e-03 1.5673044e-03 2.7828875e-03]"
0,0,0,5,0,"[9.95966077e-01 1.21312379e-03 6.16937876e-04 4.48823936e-04
 2.19617228e-04 1.51141925e-04 6.93909897e-05 1.75437599e-04
 2.32329956e-04 1.01797079e-04 6.83370672e-05 1.15179391e-04
 1.02109574e-04 5.19719673e-04]","[0.05137498 0.13483225 0.02371048 0.01381841 0.01731722 0.40999347
 0.04005491 0.01708975 0.05019154 0.00829105 0.15936424 0.01537607
 0.03973922 0.01884654]","[9.8509860e-01 2.1367867e-03 2.5663434e-03 1.9303422e-03 4.5080582e-04
 1.4225593e-03 2.9520012e-04 5.1120762e-04 2.5441290e-03 3.0114589e-04
 2.6733556e-04 1.8079345e-04 4.5258729e-04 1.8420991e-03]"
1,8,8,1,1,"[2.5168466e-03 5.9837417e-04 8.6415268e-04 2.2175114e-03 1.4842791e-03
 5.2085039e-03 3.9991657e-03 5.3538207e-04 9.7637993e-01 4.2865396e-04
 2.7148237e-03 9.0763316e-04 1.2989608e-03 8.4574410e-04]","[0.13714749 0.23170117 0.03821212 0.02698251 0.03205122 0.20440385
 0.03188472 0.01829039 0.05733008 0.0079668  0.09871871 0.01933289
 0.06692494 0.02905309]","[0.25736305 0.53469825 0.14045447 0.01697408 0.01403819 0.00734881
 0.00296491 0.00260691 0.00865868 0.00237258 0.00397559 0.00246491
 0.00271507 0.00336443]"
2,2,2,5,6,"[1.1386147e-03 4.5122093e-04 9.8879439e-01 1.1105598e-03 7.8536657e-04
 3.0376916e-04 3.1576602e-04 4.0659838e-04 6.2248361e-04 3.7292975e-03
 9.5120078e-04 4.3730121e-04 6.8717072e-04 2.6612644e-04]","[0.01907041 0.04108972 0.0067943  0.00539322 0.00909112 0.7023088
 0.03345587 0.01047189 0.02401066 0.00456508 0.10223775 0.01139416
 0.0210378  0.00907914]","[4.8912386e-04 1.8229918e-03 1.6961520e-03 6.0412963e-03 1.6126272e-03
 1.6117601e-02 8.7197304e-01 2.7877507e-03 3.2026696e-03 2.8911517e-03
 8.2784593e-02 4.5735962e-03 2.4933033e-03 1.5141005e-03]"
7,7,7,1,2,"[5.5887620e-04 3.5404689e-03 5.3681619e-04 4.1026724e-04 1.6045503e-03
 5.0827494e-04 6.0116145e-04 9.8748046e-01 1.9701908e-04 9.1592775e-04
 1.0092130e-03 8.3379587e-04 1.2043261e-03 5.9882086e-04]","[0.19058101 0.24145971 0.09974205 0.07373937 0.05204855 0.04001049
 0.02148252 0.02240725 0.07386738 0.01589955 0.04375888 0.01700918
 0.07275545 0.03523855]","[0.15286954 0.00703689 0.7617266  0.04079924 0.0058558  0.00402321
 0.00224813 0.00151018 0.01048103 0.00203369 0.00404104 0.00174359
 0.00279421 0.00283678]"
4,4,4,5,0,"[1.5214726e-03 1.1220209e-02 1.5003441e-03 5.5496435e-04 9.7434449e-01
 9.5806876e-04 1.1278947e-03 2.1171262e-03 1.7288852e-03 1.2184830e-03
 1.7334080e-03 7.0516684e-04 6.0548953e-04 6.6394726e-04]","[0.02461169 0.05865308 0.01165491 0.0053327  0.01402124 0.58659166
 0.03190552 0.00995857 0.0303063  0.00595337 0.16932082 0.01111036
 0.02934695 0.0112328 ]","[9.7996807e-01 3.2971224e-03 4.9428050e-03 3.7140006e-03 5.6110468e-04
 1.6335597e-03 3.8443206e-04 4.8968621e-04 2.2414306e-03 3.2559200e-04
 3.2842523e-04 2.0048126e-04 4.2252094e-04 1.4907250e-03]"
1,1,1,5,1,"[2.9199517e-03 9.9152279e-01 7.4379839e-04 4.1506719e-04 7.2761992e-04
 4.6228111e-04 3.5620632e-04 1.2480721e-03 2.4558778e-04 3.0453390e-04
 2.3461877e-04 2.1314663e-04 3.1589327e-04 2.9034005e-04]","[0.02068852 0.06940308 0.00717152 0.00675704 0.01359625 0.59672153
 0.05277512 0.01225835 0.03279116 0.00446538 0.13412009 0.01142994
 0.02594222 0.01187983]","[2.3658527e-02 9.6062064e-01 2.0780228e-03 1.7527307e-03 2.8185460e-03
 2.5981714e-03 8.7307987e-04 1.5129216e-03 1.0682998e-03 4.3447802e-04
 8.3306088e-04 5.3518778e-04 6.1941729e-04 5.9674447e-04]"
1,3,1,1,13,"[0.06220428 0.51748013 0.3675353  0.00782125 0.01060549 0.00364523
 0.00196218 0.00943868 0.00323027 0.00457375 0.00357082 0.00185058
 0.00361097 0.00247102]","[0.1662357  0.26674432 0.10081319 0.06033005 0.04416767 0.06123152
 0.03087826 0.02203475 0.07933295 0.01226769 0.05514256 0.01621123
 0.05721707 0.02739303]","[0.00660351 0.00435064 0.00836827 0.00371743 0.00495374 0.00947778
 0.00673129 0.00820592 0.00759083 0.36271337 0.00657923 0.02836117
 0.0179018  0.524445  ]"
7,7,7,0,8,"[4.9305364e-04 3.4011167e-03 4.0896834e-04 4.2296489e-04 1.4928486e-03
 5.3180853e-04 7.0593343e-04 9.8780024e-01 2.0226865e-04 7.4259483e-04
 1.0270972e-03 9.6684945e-04 1.2461148e-03 5.5817043e-04]","[0.3066352  0.29610997 0.08745062 0.04863542 0.03724005 0.03192854
 0.0176246  0.01696998 0.0579985  0.00802832 0.02992424 0.00955639
 0.03025579 0.02164245]","[0.1580021  0.03041468 0.06055249 0.0094962  0.00647094 0.04358622
 0.00703225 0.00655876 0.6208392  0.00368101 0.02681984 0.00422378
 0.00901183 0.01331087]"
1,1,1,5,0,"[2.9655823e-03 9.9146569e-01 5.9581787e-04 3.7206596e-04 7.4411387e-04
 6.0850318e-04 3.4726382e-04 1.2609452e-03 2.7607847e-04 2.8158832e-04
 2.5818369e-04 2.1220949e-04 3.0350336e-04 3.0856224e-04]","[0.00613213 0.02227701 0.00360484 0.00181488 0.0068975  0.73816276
 0.03268891 0.00588455 0.01596733 0.00324474 0.13811801 0.00683886
 0.01231155 0.00605693]","[9.2763841e-01 2.7360491e-02 2.1343803e-02 7.6724589e-03 1.4807928e-03
 2.1482441e-03 9.9384016e-04 1.4350809e-03 4.1995985e-03 7.1661349e-04
 9.1701112e-04 5.0771591e-04 8.1623066e-04 2.7697599e-03]"
0,0,0,5,0,"[9.8028457e-01 9.5228921e-04 4.8502474e-03 3.0279451e-03 5.3108018e-04
 8.0006960e-04 2.3327416e-04 2.1231895e-04 5.9102513e-03 2.1047347e-04
 4.1171274e-04 3.1524329e-04 3.7785640e-04 1.8827529e-03]","[0.00880766 0.02388898 0.0037883  0.00183245 0.00537494 0.75646204
 0.02797049 0.00645297 0.01497651 0.00321153 0.12082221 0.00741329
 0.01165767 0.00734097]","[9.8089498e-01 4.5805895e-03 4.0602810e-03 1.9090432e-03 4.5549663e-04
 1.7447604e-03 3.8333589e-04 5.6901528e-04 2.6787138e-03 3.2908106e-04
 3.3952869e-04 1.7914597e-04 4.0708081e-04 1.4692664e-03]"
1,1,1,1,11,"[1.9728001e-03 9.9140656e-01 5.1823765e-04 3.6793386e-04 1.0163849e-03
 5.0527434e-04 4.1362472e-04 2.2185284e-03 2.1761566e-04 3.0232829e-04
 2.8183538e-04 2.2907286e-04 2.8645276e-04 2.6340337e-04]","[0.11078096 0.2099943  0.09081861 0.05974253 0.04077984 0.10693797
 0.03535644 0.02974739 0.08334241 0.01467256 0.07738649 0.02517873
 0.08082307 0.0344387 ]","[5.3634000e-04 1.7707874e-03 2.4803246e-03 1.9068377e-02 3.1176161e-03
 3.0935123e-03 4.5702234e-03 3.7293925e-03 3.1499087e-03 8.5151335e-03
 2.5925138e-03 9.3546683e-01 5.6830309e-03 6.2261014e-03]"
0,0,0,5,1,"[9.9539500e-01 1.0288483e-03 1.1355685e-03 6.2349415e-04 2.6746924e-04
 1.4333220e-04 8.6576962e-05 1.3437185e-04 2.2388335e-04 1.5226193e-04
 6.8532383e-05 1.3397836e-04 1.0302332e-04 5.0353678e-04]","[0.00678935 0.02102818 0.0033264  0.00160442 0.00657033 0.79040635
 0.02407582 0.00662421 0.01236727 0.00260481 0.10080236 0.00660238
 0.01146078 0.00573742]","[1.4353444e-02 9.5792210e-01 1.5703059e-03 8.8806602e-04 1.9402825e-03
 6.5560425e-03 1.7867365e-03 4.5755766e-03 4.6651368e-03 6.4652058e-04
 2.3958548e-03 6.7972241e-04 9.2510629e-04 1.0950579e-03]"
5,5,5,5,1,"[4.4642176e-04 1.2908325e-03 2.3713440e-04 3.0961799e-04 6.5135263e-04
 9.8724306e-01 2.2987649e-03 5.1009271e-04 1.2745801e-03 4.9079757e-04
 2.8342716e-03 4.0363320e-04 6.0384301e-04 1.4055190e-03]","[0.0214413  0.04327426 0.01067409 0.00717092 0.01169449 0.5924763
 0.043868   0.00864334 0.03269914 0.00417724 0.18046634 0.01099895
 0.02158072 0.010835  ]","[7.9573970e-03 9.7675872e-01 1.1672891e-03 1.0487059e-03 2.7416819e-03
 1.9549606e-03 9.8544988e-04 3.2746005e-03 9.1880135e-04 4.9424270e-04
 9.7233237e-04 5.6082290e-04 6.5160479e-04 5.1320816e-04]"
5,11,3,5,5,"[1.3423323e-03 5.4821005e-04 4.9851416e-04 9.8596919e-01 3.5494496e-04
 3.3970611e-04 8.7836321e-04 4.4228247e-04 4.7010285e-04 7.6801592e-04
 2.2886066e-04 6.7865071e-03 3.8316421e-04 9.8987343e-04]","[0.01431129 0.03481003 0.00537205 0.00302622 0.0086632  0.74713445
 0.02355921 0.00772995 0.01826235 0.0044129  0.09669207 0.00921147
 0.01864388 0.00817098]","[2.4412924e-03 3.6663050e-03 1.1009898e-03 9.1183640e-04 1.4051648e-03
 9.5729256e-01 1.2525096e-02 1.2047772e-03 4.7901976e-03 1.0190826e-03
 7.7014202e-03 1.5996331e-03 1.5594364e-03 2.7823846e-03]"
0,0,0,5,4,"[9.9471974e-01 1.9496711e-03 4.0947730e-04 3.2371475e-04 3.3498037e-04
 2.4848446e-04 1.0030205e-04 2.3779484e-04 3.3265547e-04 1.0600567e-04
 8.8064342e-05 1.6506980e-04 1.4327938e-04 8.4070867e-04]","[0.00599453 0.01537694 0.00318547 0.0016549  0.00477366 0.7767274
 0.03401481 0.00565486 0.01124104 0.00260963 0.11708248 0.00613928
 0.01030885 0.00523624]","[0.0028161  0.01489937 0.00463368 0.00370435 0.9581872  0.00148052
 0.00120976 0.00183765 0.00134851 0.00223458 0.00159043 0.00183375
 0.00290738 0.00131664]"
7,7,7,5,4,"[6.3682534e-04 3.4200267e-03 5.0102564e-04 3.9919981e-04 1.6300731e-03
 5.0754449e-04 5.8440329e-04 9.8785478e-01 2.0482356e-04 7.6077599e-04
 8.9151744e-04 8.3457661e-04 1.2155381e-03 5.5888039e-04]","[0.04658225 0.14409302 0.01812189 0.01275375 0.01616876 0.4196278
 0.04309456 0.01519322 0.03729738 0.00748788 0.16621356 0.01682858
 0.0393607  0.0171766 ]","[0.00301504 0.01588817 0.00509519 0.00329705 0.9572734  0.0014467
 0.00107783 0.00181515 0.00128399 0.00228136 0.00150433 0.00172443
 0.00294441 0.0013529 ]"
4,4,4,1,0,"[2.0959035e-03 1.5009677e-02 1.4672433e-03 5.4260629e-04 9.6941191e-01
 8.6476590e-04 1.1205560e-03 3.1334520e-03 1.6306373e-03 1.1799423e-03
 1.4688856e-03 6.8097608e-04 7.3701784e-04 6.5644528e-04]","[0.09461063 0.29854593 0.09452595 0.03672431 0.02241818 0.08478753
 0.04031942 0.01879526 0.05224438 0.01547428 0.11551794 0.01641235
 0.08061456 0.02900921]","[8.7998438e-01 6.9621935e-02 2.1251891e-02 7.0983847e-03 6.6944496e-03
 3.3805515e-03 1.2926878e-03 1.1087795e-03 3.9078011e-03 7.6978636e-04
 9.6933002e-04 5.4427772e-04 9.4540126e-04 2.4303067e-03]"
0,0,0,5,0,"[9.9591500e-01 3.9046476e-04 4.9503456e-04 6.2446744e-04 2.6765003e-04
 1.9588717e-04 1.0781725e-04 1.5884847e-04 3.3380787e-04 1.1043619e-04
 8.1875485e-05 2.2433359e-04 1.2626890e-04 9.6796331e-04]","[0.00898609 0.02423191 0.00470014 0.00242441 0.00721765 0.71754175
 0.02836559 0.00788009 0.01251949 0.00311214 0.15502498 0.00837995
 0.01318225 0.00643355]","[9.8251432e-01 4.3276809e-03 3.4557350e-03 2.2017793e-03 5.2028830e-04
 1.3338079e-03 3.8195236e-04 5.5864186e-04 2.3410865e-03 3.0060660e-04
 2.9767735e-04 1.7534246e-04 3.7058612e-04 1.2203333e-03]"
0,13,0,5,4,"[9.8713857e-01 4.4161943e-04 9.8760310e-04 7.5331377e-04 3.7908973e-04
 6.3418166e-04 1.7885375e-04 2.1585137e-04 9.9609827e-04 2.9584076e-04
 2.4308964e-04 3.1101811e-04 3.1046098e-04 7.1143582e-03]","[0.11181337 0.19258112 0.03387186 0.02361743 0.02549119 0.2617784
 0.04087463 0.01643278 0.0444725  0.01015551 0.13430111 0.01964112
 0.05815948 0.02680947]","[0.00489906 0.01743098 0.00477604 0.00378691 0.9530609  0.00167269
 0.00117869 0.0017982  0.00159369 0.00221728 0.00149142 0.00157734
 0.00281745 0.00169926]"
5,5,5,5,0,"[3.7601071e-03 2.0043112e-03 5.3632184e-04 6.0573372e-04 7.6421601e-04
 9.8120451e-01 1.0093868e-03 8.6705555e-04 1.5304865e-03 6.9379434e-04
 4.7426913e-03 4.7260642e-04 6.9395307e-04 1.1146674e-03]","[0.03316763 0.07690865 0.01091602 0.00806132 0.0152139  0.52071434
 0.04383624 0.01070431 0.03101308 0.00551236 0.19146357 0.01168446
 0.02717509 0.01362918]","[0.82000506 0.02122126 0.10552581 0.01753945 0.00211618 0.00354417
 0.00131569 0.00284647 0.00871869 0.00222413 0.00253256 0.00119987
 0.0026721  0.00853868]"
6,6,6,5,0,"[2.4257148e-04 3.7679754e-04 3.2960629e-04 8.8067731e-04 1.0178556e-03
 1.4723387e-03 9.8793298e-01 5.9137354e-04 7.9758267e-04 4.8219389e-04
 2.9870498e-03 1.4464562e-03 6.0227409e-04 8.4044400e-04]","[0.01278728 0.03295058 0.00683544 0.0033468  0.00839383 0.69307405
 0.02940347 0.00762857 0.01825886 0.00335364 0.15165807 0.00856339
 0.016518   0.00722799]","[9.7159696e-01 9.6364841e-03 2.4686989e-03 1.8021986e-03 9.2766271e-04
 4.1478071e-03 5.6866102e-04 7.9284835e-04 4.1778078e-03 4.5642981e-04
 4.6397338e-04 2.6389593e-04 6.4215995e-04 2.0544436e-03]"
1,6,6,1,1,"[3.0578687e-04 1.0923456e-03 4.8283846e-04 9.0465322e-04 1.6144831e-03
 4.6438612e-03 9.7381443e-01 1.3598254e-03 6.3891895e-04 5.9529126e-04
 1.1435480e-02 1.4385119e-03 7.0185179e-04 9.7164587e-04]","[0.1288165  0.27247548 0.04684365 0.02814439 0.0231879  0.15620929
 0.03640569 0.01353623 0.05325288 0.01090228 0.11434473 0.02174749
 0.06724149 0.02689195]","[0.0923135  0.85219806 0.02508352 0.00515576 0.00649057 0.00366893
 0.00153046 0.0024124  0.0035549  0.00127448 0.00234854 0.0013757
 0.00129057 0.00130253]"
5,0,5,5,7,"[0.18627253 0.0100143  0.00179949 0.00649957 0.00478343 0.56153613
 0.04070579 0.00225091 0.16107462 0.00129055 0.00574033 0.00295878
 0.00418461 0.01088891]","[0.03174703 0.08332553 0.0136542  0.00947361 0.01334321 0.5123714
 0.04772355 0.01075517 0.0369463  0.00515945 0.17718697 0.01343955
 0.03291681 0.01195728]","[0.00532821 0.12617059 0.00248042 0.00155949 0.01431634 0.00273425
 0.00262088 0.82021785 0.0051036  0.0038175  0.00605487 0.00282768
 0.00430702 0.00246124]"
0,0,0,5,0,"[9.9003941e-01 2.4394505e-03 3.2228814e-03 9.4486342e-04 4.5165422e-04
 2.8088014e-04 1.2495722e-04 2.4992361e-04 3.6833217e-04 2.0202559e-04
 1.4643671e-04 1.7674422e-04 1.5462197e-04 1.1976352e-03]","[0.03802521 0.08070653 0.02112189 0.01329851 0.01982467 0.49358818
 0.04562814 0.01398445 0.05055916 0.00696702 0.14862879 0.01447195
 0.03800986 0.01518557]","[0.548245   0.07627541 0.2962592  0.03370723 0.01831258 0.00512805
 0.00197031 0.00276099 0.0058744  0.00204384 0.00309797 0.001483
 0.00196978 0.00287235]"
0,0,0,5,0,"[9.96488333e-01 5.62182919e-04 6.08018017e-04 5.78490028e-04
 2.41954942e-04 1.38723102e-04 7.23779958e-05 1.16725365e-04
 3.31053336e-04 9.09755399e-05 6.26437322e-05 1.27205072e-04
 9.82731144e-05 4.83000884e-04]","[0.06556877 0.102428   0.01826813 0.01099016 0.0154502  0.48585415
 0.04078703 0.01292028 0.05667688 0.00591555 0.12658128 0.01279876
 0.02917404 0.01658668]","[9.7766703e-01 2.3864487e-03 7.0570614e-03 5.4306649e-03 8.8638283e-04
 1.0003701e-03 3.4799965e-04 6.0253427e-04 1.5295020e-03 4.0390078e-04
 3.9902542e-04 2.5830267e-04 4.8657652e-04 1.5443570e-03]"
4,4,4,5,0,"[2.0692053e-03 1.4698864e-02 1.5369881e-03 5.2882032e-04 9.6924061e-01
 8.6205377e-04 1.1435228e-03 3.3248495e-03 1.7210036e-03 1.1895564e-03
 1.4726302e-03 7.4423791e-04 6.8795838e-04 7.7982672e-04]","[0.08316154 0.13726076 0.01691315 0.01412929 0.01842722 0.4453196
 0.03728681 0.01555508 0.03491532 0.00741029 0.10990852 0.01737697
 0.03928725 0.02304824]","[9.2399347e-01 6.6788001e-03 4.9253829e-02 8.8779740e-03 1.4245233e-03
 1.1899120e-03 4.5421987e-04 1.0030433e-03 2.9152581e-03 7.0414948e-04
 8.3610375e-04 3.2983377e-04 6.1858993e-04 1.7201656e-03]"
1,1,1,5,0,"[3.3289411e-03 9.9101311e-01 5.3225853e-04 5.0911598e-04 9.7682700e-04
 4.0994401e-04 4.0933106e-04 1.3903764e-03 2.5245539e-04 2.3994195e-04
 2.2921417e-04 2.0621948e-04 2.6674062e-04 2.3541709e-04]","[0.02057323 0.04672456 0.00902321 0.00529622 0.01227006 0.6463186
 0.03240622 0.00872179 0.02854012 0.00377775 0.14590126 0.00882172
 0.02140761 0.01021763]","[9.8275894e-01 4.1122162e-03 4.2466479e-03 2.7825416e-03 7.4094959e-04
 8.7361503e-04 3.2633217e-04 5.9020723e-04 1.4306285e-03 3.0274366e-04
 2.6249647e-04 1.9932253e-04 3.8125963e-04 9.9223037e-04]"
0,0,0,5,7,"[9.96114254e-01 6.73804083e-04 4.66202822e-04 3.99618875e-04
 2.47062184e-04 1.59529634e-04 8.93473989e-05 1.44629303e-04
 2.53343547e-04 1.10758694e-04 7.98768306e-05 1.60908763e-04
 1.20745419e-04 9.79967299e-04]","[0.15732373 0.17215928 0.05154104 0.03212065 0.02406664 0.21529655
 0.03908397 0.01696163 0.05647526 0.00851161 0.11375186 0.01988121
 0.06694754 0.02587906]","[0.00540313 0.08815592 0.00211843 0.00146521 0.01287522 0.00239342
 0.00247081 0.86249465 0.00449233 0.00371063 0.00532288 0.00282619
 0.00373017 0.00254107]"
0,0,0,5,3,"[9.95830119e-01 1.05863309e-03 5.06194367e-04 6.32737880e-04
 2.93166435e-04 1.74944696e-04 9.28588343e-05 1.43564816e-04
 2.56980711e-04 1.04733292e-04 7.22994300e-05 1.26474464e-04
 1.18588534e-04 5.88697905e-04]","[0.0172309  0.04760515 0.01221509 0.00597782 0.01029574 0.53613603
 0.05833985 0.00940943 0.02487214 0.00446409 0.23228298 0.01090237
 0.02098529 0.00928313]","[0.00707562 0.00203726 0.05916958 0.9071465  0.0056857  0.00116031
 0.0022067  0.00123144 0.00168189 0.00204845 0.00232518 0.00527186
 0.00162563 0.00133369]"
0,0,0,5,10,"[9.9592090e-01 8.2752388e-04 4.4452661e-04 3.9714118e-04 2.4259165e-04
 2.5988658e-04 9.1900984e-05 1.4046153e-04 4.4250334e-04 8.4667270e-05
 8.4222163e-05 1.6057082e-04 1.2876390e-04 7.7449408e-04]","[0.02275635 0.05369072 0.0090442  0.00565226 0.01167685 0.58961344
 0.03652566 0.00996984 0.02672478 0.00442756 0.1784339  0.01203691
 0.02745003 0.01199742]","[0.00156044 0.00618962 0.00489502 0.00170522 0.00281654 0.20827124
 0.05433543 0.00478925 0.00952176 0.00309692 0.69121736 0.00284623
 0.00455685 0.00419797]"
10,10,10,5,4,"[1.9970340e-04 4.8759716e-04 1.2380074e-03 3.1958439e-04 1.4400567e-03
 3.6776187e-03 7.1423263e-03 1.4072359e-03 1.1563365e-03 1.9070567e-03
 9.7892159e-01 3.4402349e-04 7.5374678e-04 1.0051496e-03]","[0.01639346 0.04201831 0.00958674 0.00493525 0.01077933 0.62354904
 0.02730342 0.00915406 0.02248442 0.00449437 0.17966731 0.01102849
 0.02829411 0.01031164]","[0.00220854 0.01223316 0.00495874 0.00333726 0.9597403  0.00148649
 0.00130857 0.00202427 0.00142558 0.00236652 0.00194026 0.00196993
 0.00364155 0.00135878]"
0,0,0,5,7,"[9.9040365e-01 1.0180323e-03 3.5436475e-03 9.9783484e-04 3.7028376e-04
 2.8797810e-04 1.2295235e-04 2.0272806e-04 5.7007564e-04 2.0965363e-04
 1.9141701e-04 1.9390808e-04 1.8736841e-04 1.7005728e-03]","[0.04132103 0.11695233 0.01372599 0.0108255  0.01358575 0.4859428
 0.04399078 0.01340105 0.04635663 0.00567831 0.15038823 0.01502274
 0.02750289 0.01530592]","[0.01884555 0.24494454 0.00309564 0.00195323 0.00913125 0.00408031
 0.00297236 0.68833077 0.00540628 0.00437055 0.00569919 0.00314938
 0.00376645 0.00425454]"
0,0,0,5,8,"[9.9495137e-01 6.9518865e-04 5.8780500e-04 4.9200817e-04 2.5818197e-04
 1.9973640e-04 9.5284595e-05 1.4097804e-04 3.2915233e-04 1.6319432e-04
 9.1500602e-05 2.0951369e-04 1.3194457e-04 1.6542891e-03]","[0.01439004 0.03319518 0.00778072 0.00373248 0.00789448 0.68314815
 0.03310123 0.00901422 0.01749803 0.00395926 0.1495554  0.00993113
 0.01791676 0.00888296]","[0.02653236 0.00535944 0.00446333 0.00237588 0.00225794 0.01564946
 0.00419462 0.00363094 0.9167608  0.00219351 0.00730392 0.00240884
 0.00371375 0.00315513]"
2,2,2,5,0,"[4.0431328e-02 1.4149107e-03 9.3100405e-01 1.4141511e-02 1.8209468e-03
 8.6741173e-04 7.2477036e-04 7.7783136e-04 1.2727348e-03 3.5539805e-03
 1.2476675e-03 7.0088595e-04 8.9625397e-04 1.1459596e-03]","[0.01520354 0.03988263 0.00738536 0.00489324 0.00942149 0.6201339
 0.06445442 0.00840602 0.02354405 0.00414189 0.1635084  0.0112646
 0.01861302 0.00914742]","[9.8238671e-01 4.1158423e-03 3.5879384e-03 2.1793807e-03 5.5232382e-04
 1.7518355e-03 3.2964046e-04 4.7138729e-04 2.1863536e-03 2.8529938e-04
 3.0468855e-04 1.9276964e-04 3.7984288e-04 1.2761774e-03]"
1,1,1,5,2,"[2.7344853e-03 9.9159217e-01 4.9111695e-04 3.4597519e-04 7.5621321e-04
 7.0349989e-04 4.0189500e-04 1.4264934e-03 2.7250702e-04 2.4015176e-04
 2.6101936e-04 1.8980708e-04 2.7762557e-04 3.0699858e-04]","[0.09374689 0.16799818 0.02734665 0.02188575 0.02306026 0.31708676
 0.03726868 0.01425494 0.04096695 0.00730123 0.1557615  0.01863511
 0.04752104 0.02716617]","[0.03534314 0.04999892 0.50710493 0.02799192 0.32329327 0.00557818
 0.00286742 0.00398336 0.00856756 0.00703664 0.01037303 0.00489089
 0.00912378 0.00384702]"
1,1,1,5,9,"[3.4992017e-03 9.9067640e-01 7.9880463e-04 4.7919046e-04 8.4024906e-04
 4.5015625e-04 3.4524768e-04 1.3832736e-03 2.4309619e-04 2.9527571e-04
 2.1717725e-04 2.2383926e-04 2.9989416e-04 2.4822488e-04]","[0.02554966 0.08516091 0.01785686 0.00939634 0.01358823 0.4559198
 0.04634843 0.01185731 0.03279803 0.00749475 0.2327778  0.01393253
 0.03422684 0.01309251]","[0.00118869 0.0016289  0.01183964 0.0026996  0.00327453 0.00257663
 0.00383336 0.00414646 0.00276324 0.90532935 0.0041812  0.02477409
 0.01127215 0.0204921 ]"
5,3,3,5,5,"[1.6550240e-03 4.4313914e-04 4.4889859e-04 9.9214363e-01 4.1617139e-04
 3.2307478e-04 1.0584131e-03 3.0105870e-04 4.2205647e-04 4.4456730e-04
 2.8680466e-04 1.0883546e-03 3.3823398e-04 6.3055218e-04]","[0.00818791 0.01810286 0.00274404 0.00114193 0.00542913 0.8334979
 0.01738541 0.00495696 0.01028519 0.00307286 0.07160541 0.00663366
 0.01085168 0.00610501]","[0.00255297 0.00421464 0.00157898 0.00091015 0.00143284 0.88616323
 0.04488317 0.00182478 0.02443635 0.00129973 0.02261426 0.00222011
 0.00236263 0.00350606]"
0,2,0,5,4,"[9.6999413e-01 1.7492678e-02 6.1138030e-03 1.9379928e-03 7.0433185e-04
 5.0066074e-04 2.0152773e-04 4.0208720e-04 6.8148680e-04 4.7576558e-04
 2.1719615e-04 1.8923781e-04 3.8738365e-04 7.0181652e-04]","[0.02140995 0.04205759 0.00993881 0.00706199 0.01244695 0.623607
 0.04063299 0.01009499 0.03440654 0.00469893 0.14377972 0.01212654
 0.0255351  0.01220284]","[0.01051906 0.10274618 0.01094905 0.00613514 0.8482868  0.00266807
 0.0017137  0.00276679 0.00195711 0.0027334  0.0022326  0.00205235
 0.00332656 0.00191328]"
8,8,8,0,10,"[1.3428727e-02 1.2845537e-03 8.3369494e-04 2.1509202e-03 1.9886224e-03
 2.9568663e-02 3.4365642e-03 6.3418597e-04 9.3944395e-01 5.5265625e-04
 1.6317227e-03 1.4328347e-03 1.6528142e-03 1.9600457e-03]","[0.25562647 0.24875854 0.07608701 0.05024972 0.02849013 0.07070778
 0.02205381 0.01351902 0.06880431 0.00780488 0.05242097 0.01346149
 0.05653828 0.03547762]","[0.00118256 0.00390578 0.00358441 0.00431718 0.00206538 0.05311374
 0.38401654 0.00393905 0.00761712 0.00316885 0.5242107  0.00275862
 0.0034976  0.0026224 ]"
1,1,1,5,1,"[3.9171693e-03 9.8918939e-01 7.2826585e-04 3.2208543e-04 9.2815154e-04
 5.4182066e-04 3.7227638e-04 2.2696222e-03 2.2694956e-04 2.8614243e-04
 2.8980931e-04 1.9413208e-04 4.2931168e-04 3.0465020e-04]","[0.0207197  0.05996226 0.00885185 0.00443896 0.01230974 0.5587669
 0.03048522 0.01032797 0.02481872 0.00620201 0.20995982 0.01438952
 0.02551436 0.01325297]","[0.00764961 0.9131485  0.00176564 0.0016452  0.00406173 0.03911091
 0.00743605 0.00709446 0.00350568 0.00110163 0.00899694 0.0012065
 0.00170284 0.00157417]"
0,0,0,5,0,"[9.9539173e-01 1.6536834e-03 5.8967411e-04 4.5803603e-04 3.2015156e-04
 1.9049931e-04 8.2761399e-05 1.4909574e-04 2.3384734e-04 9.9470839e-05
 6.7223991e-05 1.3481450e-04 1.0549235e-04 5.2376249e-04]","[0.01298159 0.03645856 0.00652263 0.00354724 0.00895584 0.65208405
 0.03160743 0.00914148 0.01779907 0.00423949 0.17287223 0.01166878
 0.02232539 0.00979609]","[9.8508191e-01 3.6823496e-03 2.9920207e-03 2.4182764e-03 5.4008380e-04
 8.8494632e-04 2.9157824e-04 5.9221109e-04 1.3485380e-03 2.9294286e-04
 2.5091693e-04 1.7413124e-04 3.4922981e-04 1.1006966e-03]"
0,0,0,5,1,"[9.9368614e-01 8.7924319e-04 1.9086032e-03 8.5267425e-04 2.6860449e-04
 1.7892131e-04 1.2274586e-04 2.0165375e-04 2.3920773e-04 2.5964566e-04
 1.0737485e-04 1.7429091e-04 1.3974383e-04 9.8143506e-04]","[0.00848912 0.01989559 0.0043663  0.00227813 0.00650527 0.74770266
 0.02466713 0.00669215 0.01096061 0.00311417 0.13435546 0.00837432
 0.01565475 0.00694438]","[9.5611420e-03 9.4955802e-01 3.0385084e-03 8.9442814e-03 1.3111738e-02
 2.2993344e-03 2.5409451e-03 3.8903013e-03 1.2382373e-03 1.0448989e-03
 1.3533361e-03 1.5428163e-03 1.0786604e-03 7.9764676e-04]"
1,1,1,5,1,"[2.0489749e-03 9.9038118e-01 5.8525591e-04 5.5874971e-04 9.3366212e-04
 5.9842964e-04 6.4280583e-04 2.2402813e-03 2.9166826e-04 3.9934803e-04
 2.8323513e-04 3.4278398e-04 3.2942914e-04 3.6422187e-04]","[0.03227439 0.08707976 0.01404213 0.01149355 0.01747361 0.5317636
 0.04777057 0.01125477 0.03633159 0.00634183 0.1396346  0.01449736
 0.03583157 0.01421074]","[1.0618576e-02 9.6764231e-01 1.2285348e-03 2.9844546e-03 3.2501519e-03
 3.4509290e-03 2.5559464e-03 2.3440439e-03 1.4290668e-03 6.6829164e-04
 1.5013579e-03 8.0643618e-04 8.0644002e-04 7.1328814e-04]"
1,1,1,5,0,"[3.7430185e-03 9.9012661e-01 5.8877520e-04 4.3003372e-04 7.8714133e-04
 6.7292905e-04 3.1271612e-04 1.6285568e-03 3.2772025e-04 2.4932306e-04
 2.7818748e-04 2.0006103e-04 3.6036031e-04 2.9455961e-04]","[0.05065841 0.1310269  0.0219948  0.01719234 0.02119726 0.4244972
 0.04163222 0.01786293 0.04251581 0.00738316 0.15189989 0.01661041
 0.03954839 0.01598024]","[9.7388101e-01 4.6076425e-03 2.3855763e-03 1.8055250e-03 7.6019356e-04
 5.5748885e-03 6.1632582e-04 6.8865239e-04 5.4247668e-03 4.2925874e-04
 4.4386144e-04 3.4022820e-04 6.0517754e-04 2.4368442e-03]"
0,0,0,5,0,"[9.96790946e-01 5.41509769e-04 4.67484846e-04 3.40522733e-04
 1.92092120e-04 1.76715985e-04 7.11619214e-05 1.15995565e-04
 2.36436259e-04 1.01606696e-04 7.32370609e-05 1.37124371e-04
 9.62973136e-05 6.58895995e-04]","[0.08141455 0.1468733  0.03487276 0.01392241 0.01912478 0.33770612
 0.04326678 0.01456329 0.05226767 0.00953675 0.17355047 0.01717102
 0.03713749 0.01859252]","[9.8214102e-01 2.1203069e-03 3.5535609e-03 1.8284011e-03 4.9224077e-04
 1.6822084e-03 3.1117679e-04 5.1473558e-04 3.0217238e-03 4.5451234e-04
 3.4998043e-04 2.5196309e-04 4.6374166e-04 2.8145129e-03]"
5,6,5,5,3,"[0.00104274 0.00375604 0.00084253 0.00117062 0.00248083 0.8138201
 0.15866998 0.00163115 0.00206576 0.00106333 0.00751675 0.00194887
 0.00172929 0.00226213]","[0.11169264 0.18510118 0.03281732 0.02590608 0.02570749 0.2751206
 0.04086636 0.01964765 0.0668122  0.00711978 0.12694459 0.01602614
 0.04346764 0.0227704 ]","[3.0249178e-03 1.2138018e-03 5.4375455e-03 9.7233373e-01 4.2421697e-03
 7.9177442e-04 1.8966360e-03 8.2443206e-04 8.1571931e-04 9.6929359e-04
 8.5222506e-04 5.8258288e-03 8.2215434e-04 9.4990368e-04]"
5,5,5,5,11,"[1.1891971e-03 2.1478690e-03 3.9078709e-04 3.5243397e-04 4.3884126e-04
 9.8827714e-01 1.6076782e-03 4.3594433e-04 1.5248215e-03 4.3948772e-04
 1.5306004e-03 3.7039616e-04 5.2859954e-04 7.6628471e-04]","[0.04411678 0.10234784 0.01701013 0.01059774 0.01660735 0.47493055
 0.03954868 0.01245966 0.04272102 0.00655565 0.17024423 0.01347145
 0.03290775 0.01648109]","[5.7142507e-04 2.4882851e-03 2.3783462e-03 8.1504639e-03 3.1266452e-03
 3.8848587e-03 6.3066981e-03 4.5181401e-03 3.6729521e-03 1.0405709e-02
 3.0863399e-03 9.4032550e-01 5.7637631e-03 5.3209849e-03]"
0,0,0,5,0,"[9.96636510e-01 4.99699498e-04 4.78677975e-04 3.85427935e-04
 2.21092792e-04 1.66731625e-04 7.56735244e-05 1.16867035e-04
 2.58243643e-04 9.88846587e-05 7.67909223e-05 1.32014116e-04
 9.95142400e-05 7.53897591e-04]","[0.01999488 0.06427583 0.01341585 0.00730864 0.01291233 0.49136534
 0.04516202 0.01132172 0.0319448  0.00506277 0.24195372 0.01259671
 0.03097326 0.01171198]","[9.8415494e-01 2.1379099e-03 3.4741920e-03 1.6740870e-03 5.3975522e-04
 1.3603425e-03 2.6917012e-04 5.4720679e-04 2.3384991e-03 3.5009492e-04
 3.2503804e-04 1.7696871e-04 4.3410403e-04 2.2177203e-03]"
1,0,0,1,1,"[9.92911279e-01 2.60545197e-03 1.08610780e-03 7.30370812e-04
 2.42470545e-04 2.22142829e-04 1.03145845e-04 2.02859112e-04
 2.87946401e-04 2.06129145e-04 9.80440673e-05 1.46279577e-04
 1.90815277e-04 9.66889958e-04]","[0.13600117 0.23661192 0.08149121 0.05468951 0.03889203 0.10976966
 0.03391489 0.02137599 0.08261947 0.01253445 0.07717115 0.02172652
 0.06222573 0.03097633]","[8.8843983e-03 9.7660142e-01 1.1304690e-03 9.0626511e-04 1.8254078e-03
 2.6021276e-03 1.0061525e-03 2.5560309e-03 1.1427420e-03 4.8415543e-04
 1.0955455e-03 5.4372195e-04 6.4351829e-04 5.7809288e-04]"
0,0,0,5,3,"[9.9571037e-01 1.0792646e-03 4.6008694e-04 4.7468467e-04 3.2014353e-04
 2.0379196e-04 9.4747666e-05 1.6479890e-04 3.1129169e-04 1.1618927e-04
 7.0670969e-05 1.7824498e-04 1.2772511e-04 6.8803178e-04]","[0.07125518 0.2031649  0.02760508 0.01850454 0.01770016 0.30709535
 0.04436486 0.01588618 0.06103176 0.00635627 0.15935904 0.01383569
 0.0362312  0.01760986]","[3.1793697e-03 1.2032068e-03 5.7533793e-03 9.6709585e-01 2.7292708e-03
 8.9308940e-04 2.4476906e-03 9.2493079e-04 8.2008709e-04 1.4414852e-03
 1.0278582e-03 1.0513525e-02 9.4297918e-04 1.0273476e-03]"
2,2,2,5,0,"[1.6979618e-03 6.2980084e-04 9.8994690e-01 1.1442469e-03 6.4416329e-04
 3.2603089e-04 2.5264450e-04 4.6022711e-04 5.0387741e-04 2.6163373e-03
 7.0846581e-04 3.3710420e-04 5.2277272e-04 2.0939234e-04]","[0.00448468 0.01066348 0.00239504 0.00117519 0.00478507 0.8346622
 0.02199282 0.00506973 0.00854873 0.00208268 0.08594656 0.00554538
 0.00810169 0.0045467 ]","[9.8020476e-01 7.0850719e-03 3.9681639e-03 2.2495375e-03 8.2270807e-04
 1.1077021e-03 3.3327797e-04 5.8072741e-04 1.4788860e-03 3.1340803e-04
 3.0681054e-04 1.6474808e-04 3.7347921e-04 1.0106597e-03]"
1,7,7,1,1,"[5.7652849e-04 3.6505742e-03 4.2325354e-04 3.9656134e-04 1.6242771e-03
 5.1668449e-04 5.8509456e-04 9.8754019e-01 1.9883880e-04 7.8658626e-04
 9.3674823e-04 8.7261008e-04 1.2599339e-03 6.3218537e-04]","[0.20631371 0.2824598  0.09619607 0.05965743 0.03899784 0.03754829
 0.02166149 0.01693445 0.05707004 0.01470822 0.05277775 0.01644829
 0.07374485 0.02548185]","[6.5003959e-03 9.7676313e-01 1.2336401e-03 1.0450111e-03 3.3866644e-03
 1.9630815e-03 1.0711353e-03 3.6389574e-03 9.4348809e-04 5.5543828e-04
 1.0187081e-03 6.1788480e-04 7.3111674e-04 5.3135853e-04]"
0,0,0,5,0,"[9.96474564e-01 4.54696594e-04 5.35556639e-04 3.61578830e-04
 2.12066283e-04 2.64124217e-04 7.21934921e-05 1.28752945e-04
 2.99783540e-04 1.04700266e-04 8.59424399e-05 1.31886831e-04
 9.58598102e-05 7.78480142e-04]","[0.08065113 0.23694007 0.02977951 0.02032356 0.01946207 0.2623303
 0.04424993 0.01740651 0.05068268 0.00765299 0.14039433 0.01945067
 0.04865623 0.02201998]","[9.7693175e-01 4.3147146e-03 6.8275402e-03 2.7108991e-03 9.0290938e-04
 1.7345973e-03 3.9542795e-04 5.4607168e-04 3.0543443e-03 3.2942969e-04
 3.3601714e-04 1.9094114e-04 3.9178651e-04 1.3335613e-03]"
1,4,1,5,7,"[0.00801108 0.46470097 0.00360021 0.00164532 0.45863116 0.0038913
 0.00313327 0.03904757 0.00272965 0.00372435 0.0039     0.00206433
 0.00281298 0.00210791]","[0.02332794 0.07832284 0.01262046 0.00662436 0.01521994 0.55084586
 0.03689545 0.0105557  0.03072905 0.00602489 0.17143534 0.01227727
 0.0342914  0.01082953]","[0.00881153 0.1017317  0.00215975 0.00170956 0.01052612 0.00270767
 0.00236801 0.8484592  0.00442325 0.00341704 0.00488428 0.00269986
 0.00328387 0.00281832]"
5,5,5,1,4,"[9.8202226e-04 1.6941548e-03 2.9223654e-04 3.2829191e-04 5.0324271e-04
 9.8932672e-01 1.6138727e-03 4.4850112e-04 1.0925890e-03 4.1899417e-04
 1.4304421e-03 3.9097609e-04 5.3207413e-04 9.4589696e-04]","[0.11066782 0.16830206 0.0484049  0.05590254 0.03263254 0.16336083
 0.04700003 0.02297525 0.15250742 0.01461595 0.06707238 0.0247574
 0.06165706 0.03014387]","[0.00238877 0.01682906 0.00415938 0.00299583 0.9556922  0.0017044
 0.0014119  0.00226207 0.00161326 0.00223313 0.00190871 0.00190052
 0.00351185 0.0013891 ]"
0,0,0,5,11,"[9.9472457e-01 4.1537132e-04 9.6398487e-04 8.2150358e-04 2.4102231e-04
 2.6470513e-04 9.2004600e-05 1.6286082e-04 3.0253985e-04 1.4012727e-04
 1.2833600e-04 1.8788423e-04 1.1098562e-04 1.4441354e-03]","[0.00953018 0.02611676 0.00425171 0.00202645 0.00611041 0.76997215
 0.02018072 0.00686645 0.01207688 0.00309402 0.11316822 0.00782822
 0.01200995 0.00676777]","[5.74442500e-04 2.16201227e-03 2.34894245e-03 1.01261241e-02
 3.33000789e-03 3.96275753e-03 5.66574745e-03 4.78452677e-03
 3.71901481e-03 1.01323025e-02 2.81292084e-03 9.37661409e-01
 5.41943638e-03 7.30033126e-03]"
0,0,0,5,0,"[9.9629503e-01 5.2501733e-04 4.6094181e-04 6.3365360e-04 2.1380703e-04
 1.8487139e-04 6.8358990e-05 1.1880048e-04 2.5807420e-04 1.3015715e-04
 6.9323272e-05 1.7459875e-04 9.8807046e-05 7.6846388e-04]","[0.00436542 0.01225697 0.00208648 0.00093122 0.00456966 0.85885453
 0.0194279  0.00534012 0.00842032 0.00206881 0.06471343 0.00499426
 0.00739135 0.00457965]","[9.8164696e-01 3.6752757e-03 3.0685447e-03 2.3641891e-03 7.3933951e-04
 1.3795954e-03 3.5849973e-04 8.0967799e-04 3.0228433e-03 3.8897764e-04
 3.5134098e-04 1.8939521e-04 5.2432274e-04 1.4809772e-03]"
3,3,3,0,4,"[1.6884063e-03 6.0877565e-04 5.0765136e-04 9.8325092e-01 4.1284988e-04
 4.7886558e-04 1.6999643e-03 7.9939974e-04 5.6476513e-04 6.2680355e-04
 2.9794738e-04 7.5428910e-03 5.2839820e-04 9.9255284e-04]","[0.6072624  0.17312741 0.04724712 0.02767769 0.02215541 0.01911358
 0.00656212 0.00960393 0.02235311 0.0057042  0.01428241 0.0080025
 0.01903634 0.01787183]","[0.00634568 0.02168172 0.03993281 0.00745269 0.8949229  0.00276931
 0.00179699 0.00283511 0.00285555 0.00426209 0.00478161 0.0028481
 0.00509876 0.00241673]"
0,0,0,1,2,"[9.9584478e-01 1.1849661e-03 6.3166046e-04 4.2387564e-04 2.2930294e-04
 2.2453758e-04 7.4060314e-05 1.5117743e-04 2.3237700e-04 1.0261136e-04
 8.3014595e-05 1.0723306e-04 9.8680102e-05 6.1189890e-04]","[0.09395929 0.21826461 0.07035342 0.04446734 0.03096089 0.1555376
 0.0485336  0.01841745 0.08220533 0.01217206 0.10236937 0.02111873
 0.07508732 0.02655297]","[0.19890127 0.0118751  0.74341714 0.01430434 0.00664868 0.00313899
 0.00103753 0.00160418 0.00511733 0.00272965 0.00376137 0.00167207
 0.00203571 0.0037567 ]"
0,0,0,5,0,"[9.3019342e-01 3.8858375e-03 5.6008887e-02 2.5298337e-03 1.2517095e-03
 4.2167230e-04 2.3106727e-04 6.8672322e-04 8.7559927e-04 1.2080405e-03
 4.0042712e-04 3.3078506e-04 4.8035951e-04 1.4956056e-03]","[0.02317025 0.05542219 0.0090749  0.00549715 0.01070333 0.6343427
 0.04171658 0.00966794 0.02961522 0.00352258 0.13774079 0.00972575
 0.01962164 0.01017904]","[9.6239573e-01 3.7496567e-03 2.9392389e-03 3.8459387e-03 1.0318939e-03
 5.1163239e-03 1.0983249e-03 9.4877213e-04 1.2443533e-02 5.9930660e-04
 4.3017586e-04 4.0016993e-04 7.9478929e-04 4.2060157e-03]"
11,11,11,5,0,"[1.7739857e-03 1.2971079e-03 1.5066143e-03 4.9066640e-02 1.5912487e-03
 1.8958559e-03 2.3540545e-03 2.8447169e-03 1.6434654e-03 5.6707286e-03
 6.2016642e-04 9.1277176e-01 1.4669044e-03 1.5496783e-02]","[0.0322533  0.0760606  0.01914741 0.01028308 0.01821423 0.48922744
 0.03738349 0.01342015 0.04356777 0.00702333 0.18183912 0.01486798
 0.04142924 0.01528287]","[8.7437493e-01 4.0225953e-02 4.4964556e-02 1.8940166e-02 6.0754595e-03
 3.4771475e-03 1.3416033e-03 1.6560596e-03 3.1921992e-03 8.1491179e-04
 1.4606606e-03 7.5438531e-04 1.1244559e-03 1.5976378e-03]"
1,0,1,5,3,"[2.8628528e-02 9.6251941e-01 2.1144783e-03 7.7545841e-04 9.9830690e-04
 6.4213958e-04 3.9001612e-04 1.4848531e-03 3.7903510e-04 4.7887801e-04
 2.8621522e-04 2.6137900e-04 5.6874705e-04 4.7262036e-04]","[0.01677427 0.0291072  0.00522861 0.00275101 0.0063857  0.73107994
 0.03294729 0.00778259 0.01990912 0.00335922 0.1111619  0.00839882
 0.01507029 0.01004385]","[5.8570523e-02 2.6564377e-03 1.2342755e-02 9.0897012e-01 2.9147950e-03
 1.4423882e-03 2.2953844e-03 1.2172391e-03 2.1798040e-03 1.1055953e-03
 1.0482890e-03 3.0358483e-03 8.7201764e-04 1.3488047e-03]"
5,0,0,5,5,"[9.9675506e-01 6.1274215e-04 3.8226324e-04 4.0496036e-04 2.3157860e-04
 1.6455165e-04 7.8850637e-05 1.3688582e-04 2.3157595e-04 9.0102993e-05
 6.8238362e-05 1.3406320e-04 8.7486616e-05 6.2162318e-04]","[0.01883964 0.03440761 0.0047604  0.00240961 0.00734131 0.7817072
 0.02483695 0.00820808 0.01707231 0.00274806 0.07360908 0.00719492
 0.00955588 0.00730885]","[3.8983182e-03 3.7237108e-03 1.4551483e-03 8.9268538e-04 1.2905578e-03
 9.2167211e-01 2.5825758e-02 1.5895059e-03 2.2605950e-02 1.2636014e-03
 9.2177801e-03 1.6957431e-03 1.8328142e-03 3.0363086e-03]"
0,0,0,5,7,"[9.9664658e-01 4.3949159e-04 4.7615182e-04 3.9576637e-04 2.3208575e-04
 1.8610469e-04 8.3718762e-05 1.2058204e-04 3.1329470e-04 9.9786572e-05
 8.0383266e-05 1.6849306e-04 1.0442813e-04 6.5311015e-04]","[0.05078784 0.10737467 0.03130062 0.0212229  0.02359935 0.38880917
 0.05122731 0.01653997 0.05711422 0.00907789 0.147297   0.0192697
 0.05598238 0.02039693]","[0.01044023 0.36222377 0.00244977 0.00249662 0.02062845 0.00365798
 0.00331176 0.5634291  0.00501328 0.00442344 0.00706093 0.00405197
 0.00755421 0.00325838]"
0,0,0,5,0,"[9.9526042e-01 3.4937690e-04 4.5001233e-04 5.6050491e-04 2.9119864e-04
 2.4885079e-04 9.2843344e-05 1.2961616e-04 4.9437670e-04 1.0631089e-04
 1.0160182e-04 2.3565596e-04 1.3317064e-04 1.5462914e-03]","[0.00572167 0.0175813  0.00373709 0.00189002 0.00615741 0.74796474
 0.03044986 0.00643915 0.0120117  0.00317008 0.13896525 0.00747606
 0.01269846 0.00573722]","[9.7825223e-01 8.2958164e-03 3.1908336e-03 2.3623444e-03 8.5685216e-04
 1.3630234e-03 3.8852240e-04 6.6747685e-04 2.0156596e-03 3.2889613e-04
 2.9546657e-04 2.0671455e-04 4.4688472e-04 1.3292554e-03]"
0,0,0,5,0,"[9.9628961e-01 4.6418759e-04 3.6101061e-04 4.0608042e-04 2.1069495e-04
 2.3929574e-04 8.9811758e-05 1.3025950e-04 3.0500386e-04 9.6568932e-05
 8.3260726e-05 1.4913363e-04 1.1499627e-04 1.0601094e-03]","[0.03949154 0.08598871 0.0117538  0.00879406 0.01457164 0.53919303
 0.04482992 0.01248791 0.04982566 0.00498206 0.13348284 0.01228406
 0.02756894 0.01474596]","[9.7263330e-01 6.8988474e-03 3.9332546e-03 2.2011183e-03 1.0748721e-03
 4.0736464e-03 4.9394788e-04 7.9110725e-04 4.3568267e-03 3.6431977e-04
 5.3338689e-04 2.9868548e-04 6.0831249e-04 1.7385092e-03]"
3,3,3,5,0,"[1.7139608e-02 6.9157185e-04 8.6446153e-04 9.7588956e-01 4.3297873e-04
 4.1757684e-04 7.0779002e-04 3.7791449e-04 4.9622892e-04 6.2094879e-04
 2.7371634e-04 9.0622791e-04 3.2677370e-04 8.5464003e-04]","[0.04157482 0.08499188 0.01770375 0.01218889 0.01408063 0.45885143
 0.04966952 0.01146807 0.04049116 0.005478   0.19590515 0.01590937
 0.03449341 0.01719402]","[9.7969639e-01 2.3624871e-03 1.7057593e-03 2.3272412e-03 5.6060922e-04
 3.3505771e-03 6.0242845e-04 7.1175414e-04 3.7291830e-03 4.7256771e-04
 4.4367701e-04 3.1086203e-04 5.9766986e-04 3.1288378e-03]"
5,7,7,5,5,"[6.0614565e-04 2.8303929e-03 5.1598670e-04 4.4270587e-04 1.5091930e-03
 4.5349315e-04 5.7795126e-04 9.8804224e-01 2.0245892e-04 9.4683259e-04
 8.8996964e-04 9.1903069e-04 1.4728279e-03 5.9064926e-04]","[0.06243655 0.12045979 0.02678855 0.01879643 0.0202388  0.36763644
 0.04391629 0.01541255 0.05545889 0.00728908 0.1744365  0.01891769
 0.04579415 0.02241812]","[0.00320929 0.00479177 0.00095334 0.00096748 0.00128706 0.92850953
 0.03425892 0.00143303 0.00921505 0.00110453 0.00898147 0.00159694
 0.00145854 0.00223298]"
4,4,4,5,0,"[2.1685883e-03 1.3152646e-02 2.4293594e-03 6.8275217e-04 9.6993095e-01
 6.8502058e-04 9.5397874e-04 2.9532609e-03 1.8020370e-03 1.2684586e-03
 1.7687446e-03 7.9316477e-04 6.9481245e-04 7.1617862e-04]","[0.00663073 0.01812019 0.0047792  0.00197871 0.00577489 0.6752301
 0.02725583 0.00615134 0.01360007 0.00329689 0.21166816 0.00719122
 0.01231577 0.006007  ]","[9.7340584e-01 4.2163427e-03 3.4908669e-03 9.8866494e-03 1.1087046e-03
 1.6169399e-03 6.6218543e-04 7.9521537e-04 2.0864410e-03 3.5211747e-04
 3.2736256e-04 3.1294822e-04 5.0372328e-04 1.2345460e-03]"
0,0,0,5,13,"[7.5064003e-01 4.2646523e-03 2.1499906e-01 1.6957574e-02 1.5644986e-03
 6.5672625e-04 5.9176626e-04 1.2264273e-03 1.2010915e-03 2.0467683e-03
 6.8869133e-04 7.6380390e-04 8.4879936e-04 3.5499542e-03]","[0.0181739  0.04713887 0.00861797 0.00490945 0.01120612 0.61391586
 0.03742554 0.01084327 0.02384337 0.00461971 0.1741161  0.01138914
 0.02258264 0.0112181 ]","[0.24597055 0.01858982 0.01288221 0.00836066 0.0052001  0.00917289
 0.00517685 0.01364328 0.00751355 0.08585072 0.00277273 0.01051187
 0.00819705 0.5661577 ]"
3,3,3,5,1,"[1.5159667e-03 3.8934193e-04 7.9736352e-04 9.7146499e-01 5.1745656e-04
 4.1390350e-04 1.1536673e-03 4.9317180e-04 8.4449316e-04 1.0878003e-03
 2.7597288e-04 1.7882718e-02 6.9227564e-04 2.4708649e-03]","[0.05934073 0.09682094 0.01360761 0.0103076  0.01269368 0.539679
 0.03931395 0.01398081 0.02895527 0.0058442  0.11471991 0.01516163
 0.0317909  0.01778376]","[2.9064164e-02 9.4972968e-01 1.7371315e-03 1.0503299e-03 1.5487315e-03
 7.0036720e-03 1.2079433e-03 1.9083706e-03 2.3193571e-03 4.7529591e-04
 1.5856732e-03 5.9957389e-04 8.2842854e-04 9.4173593e-04]"
3,3,3,5,1,"[1.6693131e-03 3.8646607e-04 4.5436257e-04 9.9315298e-01 3.6643897e-04
 2.5270606e-04 7.0528995e-04 3.0155040e-04 3.8025522e-04 4.3272055e-04
 2.2149619e-04 9.1593969e-04 3.5091687e-04 4.0966642e-04]","[0.04179383 0.09256384 0.0152855  0.0097787  0.02230681 0.45267543
 0.0334124  0.01844842 0.02886215 0.00749015 0.18892457 0.01727594
 0.04969145 0.02149068]","[2.2605479e-02 9.4674504e-01 1.6250105e-03 1.4918968e-03 1.6896952e-03
 1.1062834e-02 2.2269844e-03 3.0443938e-03 3.1473213e-03 7.2509714e-04
 2.5250793e-03 8.4264000e-04 9.9817256e-04 1.2704503e-03]"
11,11,11,5,0,"[1.2445025e-03 9.4298832e-04 1.2725632e-03 1.9856123e-02 1.3765641e-03
 1.3994018e-03 1.7970466e-03 2.5378347e-03 1.1834070e-03 3.6948086e-03
 4.7301396e-04 9.5382702e-01 1.3790819e-03 9.0156971e-03]","[0.0637494  0.20582932 0.01989544 0.01687013 0.01961951 0.36080945
 0.04570344 0.0123823  0.04026712 0.00643355 0.13590853 0.01387441
 0.04171407 0.01694332]","[9.8615509e-01 2.2018419e-03 2.1640114e-03 2.3385338e-03 5.5430684e-04
 1.1845365e-03 2.8807044e-04 4.9552880e-04 1.6459437e-03 3.1912990e-04
 2.0727378e-04 1.9298754e-04 3.6704226e-04 1.8857426e-03]"
4,4,4,5,1,"[2.5910619e-03 1.9417256e-02 1.6207517e-03 6.7063933e-04 9.6464145e-01
 1.0255562e-03 1.2138083e-03 2.4052584e-03 1.7174891e-03 1.0992821e-03
 1.6420491e-03 6.8302080e-04 6.1678753e-04 6.5576780e-04]","[0.07537955 0.19348487 0.02024056 0.01491525 0.01752718 0.35640022
 0.06059028 0.01609204 0.05579609 0.00584975 0.10825515 0.01241865
 0.04499045 0.01805986]","[1.1635956e-02 9.6942228e-01 1.5830349e-03 9.6562621e-04 2.4629643e-03
 2.4680845e-03 1.0752017e-03 5.1988373e-03 1.4025031e-03 5.2962836e-04
 1.2243355e-03 6.2355207e-04 7.2172511e-04 6.8622461e-04]"
8,8,8,5,1,"[1.0344970e-02 1.3962634e-03 9.4042660e-04 3.7900931e-03 1.4904465e-03
 1.3419085e-02 6.6162101e-03 5.8254448e-04 9.5458788e-01 5.7004899e-04
 1.9135703e-03 1.1722301e-03 1.5537303e-03 1.6224720e-03]","[0.00853684 0.02380502 0.00391202 0.00217525 0.00627668 0.75538176
 0.03042536 0.0083589  0.01171639 0.00295526 0.12020045 0.00825068
 0.01129781 0.00670751]","[0.0188384  0.8853385  0.04053439 0.00446828 0.02120731 0.00300126
 0.00237256 0.00755135 0.00293219 0.00324531 0.00473106 0.00204137
 0.00235705 0.0013811 ]"
6,6,6,1,6,"[4.61573800e-04 1.71997317e-03 6.24855398e-04 1.82209676e-03
 2.31968635e-03 1.60255991e-02 9.54108834e-01 1.82580529e-03
 2.45858054e-03 7.83394207e-04 1.22981155e-02 2.49419385e-03
 1.55977171e-03 1.49735797e-03]","[0.07767773 0.20293918 0.05409068 0.03165665 0.03783728 0.2006092
 0.04500939 0.02278388 0.06107048 0.0118872  0.14024626 0.01876859
 0.06984482 0.02557855]","[6.1802205e-04 1.5863479e-03 9.6752524e-04 4.8163999e-03 1.6560435e-03
 1.2929564e-02 9.4398260e-01 2.7055496e-03 3.1616047e-03 3.0864363e-03
 1.5020500e-02 5.8526518e-03 2.3360171e-03 1.2807546e-03]"
4,4,4,5,4,"[0.01159539 0.10632797 0.00290383 0.00110288 0.8587868  0.00157696
 0.00138208 0.00729265 0.0023416  0.00173784 0.00157817 0.00108616
 0.00121416 0.00107346]","[0.01152014 0.03254046 0.00675042 0.00342368 0.00871227 0.64470226
 0.03117859 0.00873471 0.01815813 0.00406323 0.18982305 0.01070624
 0.02092514 0.00876168]","[0.00253878 0.01404628 0.00427407 0.00664091 0.954983   0.00152802
 0.00176069 0.00205084 0.00136288 0.00227558 0.00175629 0.00234596
 0.0031392  0.00129742]"
7,7,7,1,0,"[5.9088762e-04 2.9444848e-03 4.9378397e-04 4.4149987e-04 1.5083225e-03
 4.9282372e-04 6.0922798e-04 9.8805410e-01 1.9340897e-04 8.4789115e-04
 9.0682553e-04 9.7027305e-04 1.3068945e-03 6.3942029e-04]","[0.21090372 0.3687081  0.06954922 0.05449691 0.04332765 0.03665217
 0.01472534 0.02440049 0.04895463 0.00889177 0.03201909 0.01696807
 0.05027364 0.02012915]","[0.8012552  0.0165042  0.15349357 0.0071561  0.00290442 0.00269591
 0.00080143 0.0017961  0.00418899 0.00164272 0.00183121 0.00081079
 0.00123401 0.00368548]"
11,11,11,5,6,"[7.3605956e-04 5.2334997e-04 9.8185602e-04 9.2742071e-03 1.1667387e-03
 9.7463618e-04 2.9856905e-03 1.7550788e-03 1.0718569e-03 2.3328678e-03
 4.2096831e-04 9.7071797e-01 1.3472920e-03 5.7113692e-03]","[0.04576368 0.11807285 0.02494197 0.01613319 0.02204941 0.40287706
 0.05089344 0.01278471 0.04320939 0.00661333 0.17275454 0.01682935
 0.05049847 0.01657868]","[0.00098814 0.00190987 0.00112095 0.00519956 0.00125707 0.03046754
 0.92470556 0.00221002 0.00571593 0.0022065  0.01716026 0.00370229
 0.00185136 0.00150476]"
1,1,1,1,0,"[4.7335709e-03 9.8894322e-01 6.3303707e-04 5.3614989e-04 8.6596445e-04
 5.1894580e-04 4.8348398e-04 1.6840291e-03 2.6515182e-04 2.6802853e-04
 2.6576323e-04 2.1758296e-04 2.9942204e-04 2.8548852e-04]","[0.11976643 0.23507777 0.0525245  0.0537624  0.04048343 0.12387159
 0.03328863 0.02770919 0.11326267 0.01913224 0.05979304 0.02691774
 0.06289475 0.03151577]","[8.5783851e-01 7.3241415e-03 7.6488905e-02 4.0072411e-02 2.3056767e-03
 2.3248743e-03 1.1188375e-03 1.3864101e-03 4.3562036e-03 1.0275538e-03
 1.2732100e-03 8.2056975e-04 1.0061235e-03 2.6567196e-03]"
9,9,9,5,2,"[9.7812864e-04 9.2513440e-04 8.6990763e-03 1.6417272e-03 2.0005442e-03
 7.9909473e-04 9.0920128e-04 1.8412168e-03 1.0168791e-03 9.6336436e-01
 3.4156721e-03 4.0437779e-03 2.3231078e-03 8.0419974e-03]","[0.08415138 0.15612702 0.0426208  0.02779889 0.02764853 0.25871083
 0.04984874 0.01576699 0.08704749 0.00801441 0.15683    0.01648892
 0.04958256 0.01936336]","[0.00299875 0.0020054  0.81317174 0.00854036 0.0049555  0.00197096
 0.00268162 0.00253087 0.00501695 0.11353281 0.00952864 0.01377935
 0.01380441 0.00548265]"
5,5,5,5,9,"[5.3578831e-04 1.0263642e-03 2.5303647e-04 2.5649671e-04 5.4432359e-04
 9.9152058e-01 1.1531945e-03 3.7948633e-04 1.0424769e-03 3.9467652e-04
 1.6628630e-03 2.9594669e-04 4.2877864e-04 5.0598633e-04]","[0.0168719  0.04549724 0.00652761 0.00362683 0.00785827 0.67046136
 0.04123823 0.00911988 0.01959329 0.00383703 0.14096396 0.00868796
 0.01731533 0.00840116]","[0.0011436  0.00205591 0.01410375 0.0038774  0.00352091 0.00212763
 0.00356707 0.00626046 0.0026734  0.89644235 0.00392972 0.0362842
 0.00837554 0.01563807]"
1,1,1,5,0,"[3.0215546e-03 9.9162197e-01 5.6282303e-04 4.0173234e-04 8.1484544e-04
 4.5046004e-04 3.4230843e-04 1.2812987e-03 2.5133547e-04 2.4674769e-04
 2.2201522e-04 1.9223953e-04 2.9460862e-04 2.9618933e-04]","[0.01129735 0.0301643  0.00479798 0.00210325 0.00803125 0.7232357
 0.02322739 0.00717535 0.01396086 0.00334695 0.14354096 0.00813532
 0.01447846 0.00650483]","[9.7051316e-01 1.0610674e-02 3.0230109e-03 2.0347463e-03 8.6731557e-04
 3.4188787e-03 6.3578069e-04 9.7591244e-04 4.1118809e-03 4.3111522e-04
 5.6640309e-04 2.7760264e-04 6.4488559e-04 1.8888549e-03]"
0,13,0,0,0,"[0.7309376  0.00162838 0.00473835 0.00536141 0.00265056 0.00456729
 0.00167112 0.00165206 0.01036065 0.00319925 0.00278749 0.00298065
 0.00283887 0.22462632]","[0.28349978 0.25850084 0.04701195 0.06799459 0.03095378 0.06846029
 0.02511624 0.01705783 0.03744761 0.00962293 0.04135574 0.0224682
 0.0564781  0.03403213]","[9.7001040e-01 1.0072689e-02 3.7417242e-03 2.8778866e-03 2.4669466e-03
 2.7517378e-03 4.8651535e-04 7.7223533e-04 3.0640818e-03 4.5345581e-04
 3.6065577e-04 2.9773632e-04 6.7337131e-04 1.9706974e-03]"
7,7,7,5,1,"[7.2988356e-04 3.9094836e-03 4.7092207e-04 4.2668602e-04 1.6576156e-03
 5.1725435e-04 5.7340000e-04 9.8718739e-01 2.0993660e-04 7.2106923e-04
 9.7270211e-04 8.5382018e-04 1.0795944e-03 6.9025665e-04]","[0.03809958 0.05976035 0.01211819 0.00636033 0.01060446 0.5730771
 0.03744115 0.01192807 0.03120255 0.00693879 0.15111455 0.01495837
 0.027091   0.01930553]","[0.24648632 0.7027255  0.01408286 0.00628428 0.00497001 0.00893084
 0.00193294 0.00155576 0.00574937 0.00085773 0.00170231 0.00113648
 0.00129466 0.00229079]"
0,0,0,5,0,"[9.6931893e-01 2.3133188e-02 6.9531926e-04 6.8280537e-04 1.0241310e-03
 8.5612066e-04 2.8281691e-04 6.5593456e-04 9.7889570e-04 2.0903150e-04
 1.8465886e-04 4.0155026e-04 3.6498843e-04 1.2115809e-03]","[0.09097602 0.16991085 0.03933478 0.03601264 0.0308079  0.27149317
 0.04652862 0.01752475 0.0810033  0.01276615 0.10163175 0.0224595
 0.05750447 0.02204608]","[9.8242283e-01 4.5546778e-03 3.6855752e-03 2.9840025e-03 6.2210666e-04
 1.0588155e-03 3.4540871e-04 5.8099779e-04 1.5331403e-03 2.8970363e-04
 2.7829298e-04 1.8477642e-04 3.5509112e-04 1.1045702e-03]"
1,1,1,5,6,"[6.2841410e-03 9.8838252e-01 7.6387601e-04 3.2871510e-04 8.6245371e-04
 5.0403655e-04 2.6387497e-04 1.0738560e-03 2.8115153e-04 2.4517681e-04
 2.4426449e-04 1.8077237e-04 3.1121794e-04 2.7392744e-04]","[0.00832929 0.03022752 0.00441233 0.00223626 0.00781315 0.67099124
 0.0379977  0.00859838 0.01520041 0.00365136 0.18118456 0.00777919
 0.01427374 0.00730474]","[0.01652828 0.00952304 0.00446967 0.04105257 0.00942434 0.33792862
 0.50797755 0.0032674  0.02723577 0.00293422 0.02431547 0.008534
 0.00285228 0.0039569 ]"
0,2,0,0,1,"[9.4860834e-01 2.8161216e-03 3.6458693e-02 5.2429661e-03 1.0298862e-03
 6.0005765e-04 2.8339823e-04 6.0543942e-04 7.0918817e-04 7.0790097e-04
 3.9091337e-04 4.4471040e-04 4.3915081e-04 1.6633016e-03]","[0.3358513  0.23110393 0.1084434  0.04822071 0.02715148 0.02488554
 0.01245121 0.01758819 0.05077901 0.0135384  0.03322883 0.01449492
 0.05389887 0.02836425]","[3.2106470e-02 9.5264328e-01 2.2066799e-03 1.3952559e-03 2.1327168e-03
 2.3863232e-03 7.5262063e-04 1.7151920e-03 1.2613337e-03 5.1944761e-04
 9.3978265e-04 5.3870789e-04 6.5917283e-04 7.4321666e-04]"
0,0,0,5,0,"[9.96669710e-01 5.40233857e-04 4.90724691e-04 4.34639805e-04
 2.16718865e-04 1.46648134e-04 7.44952704e-05 1.07020693e-04
 2.42867143e-04 9.78032840e-05 7.14227644e-05 1.34090456e-04
 1.00115176e-04 6.73510134e-04]","[0.01616349 0.04442051 0.00619342 0.00312799 0.00745816 0.69896924
 0.02757868 0.00913096 0.0206476  0.00385383 0.12671103 0.00907524
 0.01770693 0.00896293]","[9.8228627e-01 5.3045228e-03 2.7696339e-03 2.3221651e-03 6.1240559e-04
 1.4602859e-03 3.6918555e-04 6.5200054e-04 1.8120456e-03 3.1741473e-04
 3.0995655e-04 2.0133995e-04 3.6320093e-04 1.2195114e-03]"
9,9,9,5,4,"[8.0695597e-04 8.9335773e-04 1.3679535e-02 1.1790175e-03 1.5024460e-03
 5.4017693e-04 7.4087176e-04 1.7142771e-03 7.0730015e-04 9.6791381e-01
 3.1256736e-03 1.6759766e-03 1.9040729e-03 3.6166552e-03]","[0.07225869 0.12331605 0.03305796 0.01763197 0.02483342 0.37624273
 0.03737782 0.01548339 0.03572002 0.00783779 0.17428067 0.01839994
 0.04563885 0.01792071]","[0.00278507 0.0160369  0.00401012 0.00313254 0.9582961  0.00141539
 0.00120405 0.00186952 0.00126453 0.00223237 0.00158539 0.00170792
 0.00310625 0.00135386]"
0,0,0,0,0,"[9.9628437e-01 4.9284974e-04 3.6768109e-04 5.8609183e-04 2.0292202e-04
 1.8471450e-04 9.7918215e-05 1.0796705e-04 2.7468128e-04 1.0448719e-04
 8.3958454e-05 1.6465237e-04 1.0779112e-04 9.3977863e-04]","[0.29427046 0.27576348 0.1158822  0.05646083 0.03494668 0.02692745
 0.01465131 0.01290783 0.03359704 0.0085115  0.04393807 0.0118553
 0.05063443 0.01965353]","[9.8450893e-01 3.1986427e-03 2.1246134e-03 1.6920528e-03 6.5635954e-04
 1.6058283e-03 3.1369607e-04 5.8358931e-04 2.3488144e-03 3.9861584e-04
 2.6568229e-04 2.1449394e-04 4.5366725e-04 1.6348806e-03]"
12,12,12,5,6,"[1.0015706e-03 1.6003373e-03 1.4149216e-03 1.7838748e-03 1.1030813e-03
 1.2318841e-03 1.5000688e-03 2.2046922e-03 2.4092889e-03 4.2002373e-03
 6.3682580e-04 7.8693908e-03 9.7045332e-01 2.5905804e-03]","[0.01521566 0.0378575  0.00873788 0.00440716 0.01203693 0.65505904
 0.03179501 0.00876103 0.0219752  0.00445141 0.1544184  0.01173518
 0.02367399 0.0098756 ]","[0.00078663 0.00275792 0.0016768  0.00257125 0.00155171 0.04925817
 0.7829012  0.00268356 0.00625308 0.00272866 0.13900886 0.00285886
 0.00307119 0.00189214]"
4,4,4,5,12,"[1.8119613e-03 1.9388545e-02 1.5676559e-03 7.0696458e-04 9.6284777e-01
 9.5762330e-04 1.4399668e-03 4.0983395e-03 1.7436366e-03 1.2855335e-03
 1.7801602e-03 8.3981425e-04 7.8782911e-04 7.4425846e-04]","[0.03960057 0.09331028 0.02154098 0.01554788 0.01581496 0.4541665
 0.05162088 0.0121562  0.05467957 0.00915388 0.15600753 0.01671048
 0.04192892 0.01776136]","[0.00221838 0.00375914 0.00378404 0.00329266 0.00557487 0.00377409
 0.00437381 0.00479271 0.00586446 0.00831666 0.00672795 0.01760231
 0.92391735 0.00600151]"
11,2,11,5,3,"[0.00397546 0.00365392 0.0101848  0.15258244 0.00538114 0.0055808
 0.00955661 0.00484918 0.00438141 0.26991954 0.00755608 0.42897895
 0.00479107 0.08860847]","[0.01546437 0.07954489 0.00772228 0.00407678 0.01087917 0.6196744
 0.03753487 0.01240436 0.02580139 0.00478449 0.13999455 0.01003692
 0.02357161 0.00850997]","[4.6310462e-03 1.1368451e-03 4.2212121e-03 9.7410822e-01 2.5257298e-03
 8.0954225e-04 2.2745882e-03 8.3583314e-04 7.9101283e-04 9.9518383e-04
 8.3721802e-04 5.2709533e-03 6.5746752e-04 9.0508239e-04]"
2,2,2,5,1,"[1.4718764e-03 5.0527905e-04 9.8840159e-01 9.0236816e-04 5.9142191e-04
 3.5948469e-04 2.4203338e-04 4.1992942e-04 5.9835351e-04 4.2265770e-03
 9.4732334e-04 3.6951041e-04 7.1848475e-04 2.4588819e-04]","[0.01720002 0.05439658 0.00858407 0.00619511 0.01130412 0.5990216
 0.04340253 0.00950074 0.02210587 0.00439185 0.17762908 0.01040886
 0.02586821 0.00999145]","[9.4489129e-03 9.7462976e-01 1.4172023e-03 1.1293105e-03 2.8398677e-03
 2.1222536e-03 1.0090115e-03 3.1843691e-03 1.0386624e-03 4.8629165e-04
 9.1190555e-04 5.6919816e-04 6.4057979e-04 5.7271891e-04]"
5,9,9,5,5,"[1.2412913e-03 8.2990638e-04 1.0550241e-02 1.3124266e-03 1.6528326e-03
 7.2380720e-04 7.7425380e-04 1.8039922e-03 7.5141364e-04 9.6197921e-01
 2.8926181e-03 1.6256730e-03 2.1363189e-03 1.1726018e-02]","[0.01293521 0.03963511 0.00767406 0.00428478 0.00993115 0.6250262
 0.03485006 0.00955114 0.02341821 0.00412642 0.18826397 0.01018598
 0.02155212 0.00856548]","[0.00240276 0.00517339 0.00133021 0.00154555 0.00182192 0.89181113
 0.06707586 0.00178786 0.00775249 0.00172121 0.00991824 0.00259112
 0.00190951 0.00315874]"
1,1,1,5,1,"[2.3078618e-03 9.9063069e-01 7.3079427e-04 5.2027020e-04 1.0699712e-03
 5.0927972e-04 4.3055249e-04 1.9795285e-03 2.6201416e-04 3.7312508e-04
 2.9493563e-04 2.7847008e-04 3.2450285e-04 2.8793674e-04]","[0.04680044 0.09792837 0.02340954 0.01397666 0.01914332 0.45743084
 0.04375192 0.01296615 0.06532209 0.00676041 0.14117925 0.01602868
 0.03929514 0.01600712]","[3.2322645e-02 9.5059991e-01 2.0650893e-03 1.6704984e-03 3.5948141e-03
 2.9680068e-03 8.5145986e-04 1.4112962e-03 1.1785076e-03 4.6757128e-04
 9.3819358e-04 4.9748266e-04 6.5571058e-04 7.7896193e-04]"
7,7,7,5,4,"[5.4090971e-04 3.9346912e-03 4.7469314e-04 3.8830625e-04 1.6240164e-03
 5.0453708e-04 5.8692606e-04 9.8744291e-01 1.9764579e-04 7.3150638e-04
 9.1133302e-04 8.4670546e-04 1.3282618e-03 4.8761585e-04]","[0.0122219  0.0390252  0.0067683  0.00380681 0.00815658 0.6755674
 0.03510219 0.00731646 0.01751162 0.00471139 0.15183504 0.01059088
 0.01912723 0.00825916]","[0.00195942 0.01186646 0.00481266 0.00618578 0.9558585  0.00163469
 0.00194122 0.00218122 0.00141319 0.00248298 0.00215195 0.00263008
 0.00355136 0.00133045]"
0,0,0,5,2,"[9.96208787e-01 9.50879999e-04 5.81742381e-04 5.89431729e-04
 1.92734267e-04 1.70463798e-04 6.42979212e-05 1.01721627e-04
 2.74154329e-04 1.15078547e-04 7.13232439e-05 1.08602915e-04
 9.96745584e-05 4.71157196e-04]","[0.06105126 0.14842701 0.02146171 0.01581287 0.02240188 0.34956273
 0.05126699 0.01638671 0.048118   0.00874301 0.17993812 0.01598488
 0.04150457 0.01934027]","[1.6937023e-02 2.6541578e-03 9.4694608e-01 1.0620373e-02 1.6891935e-03
 1.6226135e-03 1.3523127e-03 8.5822656e-04 4.4351136e-03 3.4476887e-03
 4.0960107e-03 1.9699691e-03 1.8769031e-03 1.4940925e-03]"
8,8,8,5,4,"[0.0035438  0.00141725 0.0142609  0.00391649 0.00528745 0.00952316
 0.01551088 0.00266255 0.79551667 0.00681192 0.11459785 0.00431046
 0.01000583 0.01263477]","[0.00894065 0.02693582 0.00602202 0.0029361  0.00853291 0.61650044
 0.03521581 0.00786088 0.01715096 0.00381149 0.2296477  0.00950567
 0.01892715 0.00801239]","[0.00295136 0.01382685 0.00379614 0.00303053 0.96043056 0.00147715
 0.00116789 0.00191991 0.00141891 0.00217496 0.00154556 0.00174062
 0.00306127 0.00145821]"
4,4,4,5,0,"[2.9494178e-03 4.3488178e-02 2.2055544e-03 7.4138667e-04 9.3260628e-01
 1.7739738e-03 1.6030018e-03 6.0210628e-03 2.0623023e-03 1.8635135e-03
 1.8511420e-03 9.7850023e-04 1.0861198e-03 7.6956162e-04]","[0.06478271 0.17673013 0.04656008 0.03200916 0.0280343  0.26266107
 0.05101722 0.01787264 0.06129793 0.00945751 0.15165791 0.02185732
 0.05484769 0.02121432]","[9.7722399e-01 5.4160520e-03 4.1482612e-03 2.4337335e-03 6.8630965e-04
 2.0734533e-03 4.1403662e-04 6.1774760e-04 3.9756158e-03 3.4570575e-04
 3.6332585e-04 2.1990348e-04 5.0031091e-04 1.5814754e-03]"
12,12,12,5,0,"[5.8006839e-04 1.1276174e-03 1.6267730e-03 1.0628561e-03 8.3864294e-04
 7.8310841e-04 8.0226053e-04 2.5633413e-03 1.4813201e-03 7.0269527e-03
 6.7599356e-04 5.5689486e-03 9.7408414e-01 1.7779893e-03]","[0.01123815 0.02862358 0.00784709 0.00354967 0.00994426 0.5954649
 0.03324102 0.00891717 0.02008608 0.00420792 0.23779942 0.01049549
 0.0197116  0.00887369]","[0.7368748  0.12832999 0.08470795 0.01639016 0.0042087  0.00492955
 0.00193412 0.00295648 0.00860095 0.00164795 0.0031201  0.00123789
 0.00184104 0.00322032]"
5,0,0,5,5,"[6.3088292e-01 3.3895093e-01 1.2725658e-02 2.5308859e-03 2.0389254e-03
 1.2486026e-03 4.9716287e-04 4.7827419e-03 7.8834762e-04 1.2595927e-03
 6.1334827e-04 6.7253911e-04 1.5572549e-03 1.4512810e-03]","[0.00640757 0.01772743 0.00287397 0.00141633 0.00567107 0.8115761
 0.02335122 0.00559872 0.01080446 0.00235949 0.09072613 0.00622387
 0.01000439 0.00525924]","[0.02336198 0.00912826 0.00345406 0.00219591 0.00295736 0.7233377
 0.01445636 0.00339416 0.19054161 0.00222254 0.0098565  0.00462853
 0.00381166 0.00665335]"
4,4,4,5,2,"[7.1148355e-03 2.4736442e-02 1.8695295e-03 8.4911328e-04 9.5247304e-01
 1.4099055e-03 1.0132677e-03 3.1197479e-03 2.0129364e-03 1.3469419e-03
 1.4164012e-03 8.6171489e-04 7.6532585e-04 1.0108296e-03]","[0.02008844 0.0520088  0.00840624 0.00440194 0.01423458 0.61078364
 0.03168603 0.01181281 0.02379231 0.00475292 0.17111799 0.01110693
 0.02482789 0.01097951]","[1.5009154e-02 3.7620610e-03 9.5507586e-01 5.9334869e-03 3.2371683e-03
 1.4808276e-03 8.2153734e-04 9.5491222e-04 2.6519122e-03 2.8157074e-03
 3.3701777e-03 1.4829673e-03 1.8686694e-03 1.5355248e-03]"
6,6,6,5,8,"[4.4513756e-04 2.1717905e-03 7.7105145e-04 1.4043297e-03 3.3371726e-03
 3.3649579e-02 9.0105903e-01 2.9101954e-03 1.4381679e-03 9.7703259e-04
 4.7018688e-02 1.8838751e-03 1.4751401e-03 1.4588771e-03]","[0.01368812 0.03383859 0.0084231  0.00515639 0.00890826 0.6421896
 0.03474294 0.00834296 0.0213727  0.00450893 0.16989927 0.01167564
 0.02676257 0.01049095]","[0.04009511 0.0088236  0.00389235 0.00248198 0.00245411 0.02559748
 0.0044348  0.00346438 0.89130616 0.00206901 0.00502899 0.00271707
 0.00317158 0.00446333]"
2,3,2,5,0,"[0.00628576 0.00162047 0.7839406  0.0212402  0.00272147 0.00115629
 0.00174851 0.00268203 0.00170211 0.15440346 0.00981616 0.00265602
 0.00232122 0.00770589]","[0.08252838 0.16448863 0.02659224 0.02014828 0.01990995 0.3273254
 0.04439955 0.01753158 0.06153461 0.00681341 0.14445615 0.01670634
 0.04557821 0.02198729]","[9.8105067e-01 3.0901423e-03 1.9320602e-03 2.3244873e-03 6.2304205e-04
 2.6584826e-03 4.7227149e-04 7.0626271e-04 3.6568781e-03 3.6587022e-04
 3.1617488e-04 2.8254269e-04 5.2948901e-04 1.9917248e-03]"
13,13,13,5,4,"[5.4422445e-03 6.1805744e-04 5.8913557e-04 6.5538371e-03 1.4019123e-03
 2.9305404e-03 2.8606211e-03 1.7757927e-03 3.3085526e-03 4.1283732e-03
 2.1405027e-03 1.4320720e-02 1.1963965e-03 9.5273328e-01]","[0.05218025 0.11170069 0.02841753 0.01818776 0.02377822 0.38641182
 0.04705495 0.01469178 0.05892893 0.00809266 0.16476391 0.01688977
 0.04633363 0.02256806]","[0.00751687 0.01824879 0.005285   0.00332906 0.94862026 0.00193875
 0.00109383 0.00184436 0.00191862 0.00223335 0.00141743 0.00160239
 0.00289168 0.00205971]"
3,3,3,1,9,"[3.0647430e-03 4.2089511e-04 5.3956889e-04 9.8542887e-01 3.1598561e-04
 4.7386930e-04 9.0934930e-04 6.1918923e-04 5.0684932e-04 5.4243853e-04
 2.4512995e-04 5.4224874e-03 3.6687448e-04 1.1435562e-03]","[0.24638563 0.29432884 0.07743156 0.0645621  0.03706789 0.04039723
 0.01829686 0.01798373 0.0479992  0.01226342 0.04337249 0.01693752
 0.05016385 0.03280967]","[0.00260167 0.00275228 0.01157245 0.00402176 0.00381907 0.00375271
 0.00429541 0.00610798 0.0030236  0.868643   0.0036684  0.02567568
 0.00808767 0.05197832]"
13,2,13,5,0,"[0.00667511 0.00187352 0.00782129 0.00762254 0.00419315 0.00341073
 0.00349343 0.00553375 0.00248174 0.4227213  0.00681799 0.01082353
 0.00453008 0.51200193]","[0.00677096 0.0151349  0.0033229  0.00152517 0.00691001 0.8042441
 0.02134894 0.00561443 0.01097253 0.0028316  0.1007095  0.00587835
 0.0098018  0.00493466]","[9.8447138e-01 2.3870363e-03 3.6021951e-03 2.2807245e-03 6.0891511e-04
 1.2599322e-03 2.9647624e-04 4.6881629e-04 2.1746818e-03 3.0916982e-04
 2.6233721e-04 1.8037704e-04 4.0726940e-04 1.2906799e-03]"
7,1,7,5,1,"[5.9576094e-04 1.1045176e-02 5.4826547e-04 3.9720538e-04 1.5504587e-03
 5.6052528e-04 5.1944808e-04 9.8025197e-01 1.6749521e-04 7.0122525e-04
 8.0429373e-04 8.8481553e-04 1.4800987e-03 4.9324043e-04]","[0.00813278 0.02047087 0.0049165  0.00210273 0.00668971 0.7271933
 0.02069226 0.00731258 0.01401765 0.00353635 0.15543967 0.00871964
 0.01369509 0.00708083]","[0.3844551  0.4344689  0.08470321 0.02299881 0.04049699 0.00645105
 0.00254502 0.00264048 0.00689727 0.00238481 0.00417812 0.0018521
 0.00277111 0.0031571 ]"
5,5,5,5,7,"[3.2587948e-03 2.0246074e-02 7.3609728e-04 7.7727454e-04 2.8718680e-03
 9.2927486e-01 1.0255153e-02 4.2889109e-03 2.7290082e-03 1.1071822e-03
 1.8647943e-02 8.3035103e-04 2.4309645e-03 2.5454604e-03]","[0.02474157 0.05889471 0.00833029 0.00497381 0.01171034 0.6775937
 0.02684575 0.00897902 0.02178248 0.00472657 0.10619312 0.01081405
 0.0249192  0.00949542]","[0.02234    0.25913677 0.00354228 0.00227686 0.01314459 0.00379045
 0.00304437 0.6666508  0.00558036 0.00378611 0.00550447 0.0031346
 0.00377187 0.00429649]"
5,5,5,5,12,"[6.3496395e-03 2.5011061e-03 3.4656646e-04 5.2063039e-04 7.4630009e-04
 9.8056465e-01 1.1620164e-03 6.6827028e-04 2.7218442e-03 4.3682050e-04
 1.8804525e-03 3.6908983e-04 6.4829749e-04 1.0842805e-03]","[0.01114762 0.02723456 0.00862381 0.00332573 0.00968391 0.55193484
 0.02762733 0.00859488 0.01508828 0.00472173 0.2939907  0.01095219
 0.01803575 0.00903877]","[0.00204612 0.00396613 0.00387098 0.00329939 0.00640717 0.00370048
 0.004649   0.00511555 0.00621494 0.00790431 0.00730226 0.0167682
 0.9229702  0.00578536]"
0,0,0,1,4,"[9.9566662e-01 1.0608812e-03 5.6990632e-04 3.9933759e-04 4.0810142e-04
 2.2377771e-04 8.4438769e-05 1.5281678e-04 2.8240791e-04 1.0398028e-04
 7.6872333e-05 1.6094941e-04 1.0780228e-04 7.0225430e-04]","[0.10911882 0.24150404 0.07355316 0.05862597 0.04489782 0.10320872
 0.03196346 0.0279506  0.08498152 0.01828321 0.06532699 0.02696774
 0.08216185 0.03145617]","[0.00403948 0.01639056 0.01047033 0.00442864 0.9463727  0.00165968
 0.00106882 0.00202711 0.0018209  0.00259401 0.00213683 0.00204985
 0.00330345 0.00163769]"
0,0,0,5,11,"[9.9636012e-01 8.3844853e-04 4.5142911e-04 3.7701696e-04 2.0353208e-04
 1.7739878e-04 8.6869841e-05 1.4091280e-04 2.5081306e-04 1.0017852e-04
 7.6546719e-05 1.3318613e-04 1.2334560e-04 6.8029721e-04]","[0.01390235 0.03714909 0.00535662 0.00226244 0.00976898 0.7471211
 0.02014321 0.00801096 0.01596321 0.00341174 0.10741553 0.0081969
 0.01381499 0.00748284]","[5.36430685e-04 1.98613899e-03 3.00635817e-03 1.45224035e-02
 2.82801781e-03 3.32041550e-03 5.76249138e-03 3.69467773e-03
 3.42444982e-03 8.69244803e-03 3.41526070e-03 9.39174414e-01
 5.24167204e-03 4.39485861e-03]"
1,1,1,5,1,"[2.0207791e-03 9.9217963e-01 5.1956554e-04 3.6914108e-04 8.0680131e-04
 4.6191333e-04 3.4987892e-04 1.7751186e-03 2.1413181e-04 2.8038802e-04
 2.6296146e-04 2.1043398e-04 2.8248073e-04 2.6699883e-04]","[0.00968959 0.02406463 0.005871   0.00293069 0.00814676 0.71036595
 0.02667108 0.00750743 0.01553972 0.00313712 0.15584157 0.00830828
 0.01558943 0.00633681]","[6.4789876e-02 9.1106212e-01 2.6193508e-03 2.5181691e-03 2.9763023e-03
 6.0073985e-03 1.5412893e-03 1.6605579e-03 2.5330954e-03 5.4329878e-04
 1.3354077e-03 6.1622675e-04 7.8065135e-04 1.0163558e-03]"
5,5,5,5,0,"[2.5595729e-03 1.6952427e-03 2.6464570e-04 4.5438751e-04 6.3576997e-04
 9.8688614e-01 1.1834386e-03 5.1205466e-04 1.5313182e-03 4.8317775e-04
 1.4918477e-03 4.6363458e-04 5.4601330e-04 1.2928590e-03]","[0.02053415 0.05066343 0.00720367 0.00472761 0.01027576 0.6389475
 0.03302059 0.00918042 0.02613162 0.00413365 0.14935474 0.01175504
 0.0227409  0.01133085]","[9.5064312e-01 5.3662774e-03 2.4857277e-02 6.7578047e-03 9.6800242e-04
 1.9041213e-03 5.2267569e-04 9.8746747e-04 3.1708507e-03 6.5573852e-04
 9.7243860e-04 3.7144785e-04 7.4703590e-04 2.0756905e-03]"
0,0,0,5,2,"[9.96416807e-01 7.24865007e-04 4.42405872e-04 3.64121603e-04
 2.35791202e-04 1.93528453e-04 9.25141576e-05 1.72522516e-04
 2.15446766e-04 1.05708605e-04 8.26227042e-05 1.59631833e-04
 1.09161345e-04 6.84949686e-04]","[0.11058786 0.12100904 0.04334328 0.03137744 0.01829118 0.2812169
 0.04237455 0.01407344 0.09037655 0.00746659 0.13718995 0.01720243
 0.05618224 0.0293085 ]","[5.2076322e-03 1.1715083e-03 9.5650256e-01 6.8274657e-03 1.7739381e-03
 1.1281897e-03 1.1675406e-03 7.9879264e-04 2.6296407e-03 9.7671933e-03
 5.6831045e-03 2.7742919e-03 2.8755644e-03 1.6927269e-03]"
5,5,5,5,7,"[8.4406533e-04 1.4854664e-03 3.0341497e-04 4.0056126e-04 6.3106226e-04
 9.8827177e-01 1.5797591e-03 5.6569214e-04 8.5079658e-04 4.9807318e-04
 2.9633224e-03 3.4549480e-04 5.3174555e-04 7.2864012e-04]","[0.0131386  0.03499471 0.00281206 0.00219276 0.00646699 0.828017
 0.02742014 0.005366   0.01506436 0.00201923 0.0423039  0.00602674
 0.00983763 0.00433984]","[0.00544835 0.06510998 0.00161782 0.00146408 0.01074989 0.0023632
 0.00228617 0.8900583  0.00405072 0.00308153 0.00461841 0.00297064
 0.003338   0.0028428 ]"
5,3,3,5,5,"[1.2327308e-03 4.0438364e-04 3.9581803e-04 9.9306715e-01 4.2311804e-04
 2.4739545e-04 8.4771781e-04 3.8376529e-04 4.1077408e-04 4.4603692e-04
 2.6425402e-04 1.0952801e-03 3.3366409e-04 4.4776217e-04]","[0.00949381 0.0278992  0.00502411 0.00289717 0.0083273  0.7053561
 0.03287646 0.00853358 0.01409414 0.00307464 0.15335813 0.00814097
 0.01440975 0.0065146 ]","[1.7112874e-03 3.5146337e-03 1.3592286e-03 7.0434465e-04 1.3765558e-03
 9.3889743e-01 1.6771434e-02 1.3653822e-03 5.8685369e-03 1.0280892e-03
 2.1830138e-02 1.4402935e-03 1.4816915e-03 2.6510472e-03]"
1,1,1,1,11,"[5.5848127e-03 9.8920840e-01 8.3082425e-04 3.7828504e-04 7.4732513e-04
 4.4684380e-04 2.7548248e-04 1.0650444e-03 2.5152194e-04 2.4192689e-04
 2.1779639e-04 1.7900551e-04 3.3124676e-04 2.4152668e-04]","[0.26453465 0.2746621  0.09162155 0.04940635 0.03686706 0.03862708
 0.01736595 0.01770136 0.07829417 0.00981463 0.03605754 0.01223305
 0.04516817 0.02764625]","[4.8694244e-04 1.8592788e-03 2.4059005e-03 6.6938666e-03 2.6698776e-03
 3.7269592e-03 4.0405616e-03 4.2456468e-03 3.6521575e-03 1.1473451e-02
 2.7956807e-03 9.4255620e-01 5.5757118e-03 7.8178067e-03]"
0,0,0,5,0,"[9.9669999e-01 6.0005026e-04 5.6254846e-04 4.1602459e-04 1.7920010e-04
 1.6971728e-04 8.6894092e-05 1.2345925e-04 2.4678867e-04 9.9215249e-05
 6.8104702e-05 1.4366295e-04 9.3696850e-05 5.1083841e-04]","[0.00693201 0.01798989 0.00466583 0.00205514 0.00640545 0.7001187
 0.02915458 0.00639843 0.01148161 0.00272047 0.18412603 0.00765328
 0.01436326 0.00593535]","[8.5444248e-01 6.5158335e-03 1.6124405e-02 1.0651780e-01 2.5985539e-03
 1.8896419e-03 1.3540636e-03 1.5133889e-03 3.5888010e-03 7.8364986e-04
 8.6764467e-04 8.8291022e-04 1.0248504e-03 1.8958179e-03]"
4,4,4,5,0,"[2.1311650e-03 1.1448244e-02 1.2103355e-03 5.5363332e-04 9.7483069e-01
 9.4032387e-04 1.1106441e-03 2.1394000e-03 1.5438232e-03 9.8693883e-04
 1.2221083e-03 6.8940019e-04 6.0869131e-04 5.8463460e-04]","[0.01498839 0.03175912 0.01011167 0.00483444 0.00869057 0.628418
 0.03348566 0.00701215 0.02877929 0.00440658 0.18192887 0.01037157
 0.02477107 0.01044262]","[9.7325391e-01 1.1446961e-02 3.8911074e-03 2.8104146e-03 9.2763815e-04
 1.6712501e-03 4.7829314e-04 7.4392837e-04 2.0761825e-03 3.4000765e-04
 3.5719664e-04 2.1982387e-04 5.2610843e-04 1.2571194e-03]"
11,11,11,5,6,"[9.2330360e-04 6.2893325e-04 1.2320816e-03 1.2034154e-02 1.3931931e-03
 1.2685924e-03 2.0143259e-03 1.6929639e-03 1.2891623e-03 3.1154649e-03
 4.1607150e-04 9.6413165e-01 1.3066083e-03 8.5534714e-03]","[0.01920653 0.04399991 0.0081345  0.00477683 0.00973674 0.60677326
 0.03809066 0.00853725 0.03070941 0.00463542 0.18433125 0.0102261
 0.01924359 0.01159862]","[7.9781597e-04 1.7395882e-03 9.8357897e-04 3.0473492e-03 1.3143473e-03
 4.1256044e-02 9.1855085e-01 1.9046388e-03 5.1260530e-03 1.8544205e-03
 1.8005425e-02 2.6600207e-03 1.4679456e-03 1.2920762e-03]"
0,0,0,5,4,"[9.96440709e-01 6.82929705e-04 4.97392612e-04 4.56826529e-04
 1.91346058e-04 1.69142251e-04 9.27046713e-05 1.06677195e-04
 2.66616320e-04 1.11211346e-04 7.89713595e-05 1.37198338e-04
 1.13911199e-04 6.54435949e-04]","[0.01182304 0.03024728 0.00693707 0.00322035 0.00773331 0.6751987
 0.03021862 0.00815764 0.01508722 0.00378272 0.17449506 0.01055258
 0.01521131 0.00733519]","[0.00353843 0.01492815 0.00417523 0.00501587 0.95654535 0.0014174
 0.00129192 0.0018756  0.00137407 0.00218852 0.00144015 0.00192178
 0.0029094  0.00137814]"
0,0,0,1,0,"[9.96169508e-01 7.38190429e-04 7.09162676e-04 5.25636424e-04
 2.09319565e-04 1.44441714e-04 8.49902717e-05 1.21699995e-04
 2.67132098e-04 1.28844826e-04 6.76668424e-05 1.35735871e-04
 1.11403970e-04 5.86227747e-04]","[0.11923862 0.19848196 0.07717318 0.04925112 0.03587401 0.13278936
 0.04028154 0.02259287 0.08384404 0.01456661 0.09113298 0.02377107
 0.07512613 0.03587652]","[0.6763242  0.27605113 0.00613978 0.00438301 0.00233594 0.01143826
 0.00200261 0.00398868 0.00780509 0.00109137 0.00174137 0.00099424
 0.00174316 0.00396122]"
6,6,6,5,0,"[3.1145787e-04 5.0865242e-04 2.9125100e-04 9.3903084e-04 9.8244729e-04
 3.6551692e-03 9.8649722e-01 6.4087019e-04 7.2591577e-04 3.4034636e-04
 2.9146259e-03 1.0025670e-03 4.7091855e-04 7.1963121e-04]","[0.06863694 0.17286977 0.02248269 0.01519481 0.01813418 0.35263935
 0.03700127 0.01726817 0.04271146 0.00725014 0.16591693 0.01701473
 0.04337995 0.01949971]","[9.7044659e-01 6.4901137e-03 8.3456114e-03 4.7540385e-03 7.2412565e-04
 1.7039625e-03 6.1515585e-04 6.9170387e-04 3.3988953e-03 3.3774061e-04
 4.3980146e-04 3.0628458e-04 4.2979952e-04 1.3164476e-03]"
4,4,4,5,0,"[1.7371288e-03 1.6959654e-02 1.5073831e-03 6.8018900e-04 9.6677631e-01
 9.1246970e-04 1.3146934e-03 3.4627332e-03 1.6462733e-03 1.2023723e-03
 1.6156167e-03 7.6800835e-04 7.7085581e-04 6.4625224e-04]","[0.01015878 0.03238911 0.00454456 0.00271599 0.0069426  0.7324331
 0.03354112 0.00729989 0.01676895 0.00288067 0.1245149  0.00752589
 0.01192501 0.00635932]","[9.7794652e-01 2.8837097e-03 3.1412558e-03 2.9756387e-03 8.7661756e-04
 3.2618474e-03 5.3954974e-04 5.1354541e-04 4.6880832e-03 3.3765979e-04
 3.6376185e-04 2.6945423e-04 5.0202198e-04 1.7007285e-03]"
7,7,7,5,0,"[6.7104003e-04 6.4849383e-03 4.9514463e-04 4.0148388e-04 1.6836803e-03
 5.9150503e-04 5.1564828e-04 9.8478460e-01 1.7811000e-04 6.8167917e-04
 1.0218652e-03 8.4247062e-04 1.0716079e-03 5.7625864e-04]","[0.01579257 0.04156312 0.00770674 0.00324075 0.01064078 0.65088576
 0.02784906 0.0087547  0.02005587 0.00477108 0.16620149 0.00977526
 0.02279111 0.00997161]","[9.7771376e-01 5.7228887e-03 4.6831919e-03 2.9251475e-03 1.2066558e-03
 2.0903652e-03 4.0229911e-04 5.2084465e-04 2.2916687e-03 3.1348184e-04
 3.1920773e-04 2.1565086e-04 4.6717297e-04 1.1276809e-03]"
3,3,3,1,0,"[8.8750631e-02 2.1272807e-03 2.3700816e-03 8.9767516e-01 6.5908214e-04
 9.8153937e-04 1.1297120e-03 6.1960315e-04 9.6345064e-04 1.0416664e-03
 4.3526251e-04 1.1440259e-03 4.3218615e-04 1.6704359e-03]","[0.15528305 0.26374212 0.06894944 0.06676478 0.05117797 0.05847785
 0.02163162 0.03122917 0.07903613 0.0185529  0.04085651 0.02601124
 0.07872845 0.03955867]","[0.7359383  0.00816966 0.21630058 0.01419715 0.00195227 0.00233382
 0.00126732 0.0017021  0.00632611 0.00224341 0.00372809 0.00119138
 0.00148332 0.00316659]"
6,6,6,5,0,"[4.5810689e-04 1.1822548e-03 5.3755951e-04 1.3305651e-03 1.5544590e-03
 2.8205892e-02 9.5247000e-01 1.3046374e-03 1.1184128e-03 5.1728595e-04
 6.3144369e-03 2.6952194e-03 9.3343569e-04 1.3777760e-03]","[0.09172115 0.15302981 0.03878006 0.02650239 0.02118079 0.32955837
 0.0421602  0.01471577 0.04520294 0.01011766 0.13363817 0.02129679
 0.04930252 0.02279336]","[9.7630709e-01 4.0999157e-03 2.5543920e-03 1.5336674e-03 6.9763971e-04
 3.8175276e-03 4.8675798e-04 7.0613693e-04 5.5563827e-03 4.4838482e-04
 3.8624759e-04 2.7828422e-04 5.4237130e-04 2.5852975e-03]"
0,8,0,1,0,"[9.9580258e-01 9.1948977e-04 3.3597887e-04 4.0426676e-04 2.9865143e-04
 2.6811671e-04 9.7997698e-05 1.5825343e-04 4.2824214e-04 8.4226136e-05
 8.5910280e-05 1.6232535e-04 1.2832801e-04 8.2555512e-04]","[0.17894661 0.23653533 0.10676879 0.0744427  0.0419955  0.05570786
 0.02220033 0.02386376 0.06033529 0.01605831 0.05839818 0.02174524
 0.0699149  0.03308722]","[9.7542518e-01 4.9482770e-03 8.2266387e-03 2.0812689e-03 1.1349957e-03
 1.5024495e-03 2.8566882e-04 6.3746405e-04 2.7213590e-03 3.9284374e-04
 3.8803447e-04 2.2224434e-04 4.4606585e-04 1.5874880e-03]"
0,0,0,5,2,"[9.9219936e-01 3.7204530e-03 8.1363862e-04 3.6690899e-04 4.8909581e-04
 2.9817474e-04 8.9718807e-05 3.0119508e-04 3.6433502e-04 1.3716501e-04
 1.0115352e-04 1.8027370e-04 1.7195671e-04 7.6661241e-04]","[0.00436904 0.01057063 0.0022353  0.00096894 0.00455851 0.84012854
 0.02072856 0.00489214 0.00824142 0.00225256 0.08444777 0.00510554
 0.00699399 0.00450697]","[0.24048443 0.01443054 0.6493975  0.04219806 0.00880997 0.00517028
 0.00282305 0.00173861 0.01323642 0.00273981 0.00829983 0.00210201
 0.00481278 0.00375667]"
5,1,1,5,5,"[2.9651853e-03 9.9126387e-01 5.9505441e-04 3.5682993e-04 7.4790558e-04
 4.4006133e-04 2.8018295e-04 1.9016189e-03 2.2089764e-04 2.4613013e-04
 2.6992589e-04 1.9424038e-04 2.8221463e-04 2.3588259e-04]","[0.03249558 0.07346801 0.01217692 0.00693541 0.01687814 0.57534295
 0.03103495 0.01068217 0.02964743 0.00591186 0.15274683 0.01165265
 0.02891684 0.01211033]","[5.6291842e-03 3.5164540e-03 1.8349313e-03 9.0686994e-04 1.7596134e-03
 9.3157703e-01 1.6034991e-02 1.5195196e-03 1.0314449e-02 9.9174504e-04
 1.9883176e-02 1.5696497e-03 1.8322264e-03 2.6301693e-03]"
0,0,0,5,3,"[9.9243999e-01 5.2801665e-04 1.9208086e-03 1.4880147e-03 2.7618403e-04
 1.9306199e-04 1.2371957e-04 2.0028726e-04 3.9811770e-04 2.1562284e-04
 1.4170133e-04 2.2499604e-04 1.8714531e-04 1.6622586e-03]","[0.00936715 0.02998107 0.00479036 0.00236131 0.00720275 0.71733135
 0.02714316 0.00866262 0.01753174 0.00349953 0.1367504  0.00868067
 0.01892401 0.00777397]","[2.3505380e-02 2.3901348e-03 1.0046931e-02 9.4816035e-01 3.1802005e-03
 1.2734287e-03 2.4382558e-03 9.8857016e-04 1.7271201e-03 8.3921431e-04
 9.9807256e-04 2.7141578e-03 7.7247410e-04 9.6573349e-04]"
1,1,1,5,0,"[1.0183604e-02 9.8363751e-01 7.2240498e-04 3.6712195e-04 1.1806013e-03
 5.3453329e-04 3.2583458e-04 1.2492380e-03 3.5098137e-04 2.6546256e-04
 2.7244005e-04 2.1618952e-04 3.7204206e-04 3.2204279e-04]","[0.02088771 0.05476006 0.01068009 0.00690959 0.01367498 0.56222177
 0.03993944 0.01124859 0.02975507 0.00525094 0.19611758 0.0116993
 0.02535058 0.0115043 ]","[9.7566438e-01 3.8713617e-03 2.4723497e-03 2.7845891e-03 7.2141935e-04
 4.9125073e-03 6.0925720e-04 6.3158112e-04 3.9471281e-03 3.5681203e-04
 3.5139910e-04 3.2965463e-04 5.7287351e-04 2.7749238e-03]"
3,3,3,5,13,"[2.8474126e-03 4.4028298e-04 4.2082189e-04 9.9117786e-01 3.2486979e-04
 2.2161697e-04 9.8296232e-04 3.0478524e-04 3.9184777e-04 4.5840468e-04
 2.3148218e-04 1.1689552e-03 2.8276042e-04 7.4601715e-04]","[0.0118833  0.02489873 0.00370879 0.00177722 0.00677662 0.8227844
 0.01576195 0.00667322 0.01360395 0.00310616 0.06174206 0.00836227
 0.01103909 0.00788232]","[0.02395391 0.0063644  0.00602487 0.01226688 0.00630904 0.01771838
 0.00722638 0.0128673  0.03297236 0.03579765 0.00587802 0.2592813
 0.016749   0.55659044]"
13,0,13,5,1,"[0.12835999 0.00162044 0.00777397 0.00560968 0.00405004 0.00315352
 0.00231619 0.00302881 0.00303387 0.01900978 0.00256205 0.00475541
 0.00229704 0.81242925]","[0.0456382  0.2710281  0.01152422 0.01106507 0.01782322 0.3854132
 0.04021525 0.01552134 0.04157994 0.00678301 0.09964309 0.0119288
 0.03017929 0.011657  ]","[8.8903829e-03 9.7481585e-01 1.2906792e-03 1.3578042e-03 3.6840844e-03
 2.1134238e-03 1.0070757e-03 2.7293104e-03 9.4801717e-04 4.8249724e-04
 8.8541256e-04 6.0626620e-04 6.3003961e-04 5.5910641e-04]"
0,0,0,5,0,"[9.4424272e-01 1.9300070e-03 4.0908709e-02 3.1048015e-03 8.8661141e-04
 4.5588994e-04 2.6007381e-04 7.0132286e-04 8.3998940e-04 1.3771699e-03
 3.5921927e-04 4.0519450e-04 6.8004144e-04 3.8483106e-03]","[0.00918645 0.02610315 0.00440755 0.00242489 0.00667235 0.74291325
 0.02699653 0.00710561 0.014565   0.00285129 0.12925786 0.00746613
 0.01330508 0.00674486]","[9.2463821e-01 7.3573794e-03 4.1979857e-02 1.0469482e-02 1.6559282e-03
 2.3959684e-03 6.3684041e-04 1.0272244e-03 4.0983539e-03 8.0585753e-04
 1.2596088e-03 4.2065655e-04 8.7892060e-04 2.3757885e-03]"
0,0,0,5,0,"[9.5975512e-01 3.1159673e-02 1.8107288e-03 1.3741814e-03 1.1436914e-03
 6.5941265e-04 2.4005125e-04 1.0737507e-03 5.1758118e-04 2.9890906e-04
 2.0676212e-04 3.1990858e-04 3.8397635e-04 1.0562547e-03]","[0.06564295 0.09220126 0.02521324 0.01444424 0.02100986 0.4738236
 0.03881113 0.01544126 0.04410188 0.00921984 0.11497954 0.01685893
 0.0493326  0.01891975]","[9.8353577e-01 3.8262282e-03 3.1027272e-03 1.9688120e-03 4.7185089e-04
 1.4192186e-03 3.3695012e-04 6.3034071e-04 2.2666994e-03 3.0580605e-04
 2.8302698e-04 1.8616568e-04 4.4033211e-04 1.2260809e-03]"
5,5,5,5,0,"[8.3623681e-04 1.2180322e-03 2.2202014e-04 3.3968608e-04 4.8440593e-04
 9.9022067e-01 1.0322985e-03 3.7345843e-04 1.2355803e-03 3.5618342e-04
 2.1858930e-03 2.8232980e-04 4.2906348e-04 7.8402361e-04]","[0.0371859  0.11948483 0.01284861 0.01066226 0.01588996 0.45101285
 0.05510235 0.01369125 0.04465055 0.00652122 0.16739461 0.01528271
 0.03288582 0.01738716]","[9.7215706e-01 6.4987661e-03 4.0816530e-03 2.1736391e-03 1.5491446e-03
 4.0239240e-03 4.9747003e-04 5.6675141e-04 4.8778201e-03 3.7578825e-04
 4.3216371e-04 2.5326019e-04 5.6246319e-04 1.9502556e-03]"
9,9,9,5,1,"[8.0138980e-04 9.4654720e-04 1.4570376e-02 1.5317600e-03 1.6569146e-03
 6.3529785e-04 7.7817758e-04 1.8064610e-03 8.5568352e-04 9.6545792e-01
 3.4645305e-03 1.5507384e-03 1.9508747e-03 3.9932956e-03]","[0.01901994 0.05986051 0.01009294 0.0060855  0.01291181 0.59054893
 0.02931283 0.01189561 0.02416336 0.00571832 0.17218836 0.01300577
 0.03265016 0.01254595]","[2.5196757e-02 9.6029466e-01 1.5623731e-03 1.4861303e-03 1.9723761e-03
 2.5873885e-03 8.7036233e-04 1.5731109e-03 1.1664497e-03 5.2650296e-04
 9.2141074e-04 5.4313178e-04 6.5185665e-04 6.4748985e-04]"
5,5,5,5,2,"[8.2971581e-04 1.2450208e-03 2.5820761e-04 3.5493594e-04 4.2891363e-04
 9.9071151e-01 8.5647235e-04 4.7926433e-04 1.4749848e-03 3.9560467e-04
 1.5262091e-03 3.0844193e-04 4.9308251e-04 6.3746970e-04]","[0.06053873 0.10575887 0.02668655 0.01678817 0.02006434 0.45019943
 0.03700186 0.01309338 0.04603821 0.00801788 0.13295469 0.0185381
 0.04757269 0.01674721]","[0.04994899 0.05217235 0.8229292  0.01166277 0.00839545 0.00433328
 0.00212917 0.00547712 0.00893523 0.00754729 0.01338627 0.00265756
 0.00695748 0.00346769]"
1,1,1,5,0,"[6.5527582e-03 9.8639435e-01 7.0273783e-04 4.2989510e-04 2.0007275e-03
 5.4808665e-04 3.0843980e-04 1.3678640e-03 2.8253405e-04 2.6522894e-04
 2.7752260e-04 1.9969084e-04 3.1838461e-04 3.5170565e-04]","[0.00921868 0.02547692 0.00537847 0.00253912 0.00705016 0.69556725
 0.03107435 0.00723694 0.01555574 0.00335954 0.16916704 0.00791316
 0.01332094 0.00714167]","[8.58423591e-01 1.06807984e-01 7.59446248e-03 3.82406171e-03
 1.96984154e-03 5.60957892e-03 1.51691143e-03 2.20106775e-03
 6.06389437e-03 7.49759900e-04 1.34227984e-03 5.12692961e-04
 1.06078060e-03 2.32317206e-03]"
6,6,6,5,1,"[3.8116865e-04 1.8882044e-03 4.2734260e-04 9.6536055e-04 2.1859752e-03
 4.0202625e-02 9.2441148e-01 1.8669767e-03 1.7236333e-03 6.6132750e-04
 2.1478688e-02 1.1189368e-03 1.2359484e-03 1.4523552e-03]","[0.0119889  0.02791422 0.00641487 0.0030548  0.00783694 0.69140506
 0.02893955 0.00819745 0.0190992  0.00369835 0.15573314 0.00916725
 0.01817676 0.0083736 ]","[2.1941170e-02 9.6063304e-01 1.8767428e-03 2.4742489e-03 2.9371283e-03
 2.5832041e-03 1.2754690e-03 1.7596176e-03 1.1341006e-03 5.5330637e-04
 9.3161344e-04 6.5189297e-04 6.4091902e-04 6.0744392e-04]"
0,0,0,5,2,"[9.93520558e-01 1.07326056e-03 1.27150177e-03 1.69594691e-03
 4.04803897e-04 2.05110875e-04 1.16896517e-04 1.84964490e-04
 2.53861421e-04 1.57290066e-04 9.20866005e-05 1.60127165e-04
 1.21158155e-04 7.42416538e-04]","[0.04287308 0.0928883  0.01625228 0.01010294 0.01460639 0.4795707
 0.03649348 0.0132596  0.04058803 0.00591512 0.1816685  0.01516018
 0.03402038 0.01660105]","[1.1544478e-02 1.3327564e-03 9.5194596e-01 1.3509791e-02 1.9996485e-03
 1.2179783e-03 8.5429219e-04 7.1753003e-04 3.2646572e-03 4.1455692e-03
 3.6157090e-03 2.0665100e-03 2.3605463e-03 1.4246061e-03]"
1,1,1,5,6,"[4.1813101e-03 9.9077952e-01 6.5185351e-04 2.9598566e-04 7.8198477e-04
 4.5809941e-04 2.4488047e-04 1.1739738e-03 2.5839187e-04 2.1737289e-04
 2.0970800e-04 1.7350868e-04 3.2093388e-04 2.5245099e-04]","[0.01010184 0.02673313 0.00449685 0.0022119  0.00844001 0.7344601
 0.0243999  0.00736001 0.01295367 0.00340505 0.13334237 0.00907028
 0.01569722 0.00732769]","[4.6236778e-04 1.4934285e-03 9.8316837e-04 4.8087034e-03 1.5398515e-03
 1.4214595e-02 9.3235910e-01 2.2450862e-03 3.3655073e-03 2.4664917e-03
 2.6410472e-02 5.8059152e-03 2.5486166e-03 1.2968526e-03]"
12,12,12,5,3,"[0.00110218 0.00196768 0.0018333  0.001429   0.00157231 0.00128275
 0.00161712 0.02798509 0.00140546 0.01493526 0.001232   0.01052714
 0.92550796 0.00760274]","[0.01801872 0.0333547  0.00723009 0.00498997 0.01024107 0.7160196
 0.03050233 0.00695498 0.02158307 0.00414371 0.10489707 0.00987209
 0.02361941 0.00857307]","[0.2460487  0.00955938 0.01706226 0.6931725  0.00368999 0.00345421
 0.00368894 0.00246209 0.00586197 0.00149886 0.00182101 0.00408787
 0.00214092 0.00545138]"
0,3,0,1,9,"[9.6980190e-01 1.0043089e-03 2.0830790e-03 2.1990363e-02 6.1734277e-04
 4.3131085e-04 3.0129953e-04 3.1512836e-04 4.5694958e-04 4.6875246e-04
 2.1019681e-04 5.0668226e-04 2.2231801e-04 1.5902147e-03]","[0.19226587 0.34078196 0.05540808 0.05191236 0.03321854 0.06274877
 0.02423673 0.02011313 0.10934623 0.00630774 0.03364508 0.01219835
 0.03624618 0.02157098]","[0.00136682 0.00174344 0.01178385 0.00270034 0.00371128 0.002367
 0.00382478 0.00453097 0.00235314 0.91455626 0.00395625 0.0187231
 0.01012874 0.01825411]"
12,12,12,1,2,"[1.2034513e-03 1.9063868e-03 1.6034995e-03 1.6212155e-03 1.1205098e-03
 1.2605640e-03 1.4400864e-03 2.3025996e-03 2.6135202e-03 4.4791936e-03
 7.5645669e-04 6.6524087e-03 9.7050416e-01 2.5359762e-03]","[0.15516782 0.24925753 0.06953448 0.05824855 0.03783846 0.10196985
 0.03236888 0.02195118 0.07154261 0.01228081 0.06481678 0.02432809
 0.06981421 0.03088079]","[0.14623696 0.00442176 0.7705151  0.04501533 0.00231509 0.00270143
 0.00198433 0.00162414 0.00871649 0.00353096 0.00504246 0.00207606
 0.00280388 0.00301609]"
4,4,4,5,1,"[1.4640244e-03 1.1913956e-02 1.3369758e-03 5.0266966e-04 9.7250104e-01
 9.4786851e-04 1.4724735e-03 3.2049255e-03 1.7039672e-03 1.0782600e-03
 1.6660989e-03 7.6808070e-04 6.7829021e-04 7.6155382e-04]","[0.12361217 0.18410817 0.06082654 0.04115542 0.03835872 0.19241759
 0.0365166  0.0237709  0.07726935 0.0132964  0.08940908 0.02327426
 0.06521334 0.03077152]","[1.5689151e-02 9.6866655e-01 1.9424955e-03 1.4822575e-03 2.7718558e-03
 2.2615788e-03 9.8712801e-04 1.7421618e-03 1.1828660e-03 4.7706859e-04
 8.6764689e-04 6.2622433e-04 6.2463991e-04 6.7850755e-04]"
0,0,0,5,11,"[9.9624109e-01 7.9677883e-04 6.2338408e-04 3.2646704e-04 2.4101367e-04
 1.8222618e-04 8.2318889e-05 1.3682072e-04 2.5335938e-04 1.1677467e-04
 7.6711789e-05 1.4489677e-04 1.1883801e-04 6.5944914e-04]","[0.01618087 0.04574542 0.0103362  0.0058696  0.01205695 0.61788034
 0.03396674 0.01000322 0.02287948 0.00475934 0.17270806 0.01275386
 0.02565018 0.00920963]","[4.3245713e-04 2.6710560e-03 2.0274871e-03 5.8468389e-03 3.3204204e-03
 4.4518895e-03 8.7561514e-03 4.9801818e-03 3.7082613e-03 1.4883895e-02
 4.3760804e-03 9.3000090e-01 8.2705105e-03 6.2738098e-03]"
0,0,0,5,2,"[9.4680083e-01 3.7252873e-03 3.4305654e-02 7.8931749e-03 1.2402877e-03
 4.6685236e-04 3.0781078e-04 5.9576798e-04 6.1186362e-04 1.1599173e-03
 3.4699595e-04 4.0948097e-04 3.7160635e-04 1.7647007e-03]","[0.00570413 0.0147987  0.00619016 0.00193828 0.00643509 0.6257604
 0.02664007 0.00656715 0.01266009 0.00386424 0.25913978 0.00806919
 0.01564247 0.00659028]","[0.12474711 0.00813159 0.8136861  0.0157531  0.00550433 0.00379716
 0.00128232 0.00182225 0.00862085 0.00274381 0.00522624 0.00175324
 0.00309226 0.00383984]"
8,8,8,5,9,"[0.00166721 0.0019782  0.00099917 0.00173069 0.00501654 0.07285226
 0.02184252 0.00206428 0.865514   0.00098473 0.01609017 0.00285854
 0.00435049 0.00205131]","[0.00642771 0.01515219 0.00354862 0.00157808 0.00605156 0.79388493
 0.0211581  0.00633448 0.00962684 0.00311885 0.10851504 0.00689817
 0.01212142 0.00558415]","[0.00103305 0.00184494 0.0159022  0.00313323 0.00448074 0.00220921
 0.00425552 0.00509384 0.00258671 0.9026687  0.00632648 0.02613395
 0.01146219 0.01286908]"
1,6,5,1,1,"[3.8608661e-04 1.4159452e-03 1.8744804e-04 3.1395024e-04 6.4053788e-04
 9.8271841e-01 6.5761814e-03 5.6439632e-04 1.4634405e-03 3.6604650e-04
 3.6133919e-03 4.1872749e-04 6.0225604e-04 7.3328958e-04]","[0.11295638 0.22682784 0.04394129 0.02042514 0.01842387 0.2092998
 0.05442625 0.02236155 0.04358912 0.00875999 0.14181045 0.01872809
 0.05571404 0.02273633]","[8.9932606e-02 8.7895828e-01 6.1455225e-03 2.6850207e-03 4.8878957e-03
 4.8282873e-03 1.6538400e-03 2.1348828e-03 3.0482151e-03 7.5050758e-04
 1.8686564e-03 7.2738429e-04 1.0161570e-03 1.3627326e-03]"
0,0,0,5,1,"[9.93221879e-01 2.92027276e-03 5.86038339e-04 4.25991660e-04
 3.36915138e-04 2.84571870e-04 1.27014151e-04 3.07889335e-04
 2.85399728e-04 1.39025098e-04 1.13639864e-04 1.37604598e-04
 1.85780300e-04 9.27970919e-04]","[0.00931318 0.02027378 0.00431467 0.00200574 0.00588872 0.78496456
 0.02163947 0.00630659 0.01065218 0.00306512 0.1055824  0.00796585
 0.01163126 0.00639639]","[4.1452833e-03 9.6876693e-01 1.0009878e-03 2.4641529e-03 5.1877629e-03
 2.4887468e-03 2.8103534e-03 6.6346927e-03 1.2696947e-03 8.3474501e-04
 1.6012223e-03 1.1534712e-03 9.8111411e-04 6.6096516e-04]"
1,1,1,5,8,"[8.3520748e-03 9.8616308e-01 8.1789703e-04 3.7756542e-04 1.0537134e-03
 5.3459720e-04 2.4324532e-04 9.4898400e-04 2.9423338e-04 2.2846054e-04
 2.1808071e-04 1.6836918e-04 3.0820753e-04 2.9160889e-04]","[0.03508968 0.08445789 0.04201707 0.0179187  0.02264641 0.31429547
 0.04774179 0.01603508 0.04650924 0.01097948 0.26349452 0.02144503
 0.05688486 0.02048483]","[0.03325393 0.00826578 0.00426208 0.0025129  0.00277916 0.03190157
 0.00454005 0.00394007 0.8889375  0.00234184 0.00564419 0.00344575
 0.00357528 0.00459993]"
8,8,8,1,0,"[7.3501552e-03 8.2870427e-04 7.8258413e-04 1.5915257e-03 1.3266224e-03
 1.4949404e-02 3.0339160e-03 4.1260038e-04 9.6402997e-01 4.0333066e-04
 1.8591025e-03 9.0835127e-04 1.2786151e-03 1.2450003e-03]","[0.16445863 0.26021686 0.03270568 0.02251619 0.02028413 0.21796511
 0.03422189 0.01855173 0.06622744 0.00634283 0.07081321 0.02057429
 0.04273472 0.02238728]","[0.7811856  0.02200082 0.00824517 0.00578336 0.00251338 0.0401801
 0.00623238 0.00286076 0.11758921 0.00175956 0.00235218 0.00184287
 0.00199139 0.00546326]"
5,5,5,1,6,"[9.2598319e-04 1.4529515e-03 2.8313635e-04 3.0239759e-04 5.5452064e-04
 9.9050993e-01 8.9403300e-04 4.6810354e-04 1.1245225e-03 4.6703179e-04
 1.5891093e-03 3.1441436e-04 5.2122754e-04 5.9262919e-04]","[0.10656808 0.24173033 0.05565852 0.03391049 0.03394119 0.15295187
 0.03861809 0.01843053 0.07525782 0.01007841 0.12741469 0.01632934
 0.06269659 0.02641409]","[7.8733411e-04 1.5537357e-03 1.2440392e-03 4.9157701e-03 1.2419849e-03
 1.5562798e-02 9.3891358e-01 2.0164922e-03 4.1460143e-03 1.9987717e-03
 2.1294493e-02 3.4838589e-03 1.7322093e-03 1.1089476e-03]"
0,2,0,5,0,"[8.7431955e-01 6.2656053e-03 7.9084307e-02 5.0090631e-03 1.7607393e-03
 1.3699776e-03 6.8868994e-04 1.5593960e-03 2.2399276e-03 4.2012604e-03
 1.2299638e-03 9.1230025e-04 1.9514874e-03 1.9407719e-02]","[0.01183402 0.02960928 0.00548293 0.00384998 0.0080871  0.70984894
 0.03399243 0.00819943 0.01780008 0.00362746 0.1309163  0.00939354
 0.01932334 0.0080352 ]","[9.8408222e-01 3.6368410e-03 3.1341035e-03 2.2272870e-03 5.4702966e-04
 1.2122046e-03 3.1800690e-04 5.2276195e-04 1.7592694e-03 3.3925669e-04
 2.6859072e-04 1.8226523e-04 3.7603933e-04 1.3940078e-03]"
0,0,0,5,6,"[9.96035278e-01 4.99359739e-04 3.65952728e-04 4.19224903e-04
 2.40680922e-04 3.07431590e-04 8.97923383e-05 1.20276614e-04
 4.09461238e-04 9.27866931e-05 9.53270137e-05 1.77715789e-04
 1.13640512e-04 1.03315024e-03]","[0.01215579 0.02835016 0.00630018 0.00380441 0.00924273 0.71492016
 0.03335446 0.00830149 0.02019028 0.00313249 0.12784868 0.00835231
 0.01625266 0.00779418]","[4.9204845e-04 1.6007957e-03 1.0799412e-03 5.3766309e-03 1.4596102e-03
 1.1019086e-02 9.3555427e-01 2.7141613e-03 3.2711306e-03 2.9064252e-03
 2.5374662e-02 5.6546917e-03 2.2601904e-03 1.2363874e-03]"
12,12,12,5,1,"[7.3936052e-04 1.5470468e-03 1.1350285e-03 1.7718289e-03 1.0001395e-03
 1.0526626e-03 1.5720072e-03 4.7372980e-03 1.8468709e-03 5.4529584e-03
 7.5198343e-04 1.0717787e-02 9.6572936e-01 1.9457607e-03]","[0.00642176 0.01982274 0.0066681  0.00286727 0.00757673 0.53889096
 0.04756614 0.00686333 0.01583798 0.00324636 0.31048954 0.00856765
 0.01785728 0.0073241 ]","[0.15202121 0.7608041  0.04146194 0.00692544 0.00968467 0.00557561
 0.00253969 0.00381237 0.00606278 0.00158921 0.00427464 0.001668
 0.00165593 0.00192436]"
0,0,0,5,10,"[9.9664116e-01 6.7124597e-04 5.0990342e-04 3.3009175e-04 2.0178122e-04
 1.7859717e-04 7.9981604e-05 1.2108542e-04 2.5711002e-04 1.0179315e-04
 7.8242250e-05 1.2932102e-04 9.9524572e-05 6.0027157e-04]","[0.07458004 0.18095721 0.02005337 0.01431151 0.01553982 0.39352915
 0.03988396 0.01601365 0.05171681 0.00672222 0.11456586 0.0156843
 0.03707031 0.01937183]","[6.7747751e-04 3.5444833e-03 6.3892854e-03 1.8126029e-03 2.1423674e-03
 1.9937292e-02 4.8966613e-02 3.6759751e-03 2.4401394e-03 3.2958537e-03
 8.9865410e-01 2.1196539e-03 4.1323402e-03 2.2118357e-03]"
1,1,1,5,4,"[3.0702066e-03 9.8943591e-01 4.8659462e-04 4.0430026e-04 1.0482322e-03
 5.5284274e-04 4.9391226e-04 2.6185680e-03 2.5981045e-04 2.8164772e-04
 2.9574780e-04 2.6925578e-04 3.9094823e-04 3.9198197e-04]","[0.01517516 0.05036993 0.00944998 0.00572799 0.01072626 0.5837879
 0.03898294 0.01028524 0.02760015 0.00431642 0.19484548 0.01114227
 0.02661229 0.01097809]","[0.0160803  0.02064691 0.00633578 0.00438484 0.93281233 0.00254429
 0.00123489 0.00202973 0.00301203 0.00209295 0.00157641 0.00162916
 0.00301271 0.00260765]"
0,0,0,5,8,"[7.8094202e-01 3.9910697e-03 1.6612297e-01 3.4075271e-02 1.5920256e-03
 9.4680930e-04 7.7288999e-04 1.4747820e-03 1.2232839e-03 2.4594225e-03
 7.3113188e-04 9.6202205e-04 1.1161179e-03 3.5901428e-03]","[0.06566904 0.14442922 0.03689989 0.03213671 0.02270604 0.31497183
 0.05504519 0.01774652 0.08375266 0.00790087 0.12579523 0.01963013
 0.05037782 0.02293902]","[0.02562513 0.00584074 0.0041374  0.00225079 0.00245601 0.02246562
 0.00374951 0.00370293 0.91083866 0.00208859 0.00715556 0.00247026
 0.00362787 0.0035911 ]"
10,10,10,1,9,"[1.6260656e-04 3.6870068e-04 1.6683455e-03 4.2345279e-04 1.1014558e-03
 2.0812030e-03 5.7411711e-03 1.3123186e-03 1.0331172e-03 2.0373359e-03
 9.8230690e-01 2.9957565e-04 7.9864025e-04 6.6525087e-04]","[0.1509414  0.33259618 0.04145446 0.02524041 0.02153056 0.14942761
 0.02714326 0.01465304 0.05792506 0.00839991 0.07168062 0.01867796
 0.05782852 0.02250092]","[0.00196467 0.00208658 0.01664612 0.00317164 0.00326676 0.00208878
 0.0034478  0.00503803 0.00265282 0.9162592  0.00362963 0.01415867
 0.00738666 0.0182026 ]"
12,12,12,5,12,"[8.8130875e-04 1.5944444e-03 1.3191353e-03 1.3286885e-03 9.9706976e-04
 9.7542728e-04 1.1777614e-03 2.6384352e-03 2.0026725e-03 3.8873858e-03
 5.9690227e-04 5.9263287e-03 9.7475320e-01 1.9213019e-03]","[0.09287415 0.17305432 0.02829912 0.01831057 0.02087517 0.3159869
 0.04522646 0.01731651 0.06638743 0.00741737 0.12700476 0.01837926
 0.04751328 0.02135468]","[0.0033201  0.00539979 0.00422582 0.00356031 0.00617671 0.00503341
 0.00440477 0.00498395 0.00779586 0.00745319 0.00651001 0.01887821
 0.9148299  0.00742788]"
5,5,5,1,5,"[1.1223111e-03 1.6968686e-03 3.1844623e-04 7.4993935e-04 1.2808818e-03
 9.4111711e-01 3.0524060e-02 9.7463408e-04 4.2280513e-03 4.5368090e-04
 1.4333307e-02 7.5292087e-04 1.0577727e-03 1.3900619e-03]","[0.06286015 0.27327436 0.04002939 0.02246603 0.02139257 0.22372557
 0.06179236 0.01547832 0.06627451 0.00793524 0.14070864 0.01257692
 0.03675491 0.01473107]","[1.9425018e-03 2.7838335e-03 1.2209668e-03 8.0388587e-04 1.2250987e-03
 9.4539607e-01 1.7493345e-02 1.2667837e-03 5.6609539e-03 9.5578731e-04
 1.5688580e-02 1.5253786e-03 1.3732197e-03 2.6635670e-03]"
0,0,0,5,12,"[9.9645764e-01 5.6860753e-04 4.9341348e-04 4.3899086e-04 2.2696587e-04
 2.3229372e-04 7.1506787e-05 9.6337491e-05 4.3547474e-04 8.2005376e-05
 6.7291163e-05 1.5835543e-04 1.0017943e-04 5.7083956e-04]","[0.01580054 0.0476057  0.00782529 0.00486901 0.00983011 0.6377019
 0.03724191 0.00910014 0.02207024 0.00399102 0.16340365 0.01007446
 0.02089401 0.00959198]","[0.00217614 0.00477232 0.00374181 0.00318516 0.00689528 0.00405422
 0.00470825 0.0056568  0.00602204 0.00790363 0.00704457 0.0165751
 0.92159396 0.00567077]"
5,6,5,5,1,"[1.2921151e-03 3.8951572e-03 4.9865927e-04 2.5307650e-03 2.5063297e-03
 7.8517222e-01 1.8403620e-01 1.7319918e-03 4.3131849e-03 8.3300716e-04
 8.1797661e-03 2.0547551e-03 1.4994894e-03 1.4563707e-03]","[0.01380499 0.04172077 0.00769864 0.00370055 0.00986822 0.60594875
 0.04108979 0.00904533 0.02220689 0.00442671 0.19860005 0.0108827
 0.02169901 0.0093077 ]","[7.8458704e-02 8.9911276e-01 2.3352087e-03 2.3275216e-03 1.6835670e-03
 5.6801480e-03 1.4233147e-03 2.1628996e-03 2.2309169e-03 6.3144357e-04
 1.0611498e-03 7.5596501e-04 9.2803099e-04 1.2086163e-03]"
5,5,5,5,5,"[1.3527514e-03 1.4412334e-03 2.3331390e-04 4.3206400e-04 5.4224761e-04
 9.8988909e-01 7.7026419e-04 4.5058160e-04 1.1697892e-03 4.3669951e-04
 1.6098397e-03 3.5267853e-04 4.8580999e-04 8.3372713e-04]","[0.05011665 0.12434611 0.04124384 0.02168926 0.02276736 0.3269795
 0.04484293 0.01659825 0.04231999 0.01019343 0.18702163 0.0218171
 0.06612652 0.02393748]","[0.00371578 0.00409657 0.00115208 0.00097551 0.001448   0.95803857
 0.00862373 0.0012342  0.00721253 0.00099415 0.00594138 0.00183403
 0.00167698 0.00305634]"
5,5,5,5,8,"[1.1790619e-03 1.5738813e-03 2.9858088e-04 4.1160505e-04 6.5434258e-04
 9.9010497e-01 7.1085343e-04 5.1350315e-04 1.1552632e-03 4.8786215e-04
 1.3351198e-03 3.7041469e-04 4.9578527e-04 7.0866954e-04]","[0.01703121 0.037938   0.00938935 0.00438723 0.00909836 0.61176115
 0.03326117 0.00967485 0.02010358 0.00462068 0.19890136 0.0113353
 0.02193511 0.01056265]","[0.07305856 0.00978807 0.00501202 0.00357377 0.003004   0.02669576
 0.00519831 0.00386463 0.8528579  0.00243371 0.00458411 0.00247977
 0.00339472 0.00405459]"
5,8,5,5,10,"[0.00729257 0.00430195 0.00109044 0.00284157 0.00437313 0.5998612
 0.08173249 0.00235892 0.2748277  0.00103691 0.0068089  0.00256135
 0.00535919 0.00555371]","[0.01111796 0.02682773 0.00615098 0.00284937 0.00631073 0.6804162
 0.02496374 0.00756916 0.01720178 0.00381753 0.17989573 0.00943787
 0.01575856 0.0076826 ]","[5.8634835e-04 3.7736059e-03 8.8311359e-03 1.5028688e-03 2.3680972e-03
 9.7534796e-03 2.2374758e-02 3.7681432e-03 2.0541074e-03 3.4629216e-03
 9.3318766e-01 1.8875777e-03 4.3398971e-03 2.1093208e-03]"
0,0,0,5,6,"[9.96809304e-01 6.00709580e-04 6.03834691e-04 3.88971472e-04
 1.95437504e-04 1.55433154e-04 7.37902301e-05 1.15283176e-04
 2.70201417e-04 8.59258143e-05 6.54877804e-05 1.14130511e-04
 8.91257441e-05 4.32404893e-04]","[0.00900156 0.01965932 0.0032489  0.0018765  0.0065166  0.80837065
 0.02314636 0.00673519 0.00948676 0.00264169 0.08332051 0.00748316
 0.01147499 0.00703785]","[5.2860205e-04 1.6326467e-03 8.4536971e-04 2.9479936e-03 1.2691150e-03
 2.1817286e-02 9.3116164e-01 1.9424320e-03 3.5064104e-03 2.1730985e-03
 2.5854798e-02 3.0963018e-03 2.0355203e-03 1.1887673e-03]"
1,1,1,5,3,"[6.2554754e-02 9.2095482e-01 2.5750613e-03 8.6657022e-04 2.5408948e-03
 1.4367299e-03 1.4203511e-03 3.1826783e-03 8.9811214e-04 7.9742668e-04
 5.5555691e-04 4.5413233e-04 8.6629007e-04 8.9658366e-04]","[0.00656523 0.01682878 0.00347094 0.00214917 0.00633503 0.76844144
 0.03235767 0.0065127  0.01370826 0.00263479 0.11714724 0.00669444
 0.01123906 0.00591534]","[3.4171708e-03 1.0494326e-03 5.2513778e-03 9.7117662e-01 2.6485899e-03
 7.8627013e-04 1.8956820e-03 8.7788497e-04 7.8657200e-04 1.1431171e-03
 8.0763875e-04 8.3539607e-03 8.2477683e-04 9.8096719e-04]"
3,3,3,5,4,"[1.5029419e-03 4.1748767e-04 5.9356040e-04 9.9272448e-01 3.9023298e-04
 2.6061755e-04 8.0397987e-04 2.8140726e-04 4.1392283e-04 4.8798224e-04
 2.5209045e-04 1.0095334e-03 3.4077503e-04 5.2098988e-04]","[0.04115845 0.08228122 0.01910773 0.01217242 0.01806018 0.5026294
 0.04039807 0.01273108 0.04996504 0.00828433 0.14467815 0.01545408
 0.03777399 0.01530585]","[0.00224511 0.01178546 0.00408581 0.00314229 0.9612387  0.0015277
 0.00132221 0.00204638 0.00158232 0.00228285 0.00182653 0.00192357
 0.00357749 0.00141347]"
13,13,13,5,1,"[3.6753828e-03 6.5979717e-04 1.5313717e-03 5.5525959e-03 1.7039159e-03
 2.1428489e-03 1.6128806e-03 2.1538662e-03 1.4500575e-03 3.3379171e-02
 2.1779414e-03 6.1167739e-03 1.7814446e-03 9.3606192e-01]","[0.00949762 0.01726009 0.00343079 0.00227955 0.00561492 0.8109381
 0.02426545 0.00520904 0.01793282 0.00299123 0.07575217 0.00644279
 0.01175738 0.00662811]","[0.2544541  0.65249926 0.03901781 0.01408575 0.01164087 0.00781914
 0.00337061 0.00237512 0.00461278 0.00127384 0.00326679 0.00147835
 0.00167802 0.00242757]"
11,11,11,1,3,"[1.7509055e-03 9.2422107e-04 1.0637877e-03 5.6744881e-02 1.2812818e-03
 1.6506644e-03 3.3683395e-03 2.4823924e-03 1.4488506e-03 3.3825550e-03
 6.1302836e-04 9.0815866e-01 2.0105019e-03 1.5119898e-02]","[0.07841959 0.27818674 0.04157312 0.03140501 0.02644447 0.21699865
 0.04596861 0.02117683 0.05760352 0.00959186 0.10301946 0.01974536
 0.05251218 0.01735465]","[2.8680339e-03 1.0337706e-03 5.7756975e-03 9.7105253e-01 2.6820875e-03
 8.4751198e-04 2.4258154e-03 7.6730060e-04 7.8132999e-04 1.1329548e-03
 1.0229836e-03 7.8440225e-03 8.5859298e-04 9.0744667e-04]"
0,0,0,5,2,"[9.9590451e-01 4.2453196e-04 5.1566469e-04 4.1481396e-04 2.1140053e-04
 2.5080098e-04 9.0984337e-05 1.2900219e-04 3.3450796e-04 1.2330613e-04
 9.5985226e-05 1.6585075e-04 1.0030149e-04 1.2382388e-03]","[0.00756775 0.02074657 0.00404624 0.00213394 0.00631676 0.7568735
 0.02738846 0.00624141 0.0144065  0.00312756 0.12403961 0.0073831
 0.01359318 0.00613552]","[3.8458633e-03 1.2870136e-03 9.6062136e-01 6.6430634e-03 2.3909954e-03
 1.0411293e-03 9.8007382e-04 9.3198469e-04 2.8237810e-03 4.8375982e-03
 7.8162933e-03 2.1250059e-03 3.2603298e-03 1.3954010e-03]"
11,11,11,5,9,"[1.0446794e-03 6.5959973e-04 1.1355834e-03 6.0149264e-03 1.3077037e-03
 1.1818220e-03 2.1266397e-03 2.1166452e-03 1.1733606e-03 2.3251048e-03
 4.4225252e-04 9.6992713e-01 1.6038679e-03 8.9406548e-03]","[0.06192016 0.19084845 0.0315447  0.01576687 0.02405339 0.31267735
 0.0431112  0.01927501 0.04483765 0.00865562 0.16131437 0.01656173
 0.05127297 0.01816054]","[0.0010076  0.00203312 0.01679686 0.00304573 0.00415915 0.00246148
 0.0043717  0.00539666 0.0029586  0.90376055 0.00579042 0.02715359
 0.00975853 0.01130592]"
9,9,9,5,10,"[1.3487260e-03 9.1664342e-04 8.9834621e-03 1.6758263e-03 2.0264410e-03
 7.6839805e-04 8.0473913e-04 2.2047297e-03 7.2664866e-04 9.6012264e-01
 3.0181562e-03 1.9259938e-03 1.9600410e-03 1.3517566e-02]","[0.01670701 0.03717875 0.00650589 0.00370371 0.0097336  0.65477055
 0.03153425 0.00948217 0.02308015 0.00406286 0.16298988 0.01036092
 0.01918165 0.01070867]","[7.0225616e-04 3.9494117e-03 8.0590239e-03 1.3784701e-03 2.3164612e-03
 1.5972184e-02 1.9760264e-02 3.0967109e-03 2.6050860e-03 2.5938707e-03
 9.3188483e-01 1.7915023e-03 3.6937722e-03 2.1961899e-03]"
3,3,3,5,0,"[1.7424851e-03 4.2382200e-04 7.1828964e-04 9.9178582e-01 5.1353872e-04
 2.8744095e-04 9.6808927e-04 3.4687939e-04 4.5775768e-04 5.6777755e-04
 3.7041915e-04 9.3057629e-04 3.3618571e-04 5.5092928e-04]","[0.01053809 0.03489942 0.00846988 0.00399715 0.00955277 0.591304
 0.03830594 0.00800809 0.01946723 0.00371288 0.23445414 0.0090335
 0.02042745 0.00782945]","[0.81697786 0.01246066 0.00587678 0.00349531 0.00242608 0.02151893
 0.00263925 0.00274517 0.12084296 0.00145759 0.00175679 0.00134656
 0.00215418 0.00430201]"
0,8,0,1,0,"[9.9334526e-01 5.5334880e-04 3.4155638e-04 5.8972079e-04 3.5393707e-04
 7.0620398e-04 1.2558137e-04 1.5474284e-04 1.2014596e-03 1.0204602e-04
 1.4645688e-04 2.6698207e-04 1.7609638e-04 1.9364831e-03]","[0.13048513 0.27974156 0.08536012 0.06004942 0.04520191 0.08096655
 0.02902186 0.02497014 0.06919542 0.01245083 0.0631376  0.0207265
 0.07276148 0.02593152]","[9.6215522e-01 7.0782006e-03 1.5573037e-02 5.8917985e-03 1.4910281e-03
 1.2578829e-03 5.2315107e-04 9.1105397e-04 2.0245344e-03 5.2968168e-04
 7.1308273e-04 3.2528743e-04 5.3872971e-04 9.8732510e-04]"
1,9,9,1,1,"[1.1489008e-03 9.1449625e-04 8.5769929e-03 9.9898502e-04 1.6782931e-03
 7.7095232e-04 8.1800058e-04 2.3317975e-03 7.6915347e-04 9.6170515e-01
 3.3594058e-03 1.7216223e-03 2.2377027e-03 1.2968386e-02]","[0.15191157 0.25438154 0.0613467  0.03905547 0.03176573 0.12863791
 0.0408073  0.01909621 0.07225957 0.00939431 0.08991906 0.01832818
 0.0588458  0.02425065]","[8.5606724e-03 9.6379417e-01 1.3699849e-03 2.1663746e-03 5.7239598e-03
 1.7351082e-03 1.5389287e-03 9.3322322e-03 1.0767892e-03 7.1565877e-04
 1.3000355e-03 1.0721106e-03 8.7519811e-04 7.3882914e-04]"
6,6,6,0,8,"[1.9644649e-04 4.6017853e-04 3.2069790e-04 8.9903787e-04 1.1113066e-03
 1.9364237e-03 9.8452604e-01 9.0031029e-04 5.7715550e-04 3.9443129e-04
 6.5676011e-03 9.5661700e-04 5.6926621e-04 5.8451487e-04]","[0.3141354  0.2297968  0.11174218 0.04371955 0.03223166 0.03173883
 0.01696773 0.01395604 0.07892089 0.01007207 0.03398392 0.01148604
 0.0470296  0.02421935]","[0.32322294 0.01559871 0.00624404 0.00460436 0.00348312 0.07712815
 0.0092617  0.00439772 0.52834    0.00321029 0.00487565 0.00398297
 0.00493179 0.01071843]"
0,0,0,5,0,"[9.9657452e-01 6.3510262e-04 4.1520072e-04 3.7782543e-04 2.1220691e-04
 2.0031846e-04 8.1703191e-05 1.4888959e-04 2.5006660e-04 9.5703894e-05
 7.4628231e-05 1.4895579e-04 1.0130552e-04 6.8358023e-04]","[0.10052484 0.20170979 0.03952984 0.02890441 0.02587017 0.26253074
 0.04158717 0.01536772 0.06104018 0.00880504 0.12365541 0.01620127
 0.0514775  0.02279595]","[9.6312058e-01 6.3344110e-03 1.5784951e-02 4.4255042e-03 9.6368964e-04
 1.6321624e-03 5.7060772e-04 7.5287151e-04 2.4709422e-03 7.0015201e-04
 6.6894054e-04 3.1168552e-04 4.9378286e-04 1.7697384e-03]"
0,0,0,5,0,"[9.96093571e-01 5.31296711e-04 7.45133322e-04 3.13322817e-04
 2.19314839e-04 2.15020598e-04 8.19886263e-05 1.47927843e-04
 2.95017904e-04 1.15362454e-04 9.56537915e-05 1.38067349e-04
 1.00218596e-04 9.07985028e-04]","[0.01232788 0.02482063 0.00507494 0.00313784 0.00832972 0.72305965
 0.0288653  0.00811055 0.01479671 0.0033767  0.1343572  0.00968715
 0.01501681 0.00903886]","[9.8106956e-01 3.3457738e-03 5.3476021e-03 3.3875541e-03 1.0057199e-03
 1.0993179e-03 3.0020438e-04 5.5675401e-04 1.5373873e-03 3.3321924e-04
 3.1172999e-04 2.0035377e-04 4.4774238e-04 1.0571009e-03]"
0,0,0,0,4,"[9.93112504e-01 1.00817892e-03 2.09327484e-03 1.47903548e-03
 2.60733621e-04 2.42021328e-04 1.14689479e-04 1.42384364e-04
 3.47384950e-04 1.76960239e-04 1.06902655e-04 1.45245824e-04
 1.56363269e-04 6.14334829e-04]","[0.5475267  0.12395107 0.07845084 0.02768974 0.02355766 0.02507243
 0.01234578 0.01636948 0.03202235 0.0098541  0.02757118 0.01221512
 0.03713598 0.02623753]","[0.00241473 0.01229428 0.00404846 0.00360867 0.96031064 0.00152522
 0.00141731 0.00199518 0.00153344 0.00226249 0.00177653 0.00194183
 0.00346876 0.00140248]"
5,0,0,5,5,"[9.9652332e-01 4.5537326e-04 5.7938235e-04 4.1780548e-04 2.1149377e-04
 1.5843641e-04 8.9251553e-05 1.2316737e-04 2.3656785e-04 1.1088811e-04
 8.4137799e-05 1.4677559e-04 1.0271419e-04 7.6079980e-04]","[0.0312193  0.07638475 0.01294887 0.00782462 0.01335494 0.5571401
 0.03560619 0.01104679 0.03470694 0.00503915 0.15181464 0.01443309
 0.03483274 0.01364782]","[2.6489682e-03 2.5527482e-03 1.5381724e-03 8.7560335e-04 1.2419301e-03
 9.4028884e-01 1.5594692e-02 1.1533850e-03 7.1750563e-03 9.0185675e-04
 2.0534525e-02 1.3461803e-03 1.4634120e-03 2.6844398e-03]"
1,1,1,5,3,"[1.9414239e-03 9.9166894e-01 4.8407828e-04 4.7567816e-04 9.1662962e-04
 4.6748866e-04 4.0291873e-04 2.0611593e-03 2.0576386e-04 2.9532361e-04
 2.7689795e-04 2.3597694e-04 2.8066308e-04 2.8685367e-04]","[0.01279834 0.03371403 0.01339437 0.00515826 0.01210567 0.4030125
 0.03614378 0.0089247  0.02408182 0.00611264 0.39713603 0.01175851
 0.02468578 0.01097361]","[0.19920556 0.00685759 0.04004471 0.7248474  0.00781293 0.00246946
 0.00301683 0.00229366 0.00400924 0.00148118 0.00189536 0.00209996
 0.00183959 0.0021264 ]"
6,6,6,5,4,"[2.3975597e-04 4.4024255e-04 3.8515506e-04 1.7180050e-03 1.1281027e-03
 1.9947507e-03 9.8233837e-01 8.0872944e-04 8.8704727e-04 5.0197629e-04
 7.1391496e-03 1.2413313e-03 5.5015780e-04 6.2720047e-04]","[0.04822203 0.10704631 0.02602059 0.01412275 0.01747514 0.31817725
 0.06022614 0.01443641 0.0658487  0.0073685  0.23880795 0.0175349
 0.04185257 0.02286071]","[0.00314493 0.01210487 0.01601475 0.00483945 0.9401489  0.00188218
 0.00131054 0.00248465 0.00213135 0.0036642  0.00316979 0.00271953
 0.00455048 0.00183454]"
8,8,8,5,10,"[3.0589802e-03 6.9955306e-04 6.7425246e-04 7.8706892e-04 1.2227043e-03
 8.2619758e-03 1.8822480e-03 4.7351894e-04 9.7800547e-01 3.7790911e-04
 1.8049456e-03 9.0176990e-04 1.1100251e-03 7.3968008e-04]","[0.02421074 0.04857817 0.00820845 0.00466857 0.01103653 0.6632092
 0.02882344 0.00987341 0.02338676 0.00427141 0.13000153 0.0112181
 0.02180351 0.0107101 ]","[7.6417130e-04 3.9338041e-03 7.2225058e-03 1.3641611e-03 2.1289990e-03
 1.1984870e-02 1.9264387e-02 3.7417961e-03 3.2933133e-03 2.7566396e-03
 9.3586856e-01 1.5100897e-03 3.8891756e-03 2.2775973e-03]"
0,0,0,5,0,"[9.9656928e-01 6.0743070e-04 6.3222524e-04 4.0129118e-04 2.1430259e-04
 1.6474031e-04 7.6852913e-05 1.3519221e-04 2.5689739e-04 9.0851659e-05
 6.6654226e-05 1.4516211e-04 1.0550973e-04 5.3349347e-04]","[0.01086938 0.03222476 0.00472366 0.00270464 0.0064704  0.71209615
 0.04012185 0.00747917 0.01714978 0.00330969 0.13495524 0.00786243
 0.01245317 0.00757959]","[0.81556207 0.00707613 0.13660622 0.01857743 0.00219567 0.00239988
 0.00102309 0.00116444 0.00536855 0.00138895 0.00235766 0.00099108
 0.00138599 0.00390301]"
3,0,3,5,4,"[6.4645978e-03 4.6007906e-04 5.5325945e-04 9.8749071e-01 5.2816758e-04
 2.9782375e-04 8.4871508e-04 3.3526315e-04 5.4928462e-04 4.9567042e-04
 2.3140869e-04 8.9195499e-04 3.2544410e-04 5.2754662e-04]","[0.06349181 0.20294859 0.04370516 0.02206974 0.02165644 0.23269296
 0.05375874 0.01594362 0.04268554 0.01081158 0.20344877 0.01877261
 0.04875234 0.0192622 ]","[0.02151131 0.0703299  0.0106665  0.00689769 0.8699053  0.00280559
 0.0013663  0.00247083 0.00270039 0.00258499 0.00160737 0.00186629
 0.00300346 0.00228416]"
7,7,7,5,1,"[6.3684135e-04 3.7636277e-03 5.2816252e-04 3.7560312e-04 1.4853430e-03
 5.0991197e-04 5.1734142e-04 9.8774254e-01 1.8906317e-04 8.3446706e-04
 9.0014905e-04 7.6883653e-04 1.2022178e-03 5.4574333e-04]","[0.04933222 0.13367516 0.01926864 0.01195048 0.01673125 0.4452328
 0.05160312 0.01712907 0.04790565 0.00777258 0.12348934 0.01668333
 0.04122849 0.01799785]","[7.8766393e-03 9.7658348e-01 1.1697311e-03 9.1656734e-04 2.4010162e-03
 2.3884699e-03 1.0597892e-03 3.2601543e-03 1.0890736e-03 4.7189370e-04
 1.0547029e-03 5.2207080e-04 6.6545652e-04 5.4115185e-04]"
11,11,11,5,6,"[1.2476994e-03 7.3983555e-04 1.6043046e-03 3.0998657e-02 1.2024204e-03
 1.1359041e-03 1.7892874e-03 2.0434491e-03 1.3507653e-03 3.7179880e-03
 4.3261424e-04 9.4589198e-01 1.3754648e-03 6.4696255e-03]","[0.01065627 0.02612101 0.00579612 0.00337549 0.00647874 0.6201245
 0.04096129 0.00739169 0.02024004 0.0053102  0.20852415 0.01257541
 0.0204107  0.01203429]","[4.4214324e-04 1.4505740e-03 8.9863478e-04 3.8558368e-03 1.4280319e-03
 1.5096111e-02 9.3880790e-01 2.2735200e-03 3.1194475e-03 2.2736534e-03
 2.2564206e-02 4.5972927e-03 1.9766318e-03 1.2159409e-03]"
1,1,1,5,3,"[7.6376358e-03 9.8694998e-01 9.6054614e-04 4.2558336e-04 7.5520028e-04
 5.7106907e-04 2.4032783e-04 1.0012648e-03 2.7503946e-04 2.2621194e-04
 2.1609454e-04 1.6158886e-04 3.0901024e-04 2.7047677e-04]","[0.11599588 0.13645029 0.02205467 0.01214332 0.01899662 0.38652295
 0.03541274 0.01780682 0.08880151 0.00555287 0.09069508 0.01549832
 0.03237257 0.02169628]","[0.02052048 0.3867601  0.01638851 0.48530906 0.02860023 0.00655136
 0.01347222 0.00849319 0.0035701  0.00398561 0.00813607 0.01160281
 0.00392284 0.00268746]"
1,1,1,5,1,"[2.9975998e-03 9.9083298e-01 8.7802019e-04 4.3707527e-04 9.4733533e-04
 4.6212805e-04 2.9431749e-04 1.5882335e-03 2.1954304e-04 3.9257435e-04
 2.4173032e-04 1.9394699e-04 2.8824559e-04 2.2628430e-04]","[0.00956224 0.01936728 0.00527061 0.00220891 0.00675065 0.7205789
 0.02046714 0.00730715 0.01149277 0.00277666 0.1653844  0.00808907
 0.01346086 0.00728333]","[0.0199973  0.8815078  0.00418099 0.00294912 0.00903945 0.00341236
 0.00254092 0.06222761 0.0038392  0.00144321 0.00331724 0.00220984
 0.00171496 0.00161994]"
1,0,1,5,1,"[0.14210294 0.7822963  0.0018949  0.00884109 0.0103683  0.01112385
 0.00851796 0.01064851 0.01012826 0.00151906 0.00156673 0.00352114
 0.00358852 0.00388232]","[0.06097061 0.14795409 0.02156712 0.01392564 0.02592915 0.41100404
 0.03456102 0.01548865 0.04655299 0.00683047 0.13804771 0.01488092
 0.04741811 0.01486955]","[0.44606817 0.4785387  0.02918999 0.01382654 0.00845674 0.00543977
 0.00230612 0.00266124 0.00531045 0.00139211 0.00218286 0.00130014
 0.00138554 0.00194165]"
0,0,0,5,0,"[7.0881712e-01 2.7675655e-01 2.3009607e-03 1.6086680e-03 2.1189137e-03
 1.2672307e-03 5.3022342e-04 1.6960986e-03 1.1921049e-03 5.3149188e-04
 3.6135229e-04 4.3224369e-04 1.0143991e-03 1.3727595e-03]","[0.02929885 0.08640501 0.01293106 0.00861949 0.01711094 0.52097
 0.03839626 0.01287974 0.02940118 0.00758558 0.17295821 0.0155031
 0.03192455 0.01601612]","[9.7626865e-01 3.1106097e-03 6.0149292e-03 4.4937679e-03 6.9399708e-04
 1.6225129e-03 4.6099612e-04 8.5550826e-04 3.3249983e-03 3.8888984e-04
 3.9027099e-04 1.9957876e-04 4.8351756e-04 1.6918423e-03]"
1,0,0,1,1,"[9.9677569e-01 5.9753627e-04 5.2041578e-04 4.7667377e-04 2.0205977e-04
 1.4212425e-04 7.1420342e-05 1.0813191e-04 2.0538391e-04 9.5134579e-05
 6.8514768e-05 1.1562402e-04 8.4539912e-05 5.3669472e-04]","[0.15883294 0.25469646 0.03425012 0.02081872 0.02497657 0.21342464
 0.0277938  0.0174371  0.08403268 0.0065966  0.07152192 0.01702367
 0.04661982 0.02197507]","[0.01233366 0.60578936 0.00872515 0.00290172 0.01903941 0.00307559
 0.00348067 0.3160134  0.0048949  0.00507419 0.00873113 0.00315316
 0.00420806 0.00257967]"
2,2,2,5,0,"[1.3094622e-03 6.0298771e-04 9.8960692e-01 9.1433985e-04 7.4559485e-04
 3.3743208e-04 2.6018417e-04 4.4715215e-04 4.9950142e-04 3.2975180e-03
 6.9135911e-04 4.0802720e-04 6.4794923e-04 2.3170123e-04]","[0.02894817 0.08659583 0.01227391 0.00651702 0.01188707 0.51531255
 0.04705902 0.00826283 0.03059098 0.00562545 0.1903175  0.01301416
 0.03196124 0.0116342 ]","[9.8441666e-01 2.1535680e-03 2.9065879e-03 1.9918815e-03 5.2359136e-04
 1.4311249e-03 3.1257822e-04 5.5352366e-04 2.2778600e-03 4.0548149e-04
 3.4658934e-04 1.9455161e-04 4.3725505e-04 2.0486894e-03]"
2,2,2,5,3,"[1.9781489e-03 6.4168469e-04 9.8925751e-01 1.1209979e-03 8.3951786e-04
 3.1451881e-04 2.6243992e-04 4.8485131e-04 5.6844827e-04 2.6578417e-03
 6.4863381e-04 4.1912188e-04 5.2227586e-04 2.8406412e-04]","[0.01236913 0.03944444 0.00694275 0.00402057 0.00791215 0.56785464
 0.06133591 0.00869449 0.02195114 0.00436572 0.22391334 0.01148796
 0.01988918 0.00981863]","[0.00251182 0.00240747 0.00836607 0.5703728  0.00446833 0.00275002
 0.01146146 0.003823   0.00311482 0.00831916 0.00338879 0.3698285
 0.005166   0.00402166]"
0,0,0,1,0,"[9.8574859e-01 1.0096403e-03 2.0060893e-03 2.7679082e-03 4.1754762e-04
 8.1621879e-04 1.7822417e-04 4.0518763e-04 8.3778589e-04 2.5047708e-04
 2.7577693e-04 4.0318901e-04 2.2922027e-04 4.6539716e-03]","[0.11470222 0.20804986 0.10861379 0.03755938 0.04114652 0.12588556
 0.03861083 0.02362878 0.05791469 0.01543884 0.12658972 0.01647945
 0.06185984 0.02352055]","[9.7416806e-01 1.1176456e-02 2.6404788e-03 1.9890440e-03 7.6895760e-04
 2.1419353e-03 4.9896399e-04 8.5264316e-04 2.5257936e-03 4.1826561e-04
 3.8828093e-04 2.3464834e-04 5.1558379e-04 1.6805832e-03]"
0,0,0,5,4,"[9.9624455e-01 1.1393355e-03 4.3050997e-04 3.9290020e-04 2.7045087e-04
 1.8094690e-04 7.7661767e-05 1.2735817e-04 2.7709478e-04 9.5049974e-05
 6.7576817e-05 1.2587430e-04 1.0369217e-04 4.6721278e-04]","[0.03305679 0.06897009 0.01310353 0.00833289 0.01717931 0.55653006
 0.04375724 0.01113142 0.04070339 0.0073478  0.13806142 0.01290224
 0.03565054 0.0132732 ]","[0.00307966 0.01293715 0.00354407 0.00301319 0.9614676  0.00140949
 0.00116876 0.00194127 0.00146573 0.00213845 0.00153648 0.00168013
 0.00321392 0.0014042 ]"
0,0,0,5,3,"[9.9669349e-01 4.9441855e-04 6.4814958e-04 5.0460687e-04 1.7671690e-04
 1.5551873e-04 7.2633906e-05 1.1347219e-04 2.4555594e-04 1.0090299e-04
 6.4847292e-05 1.2254686e-04 8.5886917e-05 5.2131363e-04]","[0.05419221 0.09062712 0.03275806 0.01603084 0.02298762 0.41319218
 0.04574852 0.01446786 0.05076155 0.00935658 0.17342609 0.017191
 0.04051154 0.01874884]","[2.7874880e-03 9.5748296e-04 7.7389292e-03 9.6612388e-01 3.3577285e-03
 8.3437236e-04 2.0477101e-03 8.0092833e-04 9.0852892e-04 1.2793087e-03
 1.0332125e-03 1.0057831e-02 1.0139544e-03 1.0585274e-03]"
11,9,11,5,8,"[1.7024776e-03 8.4982137e-04 1.8328284e-03 9.5852502e-03 2.0597801e-03
 1.8213518e-03 3.1023752e-03 3.6808325e-03 1.6201208e-03 1.0352765e-02
 1.1448826e-03 9.2741615e-01 2.3991810e-03 3.2432243e-02]","[0.02520697 0.06717887 0.01130765 0.00681281 0.01471294 0.587024
 0.04109531 0.00926175 0.03249689 0.00482277 0.15312013 0.01091601
 0.02593658 0.01010745]","[0.10615377 0.04213448 0.00721424 0.00616731 0.00712775 0.10622735
 0.01531969 0.0054954  0.67220116 0.0030315  0.00902229 0.00493672
 0.00599314 0.00897514]"
5,8,5,5,6,"[1.8987311e-02 3.3205824e-03 4.0309253e-04 1.0674016e-03 1.7698536e-03
 9.3241173e-01 3.0287956e-03 9.2294411e-04 3.0934259e-02 4.7296777e-04
 1.9445511e-03 8.2835200e-04 1.3433604e-03 2.5649308e-03]","[0.01174692 0.03181524 0.00618079 0.00336748 0.00857925 0.7085636
 0.02610639 0.00754121 0.01598691 0.00390694 0.14009897 0.00978984
 0.01845197 0.00786438]","[5.1127124e-04 1.5827717e-03 9.4542489e-04 3.7501364e-03 1.6671246e-03
 1.5021074e-02 9.4350421e-01 2.4248043e-03 3.2081953e-03 2.6594489e-03
 1.6175764e-02 5.1122345e-03 2.1753288e-03 1.2621344e-03]"
0,2,0,5,2,"[9.96509254e-01 4.40566306e-04 5.34337072e-04 4.16879600e-04
 1.76934293e-04 1.52174558e-04 8.03315052e-05 1.21627316e-04
 2.64521863e-04 9.75805306e-05 7.82285351e-05 1.56523398e-04
 1.15190342e-04 8.55824852e-04]","[0.00817714 0.02239938 0.00484119 0.00198589 0.00702333 0.73606014
 0.02488407 0.00713121 0.01306034 0.00346801 0.14276156 0.00797989
 0.01366868 0.00655901]","[1.2683038e-02 2.4916453e-03 9.5295495e-01 9.8097958e-03 1.6252939e-03
 1.5220799e-03 1.0390830e-03 8.7228703e-04 4.2171171e-03 2.9226958e-03
 5.0603719e-03 1.5368167e-03 1.9449522e-03 1.3197841e-03]"
5,3,3,5,5,"[1.5484990e-03 5.2575051e-04 6.5458048e-04 9.9244010e-01 4.4761601e-04
 3.1515022e-04 8.3415123e-04 3.3017664e-04 4.7591142e-04 5.2868429e-04
 2.8642698e-04 8.0359780e-04 3.5559424e-04 4.5375226e-04]","[0.00965714 0.02795277 0.00430767 0.00218374 0.00699529 0.74795604
 0.0331982  0.00603338 0.01669865 0.00314513 0.11699536 0.00700208
 0.01181734 0.00605714]","[1.7778768e-03 3.0094916e-03 1.3120967e-03 7.9474301e-04 1.2908948e-03
 9.5025134e-01 1.6621783e-02 1.2530888e-03 5.3461199e-03 1.0857666e-03
 1.1607611e-02 1.6412630e-03 1.5411389e-03 2.4669159e-03]"
6,6,6,5,1,"[0.00059574 0.00148118 0.00141618 0.00254213 0.00363162 0.0099498
 0.55671984 0.00288264 0.00300452 0.00212535 0.41129023 0.00131821
 0.00140161 0.00164092]","[0.03874604 0.07088938 0.02651801 0.01556338 0.0200035  0.4386151
 0.04464809 0.01386029 0.0393604  0.0084315  0.19949563 0.01730793
 0.04726762 0.01929305]","[7.5965583e-02 9.0371627e-01 2.2107291e-03 1.8050484e-03 2.2845927e-03
 4.7597275e-03 1.0981492e-03 1.7045646e-03 2.3397440e-03 5.5550510e-04
 1.1054125e-03 6.1057915e-04 7.8579067e-04 1.0584574e-03]"
5,5,5,5,11,"[7.0889690e-04 1.9123685e-03 3.1749078e-04 9.0629782e-04 1.1751053e-03
 9.4660991e-01 3.8844958e-02 6.7660119e-04 2.1713695e-03 5.1574403e-04
 2.9595764e-03 9.9702505e-04 8.0477871e-04 1.3999855e-03]","[0.00770351 0.02137828 0.00421845 0.00184035 0.00631466 0.7345706
 0.02482734 0.00724576 0.01328935 0.00339912 0.14874506 0.00698632
 0.01315395 0.00632722]","[4.6048433e-04 2.4917123e-03 2.3526675e-03 5.3525055e-03 3.2358023e-03
 4.2109690e-03 6.0960939e-03 5.6274501e-03 4.0068859e-03 2.5092263e-02
 4.6077562e-03 9.2009223e-01 7.5313263e-03 8.8417549e-03]"
3,3,3,5,0,"[3.2465204e-03 5.1620742e-04 1.2917129e-03 9.8904055e-01 4.2816182e-04
 3.2211593e-04 7.6869695e-04 3.1012140e-04 5.9702346e-04 7.2811317e-04
 2.9587504e-04 1.0599942e-03 3.4222088e-04 1.0526308e-03]","[0.09218777 0.2293184  0.03947315 0.0345749  0.02644637 0.23178425
 0.05425724 0.01467682 0.08535534 0.00859923 0.0979531  0.01571419
 0.04604826 0.02361104]","[9.5663542e-01 1.4896752e-02 4.6797595e-03 2.4910597e-03 9.3882199e-04
 6.7474674e-03 7.1897788e-04 1.0000418e-03 6.3309292e-03 5.7693978e-04
 8.4802025e-04 4.4210962e-04 8.4638578e-04 2.8472815e-03]"
5,7,7,5,5,"[6.2068418e-04 1.4181949e-02 6.3091051e-04 4.1265565e-04 2.0853223e-03
 7.5229956e-04 5.9226406e-04 9.7577888e-01 1.8248873e-04 8.4263354e-04
 1.1597787e-03 9.6723053e-04 1.2623447e-03 5.3066364e-04]","[0.01443514 0.02926499 0.00625528 0.00292912 0.00761827 0.7171739
 0.02406066 0.00764354 0.01864233 0.00380364 0.13022971 0.01049424
 0.01849571 0.00895345]","[0.0024923  0.00706664 0.00121544 0.00108035 0.00196246 0.92926407
 0.03110307 0.00141896 0.00589837 0.00107587 0.01143844 0.00169168
 0.00171534 0.00257696]"
11,11,11,5,1,"[1.0060540e-03 6.1101961e-04 1.0562920e-03 1.9213945e-02 1.2477537e-03
 1.1423528e-03 2.4328127e-03 1.6911007e-03 1.2669837e-03 2.1859491e-03
 4.1170555e-04 9.5615840e-01 1.1786628e-03 1.0396922e-02]","[0.01202619 0.0363082  0.00545154 0.00289006 0.00962075 0.6793411
 0.02707538 0.00877641 0.01728146 0.00401982 0.16234879 0.00911096
 0.01820043 0.00754896]","[6.6331350e-03 9.3669903e-01 3.2623475e-03 8.5942717e-03 2.5764750e-02
 2.1236702e-03 2.7680676e-03 5.9499200e-03 1.1647205e-03 1.3702699e-03
 1.6152156e-03 1.8325627e-03 1.3562044e-03 8.6587208e-04]"
1,2,1,1,3,"[3.9415244e-02 9.5044571e-01 3.0154702e-03 8.4239035e-04 1.2423854e-03
 6.1507459e-04 3.5796329e-04 1.4626569e-03 4.6640285e-04 4.8400246e-04
 3.3888017e-04 2.1096092e-04 6.1875617e-04 4.8429915e-04]","[0.20037527 0.31972265 0.0642641  0.06883325 0.03698184 0.05111418
 0.02878882 0.0175566  0.07839126 0.01059242 0.03811458 0.01783723
 0.04335709 0.02407069]","[0.02180617 0.0030373  0.05196726 0.90115    0.00507279 0.00118795
 0.00291771 0.00135468 0.00186952 0.00172916 0.00203137 0.00320391
 0.00117219 0.00150007]"
1,1,1,5,1,"[8.1111314e-03 9.8655951e-01 7.9909869e-04 3.4949178e-04 7.2351377e-04
 4.3941481e-04 2.6770448e-04 1.1537888e-03 2.7718869e-04 2.3873770e-04
 2.0529059e-04 1.8315412e-04 3.6894224e-04 3.2293634e-04]","[0.01182196 0.04062611 0.0054186  0.00277058 0.00854192 0.691225
 0.03606821 0.00713054 0.01458254 0.00360211 0.14508346 0.00877326
 0.01730878 0.00704682]","[7.4617504e-03 9.7833061e-01 1.0696693e-03 1.0288435e-03 1.8272854e-03
 2.3825397e-03 1.1967756e-03 2.4983021e-03 9.3830738e-04 4.7725515e-04
 1.1238705e-03 5.2165636e-04 6.4719282e-04 4.9585098e-04]"
0,0,0,5,6,"[9.9623483e-01 5.9291726e-04 4.5133059e-04 4.6617055e-04 2.3914730e-04
 1.9020862e-04 7.7968019e-05 1.4299243e-04 2.3508517e-04 1.0001272e-04
 8.5743479e-05 1.4573499e-04 1.0220495e-04 9.3557028e-04]","[0.09007838 0.13449956 0.03562948 0.01871195 0.0171824  0.33578327
 0.05614867 0.01331714 0.06191108 0.00595972 0.1523015  0.01512068
 0.04342237 0.01993386]","[5.8692880e-04 2.3322550e-03 2.8145015e-03 6.2909685e-03 1.6687469e-03
 1.3839493e-02 6.9644344e-01 3.9334176e-03 5.0413352e-03 3.4241017e-03
 2.5369769e-01 4.6395343e-03 3.5952257e-03 1.6924317e-03]"
6,6,6,5,1,"[3.5990324e-04 8.4011257e-04 4.0618988e-04 7.6628593e-04 1.4660096e-03
 1.2913176e-02 9.7297454e-01 9.6168753e-04 1.0090555e-03 5.6487619e-04
 3.5879000e-03 2.2698955e-03 8.4597076e-04 1.0344974e-03]","[0.00844099 0.02782878 0.00510694 0.00247348 0.00791918 0.72899663
 0.02717743 0.00771864 0.01619948 0.00379942 0.13018052 0.00923558
 0.01727672 0.00764634]","[7.2212191e-03 9.7426569e-01 1.8339712e-03 1.1325394e-03 3.3584191e-03
 2.3267451e-03 1.2500850e-03 3.5520147e-03 1.1610576e-03 5.4920238e-04
 1.5564029e-03 5.3601421e-04 7.1603642e-04 5.4057362e-04]"
6,6,6,5,3,"[2.9160207e-04 5.2660977e-04 3.7196605e-04 1.2101944e-03 1.0333313e-03
 3.5024718e-03 9.8579586e-01 8.0508582e-04 6.3019875e-04 4.2708474e-04
 2.5418601e-03 1.6140128e-03 5.6825986e-04 6.8150478e-04]","[0.05156489 0.12303939 0.01790581 0.01210057 0.01425535 0.4153586
 0.07261952 0.01312104 0.05869173 0.00624187 0.1443133  0.01428609
 0.03763247 0.01886945]","[1.0024296e-02 1.1973081e-03 4.5800526e-03 9.6773249e-01 2.0031603e-03
 1.0118876e-03 2.2583141e-03 9.4833988e-04 1.2977526e-03 1.0516018e-03
 8.3652273e-04 5.2382364e-03 6.9545349e-04 1.1245318e-03]"
0,1,0,5,10,"[9.9116206e-01 3.6868672e-03 1.3197325e-03 5.1771669e-04 3.7838079e-04
 2.9241259e-04 1.3084360e-04 3.2661977e-04 5.2098610e-04 1.7286913e-04
 1.3515278e-04 1.8285368e-04 1.7587852e-04 9.9766243e-04]","[0.05645741 0.1542592  0.03422756 0.0188217  0.02256678 0.29166466
 0.04689307 0.0148648  0.03654982 0.00925582 0.22694536 0.01568214
 0.05270772 0.01910404]","[0.00094782 0.00364061 0.0073644  0.00138535 0.00236554 0.02133034
 0.01768836 0.00374971 0.00537337 0.00247307 0.92598116 0.00157692
 0.00380283 0.00232058]"
7,7,7,5,0,"[2.9360636e-03 6.8645760e-02 1.5098499e-03 9.2519156e-04 3.3555101e-03
 1.0309276e-03 9.3796069e-04 9.1269827e-01 4.5944934e-04 1.0850293e-03
 1.7008035e-03 1.2620395e-03 2.4746947e-03 9.7847416e-04]","[0.07477261 0.12555884 0.03396945 0.01624979 0.01615017 0.32914037
 0.05206265 0.01442412 0.05291524 0.00668086 0.16058582 0.01635624
 0.07621628 0.02491748]","[9.8514742e-01 3.1033955e-03 2.1645541e-03 2.1621340e-03 5.3043012e-04
 1.2212453e-03 3.1182080e-04 5.4242951e-04 1.6942220e-03 3.9034482e-04
 2.4949567e-04 2.0048457e-04 4.2223308e-04 1.8598543e-03]"
4,4,4,5,0,"[3.7041397e-03 1.6541051e-02 1.3278058e-03 7.8220386e-04 9.6740896e-01
 9.1195724e-04 1.1512229e-03 2.6744204e-03 1.5397625e-03 9.5673522e-04
 1.1937022e-03 6.7325484e-04 5.8738433e-04 5.4744032e-04]","[0.06082527 0.09412111 0.01205553 0.00788627 0.01550319 0.5539778
 0.03377857 0.01353395 0.0401493  0.0042184  0.11791994 0.01235652
 0.02016102 0.01351308]","[9.8035413e-01 3.4398146e-03 1.8988815e-03 2.5885603e-03 7.0808118e-04
 2.8814634e-03 5.5674743e-04 5.4241612e-04 3.8146749e-03 3.6773269e-04
 2.7791652e-04 2.5592008e-04 4.7017721e-04 1.8433118e-03]"
0,0,0,5,0,"[9.5715380e-01 1.5791417e-03 3.3337045e-02 2.0091829e-03 6.4536626e-04
 4.4920400e-04 2.1874161e-04 4.5158574e-04 7.1044505e-04 1.0282337e-03
 2.5740973e-04 3.3268164e-04 3.5539822e-04 1.4715276e-03]","[0.03530419 0.11740065 0.02097547 0.01564461 0.01931611 0.40322372
 0.0502087  0.01307828 0.04403045 0.00711475 0.19213265 0.01833477
 0.04833568 0.0149    ]","[9.8165739e-01 3.4009863e-03 4.0780110e-03 1.8943597e-03 5.6016824e-04
 1.5150110e-03 3.1256536e-04 5.9319742e-04 2.6399326e-03 4.1037693e-04
 2.9159366e-04 2.3607175e-04 4.4080080e-04 1.9694741e-03]"
3,3,3,5,0,"[1.2015201e-03 3.5457822e-04 3.8857348e-04 9.9328113e-01 4.1310032e-04
 2.4538193e-04 9.4313332e-04 2.9211643e-04 4.2494258e-04 4.0460890e-04
 2.3792013e-04 1.0504508e-03 3.1743609e-04 4.4522813e-04]","[0.0128505  0.0255521  0.00444932 0.00234284 0.00648346 0.7838906
 0.0260765  0.00759929 0.01661465 0.00286565 0.08414615 0.00808066
 0.01188718 0.00716102]","[9.8189390e-01 3.8255393e-03 3.8480498e-03 3.6510774e-03 7.0436118e-04
 9.7890187e-04 4.1356721e-04 6.6009525e-04 1.6485731e-03 3.0783293e-04
 3.0207128e-04 2.2376599e-04 4.2800634e-04 1.1141635e-03]"
0,0,0,5,1,"[8.8266277e-01 8.3368890e-02 1.7353505e-02 4.6848902e-03 2.6366436e-03
 8.0554315e-04 4.2908988e-04 2.9653220e-03 7.9030503e-04 9.5123192e-04
 4.3467685e-04 5.3868681e-04 7.5916690e-04 1.6192439e-03]","[0.04128335 0.05964118 0.0130685  0.00703522 0.0131463  0.5697159
 0.03647335 0.0124287  0.03923564 0.00482504 0.16484718 0.00846362
 0.01729939 0.01253655]","[0.18906128 0.7759     0.00675984 0.00270171 0.00443464 0.00659051
 0.00160285 0.00196724 0.0047403  0.0008141  0.00137427 0.00095277
 0.00105796 0.00204239]"
6,6,6,5,7,"[2.6585764e-04 5.6267006e-04 3.6095895e-04 8.1876054e-04 1.0076888e-03
 5.0799809e-03 9.8449463e-01 7.0236670e-04 6.7314028e-04 3.9485493e-04
 2.9798108e-03 1.2113648e-03 6.4842839e-04 7.9950684e-04]","[0.01987015 0.06037289 0.00843415 0.00654081 0.01357379 0.6125302
 0.04409973 0.01189009 0.02911636 0.00466966 0.14275172 0.01079635
 0.0242347  0.01111942]","[0.01514605 0.15570708 0.00230917 0.00189423 0.0103202  0.00319559
 0.00259011 0.78568596 0.00484794 0.00369718 0.00476129 0.00268761
 0.00361264 0.00354509]"
0,2,0,5,3,"[9.2105287e-01 4.6862066e-02 2.0923356e-02 1.7912081e-03 1.3942282e-03
 5.3421309e-04 4.8104589e-04 1.7089399e-03 1.1960334e-03 8.9767080e-04
 5.1425997e-04 3.6045443e-04 1.0382414e-03 1.2454886e-03]","[0.01007386 0.03071163 0.00698442 0.00462383 0.00964869 0.65025854
 0.04159408 0.01051421 0.01932628 0.00416194 0.17470062 0.00991179
 0.0194952  0.00799482]","[0.00508603 0.01457572 0.00427895 0.8969046  0.01218674 0.0029749
 0.01696905 0.00350497 0.00230756 0.00324557 0.00287402 0.03076564
 0.00254173 0.0017846 ]"
1,1,1,5,0,"[2.3661884e-03 9.9114639e-01 6.4765423e-04 4.6025749e-04 9.4451138e-04
 4.2928976e-04 3.7761399e-04 1.9112781e-03 2.1319682e-04 3.3895567e-04
 2.7377624e-04 2.2894569e-04 3.4408402e-04 3.1805638e-04]","[0.05386934 0.13131273 0.02620933 0.01581961 0.01916245 0.3752782
 0.04802169 0.01368686 0.04388816 0.00739227 0.17454602 0.01739601
 0.05426061 0.0191566 ]","[9.6487671e-01 4.9017393e-03 4.0201470e-03 3.2200152e-03 1.0336428e-03
 5.3423084e-03 8.6264900e-04 1.0160409e-03 1.0370479e-02 4.9032306e-04
 4.7361496e-04 3.7570327e-04 7.5799425e-04 2.2586288e-03]"
0,0,0,5,0,"[9.9628311e-01 1.0109339e-03 5.8341899e-04 3.3568931e-04 2.2728219e-04
 1.4542065e-04 7.1494942e-05 1.4783865e-04 2.3790909e-04 9.4434814e-05
 6.8419744e-05 1.2138814e-04 1.0504827e-04 5.6785555e-04]","[0.00668264 0.01599751 0.00645651 0.00225169 0.00603492 0.55390966
 0.03095376 0.00630317 0.01211028 0.00365618 0.32797012 0.00766461
 0.01395183 0.00605696]","[9.8375249e-01 2.5007075e-03 3.2862783e-03 1.9173097e-03 5.2010582e-04
 1.5099070e-03 2.6878514e-04 4.9546274e-04 2.7013114e-03 3.7959602e-04
 3.1397352e-04 2.1192912e-04 3.9763190e-04 1.7445904e-03]"
2,2,2,5,0,"[4.9725743e-03 2.9292996e-03 9.8098767e-01 1.1212919e-03 9.7642763e-04
 5.3923659e-04 3.1054474e-04 8.4880152e-04 5.8958412e-04 4.1036811e-03
 1.0202291e-03 3.8466562e-04 8.7702705e-04 3.3905322e-04]","[0.02161678 0.04938096 0.01027984 0.0056937  0.01225959 0.58616465
 0.03665572 0.01077344 0.02967301 0.00491798 0.17734109 0.01298262
 0.02900276 0.01325786]","[0.83265203 0.01299603 0.00701098 0.00510352 0.00207507 0.06152679
 0.00470704 0.0032302  0.05736531 0.0011541  0.00267927 0.00117142
 0.00246908 0.00585905]"
1,1,1,5,4,"[5.1789875e-03 9.8943537e-01 7.6517340e-04 3.8129196e-04 7.6605834e-04
 4.3976179e-04 2.9906069e-04 1.0859185e-03 2.5105043e-04 2.9831094e-04
 2.4300641e-04 1.9391315e-04 3.3022434e-04 3.3199455e-04]","[0.02192221 0.0480354  0.01279187 0.00999548 0.01069358 0.57523155
 0.04478901 0.0115178  0.03547276 0.00490716 0.17496587 0.01391079
 0.02340728 0.01235926]","[0.00457107 0.01514489 0.01104625 0.00422752 0.94721925 0.0017538
 0.0009923  0.0018211  0.00172354 0.00272704 0.00190308 0.00199701
 0.00312684 0.00174617]"
12,12,12,5,10,"[5.8304740e-04 1.5318572e-03 1.3318459e-03 1.0876851e-03 1.0221208e-03
 8.4798923e-04 1.0415376e-03 3.1552461e-03 1.4755784e-03 5.4193838e-03
 7.0516346e-04 4.2619514e-03 9.7612745e-01 1.4091681e-03]","[0.01460566 0.0312425  0.00630527 0.003523   0.00943637 0.6851303
 0.03576384 0.00825617 0.02064074 0.0034855  0.15016751 0.00849103
 0.01466449 0.00828764]","[7.0290087e-04 3.7953262e-03 5.8391439e-03 1.1514092e-03 2.3244857e-03
 2.0406175e-02 1.8430622e-02 3.6797635e-03 4.9777082e-03 2.2907089e-03
 9.2860603e-01 1.5419846e-03 3.7799764e-03 2.4737169e-03]"
7,7,7,5,2,"[5.5956910e-04 3.5602634e-03 4.7517192e-04 3.8055287e-04 1.5387160e-03
 4.9471500e-04 5.6239573e-04 9.8792809e-01 1.8793333e-04 7.9721975e-04
 9.4063592e-04 8.2314300e-04 1.1943958e-03 5.5724586e-04]","[0.0226592  0.06127482 0.01610867 0.01028822 0.01622448 0.5193022
 0.04272235 0.01219142 0.02717686 0.00730478 0.19640182 0.01645765
 0.03691456 0.0149729 ]","[0.04808945 0.01516198 0.8805168  0.02113668 0.00594656 0.00354286
 0.00188845 0.00174225 0.00669344 0.00273765 0.00590924 0.00188995
 0.00258054 0.00216433]"
1,1,1,5,6,"[2.5112361e-03 9.9159908e-01 5.7226018e-04 5.0962257e-04 8.5387967e-04
 5.1394809e-04 3.9967804e-04 1.4072753e-03 2.5215215e-04 2.9746367e-04
 2.5853113e-04 2.2421745e-04 3.0960073e-04 2.9119209e-04]","[0.01688422 0.04326404 0.0078721  0.00432073 0.01085695 0.65163785
 0.03674042 0.0087816  0.02437716 0.00429316 0.15006305 0.01020803
 0.02140867 0.00929198]","[5.2694383e-04 2.0784873e-03 1.3476377e-03 4.5711636e-03 1.1650298e-03
 1.3606188e-02 8.9158154e-01 2.9214351e-03 3.7172830e-03 3.0952774e-03
 6.7024015e-02 4.4000968e-03 2.7822359e-03 1.1825833e-03]"
0,0,0,1,0,"[9.9664825e-01 5.2675011e-04 5.0891185e-04 4.6348976e-04 1.6859188e-04
 1.5655809e-04 6.8687019e-05 1.2518567e-04 2.7201214e-04 9.0543042e-05
 6.6911532e-05 1.2470667e-04 1.0354037e-04 6.7596236e-04]","[0.21285373 0.3496331  0.07250071 0.06097793 0.03019258 0.04586262
 0.02063729 0.01943442 0.05536833 0.00734834 0.03461769 0.01422909
 0.0507056  0.02563859]","[9.6652156e-01 4.9474738e-03 9.9370303e-03 9.8351557e-03 1.1783134e-03
 1.4176398e-03 5.0124474e-04 7.4179907e-04 2.1366421e-03 3.7869654e-04
 4.0682856e-04 2.8244671e-04 5.0156412e-04 1.2137101e-03]"
0,0,0,5,0,"[9.9565083e-01 7.2135741e-04 4.6944077e-04 3.9194900e-04 3.1521660e-04
 3.3706127e-04 9.7301323e-05 1.5217969e-04 3.3575328e-04 1.2750983e-04
 1.0979662e-04 1.5165306e-04 1.2930766e-04 1.0106935e-03]","[0.02151774 0.05041464 0.01137791 0.00719381 0.01290477 0.6116487
 0.03343846 0.01181898 0.02803255 0.0051667  0.15473667 0.01275605
 0.02835975 0.01063335]","[9.8570418e-01 2.5417800e-03 2.2430392e-03 1.9346785e-03 4.9930450e-04
 1.2793372e-03 3.0393660e-04 5.3034263e-04 1.8334251e-03 3.3309721e-04
 2.5821372e-04 1.9707154e-04 3.7865277e-04 1.9629593e-03]"
2,2,2,1,8,"[1.5679301e-03 1.0459519e-03 9.8872000e-01 8.6035277e-04 1.0526223e-03
 4.0286870e-04 2.9640601e-04 5.0836004e-04 5.5394869e-04 2.7915533e-03
 8.9211063e-04 4.6641350e-04 5.6637177e-04 2.7515064e-04]","[0.09854919 0.21293005 0.0449037  0.0432043  0.03578319 0.16134238
 0.04184328 0.02682671 0.1208855  0.02023705 0.06841701 0.02780801
 0.06654864 0.03072091]","[0.01486989 0.00856399 0.00684999 0.0034752  0.00399208 0.2588797
 0.04084928 0.0082209  0.5350246  0.00321411 0.09922545 0.00437575
 0.00600002 0.00645913]"
4,4,4,5,1,"[3.4821134e-03 3.4028623e-02 1.8545995e-03 7.8011031e-04 9.4476086e-01
 1.1724746e-03 1.4522608e-03 4.8400937e-03 1.8518046e-03 1.4577932e-03
 1.6687632e-03 9.5324777e-04 8.7077823e-04 8.2647754e-04]","[0.01717306 0.04792555 0.00876394 0.00370007 0.0124744  0.62149173
 0.02707851 0.01090913 0.0207773  0.00486238 0.17708482 0.0107891
 0.02755311 0.00941696]","[6.8573267e-03 9.7505081e-01 1.5109322e-03 1.0339887e-03 3.1947778e-03
 1.7078182e-03 1.0254330e-03 4.8455074e-03 9.4956189e-04 6.1350083e-04
 1.2232447e-03 6.2904134e-04 7.9661811e-04 5.6145247e-04]"
11,11,11,5,0,"[1.9437858e-03 1.4529987e-03 1.7991719e-03 1.5666224e-01 1.9725836e-03
 1.8270282e-03 4.0931585e-03 2.3794456e-03 1.9615195e-03 8.3309105e-03
 7.8889157e-04 8.0190700e-01 1.9165999e-03 1.2964672e-02]","[0.02846634 0.13952474 0.00703606 0.00558388 0.01596113 0.5025536
 0.0479278  0.01170861 0.0360174  0.00462054 0.13377243 0.01287461
 0.03986314 0.01408968]","[9.8230100e-01 2.8472340e-03 1.8133477e-03 2.1381502e-03 6.2228966e-04
 2.5728126e-03 4.4813042e-04 5.5786979e-04 3.0023425e-03 3.6429113e-04
 2.7092802e-04 2.3577166e-04 4.8071073e-04 2.3451061e-03]"
3,3,3,1,0,"[1.5201401e-03 6.5905548e-04 4.8647774e-04 9.9152303e-01 6.7041989e-04
 3.4479302e-04 1.2024496e-03 4.0765762e-04 4.9517275e-04 5.4586004e-04
 3.0850095e-04 9.7986707e-04 3.6223428e-04 4.9443822e-04]","[0.12974803 0.24070728 0.0815201  0.04890024 0.04103284 0.11085566
 0.03518455 0.02197754 0.07316898 0.01454955 0.07922535 0.02215725
 0.07404148 0.02693121]","[9.8318958e-01 2.9883629e-03 3.5577314e-03 2.2309241e-03 4.6015860e-04
 1.3483018e-03 2.9472951e-04 4.2712610e-04 2.0820235e-03 3.3923515e-04
 3.1011234e-04 1.7480340e-04 4.6185654e-04 2.1349748e-03]"
5,5,5,5,8,"[3.1933757e-03 2.0176731e-03 4.5776114e-04 5.7545758e-04 6.2469230e-04
 9.8384619e-01 1.1194211e-03 6.5308897e-04 1.3906771e-03 5.4727047e-04
 3.5313971e-03 4.1842417e-04 5.5354222e-04 1.0710275e-03]","[0.04894663 0.11854297 0.01742963 0.01252866 0.01720498 0.49259958
 0.04439072 0.01333763 0.05243349 0.0071701  0.10944032 0.01445609
 0.03636776 0.01515151]","[0.03716031 0.00673132 0.00646978 0.00274121 0.00253024 0.02068287
 0.00462142 0.00361299 0.8937581  0.00275749 0.00789165 0.00290604
 0.0039359  0.0042008 ]"
3,3,3,5,2,"[3.2581373e-03 5.8066542e-04 5.6226482e-04 9.9108315e-01 3.8633615e-04
 2.7934139e-04 7.1193720e-04 3.2972489e-04 4.1506696e-04 5.3354719e-04
 2.0522581e-04 8.5439143e-04 3.0026460e-04 5.0002005e-04]","[0.00780209 0.02367849 0.00761536 0.00290346 0.00678108 0.49844825
 0.05068416 0.00590927 0.01833748 0.00427479 0.34211585 0.00703175
 0.01721098 0.00720711]","[7.4362340e-03 1.3900825e-03 9.6095240e-01 8.3959522e-03 1.7379586e-03
 1.0899863e-03 9.8253449e-04 7.3658751e-04 2.6239627e-03 4.7819214e-03
 4.3540657e-03 1.9454591e-03 2.3301379e-03 1.2427223e-03]"
5,8,8,5,5,"[0.00392139 0.00173141 0.00121342 0.00170254 0.00333327 0.16529466
 0.00897075 0.00108842 0.7990981  0.00085745 0.00670362 0.00213334
 0.00214555 0.00180609]","[0.01362776 0.0361987  0.00682191 0.00395943 0.01018334 0.679636
 0.03005538 0.00955153 0.01895457 0.00418036 0.14662503 0.0103888
 0.01987729 0.00993998]","[5.3790766e-03 3.9127069e-03 1.6058235e-03 9.6465484e-04 1.2123524e-03
 9.3427110e-01 1.9292815e-02 1.2532612e-03 1.3767888e-02 8.8387245e-04
 1.2316299e-02 1.2363053e-03 1.4692842e-03 2.4344830e-03]"
6,10,6,5,4,"[7.8413042e-04 2.3783236e-03 5.9246481e-04 2.3726714e-03 2.2662729e-03
 4.0513884e-02 9.2678684e-01 1.6472964e-03 3.9051513e-03 6.6868414e-04
 1.3761768e-02 1.7711498e-03 9.9336531e-04 1.5579870e-03]","[0.05401001 0.09811436 0.02234758 0.01299087 0.01910337 0.44861227
 0.03529869 0.01596501 0.04445132 0.00725888 0.16430621 0.01820927
 0.03832364 0.02100849]","[0.00538333 0.02053718 0.00525985 0.00341702 0.94900274 0.00184594
 0.00122835 0.00185471 0.00186015 0.00198257 0.00185667 0.00138001
 0.00277448 0.00161691]"
13,13,13,5,6,"[6.2665404e-03 3.6003836e-04 7.4075902e-04 2.5571019e-03 7.8009110e-04
 2.2748357e-03 1.1336860e-03 1.2277941e-03 1.8701388e-03 3.1703359e-03
 1.9018939e-03 3.4105228e-03 1.1437006e-03 9.7316259e-01]","[0.01328002 0.03423066 0.0061285  0.00286167 0.00849141 0.69911915
 0.03465594 0.00776187 0.01865953 0.00336886 0.13847865 0.00814616
 0.0174452  0.00737239]","[5.5227260e-04 1.3951199e-03 1.0726226e-03 4.4621704e-03 1.1915165e-03
 1.6529709e-02 9.3976372e-01 2.3257378e-03 3.6949853e-03 2.3104604e-03
 1.9587841e-02 4.1219024e-03 1.8611465e-03 1.1307700e-03]"
1,1,1,5,1,"[5.7261381e-03 9.8873478e-01 6.9832557e-04 3.9797949e-04 9.4221951e-04
 4.6844297e-04 2.7681026e-04 1.1706111e-03 3.1715850e-04 2.2635298e-04
 2.5218120e-04 1.8175245e-04 3.3010606e-04 2.7691826e-04]","[0.0231518  0.04277097 0.00581437 0.00317162 0.00666657 0.69942564
 0.0276182  0.00843786 0.02548661 0.00362414 0.120248   0.00882956
 0.01423066 0.01052411]","[1.9787803e-02 9.6342224e-01 2.3970362e-03 1.3067911e-03 1.8948605e-03
 2.8169770e-03 9.3636458e-04 1.9281752e-03 1.4647556e-03 5.1643891e-04
 1.4024355e-03 6.4127555e-04 6.6641381e-04 8.1825344e-04]"
2,2,2,5,7,"[1.5556691e-03 6.9862325e-04 9.8948365e-01 1.0170072e-03 7.9965586e-04
 3.6180826e-04 2.7012394e-04 4.5955856e-04 5.0920818e-04 2.9228807e-03
 7.1578147e-04 3.8506967e-04 6.0665433e-04 2.1449580e-04]","[0.01297406 0.04529131 0.00723729 0.00391094 0.01160214 0.64520967
 0.03419172 0.01058392 0.02040641 0.00455504 0.16105905 0.01077205
 0.02296656 0.00923986]","[0.00518113 0.08757631 0.00192855 0.00145148 0.01125471 0.00259359
 0.00254597 0.8651061  0.00457827 0.00347366 0.00527784 0.00283838
 0.00364255 0.00255136]"
9,9,9,10,8,"[9.4166765e-04 8.7009079e-04 1.2868254e-02 1.3618566e-03 1.6680629e-03
 6.3266774e-04 7.2643952e-04 1.7178801e-03 7.8347238e-04 9.6710467e-01
 2.7535404e-03 1.7149157e-03 1.8569133e-03 4.9995594e-03]","[0.10202963 0.14574029 0.11185407 0.02637851 0.02832304 0.1697845
 0.03354761 0.01602739 0.05049072 0.01560773 0.19328655 0.01929608
 0.06460958 0.02302423]","[0.0127792  0.00565739 0.00669195 0.01516821 0.00338147 0.08607374
 0.29581586 0.00785515 0.49011368 0.00575486 0.0504223  0.00901377
 0.00575825 0.00551424]"
0,0,0,5,10,"[9.9663639e-01 7.4181525e-04 5.5234646e-04 4.1460132e-04 2.4061382e-04
 1.2980947e-04 7.1410155e-05 1.3535742e-04 2.2659023e-04 9.8755903e-05
 6.2516126e-05 1.2217193e-04 9.7194061e-05 4.7043050e-04]","[0.00942039 0.02580865 0.0048808  0.00267332 0.00732483 0.7049598
 0.03127487 0.00780526 0.01633472 0.00311668 0.15569966 0.00863889
 0.01441246 0.0076495 ]","[0.00098448 0.00357785 0.00774667 0.00171714 0.00197971 0.02579998
 0.0408223  0.00341552 0.00378342 0.00267288 0.8996795  0.00198337
 0.00397823 0.00185897]"
4,4,4,5,12,"[2.6670047e-03 5.5438340e-02 3.0455261e-03 8.9375227e-04 9.1679746e-01
 1.8339707e-03 1.9112363e-03 6.8640760e-03 2.3037505e-03 2.1338644e-03
 3.0375698e-03 1.0982601e-03 1.1858250e-03 7.8927126e-04]","[0.01241674 0.03850439 0.00437007 0.0025329  0.00778622 0.76629746
 0.0265367  0.00927652 0.01710034 0.00344046 0.0852828  0.00805336
 0.01133326 0.00706894]","[0.00241036 0.00440816 0.00423962 0.00316194 0.00633947 0.00397808
 0.00412469 0.00470548 0.00661725 0.00775906 0.00666056 0.01724982
 0.92200905 0.00633647]"
7,7,7,5,1,"[8.0546015e-04 4.1262610e-03 5.0453463e-04 4.8181866e-04 1.6518271e-03
 5.3346809e-04 5.5700197e-04 9.8693639e-01 2.1465073e-04 6.6758436e-04
 9.5054368e-04 8.7497314e-04 1.0488174e-03 6.4669299e-04]","[0.08004402 0.1661985  0.02974233 0.01899341 0.02260911 0.28001764
 0.0458888  0.01668187 0.0751304  0.00836726 0.16409913 0.01621845
 0.05263495 0.02337401]","[7.9416391e-03 9.7526193e-01 1.0926956e-03 2.0523490e-03 3.1248464e-03
 2.2316400e-03 1.4760848e-03 2.4596758e-03 9.3518407e-04 5.0048350e-04
 1.0830513e-03 6.7054533e-04 6.7928818e-04 4.9052906e-04]"
1,1,1,5,0,"[2.0424826e-03 9.9189246e-01 5.4169557e-04 3.9282706e-04 8.4623398e-04
 4.9973512e-04 3.7120003e-04 1.9114158e-03 2.2701525e-04 2.9952414e-04
 2.3255374e-04 2.1561531e-04 2.7483335e-04 2.5262230e-04]","[0.0346362  0.09586966 0.01962064 0.01056898 0.01385321 0.43684554
 0.0413181  0.01429836 0.03398813 0.00728717 0.21998101 0.01531573
 0.0403422  0.016075  ]","[9.8140919e-01 5.3348294e-03 3.3725100e-03 2.2439102e-03 1.0955957e-03
 1.5395863e-03 3.7508478e-04 5.3595030e-04 1.6613101e-03 3.0064385e-04
 3.2676439e-04 2.1415531e-04 3.9618887e-04 1.1941498e-03]"
0,0,0,5,0,"[9.95752215e-01 6.02097542e-04 3.59826226e-04 4.83972224e-04
 3.34016600e-04 2.77060084e-04 1.28577303e-04 1.69257502e-04
 3.51621798e-04 1.11267276e-04 9.95302980e-05 2.14371248e-04
 1.46189748e-04 9.70197550e-04]","[0.04611034 0.08347939 0.01994763 0.01072188 0.01838372 0.50609523
 0.03735029 0.01331845 0.04276777 0.00738154 0.14710084 0.01639127
 0.03497584 0.01597584]","[9.6453166e-01 4.4878293e-03 1.5320611e-02 6.8772212e-03 1.1802207e-03
 1.2660036e-03 5.3721119e-04 6.2394084e-04 2.2070832e-03 3.6961297e-04
 5.6136074e-04 2.6674423e-04 4.8018407e-04 1.2902772e-03]"
3,2,3,5,9,"[9.9708047e-04 5.0369435e-04 3.8082481e-04 9.9234831e-01 3.2642929e-04
 2.6775623e-04 1.0379947e-03 3.7417805e-04 3.4190156e-04 4.5438018e-04
 2.8721229e-04 1.7007883e-03 3.8313237e-04 5.9643132e-04]","[0.04702091 0.10337395 0.02796208 0.0196212  0.02346114 0.40301383
 0.05376596 0.01458218 0.06831905 0.00803085 0.15357341 0.01921972
 0.04072563 0.01733005]","[0.00133238 0.00178029 0.03238818 0.00352677 0.00438954 0.00198671
 0.00422826 0.0043135  0.00288486 0.8995539  0.00664066 0.01732785
 0.00976476 0.0098825 ]"
5,10,5,5,0,"[8.4081281e-04 9.2790637e-04 2.6706723e-04 3.6147275e-04 5.7669246e-04
 9.8898041e-01 1.3640231e-03 3.8194226e-04 1.2588797e-03 4.5756795e-04
 3.0677279e-03 3.0438809e-04 4.9121951e-04 7.1976031e-04]","[0.01546381 0.0287415  0.0054152  0.00263364 0.00758259 0.7593359
 0.02561397 0.00699188 0.02133775 0.00287838 0.097387   0.00723875
 0.01206889 0.00731087]","[9.8446161e-01 2.8170845e-03 2.9764064e-03 1.6706455e-03 6.7045412e-04
 1.3865422e-03 2.7431487e-04 6.3596264e-04 2.4240604e-03 3.4345358e-04
 2.8889935e-04 1.8773382e-04 4.2106182e-04 1.4417503e-03]"
2,4,2,1,0,"[1.5996875e-03 2.0561691e-03 9.6923679e-01 1.4209372e-03 1.2043357e-02
 5.4188131e-04 6.9486763e-04 1.4313342e-03 9.8082214e-04 5.6819040e-03
 2.1489956e-03 8.9443766e-04 8.5990079e-04 4.0888897e-04]","[0.12453137 0.22836685 0.05439052 0.0359334  0.02904559 0.1972159
 0.03672427 0.01727467 0.0627657  0.00922233 0.11551435 0.01516141
 0.05105902 0.02279468]","[9.8439646e-01 3.0352469e-03 2.4229488e-03 2.4268085e-03 6.3952093e-04
 1.4180912e-03 3.4071453e-04 5.5449345e-04 1.8763585e-03 3.0675833e-04
 2.5627878e-04 2.0073183e-04 3.8162386e-04 1.7440249e-03]"
0,0,0,5,9,"[9.9462932e-01 6.6902582e-04 1.3651212e-03 6.5172982e-04 1.9179496e-04
 2.3339497e-04 9.3850431e-05 1.2476540e-04 4.9073034e-04 1.2721635e-04
 1.0737576e-04 1.4611418e-04 1.3753321e-04 1.0319870e-03]","[0.01529231 0.04066728 0.00896103 0.0056716  0.01048907 0.62644184
 0.04681144 0.00921996 0.02421509 0.00489721 0.16796993 0.01052919
 0.01984144 0.00899276]","[0.00194336 0.00260265 0.01181251 0.00338131 0.00335753 0.00295718
 0.0034746  0.00588242 0.0027169  0.8885532  0.00322625 0.02701036
 0.00747014 0.03561155]"
1,1,1,5,0,"[1.5736168e-03 9.8562509e-01 6.6347118e-04 4.7356696e-04 1.2606144e-03
 6.4258813e-04 5.1579415e-04 7.1322252e-03 2.0370125e-04 4.6095700e-04
 3.7411798e-04 3.6871075e-04 4.2858391e-04 2.7687097e-04]","[0.00794282 0.0211641  0.00475933 0.00259735 0.00740587 0.7168473
 0.03182433 0.00771564 0.01441523 0.00318259 0.15060079 0.00781319
 0.01643366 0.00729787]","[9.8417121e-01 3.2289492e-03 3.6143777e-03 2.8696910e-03 5.4511597e-04
 8.3678041e-04 3.1266961e-04 5.9663062e-04 1.2403090e-03 3.0247864e-04
 2.6605334e-04 1.7939256e-04 3.7607495e-04 1.4603740e-03]"
5,5,5,5,0,"[9.7539567e-04 1.3040622e-03 1.6715012e-04 3.5787132e-04 5.4507219e-04
 9.8895299e-01 1.8013864e-03 4.9291190e-04 2.1046486e-03 3.2170367e-04
 1.2628639e-03 3.2097066e-04 5.0707062e-04 8.8586035e-04]","[0.04362408 0.1551564  0.01978194 0.01502871 0.02020344 0.37210202
 0.04970543 0.0159167  0.03750286 0.00927121 0.17620176 0.01996129
 0.04607384 0.01947021]","[8.6095500e-01 1.1430856e-02 9.2345148e-02 1.7462110e-02 2.5168278e-03
 2.0305442e-03 6.9631124e-04 1.4046208e-03 4.9112774e-03 1.0269911e-03
 1.3464955e-03 6.1992119e-04 9.7263139e-04 2.2815210e-03]"
11,11,11,5,1,"[1.0201090e-03 8.3333580e-04 1.2000540e-03 1.4919702e-02 1.6177609e-03
 1.7027049e-03 2.5459204e-03 2.4376621e-03 1.3995734e-03 5.8167041e-03
 6.7471887e-04 9.4598019e-01 1.7470367e-03 1.8104535e-02]","[0.00781482 0.02353689 0.00432923 0.00269844 0.00798205 0.7402808
 0.03136162 0.00810087 0.01351206 0.00328822 0.12339997 0.00896251
 0.01793201 0.00680059]","[2.0501254e-02 9.6426779e-01 1.9848489e-03 1.3493586e-03 2.5026733e-03
 2.0612746e-03 9.2730200e-04 2.1335341e-03 1.1105604e-03 4.8512811e-04
 8.6285884e-04 5.7351537e-04 6.5200491e-04 5.8793032e-04]"
1,1,1,5,10,"[4.0969392e-03 9.9021447e-01 6.1534200e-04 3.8983644e-04 7.9357944e-04
 5.3419103e-04 2.6288978e-04 1.6264793e-03 2.0380075e-04 2.4855178e-04
 2.2369626e-04 1.7392365e-04 2.9501901e-04 3.2129823e-04]","[0.00637904 0.01729361 0.00378247 0.00164409 0.00613284 0.77204454
 0.0210325  0.00610433 0.01124387 0.00287703 0.12668145 0.00683386
 0.01217655 0.0057738 ]","[7.0019765e-04 3.7216349e-03 7.3413830e-03 1.4372406e-03 2.2538684e-03
 1.4818543e-02 1.9292852e-02 3.3431714e-03 2.6956333e-03 2.6214391e-03
 9.3404537e-01 1.7520174e-03 3.7500691e-03 2.2265820e-03]"
5,12,12,5,5,"[5.8188254e-04 1.2651791e-03 1.2329336e-03 1.0889778e-03 9.8707853e-04
 9.3732215e-04 1.1174132e-03 2.8394561e-03 1.5960506e-03 5.5635776e-03
 7.3906453e-04 6.0042078e-03 9.7391945e-01 2.1274728e-03]","[0.07345475 0.20330282 0.05258711 0.02482437 0.02795117 0.21818547
 0.04527256 0.01811671 0.05820098 0.01111276 0.17580938 0.02012663
 0.04952661 0.02152863]","[1.57679687e-03 3.95698706e-03 1.19059207e-03 9.25097382e-04
 1.63057842e-03 9.39023316e-01 2.44245566e-02 1.47327757e-03
 5.00344299e-03 1.10356545e-03 1.35325715e-02 1.80519221e-03
 1.82395068e-03 2.53012730e-03]"
0,0,0,5,3,"[9.96702969e-01 6.84924889e-04 4.59122995e-04 3.75976699e-04
 1.75895373e-04 1.43122801e-04 7.25448044e-05 1.09267596e-04
 2.44768715e-04 9.10970703e-05 6.53390671e-05 1.25011677e-04
 9.96425370e-05 6.50212984e-04]","[0.00779417 0.01787118 0.00260741 0.00145418 0.00524594 0.8421171
 0.0192867  0.00522773 0.01185265 0.00224412 0.06495292 0.00532107
 0.00946796 0.00455704]","[1.1377421e-02 1.0678942e-03 9.2489701e-03 9.5587271e-01 2.0522114e-03
 1.0832375e-03 1.6541124e-03 9.4812881e-04 1.6101343e-03 1.3770296e-03
 8.6795347e-04 1.0268566e-02 7.8853627e-04 1.7830899e-03]"
0,0,0,5,1,"[9.96222377e-01 8.37497180e-04 6.83851715e-04 4.21096542e-04
 1.99101138e-04 1.64272002e-04 8.15664389e-05 1.14829825e-04
 2.68797419e-04 1.00375139e-04 6.32366573e-05 1.33688533e-04
 1.19265176e-04 5.90078649e-04]","[0.02235327 0.16901277 0.0120287  0.00898899 0.01934758 0.4504665
 0.0510746  0.01364004 0.03336042 0.0059747  0.13941531 0.0115435
 0.05023421 0.01255937]","[8.8574225e-03 9.6309447e-01 1.7018069e-03 5.8170357e-03 4.6991804e-03
 3.2885426e-03 2.9129761e-03 2.9758250e-03 1.2587357e-03 7.5245695e-04
 1.8960790e-03 1.0964616e-03 1.0240835e-03 6.2484923e-04]"
2,2,2,5,3,"[3.1358176e-03 7.2510703e-04 9.8860139e-01 1.5702926e-03 6.9292414e-04
 2.8938937e-04 2.5501312e-04 3.9102175e-04 5.2514486e-04 2.0489523e-03
 6.9529761e-04 3.5211028e-04 4.7399310e-04 2.4347355e-04]","[0.02107908 0.05394761 0.01019275 0.0068155  0.01229175 0.63012993
 0.03215678 0.01063436 0.0222652  0.00518999 0.14163311 0.01263659
 0.02938774 0.01163958]","[3.5633366e-03 1.0201918e-03 1.0187258e-02 9.6773773e-01 2.7278222e-03
 8.7642815e-04 1.9798004e-03 6.5632671e-04 1.0393708e-03 1.0364882e-03
 1.1358914e-03 5.8616768e-03 1.0294640e-03 1.1482282e-03]"
11,13,11,5,4,"[1.6478597e-03 8.6109166e-04 9.3805318e-04 5.3995095e-02 1.3142476e-03
 1.8066383e-03 6.0173655e-03 2.4089222e-03 1.7976848e-03 2.5442040e-03
 7.3976786e-04 9.0388882e-01 1.9798197e-03 2.0060372e-02]","[0.01290273 0.02946127 0.00878428 0.00355614 0.01020698 0.61243427
 0.02612812 0.00885721 0.0179357  0.0043961  0.22486162 0.00982484
 0.02125701 0.00939367]","[0.00364764 0.02062905 0.00467311 0.0035916  0.95218265 0.00142142
 0.00113479 0.00183498 0.00127591 0.00224437 0.00150145 0.00163618
 0.00286726 0.00135938]"
0,0,0,5,1,"[9.95579541e-01 3.63664381e-04 4.88862046e-04 5.30122372e-04
 2.64127157e-04 2.60292523e-04 1.03652303e-04 1.16610354e-04
 5.17379784e-04 1.02494756e-04 9.82429628e-05 1.78530507e-04
 1.18359407e-04 1.27817621e-03]","[0.02143688 0.05652958 0.01685893 0.00968944 0.01419697 0.4936979
 0.04858529 0.01115367 0.0292055  0.00602648 0.23365259 0.01269524
 0.03335388 0.01291757]","[2.8337928e-02 9.5159090e-01 1.9262219e-03 1.4243022e-03 1.8350572e-03
 4.1028177e-03 1.2283657e-03 2.4147751e-03 2.1846185e-03 6.1476626e-04
 1.9161212e-03 6.2236330e-04 9.4448356e-04 8.5737399e-04]"
9,13,9,10,1,"[0.00374104 0.00149395 0.00807449 0.00438924 0.00367174 0.00330337
 0.00354705 0.00516216 0.00249371 0.48136753 0.00876513 0.00707827
 0.00529745 0.46161488]","[0.0110655  0.06284339 0.01077783 0.0067626  0.01009304 0.35116827
 0.08361901 0.00842094 0.01992922 0.00662812 0.38648713 0.01244843
 0.02100337 0.00875315]","[9.2322296e-03 9.7738349e-01 1.1733865e-03 9.4368943e-04 2.2142448e-03
 1.9886938e-03 8.3585724e-04 2.2553569e-03 9.0717210e-04 4.6400743e-04
 9.1223256e-04 4.9552595e-04 6.4223562e-04 5.5204472e-04]"
9,9,9,5,1,"[1.0828184e-03 7.4745039e-04 9.8704966e-03 2.1517221e-03 1.5014245e-03
 7.8546634e-04 6.5452466e-04 1.6900605e-03 6.7180942e-04 9.6130168e-01
 3.8308143e-03 2.9636913e-03 1.9130257e-03 1.0834893e-02]","[0.03478083 0.06546842 0.01821965 0.00933894 0.01287096 0.46087557
 0.04328265 0.00911645 0.02712087 0.00553817 0.24995218 0.0158381
 0.03025169 0.01734567]","[0.00692799 0.91073114 0.00160545 0.00165182 0.00348439 0.03939817
 0.00941993 0.0079165  0.00378682 0.00110933 0.00932641 0.00134783
 0.00183205 0.00146182]"
9,9,9,5,0,"[8.8663463e-04 8.4013876e-04 1.1685572e-02 1.3407377e-03 1.5799679e-03
 6.0177612e-04 7.4879680e-04 1.7000363e-03 6.6167448e-04 9.6884280e-01
 2.8581815e-03 1.3231306e-03 1.8916080e-03 5.0391024e-03]","[0.00732391 0.01370027 0.00453448 0.00193168 0.00450214 0.72121006
 0.02459519 0.00618797 0.01208823 0.00285561 0.1738881  0.00764455
 0.01236314 0.00717469]","[0.3514245  0.1345418  0.2201318  0.12069949 0.13425626 0.00641948
 0.003299   0.00368852 0.00551088 0.0042223  0.00472733 0.00296044
 0.00385639 0.00426198]"
9,9,9,1,10,"[8.4671547e-04 8.7764894e-04 1.5024896e-02 1.4333382e-03 1.5846494e-03
 6.2735094e-04 7.1618229e-04 1.6119267e-03 8.2643313e-04 9.6506464e-01
 2.9753989e-03 1.7766511e-03 2.1243889e-03 4.5097023e-03]","[0.12328288 0.21201763 0.05728612 0.04536183 0.0377968  0.18244922
 0.03977554 0.02258357 0.07159345 0.01092119 0.08206082 0.0240551
 0.06241081 0.02840487]","[5.9086870e-04 3.1436710e-03 6.2076068e-03 1.7625586e-03 1.9585751e-03
 1.0003895e-02 3.5978284e-02 3.5007447e-03 2.7059978e-03 2.9775789e-03
 9.2336547e-01 1.7570229e-03 3.9305766e-03 2.1171116e-03]"
0,10,5,0,0,"[0.01155122 0.2111439  0.00237227 0.00229789 0.00740543 0.70913637
 0.01795739 0.00691908 0.00345814 0.00240696 0.01850484 0.00119941
 0.0031166  0.0025306 ]","[0.23973833 0.19224462 0.05340813 0.04175581 0.02641884 0.10310986
 0.02919804 0.01452398 0.13011801 0.00992112 0.04594922 0.01616008
 0.05979192 0.03766218]","[9.7729594e-01 2.6898815e-03 6.3040741e-03 2.5413353e-03 4.8029330e-04
 1.3414547e-03 3.2728491e-04 7.1398995e-04 2.5109006e-03 5.4581830e-04
 3.9596355e-04 2.3162071e-04 5.7847251e-04 4.0429304e-03]"
9,9,9,5,0,"[8.6756260e-04 7.8582973e-04 1.3582848e-02 1.2387059e-03 1.7140356e-03
 6.1691337e-04 7.0332212e-04 1.5800212e-03 7.7107485e-04 9.6470714e-01
 3.0896396e-03 1.8949986e-03 1.8919235e-03 6.5560234e-03]","[0.00567668 0.01895775 0.00394046 0.001481   0.00571351 0.717436
 0.03141467 0.00664697 0.01140477 0.00322076 0.1694727  0.0071277
 0.0117884  0.00571842]","[9.7115517e-01 3.3095975e-03 8.6716246e-03 6.8449434e-03 1.3670096e-03
 1.9151631e-03 4.7039668e-04 6.5266521e-04 2.6921120e-03 4.1714063e-04
 4.1778042e-04 2.7249759e-04 5.2950176e-04 1.2842478e-03]"
0,0,0,5,4,"[9.9630910e-01 4.3466096e-04 7.1494083e-04 4.6542700e-04 2.1130657e-04
 1.9288865e-04 7.4666576e-05 1.0971007e-04 3.7668482e-04 1.1640836e-04
 8.7412031e-05 1.2810661e-04 9.8591947e-05 6.7986897e-04]","[0.03116207 0.06969626 0.01009177 0.00536953 0.01037904 0.58754206
 0.04066281 0.01253182 0.03176732 0.0048531  0.14900605 0.01069494
 0.02286485 0.0133782 ]","[0.00691726 0.01805805 0.00492693 0.00366103 0.9495103  0.0017277
 0.00101614 0.00199453 0.00174889 0.00249336 0.00134307 0.00180796
 0.00279014 0.00200457]"
10,10,10,5,0,"[1.4317363e-04 5.5143452e-04 1.4429457e-03 2.9006670e-04 1.2672022e-03
 2.0966874e-03 5.2408637e-03 1.4241892e-03 8.6226914e-04 2.5831319e-03
 9.8198754e-01 2.9390070e-04 8.9252688e-04 9.2406129e-04]","[0.05132553 0.09779762 0.02038197 0.016136   0.01729272 0.4669364
 0.04440654 0.01469733 0.04680229 0.0057224  0.13628402 0.01694421
 0.04568592 0.01958697]","[9.7739238e-01 7.7000135e-03 2.8486750e-03 1.9168303e-03 9.7086467e-04
 2.0513129e-03 3.7382936e-04 7.8135141e-04 3.1017682e-03 3.4511994e-04
 3.7322380e-04 2.1428740e-04 5.1000121e-04 1.4204858e-03]"
1,1,1,5,1,"[3.6781069e-03 9.9084502e-01 6.3925213e-04 4.2136779e-04 7.2962325e-04
 5.0579594e-04 3.1755152e-04 1.2380029e-03 2.6643203e-04 2.8908238e-04
 2.3514203e-04 2.1900660e-04 2.9645528e-04 3.1929641e-04]","[0.00647986 0.01699175 0.00346172 0.00174986 0.00555419 0.78306156
 0.02314229 0.00596479 0.01189212 0.00269718 0.11610444 0.00648236
 0.01077193 0.00564589]","[2.0792486e-02 9.5786512e-01 1.4818806e-03 3.1363603e-03 2.5965907e-03
 4.0267170e-03 1.9502392e-03 2.0414984e-03 1.4705883e-03 6.9036399e-04
 1.5025457e-03 7.6683995e-04 8.7087980e-04 8.0781302e-04]"
0,0,0,5,0,"[9.9424237e-01 5.0034566e-04 4.2127480e-04 1.1639283e-03 2.2261933e-04
 2.8509230e-04 1.3298888e-04 1.0650450e-04 4.8981578e-04 1.2879206e-04
 9.9137338e-05 2.5357550e-04 1.3548155e-04 1.8181526e-03]","[0.02583007 0.05632879 0.01066933 0.00550799 0.01043042 0.615309
 0.03648503 0.00834233 0.02587132 0.00432009 0.15675712 0.01058536
 0.02418399 0.00937927]","[9.2113853e-01 4.5421444e-02 3.9691492e-03 3.5712244e-03 1.4804380e-03
 7.0829703e-03 1.2211273e-03 1.6557778e-03 8.7022623e-03 5.6787452e-04
 8.2803494e-04 5.7005882e-04 9.5024164e-04 2.8407148e-03]"
0,1,0,5,7,"[9.5450544e-01 3.4156889e-02 3.2501621e-03 1.1726125e-03 1.3696286e-03
 8.4952440e-04 2.8766858e-04 9.6990104e-04 5.5917969e-04 3.2261919e-04
 3.0622512e-04 2.8484905e-04 4.5734009e-04 1.5081052e-03]","[0.02369893 0.065267   0.01221403 0.00804714 0.01415185 0.55890256
 0.03675819 0.01290861 0.02747144 0.00568714 0.17964928 0.01401186
 0.02910344 0.01212853]","[0.00591527 0.07608087 0.00183779 0.00158213 0.01078432 0.0025013
 0.00257402 0.8767524  0.0042534  0.00344197 0.00528931 0.00284141
 0.00362002 0.00252578]"
12,12,12,5,0,"[0.0144908  0.00402251 0.00562574 0.00643222 0.00218128 0.00477722
 0.00271509 0.00643697 0.01041475 0.01389569 0.00281813 0.01612565
 0.80798876 0.10207515]","[0.00588028 0.01284168 0.00337092 0.00133891 0.0064143  0.80321324
 0.0169082  0.00624303 0.00867283 0.00257923 0.10935756 0.00658466
 0.01040353 0.00619162]","[9.8273093e-01 2.7207697e-03 4.0264148e-03 3.3719207e-03 5.7901081e-04
 1.2927440e-03 3.3491917e-04 5.1636383e-04 1.7674080e-03 3.0647477e-04
 2.6111034e-04 1.9021814e-04 3.9290381e-04 1.5084995e-03]"
9,9,9,5,4,"[2.1054512e-03 1.4630653e-03 8.6115953e-03 2.4144112e-03 2.9408894e-03
 9.9843438e-04 1.2148095e-03 3.7789219e-03 8.4353366e-04 9.4852990e-01
 3.8166612e-03 2.9425700e-03 2.2364531e-03 1.8103307e-02]","[0.02111235 0.05289215 0.00878251 0.00462507 0.01130481 0.61618525
 0.03619478 0.00864574 0.02779311 0.00441108 0.17250866 0.00810335
 0.01893427 0.00850688]","[0.00338887 0.01494551 0.00512233 0.00372972 0.95647126 0.00149735
 0.00122241 0.0017768  0.00169642 0.0021791  0.00155564 0.00176165
 0.00305548 0.00159742]"
5,2,2,5,5,"[1.8128459e-03 5.7424908e-04 9.8308426e-01 9.1962074e-04 6.6386507e-04
 3.8953195e-04 2.6359098e-04 5.1230367e-04 5.3261017e-04 8.7218536e-03
 9.2835323e-04 3.7941342e-04 8.6906715e-04 3.4832326e-04]","[0.05293069 0.14890292 0.02919647 0.01540132 0.01943698 0.32697278
 0.04692246 0.01362233 0.05979461 0.00769194 0.20439076 0.01481617
 0.04257888 0.0173417 ]","[3.2142315e-03 3.9645499e-03 1.2397456e-03 9.4220799e-04 1.2964667e-03
 9.5950997e-01 9.2134904e-03 1.2794117e-03 6.0020522e-03 1.0213311e-03
 5.9863231e-03 1.7857479e-03 1.5598501e-03 2.9845689e-03]"
4,4,4,5,12,"[1.5932205e-03 1.4465912e-02 1.5367041e-03 5.4079987e-04 9.6849471e-01
 9.2991401e-04 1.4305970e-03 3.5688847e-03 1.7295548e-03 1.3610796e-03
 1.8272654e-03 8.0575375e-04 8.5205585e-04 8.6361537e-04]","[0.01264786 0.03434894 0.00578462 0.00345831 0.00883815 0.72939783
 0.02804916 0.00775822 0.01637368 0.00349668 0.11509882 0.00865689
 0.01812532 0.00796559]","[0.00229166 0.00415565 0.0043247  0.00313411 0.00761036 0.00370944
 0.00389252 0.00542449 0.00649683 0.008073   0.00730906 0.0141578
 0.9225583  0.00686207]"
2,2,2,5,3,"[3.4709123e-03 1.7632733e-03 9.8570454e-01 1.6479595e-03 1.3611708e-03
 3.5446533e-04 3.1791205e-04 6.2480057e-04 5.3848821e-04 2.2654755e-03
 6.4374122e-04 4.8353811e-04 5.1430217e-04 3.0930125e-04]","[0.01673329 0.06604012 0.00610278 0.0039021  0.00925125 0.6314927
 0.0519013  0.01111476 0.02123257 0.00465606 0.13959295 0.00833141
 0.0216297  0.00801894]","[3.9368239e-03 2.7986423e-03 7.1001039e-03 9.6329767e-01 7.8439172e-03
 1.0169585e-03 2.2873003e-03 9.2862546e-04 9.2956336e-04 1.0503024e-03
 1.1227591e-03 5.7984465e-03 9.4966497e-04 9.3924388e-04]"
5,2,0,5,5,"[0.73679554 0.0025682  0.24007808 0.00364305 0.00122675 0.00098876
 0.00076916 0.00111801 0.00240062 0.00317142 0.00158771 0.00085194
 0.00136713 0.00343369]","[0.00908677 0.0313207  0.00543927 0.00243912 0.01123796 0.72669274
 0.02662378 0.00935127 0.01331513 0.00412808 0.12828009 0.00904799
 0.01562821 0.00740877]","[0.0040196  0.00350542 0.00118102 0.00109105 0.0011385  0.9439617
 0.01957931 0.00118623 0.01161912 0.00104876 0.00563289 0.00162794
 0.00157197 0.00283667]"
0,0,0,5,7,"[9.96218622e-01 5.55747829e-04 5.05818927e-04 7.56472466e-04
 2.04318378e-04 2.76128936e-04 1.04972976e-04 1.10724250e-04
 3.08710209e-04 8.19239649e-05 8.34516177e-05 1.24631391e-04
 9.79035394e-05 5.70733100e-04]","[0.0341623  0.12545308 0.02069931 0.03540565 0.01971268 0.3179722
 0.13125056 0.01025495 0.03884167 0.00801686 0.15977266 0.02309395
 0.05534968 0.0200145 ]","[0.00762204 0.07671315 0.00171809 0.00156119 0.01026855 0.00247551
 0.00231508 0.8765591  0.00383554 0.00347004 0.00455977 0.00278302
 0.00318189 0.0029371 ]"
0,0,0,5,4,"[9.9608433e-01 9.8597107e-04 4.2858621e-04 3.6116815e-04 2.6921116e-04
 2.1742396e-04 7.7290220e-05 1.8317786e-04 2.6283748e-04 1.0294327e-04
 7.8319586e-05 1.4376479e-04 1.1572159e-04 6.8900932e-04]","[0.0449277  0.10162784 0.02492044 0.01666537 0.02267314 0.43775213
 0.04776834 0.01436813 0.05290989 0.00811827 0.14978974 0.01671726
 0.0442008  0.01756085]","[0.00278012 0.01270931 0.00406182 0.00466858 0.95985734 0.00135493
 0.00134196 0.00189428 0.00124634 0.00226799 0.00148467 0.00192841
 0.00310497 0.00129927]"
9,2,9,5,0,"[1.2848098e-03 8.6661958e-04 1.3148024e-02 1.8997280e-03 1.7435927e-03
 5.5071880e-04 7.5911218e-04 2.4170706e-03 7.0550037e-04 9.5627826e-01
 2.4790959e-03 1.9875609e-03 2.9056398e-03 1.2974215e-02]","[0.01058832 0.0442009  0.00652207 0.00395089 0.00935463 0.5865337
 0.05608263 0.00748337 0.01651653 0.0046182  0.20844197 0.01108208
 0.02629602 0.00832872]","[9.7153723e-01 3.7123270e-03 8.5956119e-03 2.3152633e-03 8.6839468e-04
 2.3987964e-03 3.5218114e-04 5.8269833e-04 4.6622087e-03 6.4924086e-04
 5.8089284e-04 2.8201131e-04 7.2431297e-04 2.7387030e-03]"
12,12,12,5,8,"[1.0355673e-03 2.0447175e-03 1.2951698e-03 1.6143455e-03 1.1043323e-03
 1.0987017e-03 1.3029040e-03 3.2424638e-03 2.1423798e-03 3.9107702e-03
 6.7132310e-04 6.2996452e-03 9.7242343e-01 1.8142000e-03]","[0.04943575 0.10624738 0.02550845 0.01641415 0.02185946 0.44054145
 0.04183094 0.01311546 0.05187779 0.00707343 0.15268958 0.01549222
 0.04187442 0.01603957]","[0.09639335 0.00787958 0.0102085  0.00562309 0.00511678 0.03309068
 0.00570811 0.00466601 0.77228004 0.00406366 0.00966935 0.00588334
 0.01239496 0.02702239]"
5,5,5,5,8,"[4.6478750e-04 1.9180661e-03 3.8132348e-04 2.8615113e-04 9.1980287e-04
 9.8768765e-01 2.3018979e-03 5.5235904e-04 1.1039351e-03 5.0429162e-04
 2.3573015e-03 4.6266694e-04 5.2296231e-04 5.3683791e-04]","[0.01708927 0.03856848 0.00956844 0.00743623 0.00842523 0.5640285
 0.08100438 0.01173486 0.03304165 0.00391515 0.19061366 0.00905755
 0.01700877 0.00850773]","[0.0178308  0.00536439 0.01137146 0.00322486 0.0028567  0.01634393
 0.00595279 0.0052964  0.8901164  0.00308856 0.02417568 0.00318986
 0.00643597 0.00475211]"
1,1,1,1,3,"[1.2066419e-02 9.8241562e-01 9.8758913e-04 4.0228860e-04 7.3986122e-04
 4.5974489e-04 2.3253342e-04 1.1066402e-03 3.0588103e-04 2.4433425e-04
 2.1042231e-04 1.6573181e-04 3.5973190e-04 3.0320557e-04]","[0.17139848 0.3047325  0.07205113 0.04118285 0.02684965 0.08191156
 0.0300853  0.01931138 0.05525369 0.01065072 0.09178258 0.01697707
 0.04996649 0.02784667]","[3.6983828e-03 1.0019569e-03 6.3750087e-03 9.7265053e-01 2.4181358e-03
 7.3312630e-04 1.9903993e-03 7.8106008e-04 7.7010557e-04 1.0906343e-03
 8.4285729e-04 5.9876214e-03 7.4543309e-04 9.1483310e-04]"
4,4,4,1,2,"[2.0073757e-03 1.6370324e-02 1.7177300e-03 6.0577539e-04 9.6691918e-01
 8.5563323e-04 1.1967570e-03 3.7397607e-03 1.7065631e-03 1.1490647e-03
 1.4896559e-03 7.1937300e-04 7.5104821e-04 7.7168323e-04]","[0.10359917 0.2395334  0.04361283 0.02385568 0.03022055 0.20142426
 0.04160535 0.0195651  0.07296827 0.00661208 0.12811796 0.01520342
 0.05403908 0.0196429 ]","[8.3691273e-03 2.8845789e-03 9.6200007e-01 4.6369708e-03 2.7481066e-03
 1.4443637e-03 7.5951067e-04 9.1124157e-04 2.8740261e-03 3.4806991e-03
 4.5441426e-03 1.6256463e-03 2.1431127e-03 1.5783322e-03]"
0,0,0,5,0,"[9.9646449e-01 5.7607010e-04 4.9468881e-04 3.2085043e-04 2.4157079e-04
 1.9340080e-04 8.9983310e-05 1.3240927e-04 2.5023293e-04 1.1857188e-04
 9.5426309e-05 1.1747491e-04 1.0534472e-04 7.9934148e-04]","[0.00765989 0.02182722 0.00382697 0.00202784 0.00644183 0.7539258
 0.0308882  0.00716558 0.0116472  0.0028872  0.12563716 0.00771151
 0.01177926 0.00657428]","[9.8078674e-01 2.3387237e-03 4.3233708e-03 3.9785686e-03 5.8116473e-04
 1.3044191e-03 3.4391717e-04 5.5173511e-04 2.1056023e-03 4.1358871e-04
 3.1914428e-04 2.2833960e-04 4.8091492e-04 2.2436806e-03]"
1,1,1,5,0,"[3.8021496e-03 9.9040765e-01 5.6076172e-04 3.5895253e-04 7.5751869e-04
 4.8289559e-04 3.2951211e-04 1.6906526e-03 2.4539416e-04 2.6882507e-04
 2.3794762e-04 2.1090001e-04 3.2522780e-04 3.2164145e-04]","[0.00572987 0.01612784 0.00272797 0.00110939 0.00465648 0.8179125
 0.02108825 0.00577737 0.0098325  0.00252626 0.09241913 0.00632872
 0.00855531 0.00520841]","[9.8525351e-01 3.2564490e-03 2.7391794e-03 2.1027923e-03 5.7996478e-04
 1.0845806e-03 3.0798904e-04 6.1041128e-04 1.6705183e-03 2.9615319e-04
 2.7507672e-04 1.8297569e-04 3.7526741e-04 1.2652195e-03]"
0,0,0,5,0,"[9.95824814e-01 6.39812730e-04 7.88130041e-04 5.12391794e-04
 2.16961998e-04 2.19368812e-04 7.36185757e-05 1.51270156e-04
 2.91042437e-04 1.23311082e-04 1.04156505e-04 1.29723179e-04
 1.05127598e-04 8.20171379e-04]","[0.03087942 0.08817163 0.01722717 0.00861531 0.01291436 0.43022475
 0.06622203 0.00828728 0.05482035 0.00524455 0.2193771  0.01113623
 0.03278003 0.01409984]","[9.7103006e-01 9.8633934e-03 7.1172104e-03 3.9046414e-03 1.2459137e-03
 1.2000275e-03 4.2037177e-04 5.5769138e-04 1.9246510e-03 3.8825124e-04
 3.6345050e-04 2.2216288e-04 5.1205076e-04 1.2499458e-03]"
0,2,0,5,13,"[9.94599223e-01 5.18578221e-04 1.53919938e-03 9.53617971e-04
 2.58975255e-04 1.73649518e-04 9.06723144e-05 1.20207704e-04
 2.88257987e-04 1.67015576e-04 1.24040787e-04 1.39374781e-04
 1.26930856e-04 9.00069892e-04]","[0.01233886 0.03259983 0.0057196  0.00303252 0.00829977 0.670175
 0.03232482 0.00770139 0.01618482 0.00336624 0.1778949  0.0083033
 0.01480968 0.00724926]","[0.0172987  0.00384256 0.00384994 0.00230164 0.00269487 0.01183996
 0.00414244 0.00612315 0.01707446 0.0224112  0.00441281 0.01490619
 0.01249455 0.87660754]"
0,0,0,5,0,"[9.9434704e-01 1.2695794e-03 9.4240793e-04 1.0894348e-03 3.8045234e-04
 1.9417414e-04 9.6392687e-05 1.4851913e-04 2.4572024e-04 1.4831671e-04
 7.0738621e-05 1.3550655e-04 1.0331883e-04 8.2829618e-04]","[0.00968047 0.02475089 0.0076906  0.00310514 0.00648793 0.5647094
 0.03474389 0.00766861 0.01671257 0.00445682 0.28268638 0.01080243
 0.0181881  0.00831684]","[9.6310973e-01 4.4220141e-03 6.2375707e-03 2.3530470e-03 7.4526371e-04
 5.9014102e-03 5.3636549e-04 7.5406622e-04 8.8212388e-03 6.1369612e-04
 7.3326839e-04 3.7988732e-04 8.6464628e-04 4.5276862e-03]"
1,1,1,5,4,"[1.7202245e-03 9.8584765e-01 7.1622105e-04 4.2187324e-04 1.1773681e-03
 7.5211050e-04 5.3990114e-04 6.5715993e-03 2.1646750e-04 5.0646637e-04
 4.0564325e-04 3.2446042e-04 4.6936379e-04 3.3053625e-04]","[0.01897737 0.04758086 0.00972111 0.00432064 0.01114098 0.5234506
 0.03582672 0.01002314 0.02377168 0.00491183 0.2685518  0.01005971
 0.02089429 0.01076923]","[0.0185842  0.02632818 0.00831622 0.00543076 0.92261666 0.00221204
 0.00106442 0.00181156 0.00236027 0.00253191 0.00154571 0.00169778
 0.00308323 0.00241707]"
9,9,9,5,9,"[8.7913382e-04 8.6757628e-04 1.3245377e-02 1.3645182e-03 1.6307434e-03
 6.3971954e-04 7.0893945e-04 1.7218097e-03 7.6768611e-04 9.6728671e-01
 2.7405510e-03 1.6079549e-03 1.9459204e-03 4.5933826e-03]","[0.03042483 0.07899234 0.01609596 0.01062025 0.01707858 0.45557573
 0.05981435 0.01303858 0.03739916 0.00570369 0.20291029 0.01379375
 0.04412719 0.0144253 ]","[0.00117665 0.0017649  0.01594939 0.00278144 0.00391171 0.00211387
 0.00398538 0.00483557 0.00255591 0.91777563 0.00485341 0.01724843
 0.00874138 0.01230627]"
1,1,1,5,4,"[1.1554872e-02 9.8167199e-01 1.0717505e-03 3.7842852e-04 8.4133248e-04
 4.0069592e-04 3.1509003e-04 1.9142879e-03 2.7930900e-04 2.6585921e-04
 2.6444218e-04 1.8119048e-04 4.8665921e-04 3.7397261e-04]","[0.00861998 0.01857694 0.00408689 0.00183312 0.00671974 0.7825536
 0.02313741 0.00651413 0.01473461 0.00260914 0.106355   0.00678064
 0.01121315 0.00626555]","[0.0038506  0.01428342 0.00415245 0.00336069 0.95872587 0.00146049
 0.00110467 0.00181161 0.00150308 0.00215936 0.00146927 0.00161642
 0.00296127 0.00154076]"
0,0,0,5,0,"[9.8985869e-01 6.2293379e-04 8.9227012e-04 1.3484729e-03 3.0251016e-04
 3.0031093e-04 1.2252205e-04 1.8315617e-04 5.7634845e-04 1.9894577e-04
 1.2800537e-04 3.0390191e-04 2.0647155e-04 4.9553830e-03]","[0.03917452 0.12639546 0.03323928 0.01885133 0.02483327 0.3331202
 0.04932144 0.01396037 0.04645434 0.00975964 0.21029583 0.01691602
 0.05983178 0.01784651]","[9.7479963e-01 5.1708869e-03 4.8734308e-03 4.9492177e-03 1.0928195e-03
 2.3935298e-03 5.3706882e-04 6.1165116e-04 2.4545917e-03 3.3179345e-04
 3.7706300e-04 2.6829942e-04 5.3687498e-04 1.6031674e-03]"
0,0,0,1,5,"[9.93742287e-01 7.48587714e-04 8.14302184e-04 4.24347760e-04
 3.76908691e-04 4.73687658e-04 1.00887744e-04 1.34882401e-04
 6.58655073e-04 1.29120352e-04 1.54445326e-04 1.75378751e-04
 1.59733667e-04 1.90671347e-03]","[0.1723522  0.30355382 0.06013229 0.05625209 0.0237485  0.07882726
 0.02983315 0.01967332 0.07134221 0.01468275 0.05205304 0.02300862
 0.06342697 0.03111383]","[0.01811982 0.00720609 0.00391796 0.00243959 0.00287941 0.70230055
 0.03237683 0.00359846 0.19555089 0.00286628 0.01136728 0.00432096
 0.00506739 0.00798847]"
0,11,11,0,0,"[8.5095997e-04 7.1112032e-04 8.8111870e-04 1.2878997e-02 1.1048859e-03
 1.0911443e-03 2.3547038e-03 2.1722845e-03 1.0316373e-03 2.1059001e-03
 3.7519110e-04 9.6592492e-01 1.3949116e-03 7.1222493e-03]","[0.4113423  0.11804082 0.10386029 0.03968636 0.03040598 0.06189378
 0.01753806 0.01576704 0.03898113 0.01115269 0.04042565 0.0220542
 0.0542306  0.03462106]","[9.7599173e-01 2.4405320e-03 5.6778332e-03 4.5232805e-03 6.9253362e-04
 2.1282819e-03 5.5822736e-04 7.4744289e-04 2.9103903e-03 4.8241581e-04
 6.1768777e-04 3.1291775e-04 7.2924112e-04 2.1875380e-03]"
8,0,8,5,0,"[7.9272486e-02 1.3169636e-03 1.6883687e-03 2.2284375e-03 3.2797232e-03
 7.6775001e-03 1.7535649e-03 8.9110725e-04 8.9183378e-01 7.6689781e-04
 2.0446882e-03 1.7856179e-03 1.9793962e-03 3.4815951e-03]","[0.02538389 0.06934797 0.01329688 0.00820728 0.01328432 0.4603299
 0.04566859 0.01267393 0.03394936 0.00576904 0.2571057  0.01324777
 0.0289996  0.01273594]","[9.8522192e-01 2.9921921e-03 2.2483792e-03 1.6309206e-03 5.4111390e-04
 1.5871336e-03 2.7340066e-04 6.7925540e-04 2.0000911e-03 3.3658548e-04
 3.0143559e-04 1.8771995e-04 4.2825911e-04 1.5715644e-03]"
10,10,10,0,6,"[3.2702982e-04 7.2914775e-04 3.0043875e-03 3.6782489e-04 1.5234282e-03
 5.8506285e-03 4.3996284e-03 1.4179384e-03 1.8426075e-03 2.3700108e-03
 9.7584438e-01 3.4957525e-04 1.0062311e-03 9.6720317e-04]","[0.4647145  0.21454151 0.05655991 0.02901133 0.03173528 0.01973946
 0.01025427 0.01585472 0.03044671 0.01310258 0.02358421 0.0126807
 0.04447039 0.03330437]","[6.2118331e-04 1.7807140e-03 1.7241482e-03 4.6825185e-03 1.5876471e-03
 1.8626187e-02 8.7552583e-01 2.9732734e-03 5.2541140e-03 2.6316133e-03
 7.6734535e-02 4.1600442e-03 2.1111604e-03 1.5870718e-03]"
2,2,2,5,0,"[1.1799007e-03 5.6346093e-04 9.6525741e-01 1.3594491e-03 9.5750456e-04
 4.8389976e-04 4.2549809e-04 6.1259745e-04 8.2663324e-04 2.4418550e-02
 1.3742440e-03 5.9741619e-04 1.3366177e-03 6.0683221e-04]","[0.05628801 0.09719614 0.02046824 0.01372227 0.01663749 0.4336833
 0.03772825 0.01319001 0.04046384 0.0059343  0.1804495  0.01618546
 0.04724095 0.02081217]","[9.7963387e-01 4.1000661e-03 2.7519218e-03 2.7154640e-03 8.1100792e-04
 2.4382025e-03 4.4736202e-04 6.7331013e-04 3.1347428e-03 4.1751112e-04
 3.4948945e-04 2.3905486e-04 5.2825082e-04 1.7595729e-03]"
4,4,4,5,0,"[3.5545840e-03 1.9701218e-02 1.3711266e-03 5.6827307e-04 9.6381986e-01
 1.0073265e-03 9.6290838e-04 3.0848586e-03 1.6829550e-03 9.2414254e-04
 1.3258362e-03 6.5931142e-04 6.7285402e-04 6.6496147e-04]","[0.00724441 0.02119586 0.00476605 0.00233606 0.00576949 0.6895925
 0.03724169 0.00727232 0.01625768 0.0032159  0.17726773 0.00790214
 0.0129858  0.00695228]","[8.7471849e-01 1.6800113e-02 7.0327178e-02 1.7351804e-02 4.0708184e-03
 3.0572729e-03 9.4385748e-04 1.3128868e-03 4.7250409e-03 9.6958608e-04
 1.1314614e-03 5.6691235e-04 1.0216001e-03 3.0030634e-03]"
10,10,10,5,8,"[1.5676449e-04 5.4118759e-04 1.7647885e-03 3.4693789e-04 1.5718584e-03
 2.3865248e-03 6.0655875e-03 1.3867256e-03 1.0071653e-03 2.1912151e-03
 9.8082203e-01 2.7601563e-04 7.8851590e-04 6.9466571e-04]","[0.04793656 0.18273787 0.0268912  0.02277473 0.02445909 0.3064953
 0.0498561  0.01756052 0.04694682 0.00849074 0.17516679 0.01958745
 0.05303307 0.0180638 ]","[0.32784075 0.02218148 0.0085568  0.00832073 0.00659619 0.10256769
 0.00906378 0.00521708 0.4795114  0.00292816 0.00577793 0.0054778
 0.00612748 0.00983265]"
0,0,0,5,1,"[0.69563264 0.00681582 0.0019921  0.00448334 0.00393691 0.0806969
 0.00247812 0.00132911 0.18277623 0.001023   0.00277438 0.00234499
 0.00222655 0.01148996]","[0.03302046 0.11601789 0.01409031 0.0085005  0.01507053 0.39396003
 0.05254261 0.01077625 0.03067628 0.00743252 0.25054383 0.01303837
 0.04197093 0.01235959]","[0.23136452 0.70952475 0.01654128 0.00773522 0.00485623 0.00736683
 0.00285231 0.00253956 0.00554973 0.00164958 0.00332643 0.00158344
 0.00205317 0.00305702]"
13,13,13,5,2,"[3.7839895e-03 3.2368721e-04 6.6626928e-04 1.7677242e-03 9.6706650e-04
 2.2578465e-03 1.6750783e-03 1.1901902e-03 1.6935358e-03 4.7028488e-03
 2.1098314e-03 3.6818525e-03 1.2014054e-03 9.7397870e-01]","[0.09834258 0.15270664 0.03513702 0.01870771 0.02382849 0.2987688
 0.04087779 0.01881787 0.037484   0.00962134 0.1574639  0.02035004
 0.06773844 0.02015544]","[0.42190284 0.0071168  0.5044266  0.02599649 0.00295257 0.00373153
 0.00178195 0.00166101 0.01037792 0.00303303 0.00584075 0.00141881
 0.00348802 0.00627159]"
2,2,2,5,0,"[1.2404675e-03 7.0432771e-04 9.8949373e-01 1.0152523e-03 7.8044657e-04
 3.9024113e-04 3.0071050e-04 4.6378822e-04 5.6966464e-04 2.9868851e-03
 9.1254670e-04 4.0322874e-04 4.7465309e-04 2.6431301e-04]","[0.03176456 0.04939503 0.00858947 0.00511994 0.01101234 0.68072116
 0.02906501 0.00898247 0.02686903 0.00384969 0.10816359 0.00902454
 0.01718783 0.01025531]","[9.6253920e-01 1.5851406e-02 6.3929828e-03 2.5885731e-03 1.9102548e-03
 2.3848896e-03 5.3162011e-04 6.8372785e-04 3.9097155e-03 4.2466522e-04
 4.3557334e-04 2.5601187e-04 5.3057220e-04 1.5608845e-03]"
1,1,1,5,9,"[1.9437711e-03 9.9110633e-01 5.3888262e-04 4.2190318e-04 1.0172076e-03
 6.0539477e-04 4.8508245e-04 2.1073713e-03 2.3256028e-04 3.5046836e-04
 3.1861247e-04 2.4403229e-04 3.1276833e-04 3.1552248e-04]","[0.04156986 0.09825594 0.01559735 0.0085282  0.01470446 0.48716992
 0.03439368 0.01332499 0.0299571  0.00594359 0.1883796  0.0143501
 0.03413925 0.01368597]","[0.00235056 0.00257424 0.00823592 0.00286954 0.00363758 0.00487864
 0.00492383 0.00673834 0.00455311 0.8229527  0.00504193 0.02590562
 0.01683948 0.08849844]"
0,0,0,5,6,"[9.8703903e-01 1.1754641e-03 2.0014730e-03 5.6966087e-03 5.2121223e-04
 3.7014612e-04 2.3537234e-04 2.0086799e-04 4.4200337e-04 4.4566934e-04
 1.4262977e-04 3.0040910e-04 1.9582119e-04 1.2333817e-03]","[0.03860185 0.05920671 0.01320818 0.00811684 0.01287547 0.59453094
 0.02866793 0.00954082 0.02737686 0.00557612 0.14599416 0.01390181
 0.02804189 0.01436041]","[5.67911833e-04 1.59676012e-03 8.79084982e-04 3.78065067e-03
 1.19210349e-03 1.50775565e-02 9.45319116e-01 2.21762829e-03
 3.64889065e-03 2.20801169e-03 1.64535306e-02 4.00949875e-03
 1.92612386e-03 1.12299994e-03]"
5,7,7,5,5,"[6.1679393e-04 2.8122731e-03 4.7517341e-04 4.5693404e-04 1.6180719e-03
 4.6699459e-04 6.0200936e-04 9.8798907e-01 2.0382812e-04 8.2888309e-04
 9.2705275e-04 9.4552833e-04 1.4495847e-03 6.0773717e-04]","[0.00959535 0.02444617 0.00594773 0.00270537 0.0080264  0.68078685
 0.02762933 0.00867205 0.01461013 0.00352283 0.17900394 0.00950203
 0.0179298  0.007622  ]","[0.00714827 0.00606599 0.00259496 0.00278729 0.00224169 0.7028154
 0.18162724 0.00296292 0.05231502 0.00212359 0.02699659 0.0040409
 0.00240713 0.0038729 ]"
1,0,1,1,1,"[1.6268371e-02 9.5397389e-01 1.5969931e-03 8.1924687e-04 9.0301903e-03
 1.4444205e-03 8.7724708e-04 1.1511490e-02 9.1393065e-04 5.4572255e-04
 8.9102855e-04 5.0073588e-04 9.0995355e-04 7.1693008e-04]","[0.14400175 0.31861207 0.04908982 0.03608362 0.02758284 0.12588155
 0.03220799 0.01461583 0.04867321 0.00957245 0.08359706 0.01925272
 0.06557502 0.02525397]","[4.6341466e-03 9.7351640e-01 1.0637318e-03 2.2762781e-03 4.9559921e-03
 2.1808394e-03 2.0997683e-03 3.9779278e-03 1.0220346e-03 6.9492706e-04
 1.2744201e-03 8.8162877e-04 8.6395344e-04 5.5787485e-04]"
7,7,7,5,1,"[6.7365216e-04 3.2871524e-03 4.4876087e-04 4.3645664e-04 1.5064053e-03
 5.1557174e-04 6.6540367e-04 9.8761302e-01 2.1386032e-04 7.5566652e-04
 9.3260186e-04 9.5816661e-04 1.3408595e-03 6.5269234e-04]","[0.02496201 0.0752015  0.01085776 0.0055893  0.01188595 0.54183424
 0.04327257 0.01194323 0.02956892 0.0048649  0.18267278 0.01374804
 0.03191186 0.0116869 ]","[0.02198819 0.86746716 0.0028808  0.00150368 0.00561139 0.00538985
 0.00244203 0.07583886 0.00464631 0.00170015 0.00381785 0.00212089
 0.0022079  0.00238491]"
13,0,13,5,3,"[1.6127963e-02 6.5278116e-04 2.2980988e-03 5.1339730e-03 1.9159014e-03
 2.6201869e-03 1.4501234e-03 1.9993549e-03 1.3127336e-03 1.6203035e-02
 2.0350949e-03 4.2458349e-03 1.1197908e-03 9.4288516e-01]","[0.00472768 0.02797587 0.0034367  0.00602363 0.00584065 0.44675767
 0.28398073 0.0061342  0.01688991 0.00435425 0.15999013 0.01263581
 0.01418026 0.00707246]","[8.3815260e-03 1.4208705e-03 4.6970118e-03 9.7069168e-01 2.4142477e-03
 8.9215051e-04 2.1639557e-03 9.5707615e-04 8.8263076e-04 9.2315918e-04
 7.4683927e-04 3.9794897e-03 7.1440270e-04 1.1348610e-03]"
5,5,5,5,0,"[1.7167661e-02 5.2001881e-03 1.0812550e-03 8.0294564e-04 1.7374947e-03
 9.6168226e-01 1.1042829e-03 1.2415645e-03 2.4536240e-03 8.7140012e-04
 2.6059391e-03 7.9231599e-04 1.5853160e-03 1.6738934e-03]","[0.02575979 0.04624871 0.01452906 0.00788746 0.01018117 0.53646886
 0.04604412 0.00990139 0.04064895 0.00526367 0.19904824 0.01317837
 0.02889541 0.01594482]","[9.0334278e-01 4.4569694e-02 2.4608653e-02 7.4183387e-03 2.1207391e-03
 3.2371457e-03 9.8704163e-04 1.3011417e-03 6.6279224e-03 8.1823819e-04
 1.4457536e-03 5.3402281e-04 9.9561829e-04 1.9929255e-03]"
