,f1_micro,f1_macro,f1_weighted,accuracy,recall,precision
biobert,0.8277153558052435,0.8130015370471692,0.823810279005142,0.8277153558052435,0.8277153558052435,0.8272643759529875
bert-base,0.8202247191011236,0.7854468554969778,0.8147579537318368,0.8202247191011236,0.8202247191011236,0.8202599156197801
Scibert,0.8389513108614233,0.8193860899033403,0.8392346982603608,0.8389513108614233,0.8389513108614233,0.8431688562367762
BioLinkBERT,0.8408239700374532,0.8183632115475311,0.8389122978581279,0.8408239700374532,0.8408239700374532,0.8419991174501366
BiomedBERT,0.8408239700374532,0.8197326969429983,0.8378241020984175,0.8408239700374532,0.8408239700374532,0.8458386108349618
PubMedBERT,0.8277153558052435,0.813234731631016,0.824486068359386,0.8277153558052435,0.8277153558052435,0.8259392420469575
Bio_ClinicalBERT,0.8033707865168539,0.7774534200374038,0.8011501034527325,0.8033707865168539,0.8033707865168539,0.8022313365192901
