"PMID","Autobiography","Bibliography","Biography","Case-Control Studies","Case Reports","Clinical Studies as Topic","Clinical Study","Cohort Studies","Comment","Congress","Consensus Development Conference","Cross-Cultural Comparison","Cross-Over Studies","Cross-Sectional Studies","Diagnostic Test Accuracy","Double-Blind Method","Editorial","Evaluation Studies as Topic","Evaluation Study","Feasibility Studies","Focus Groups","Follow-Up Studies","Genome-Wide Association Study","Historical Article","Human Experimentation","interview","Interviews as Topic","Lecture","Legal Case","Letter","Longitudinal Studies","Matched-Pair Analysis","Meta-analysis","Multicenter Study","News","Personal Narrative","Portrait","Practice Guideline","Predictive Value of Tests","Prospective Studies","Random Allocation","Randomized Controlled Trial","Reproducibility of Results","Retrospective Studies","Review","Systematic Reviews as Topic","Systematic Review","Twin Study","Validation Study"
26081580,0.0,0.0,0.0,0.00045,0.00049,0.0061,0.9537,0.00013,0.00023,0.0,0.0,0.00006,0.00007,0.00091,0.0,0.00008,0.0012,0.00017,0.00056,0.0005,0.00061,0.0148,0.00027,0.00045,0.0,0.0,0.00039,0.0,0.0,0.0004,0.0012,0.00006,0.0042,0.1538,0.00001,0.0,0.0,0.0,0.0126,0.02,0.00032,0.7832,0.00072,0.0204,0.0013,0.0,0.00002,0.00004,0.00013
25971300,0.0,0.0,0.0,0.0143,0.00016,0.0011,0.0598,0.003,0.00062,0.00001,0.00001,0.0,0.00006,0.00091,0.0,0.00008,0.0001,0.00004,0.00056,0.00016,0.00002,0.0268,0.00005,0.00026,0.0,0.0,0.00017,0.00004,0.0,0.00033,0.00057,0.00017,0.0042,0.0364,0.00001,0.0,0.0,0.0,0.0074,0.0249,0.004,0.0032,0.0074,0.0677,0.0025,0.0,0.00002,0.00004,0.00051
25978940,0.0,0.0,0.0,0.0017,0.0013,0.0022,0.0501,0.0088,0.00015,0.00019,0.00003,0.00002,0.00006,0.097,0.0,0.00016,0.00015,0.00019,0.00065,0.0005,0.00005,0.0329,0.00004,0.00026,0.0,0.0,0.00009,0.00004,0.0,0.0004,0.0039,0.00002,0.00029,0.0824,0.0,0.0,0.0,0.00004,0.004,0.0026,0.00032,0.00054,0.0027,0.0316,0.0013,0.0,0.0087,0.00004,0.00022
25867960,0.0,0.0,0.00001,0.0061,0.00033,0.0011,0.0834,0.0024,0.00059,0.00005,0.00001,0.00002,0.00006,0.00091,0.0,0.0053,0.0047,0.0021,0.0035,0.00022,0.00005,0.0048,0.0,0.00045,0.0,0.0,0.00009,0.00003,0.0,0.0018,0.001,0.00003,0.00029,0.0029,0.00001,0.0,0.0,0.0,0.0509,0.02,0.0019,0.0105,0.0821,0.0054,0.0121,0.0,0.0,0.00004,0.00077
25856530,0.0,0.0,0.0,0.0379,0.8583,0.0048,0.0385,0.0088,0.00015,0.00019,0.00002,0.00002,0.00006,0.0014,0.0,0.00024,0.0001,0.0011,0.0035,0.0015,0.00002,0.0224,0.00027,0.00056,0.0,0.0,0.00009,0.00002,0.0,0.00079,0.00077,0.00003,0.0016,0.0078,0.00001,0.0,0.0,0.0,0.00089,0.0026,0.004,0.0032,0.0033,0.0112,0.0121,0.0,0.0,0.00016,0.00054
25819700,0.0,0.0,0.0,0.00072,0.0397,0.014,0.3344,0.0088,0.00023,0.00001,0.00002,0.00078,0.00007,0.0023,0.0,0.0185,0.00021,0.00038,0.0035,0.4556,0.00005,0.0949,0.00005,0.00045,0.00002,0.0,0.0033,0.0,0.0,0.00079,0.0017,0.00003,0.00071,0.0901,0.00001,0.0,0.0,0.0,0.0152,0.0018,0.00026,0.0635,0.00099,0.0201,0.0021,0.0,0.0,0.00008,0.0013
25789160,0.0,0.0,0.0,0.0029,0.0038,0.00052,0.0097,0.00042,0.00015,0.0,0.0,0.00002,0.00002,0.9609,0.0,0.00016,0.00021,0.0,0.0035,0.00022,0.00002,0.0017,0.00027,0.001,0.0,0.0,0.0093,0.00002,0.0,0.00033,0.0016,0.0,0.00071,0.0012,0.00001,0.0,0.0,0.0,0.0028,0.00037,0.00012,0.00006,0.044,0.0054,0.407,0.00044,0.9664,0.0,0.0013
25666180,0.0,0.00002,0.00006,0.0023,0.0043,0.0315,0.0147,0.0015,0.0011,0.00005,0.00007,0.00008,0.0007,0.0383,0.0,0.0013,0.0013,0.00038,0.0046,0.0005,0.00014,0.0029,0.00049,0.0014,0.00014,0.00015,0.00055,0.00036,0.00006,0.0018,0.00095,0.00003,0.00071,0.0047,0.00024,0.00003,0.0,0.00004,0.0014,0.0026,0.00032,0.0016,0.0108,0.0112,0.8239,0.0,0.0001,0.00008,0.00022
24526470,0.0,0.0,0.0,0.0203,0.00049,0.0061,0.0531,0.0038,0.00015,0.0,0.0,0.00006,0.00026,0.0072,0.0,0.00008,0.00021,0.00017,0.00056,0.00016,0.00002,0.0018,0.0,0.00026,0.0,0.0,0.0019,0.00001,0.0,0.00033,0.0016,0.00002,0.0075,0.0149,0.00001,0.0,0.0,0.0,0.0079,0.0026,0.00032,0.0077,0.002,0.0099,0.0039,0.0,0.0,0.00016,0.00054
18405390,0.0,0.0,0.0,0.0,0.00016,0.00052,0.9814,0.00042,0.00062,0.00005,0.0,0.00002,0.0156,0.0023,0.0,0.9587,0.0022,0.00017,0.00065,0.0069,0.00006,0.0079,0.00004,0.00067,0.0,0.0,0.00009,0.0,0.0,0.00033,0.001,0.0,0.0,0.2655,0.00001,0.0,0.0,0.00003,0.0509,0.0413,0.0021,0.7939,0.002,0.0011,0.00071,0.0,0.0,0.00002,0.00006
724830,0.00003,0.00002,0.00049,0.006,0.016,0.0022,0.025,0.0073,0.00023,0.00005,0.00002,0.0125,0.00007,0.0585,0.0,0.00079,0.0019,0.00038,0.0035,0.0005,0.00005,0.0525,0.00008,0.0019,0.0,0.0,0.00091,0.00004,0.0,0.001,0.0039,0.00017,0.00034,0.0047,0.00001,0.00003,0.00003,0.00003,0.0044,0.0151,0.0171,0.001,0.015,0.0201,0.0217,0.00003,0.0,0.00004,0.00061
740190,0.00005,0.0,0.0011,0.0061,0.0821,0.0048,0.0361,0.0133,0.00023,0.00001,0.00001,0.0012,0.00064,0.014,0.0,0.0017,0.0013,0.00071,0.0046,0.00099,0.00006,0.0537,0.00027,0.0019,0.00002,0.00004,0.0019,0.00024,0.0,0.00079,0.0024,0.00006,0.00071,0.0063,0.00024,0.00088,0.00013,0.00004,0.0028,0.007,0.0021,0.0029,0.0112,0.1333,0.0385,0.0,0.0,0.00008,0.00044
755870,0.00003,0.00002,0.00007,0.00093,0.001,0.0027,0.0857,0.0054,0.0011,0.00019,0.00002,0.00023,0.00064,0.011,0.0,0.00018,0.00047,0.00039,0.0018,0.0004,0.00005,0.0759,0.00005,0.00045,0.0,0.0,0.00009,0.0,0.0,0.00017,0.0024,0.00003,0.0026,0.0028,0.00015,0.00003,0.00002,0.00003,0.0152,0.0016,0.0019,0.0042,0.0499,0.0041,0.0323,0.0,0.0,0.00043,0.0054
3413450,0.0,0.0,0.0,0.0039,0.0069,0.0015,0.0385,0.0133,0.0012,0.00005,0.00001,0.00008,0.00064,0.0014,0.0,0.0013,0.00026,0.1,0.0036,0.00089,0.00014,0.0648,0.00004,0.00045,0.0,0.0,0.00034,0.00002,0.0,0.00039,0.0146,0.00023,0.00029,0.0078,0.00001,0.0,0.0,0.0,0.027,0.0088,0.00047,0.0029,0.0286,0.0023,0.0062,0.0,0.0,0.00004,0.1869
3418380,0.0,0.0,0.0,0.006,0.0033,0.00035,0.025,0.0225,0.00015,0.0,0.00002,0.00004,0.00006,0.0023,0.0,0.00024,0.0,0.00038,0.0017,0.00024,0.00002,0.0207,0.00005,0.0011,0.0,0.0,0.00009,0.0,0.0,0.0002,0.0017,0.00002,0.00014,0.0017,0.00001,0.0,0.0,0.00018,0.0019,0.0309,0.0021,0.0042,0.0031,0.0093,0.0035,0.0,0.0,0.00002,0.00051
2916270,0.00005,0.00002,0.0001,0.0013,0.0083,0.0119,0.0138,0.003,0.00062,0.00005,0.00001,0.00078,0.00006,0.0017,0.0,0.0013,0.00026,0.0021,0.0031,0.00089,0.00003,0.0715,0.00034,0.00067,0.0,0.00004,0.00009,0.00024,0.0,0.0018,0.00095,0.00002,0.00034,0.0028,0.00015,0.00003,0.00004,0.00004,0.0019,0.0151,0.0018,0.00084,0.0031,0.0506,0.3688,0.00003,0.00002,0.00001,0.00077
2709930,0.00003,0.00002,0.00045,0.0029,0.8583,0.0061,0.0056,0.0022,0.00062,0.00011,0.00001,0.00006,0.00006,0.0018,0.0,0.0013,0.0013,0.00075,0.00021,0.00093,0.00005,0.1379,0.00011,0.00067,0.0,0.00004,0.00035,0.00002,0.0,0.0177,0.0024,0.00006,0.00071,0.015,0.0024,0.00063,0.00013,0.00004,0.0044,0.0013,0.0045,0.0018,0.0028,0.0017,0.0052,0.0,0.0,0.00001,0.00023
1392550,0.0,0.0,0.0,0.00045,0.0042,0.0015,0.0031,0.0062,0.00062,0.00001,0.0,0.0938,0.00002,0.0023,0.0,0.00008,0.00021,0.00017,0.0018,0.00008,0.00005,0.274,0.00005,0.001,0.0,0.0,0.00055,0.00002,0.0,0.00079,0.0016,0.00002,0.6616,0.0047,0.00001,0.0,0.0,0.0,0.0013,0.0013,0.00047,0.00006,0.005,0.0041,0.9331,0.0,0.00063,0.00001,0.00022
1401120,0.0,0.0,0.0,0.0088,0.001,0.00073,0.0147,0.3305,0.00023,0.00005,0.00002,0.0034,0.00006,0.0072,0.0,0.0018,0.00015,0.00075,0.0035,0.00024,0.00057,0.2989,0.00017,0.00018,0.0,0.0,0.00009,0.00016,0.0,0.00013,0.6626,0.0,0.00029,0.008,0.00001,0.0,0.0,0.0,0.1816,0.0088,0.00026,0.0012,0.0288,0.0033,0.0013,0.0,0.0,0.00008,0.0013
8084630,0.0,0.0,0.00001,0.0034,0.0042,0.0013,0.0039,0.0015,0.00062,0.00001,0.00001,0.00008,0.00002,0.004,0.0,0.00016,0.00034,0.00038,0.0015,0.00033,0.00002,0.0119,0.00004,0.00073,0.0,0.0,0.00009,0.00004,0.0,0.00033,0.0012,0.0,0.00029,0.0047,0.00001,0.00003,0.0,0.0,0.0043,0.0058,0.0019,0.00009,0.0062,0.8571,0.0077,0.0,0.0,0.00002,0.00077
7945010,0.0,0.0,0.0,0.0088,0.0038,0.0048,0.0175,0.0073,0.00015,0.00005,0.00002,0.00004,0.00039,0.0299,0.0,0.0011,0.0001,0.00038,0.00056,0.00006,0.00002,0.0329,0.0,0.0003,0.0,0.0,0.00009,0.00001,0.0,0.00079,0.0089,0.00006,0.00014,0.0292,0.00001,0.0,0.0,0.0,0.004,0.0026,0.0012,0.00084,0.0071,0.0052,0.0225,0.0,0.0,0.00002,0.00023
8689350,0.00003,0.0,0.00006,0.0015,0.9313,0.0008,0.0138,0.0015,0.00015,0.00005,0.00003,0.00002,0.00002,0.00091,0.0,0.00008,0.0001,0.00038,0.00056,0.00008,0.00002,0.274,0.00004,0.0003,0.0,0.0,0.00009,0.00002,0.0,0.0018,0.0013,0.00017,0.00023,0.0047,0.00001,0.00006,0.0,0.00004,0.0032,0.00084,0.00032,0.0012,0.00072,0.0183,0.0162,0.0,0.00002,0.00002,0.00013
8726540,0.0,0.0,0.00001,0.2928,0.0014,0.0022,0.0985,0.0088,0.00015,0.00005,0.00001,0.00023,0.00006,0.00049,0.0,0.0013,0.00068,0.00038,0.007,0.00016,0.00006,0.0207,0.00004,0.00045,0.0,0.0,0.00009,0.0006,0.0,0.001,0.0016,0.0012,0.00023,0.0022,0.00001,0.0,0.0,0.00003,0.0044,0.0064,0.0019,0.0029,0.0027,0.0052,0.0013,0.0,0.0,0.00002,0.002
9409870,0.00005,0.00002,0.00006,0.002,0.9398,0.0027,0.006,0.0088,0.00023,0.00005,0.00007,0.00002,0.00039,0.0017,0.0,0.00024,0.00068,0.00075,0.00095,0.00024,0.00006,0.0329,0.00011,0.0003,0.0,0.00053,0.00009,0.00002,0.0,0.0053,0.0017,0.00006,0.00029,0.0078,0.00015,0.00005,0.00002,0.00018,0.0056,0.0026,0.0019,0.00058,0.002,0.0033,0.8239,0.00003,0.0,0.00003,0.00013
9514820,0.00005,0.0,0.00049,0.00045,0.0033,0.0008,0.0089,0.0024,0.00015,0.00001,0.00001,0.00078,0.0007,0.00063,0.0,0.00024,0.00021,0.00038,0.0031,0.0007,0.00005,0.00081,0.00005,0.003,0.0,0.0,0.00009,0.00024,0.0,0.0111,0.0024,0.00017,0.00041,0.0047,0.00015,0.00063,0.00013,0.00004,0.0028,0.0088,0.0018,0.00054,0.0055,0.0316,0.0035,0.0,0.0,0.00004,0.00051
10025430,0.0,0.0,0.0,0.002,0.9557,0.0011,0.0039,0.00069,0.00015,0.0,0.0,0.00002,0.00006,0.00091,0.0,0.00008,0.00015,0.00038,0.00065,0.00016,0.00002,0.0119,0.0,0.00026,0.0,0.0,0.00017,0.00004,0.0,0.00018,0.021,0.00003,0.00014,0.0012,0.0,0.0,0.0,0.0,0.0028,0.009,0.00032,0.00084,0.0027,0.0033,0.0021,0.0,0.0,0.0,0.00041
10211470,0.0,0.0,0.00001,0.0013,0.4005,0.0027,0.0834,0.0015,0.00062,0.00005,0.00002,0.00004,0.00007,0.0019,0.0,0.00037,0.00021,0.0013,0.00065,0.00016,0.00005,0.1753,0.00005,0.00067,0.0,0.0,0.0003,0.00001,0.0,0.0039,0.0059,0.00002,0.0016,0.0063,0.00001,0.00005,0.00004,0.0,0.0079,0.0133,0.0021,0.00054,0.00099,0.0099,0.0106,0.0,0.00006,0.00002,0.00022
10321670,0.0,0.0,0.0,0.0028,0.0023,0.00095,0.0282,0.0056,0.00015,0.0,0.00001,0.00002,0.00006,0.00041,0.0,0.0011,0.00015,0.0011,0.0031,0.00099,0.00005,0.0017,0.0,0.00026,0.0,0.0,0.00009,0.00001,0.0,0.00013,0.00077,0.00006,0.00014,0.0007,0.00001,0.0,0.00003,0.00004,0.0079,0.0413,0.0171,0.0018,0.0055,0.0013,0.0021,0.0,0.0,0.00004,0.00054
11157120,0.0,0.0,0.0,0.0016,0.00016,0.00035,0.0087,0.0062,0.00015,0.00005,0.00001,0.00023,0.00026,0.0579,0.0,0.00016,0.00068,0.00019,0.0901,0.0004,0.00005,0.0432,0.00036,0.0003,0.00002,0.0,0.00091,0.00003,0.0,0.00039,0.0048,0.00006,0.00029,0.0047,0.00001,0.0,0.0,0.0,0.004,0.0413,0.00099,0.0032,0.0027,0.0112,0.0013,0.0,0.0,0.00004,0.0087
11965850,0.0,0.0,0.0,0.0058,0.9865,0.00018,0.0056,0.0185,0.00015,0.00001,0.00003,0.00002,0.00002,0.0023,0.0,0.00008,0.00015,0.00012,0.00021,0.00006,0.00005,0.0279,0.00017,0.00023,0.0,0.0,0.00055,0.00002,0.0,0.00013,0.0017,0.00002,0.00014,0.008,0.0,0.0,0.0,0.00004,0.0056,0.0026,0.00012,0.00009,0.00099,0.0041,0.5123,0.0,0.0,0.00001,0.00013
12830400,0.00003,0.0,0.0021,0.0046,0.0043,0.00073,0.025,0.0358,0.0011,0.0137,0.0242,0.0001,0.00006,0.00049,0.0,0.00024,0.0017,0.00017,0.0025,0.0005,0.00005,0.00081,0.00049,0.001,0.0,0.00015,0.0015,0.00002,0.0,0.00033,0.0013,0.00006,0.00071,0.0078,0.00015,0.00003,0.00013,0.00004,0.0028,0.00084,0.0019,0.00054,0.0074,0.0014,0.0385,0.0,0.0,0.00004,0.00061
12856230,0.00003,0.00002,0.0001,0.002,0.8583,0.0022,0.0757,0.0049,0.00023,0.00019,0.00045,0.00008,0.00006,0.0034,0.0,0.00037,0.00047,0.00019,0.0031,0.00024,0.00005,0.0224,0.0,0.0052,0.0,0.0,0.00009,0.00002,0.0,0.001,0.0066,0.00017,0.00071,0.0029,0.00001,0.00005,0.00004,0.00004,0.00068,0.009,0.0021,0.0056,0.00099,0.0112,0.0096,0.0,0.0,0.00003,0.00013
12917950,0.0,0.0,0.0,0.0,0.00016,0.6548,0.4214,0.00042,0.00015,0.0,0.0,0.0,0.00002,0.0014,0.0,0.2879,0.0,0.0,0.00056,0.00006,0.0,0.0029,0.0,0.00026,0.00002,0.0,0.00004,0.0,0.0,0.00013,0.00013,0.0,0.956,0.0292,0.00001,0.0,0.0,0.0,0.00089,0.00037,0.00012,0.0015,0.00072,0.0054,0.9708,0.0,0.998,0.0,0.00006
15046470,0.0,0.0,0.0333,0.00072,0.0014,0.00087,0.0016,0.0049,0.0012,0.00001,0.0,0.00008,0.00064,0.0023,0.0,0.00016,0.00068,0.00039,0.0046,0.00057,0.00076,0.0052,0.0,0.0263,0.0,0.1509,0.3472,0.00004,0.0,0.001,0.0048,0.00003,0.00071,0.0022,0.00001,0.00006,0.0,0.0,0.0015,0.00084,0.0021,0.001,0.0071,0.0248,0.0077,0.0,0.0,0.00002,0.0017
15096530,0.0,0.0,0.0,0.0095,0.0052,0.0027,0.0823,0.0133,0.00015,0.00005,0.00002,0.00023,0.00006,0.0202,0.0,0.00037,0.0,0.00017,0.013,0.0018,0.00014,0.1279,0.00005,0.00045,0.0,0.0,0.00004,0.0,0.0,0.00013,0.0039,0.00002,0.00071,0.0292,0.00001,0.0,0.0,0.0,0.2595,0.02,0.0129,0.0407,0.0227,0.0442,0.0062,0.0,0.0,0.00002,0.0031
14991240,0.0,0.0,0.0,0.2117,0.00016,0.0008,0.7908,0.0016,0.0,0.0,0.0,0.0,0.00006,0.0017,0.0165,0.0013,0.0,0.0013,0.0323,0.00099,0.00006,0.0075,0.0,0.00027,0.0,0.0,0.00009,0.0,0.0,0.00079,0.0017,0.00003,0.00014,0.008,0.0,0.0,0.0,0.00066,0.0074,0.009,0.0171,0.7832,0.3555,0.0248,0.00045,0.0,0.0,0.00001,0.0011
15249310,0.0,0.00002,0.0001,0.006,0.001,0.0048,0.0147,0.0056,0.00023,0.00001,0.0,0.00023,0.0037,0.0271,0.0,0.00024,0.0013,0.00038,0.0046,0.00089,0.00016,0.0224,0.00027,0.0019,0.0,0.0,0.00092,0.00001,0.0,0.00039,0.0024,0.00017,0.85,0.0014,0.00015,0.00006,0.00003,0.0,0.0079,0.02,0.00099,0.0015,0.0499,0.0054,0.0171,0.00004,0.0,0.00002,0.00023
15253110,0.0,0.0,0.00001,0.0046,0.6059,0.00094,0.0834,0.0025,0.00023,0.00005,0.00007,0.0,0.00006,0.0394,0.0,0.0017,0.00026,0.00038,0.007,0.00024,0.00005,0.0075,0.00004,0.00045,0.0,0.0,0.00017,0.00002,0.0,0.0039,0.00095,0.00003,0.0026,0.0032,0.00015,0.0,0.0,0.0,0.027,0.0064,0.00026,0.0018,0.0027,0.0112,0.0385,0.0,0.00005,0.00001,0.00023
15726540,0.0,0.0,0.00001,0.0,0.00033,0.0035,0.9909,0.00069,0.00015,0.00005,0.00002,0.00023,0.0007,0.00063,0.0,0.9031,0.0001,0.00017,0.00065,0.00006,0.00005,0.0123,0.0,0.00067,0.0,0.0,0.00004,0.00001,0.0,0.001,0.00095,0.00003,0.00014,0.8864,0.00001,0.0,0.0,0.0,0.00089,0.1174,0.00049,0.5269,0.0012,0.0059,0.0106,0.0,0.00027,0.00002,0.00013
15907750,0.0,0.0,0.0,0.0095,0.0021,0.0071,0.0175,0.0088,0.00015,0.00019,0.00007,0.00008,0.00006,0.1828,0.0,0.0013,0.00026,0.00017,0.0018,0.00099,0.00002,0.0112,0.00005,0.00067,0.0,0.0,0.0033,0.00004,0.0,0.00013,0.0039,0.0,0.00029,0.0907,0.00001,0.0,0.0,0.00004,0.0032,0.0151,0.00049,0.002,0.0286,0.0112,0.0121,0.0,0.0,0.00014,0.0018
16146330,0.0,0.0,0.00001,0.0003,0.0246,0.0035,0.0326,0.0016,0.00023,0.00005,0.00001,0.00006,0.828,0.0023,0.0,0.00022,0.00021,0.00071,0.0016,0.00016,0.00005,0.0066,0.00005,0.00067,0.0,0.0,0.00009,0.00002,0.0,0.001,0.00095,0.00003,0.00029,0.0047,0.00015,0.0,0.00004,0.0,0.004,0.0026,0.0039,0.001,0.4135,0.0041,0.8239,0.0,0.0013,0.00002,0.00041
16807870,0.0,0.0,0.0,0.00045,0.0717,0.0035,0.0175,0.0024,0.00015,0.00021,0.00007,0.00002,0.00039,0.0072,0.0,0.00016,0.00021,0.00038,0.007,0.00013,0.0048,0.0119,0.00004,0.00045,0.0,0.0,0.0251,0.0027,0.0,0.00039,0.00077,0.00003,0.00029,0.0123,0.00001,0.0,0.00004,0.00004,0.0044,0.0058,0.00032,0.001,0.0108,0.0316,0.6176,0.0,0.0,0.00001,0.00051
18459450,0.0,0.0,0.0,0.0046,0.0035,0.00088,0.0165,0.0088,0.00015,0.0,0.00001,0.00065,0.00006,0.3185,0.0,0.00008,0.00015,0.00034,0.0031,0.00099,0.00002,0.0207,0.00027,0.00061,0.0,0.0,0.0003,0.0,0.0,0.00033,0.0024,0.00003,0.00029,0.0113,0.0,0.0,0.0,0.0,0.0374,0.0026,0.00099,0.0015,0.0648,0.0011,0.0062,0.0,0.0076,0.00001,0.0013
18477160,0.0,0.00002,0.00007,0.006,0.9741,0.0027,0.0078,0.0024,0.00015,0.00019,0.00045,0.00002,0.00007,0.0039,0.0,0.00018,0.00068,0.00038,0.0025,0.00016,0.00005,0.0207,0.00004,0.00045,0.00002,0.0,0.00017,0.00003,0.0,0.001,0.00095,0.00002,0.00029,0.0063,0.00001,0.00003,0.00004,0.00004,0.0014,0.0064,0.0021,0.00084,0.002,0.0099,0.0076,0.0,0.0,0.00001,0.00044
18519870,0.0,0.0,0.0,0.002,0.0012,0.0012,0.0249,0.2351,0.00015,0.0,0.00001,0.0,0.00006,0.0023,0.0,0.0023,0.00021,0.00039,0.007,0.00008,0.00005,0.2834,0.0015,0.003,0.00002,0.0,0.0159,0.00002,0.0,0.0001,0.8382,0.00003,0.00029,0.0292,0.00001,0.0,0.00002,0.00004,0.0079,0.0885,0.00036,0.0012,0.0027,0.0059,0.0013,0.0,0.0,0.00004,0.00022
18317780,0.0,0.0,0.0,0.00015,0.0033,0.00052,0.0598,0.0088,0.00015,0.0,0.00001,0.00004,0.00007,0.0023,0.0,0.0011,0.0001,0.00017,0.0323,0.0007,0.00002,0.0123,0.0,0.00027,0.0,0.0,0.00009,0.0,0.0,0.00013,0.00057,0.00002,0.00029,0.0029,0.00001,0.0,0.0,0.0,0.0013,0.0026,0.0902,0.0635,0.0821,0.0099,0.0013,0.0,0.0,0.00001,0.0087
18479840,0.00003,0.0,0.0024,0.00072,0.00016,0.0071,0.0147,0.0488,0.00015,0.0,0.00002,0.00023,0.00007,0.0019,0.0,0.00024,0.0,0.00017,0.0025,0.00013,0.00014,0.0123,0.0,0.0263,0.0,0.0,0.119,0.0,0.0,0.00017,0.5902,0.00003,0.00014,0.008,0.00001,0.00003,0.0,0.0,0.0152,0.0333,0.00047,0.0029,0.0071,0.6496,0.0021,0.0,0.0,0.00004,0.00077
18272230,0.0,0.0,0.0,0.0029,0.00049,0.00052,0.7908,0.0015,0.00015,0.00005,0.00003,0.00023,0.00006,0.0097,0.0,0.0185,0.00015,0.00008,0.0046,0.00024,0.00006,0.0432,0.00005,0.00056,0.0,0.0,0.00004,0.0,0.0,0.00039,0.0039,0.00006,0.0,0.0778,0.00001,0.0,0.0,0.0,0.00068,0.6735,0.00012,0.0105,0.002,0.0025,0.0013,0.0,0.0,0.00002,0.00051
19155230,0.0,0.0,0.00006,0.002,0.0069,0.0022,0.0757,0.0049,0.00037,0.00005,0.00002,0.00004,0.00006,0.003,0.0,0.00018,0.00068,0.0021,0.0635,0.0044,0.00005,0.0055,0.00049,0.00067,0.0,0.0,0.00055,0.0006,0.0,0.00079,0.0016,0.00003,0.00029,0.0143,0.00001,0.0,0.00002,0.00003,0.0028,0.0152,0.0012,0.0042,0.0213,0.0167,0.0048,0.0,0.00002,0.00004,0.00077
19389420,0.0,0.0,0.0,0.0003,0.00016,0.0646,0.9859,0.00042,0.00015,0.0,0.00001,0.00078,0.00006,0.003,0.0,0.0013,0.00015,0.00038,0.00065,0.0005,0.00003,0.274,0.00005,0.00026,0.0,0.0,0.0015,0.0,0.0,0.00013,0.0059,0.00002,0.00014,0.4067,0.00001,0.0,0.0,0.00003,0.0019,0.0152,0.0096,0.8341,0.005,0.0015,0.0013,0.0,0.0,0.00002,0.002
18930560,0.0,0.0,0.00001,0.0023,0.0052,0.00052,0.8213,0.0024,0.00062,0.00005,0.00001,0.0034,0.0007,0.00063,0.0,0.00016,0.00021,0.00071,0.078,0.00016,0.00002,0.0432,0.00049,0.0003,0.00002,0.0,0.0159,0.0,0.0,0.0002,0.5902,0.00017,0.00014,0.494,0.00001,0.0,0.0,0.00003,0.00089,0.0053,0.00047,0.5169,0.015,0.0677,0.0013,0.0,0.0,0.00002,0.00006
20052730,0.0,0.0,0.0,0.0887,0.00016,0.0646,0.0175,0.0987,0.00015,0.00005,0.00002,0.0,0.00002,0.00091,0.0,0.00008,0.0,0.00038,0.0095,0.0025,0.00002,0.0123,0.0,0.0003,0.0,0.0,0.00004,0.0,0.0,0.00017,0.00077,0.00002,0.00014,0.0074,0.00024,0.0,0.0,0.0,0.0028,0.0013,0.00032,0.0077,0.002,0.5657,0.0077,0.0,0.0,0.00001,0.00054
19937250,0.0,0.0,0.0001,0.00072,0.0103,0.00094,0.0016,0.00069,0.00015,0.0,0.00007,0.00006,0.00006,0.00041,0.0,0.00016,0.00021,0.00038,0.0031,0.0005,0.00005,0.0052,0.00027,0.00067,0.0,0.0,0.00004,0.00002,0.0,0.00033,0.0024,0.00003,0.0014,0.00061,0.0,0.0,0.0,0.00003,0.0044,0.0018,0.00012,0.00054,0.0027,0.0204,0.9179,0.0,0.0012,0.0,0.00051
21157690,0.0,0.0,0.0,0.002,0.00016,0.0011,0.0138,0.0073,0.00015,0.0,0.0,0.00006,0.00006,0.0017,0.0,0.00016,0.0001,0.0028,0.00056,0.00016,0.00002,0.5962,0.0,0.00018,0.0,0.0,0.00009,0.00024,0.0,0.0001,0.00057,0.0,0.00014,0.0292,0.0,0.0,0.0,0.0,0.003,0.0309,0.00036,0.00054,0.00099,0.9228,0.0021,0.0,0.0,0.00002,0.00023
22182460,0.0,0.00002,0.00001,0.0028,0.9741,0.0022,0.0087,0.0056,0.00023,0.00005,0.00002,0.00004,0.00002,0.00049,0.0,0.00018,0.00021,0.00017,0.0063,0.00034,0.00005,0.009,0.00049,0.00056,0.0,0.0,0.00055,0.00001,0.00006,0.0177,0.00057,0.00002,0.00029,0.0047,0.00001,0.00003,0.00002,0.00004,0.004,0.00084,0.00032,0.0016,0.005,0.0049,0.0225,0.0,0.0,0.00004,0.00023
20594620,0.00003,0.0,0.00001,0.0135,0.0052,0.0022,0.0468,0.0063,0.00015,0.0,0.00002,0.00023,0.00039,0.0072,0.0,0.00024,0.00068,0.00038,0.0025,0.00033,0.00014,0.0119,0.00017,0.00045,0.0,0.0,0.00009,0.00004,0.0,0.0018,0.0012,0.00045,0.00029,0.0192,0.00015,0.00003,0.00003,0.00004,0.0079,0.0053,0.0012,0.0032,0.0071,0.0037,0.0017,0.0,0.0,0.00004,0.00023
22303490,0.0,0.0,0.00001,0.0028,0.0023,0.0061,0.0282,0.0016,0.00023,0.00005,0.00002,0.00002,0.00006,0.005,0.0,0.00016,0.0014,0.00038,0.0213,0.00024,0.00006,0.0023,0.001,0.0003,0.0,0.0,0.00034,0.00003,0.0,0.001,0.0039,0.00003,0.0014,0.0074,0.00009,0.0,0.0,0.00004,0.00067,0.009,0.00099,0.00058,0.0028,0.0025,0.0077,0.0,0.00002,0.00002,0.00061
22341210,0.00005,0.0,0.00018,0.006,0.0043,0.0011,0.0078,0.0088,0.0027,0.00005,0.00001,0.00008,0.00006,0.0023,0.0,0.00037,0.0017,0.00071,0.0323,0.0025,0.00016,0.0112,0.00036,0.00073,0.0,0.00004,0.00091,0.00024,0.0,0.0053,0.0024,0.00003,0.00029,0.0018,0.0024,0.00033,0.00004,0.00004,0.0019,0.0053,0.0072,0.0016,0.0499,0.0033,0.049,0.0,0.0,0.00004,0.0011
22086360,0.0,0.0,0.00001,0.00093,0.0033,0.014,0.0468,0.003,0.00023,0.00021,0.00002,0.00002,0.0025,0.0017,0.0,0.0023,0.00034,0.00071,0.0063,0.00057,0.00006,0.004,0.00049,0.00045,0.0,0.0,0.00009,0.00002,0.0,0.00033,0.001,0.00002,0.00029,0.0047,0.00015,0.0,0.0,0.00003,0.0019,0.003,0.0096,0.00084,0.0027,0.0099,0.0076,0.0,0.0,0.00003,0.0011
22428580,0.0,0.0,0.0,0.002,0.00049,0.00052,0.0056,0.0024,0.00015,0.00001,0.00001,0.00023,0.00006,0.0034,0.0,0.00037,0.00015,0.00039,0.00095,0.00024,0.00005,0.0099,0.00034,0.00027,0.0,0.0,0.00009,0.0,0.0,0.00013,0.0012,0.00002,0.00014,0.0032,0.00001,0.00003,0.0,0.0,0.0013,0.0026,0.0039,0.00058,0.0027,0.0015,0.0171,0.0,0.0,0.00002,0.00013
23274290,0.0,0.0,0.0,0.00072,0.001,0.0103,0.0056,0.0054,0.00023,0.00019,0.00002,0.3317,0.00006,0.3685,0.0,0.00008,0.00068,0.00017,0.00056,0.00057,0.00014,0.0207,0.00005,0.00067,0.00002,0.0,0.00034,0.00004,0.0,0.0013,0.0146,0.00003,0.00071,0.0074,0.00001,0.0,0.0,0.0,0.0044,0.0013,0.0072,0.00058,0.0071,0.0041,0.0062,0.0,0.0,0.00004,0.00023
23265360,0.0,0.00002,0.00001,0.0013,0.00033,0.0103,0.006,0.00069,0.00015,0.00005,0.00001,0.00002,0.0007,0.0017,0.0,0.00016,0.0047,0.00038,0.00021,0.00008,0.00002,0.00031,0.0,0.00067,0.00002,0.00004,0.0003,0.00002,0.0,0.00039,0.00076,0.00017,0.00071,0.0028,0.00001,0.00003,0.0,0.00003,0.00089,0.0012,0.00047,0.001,0.002,0.0014,0.1176,0.0,0.0,0.00002,0.0
23811310,0.0,0.0,0.0,0.00015,0.00016,0.0048,0.006,0.00013,0.00015,0.00011,0.00002,0.00002,0.00006,0.00011,0.0,0.0013,0.00021,0.00017,0.00056,0.00022,0.00002,0.00031,0.00004,0.00026,0.0,0.0,0.00009,0.0,0.0,0.00013,0.00057,0.00002,0.00014,0.0017,0.00001,0.0,0.0,0.0,0.0254,0.00051,0.00049,0.00054,0.2701,0.0014,0.9573,0.0,0.00006,0.00001,0.00023
24606100,0.0,0.0,0.0,0.0058,0.00049,0.00035,0.4014,0.0628,0.00023,0.00005,0.00001,0.00002,0.0053,0.0281,0.0,0.00024,0.00015,0.0,0.0323,0.0069,0.00006,0.0123,0.00005,0.00026,0.0,0.0,0.0003,0.0,0.0,0.00079,0.0072,0.00003,0.00029,0.0014,0.00001,0.0,0.00002,0.0,0.0105,0.0498,0.00015,0.0032,0.0027,0.0677,0.0013,0.0,0.0,0.00073,0.00051
22590800,0.0,0.00002,0.00001,0.006,0.0042,0.0022,0.0175,0.0024,0.00023,0.00005,0.00002,0.00008,0.00006,0.0034,0.0,0.00018,0.00026,0.00075,0.0046,0.00057,0.0016,0.0029,0.00017,0.00045,0.00002,0.00004,0.00091,0.00004,0.0,0.00079,0.0024,0.00003,0.00034,0.0017,0.00015,0.00003,0.0,0.00003,0.0028,0.0053,0.00099,0.00054,0.0027,0.0093,0.8613,0.00003,0.00006,0.0,0.0017
25540200,0.00005,0.0,0.00001,0.00072,0.001,0.0008,0.0056,0.003,0.00015,0.00005,0.00003,0.00008,0.00006,0.00041,0.0,0.00024,0.00026,0.00071,0.0025,0.00024,0.00016,0.0066,0.00017,0.00045,0.0,0.0,0.0021,0.0,0.0,0.00013,0.0024,0.00003,0.0016,0.0012,0.00015,0.00006,0.00004,0.00004,0.0028,0.0053,0.00026,0.00054,0.005,0.0013,0.0021,0.0,0.0,0.00001,0.00022
26568330,0.00005,0.00002,0.00001,0.006,0.00049,0.0017,0.0039,0.00069,0.0067,0.00001,0.00001,0.00078,0.00006,0.00063,0.0,0.00022,0.0024,0.00017,0.0588,0.00033,0.00076,0.0017,0.00005,0.00045,0.00002,0.0,0.0003,0.00024,0.0,0.001,0.0017,0.00003,0.00071,0.0017,0.00015,0.00005,0.0,0.00004,0.00067,0.0013,0.00099,0.00054,0.0323,0.0014,0.5654,0.0,0.0,0.00002,0.002
25579380,0.0,0.0,0.0,0.0028,0.00016,0.0061,0.0175,0.00042,0.00015,0.0,0.00001,0.0,0.00006,0.0014,0.0,0.0122,0.0001,0.00017,0.0264,0.0005,0.00006,0.0055,0.00004,0.00026,0.0,0.0,0.00009,0.00002,0.0,0.00013,0.009,0.0,0.00029,0.0014,0.00001,0.0,0.00004,0.00004,0.0014,0.00037,0.004,0.002,0.002,0.0023,0.0942,0.0,0.0,0.00002,0.00013
26388120,0.0,0.0,0.0,0.0029,0.0012,0.0061,0.0147,0.00069,0.00015,0.0,0.00002,0.00002,0.00026,0.00091,0.0,0.00024,0.00021,0.00019,0.0018,0.00089,0.00005,0.0075,0.0,0.0003,0.0,0.0,0.00091,0.00002,0.0,0.00079,0.00095,0.00006,0.00029,0.008,0.00001,0.0,0.0,0.00004,0.0014,0.009,0.0039,0.0016,0.0027,0.0316,0.0162,0.0,0.0,0.00001,0.00022
27812760,0.0,0.0,0.00007,0.0143,0.001,0.0011,0.0133,0.0015,0.00062,0.00005,0.00001,0.00004,0.00007,0.0023,0.0,0.00037,0.00021,0.00038,0.0018,0.00089,0.00014,0.0052,0.00005,0.00085,0.0,0.0,0.00009,0.00002,0.0,0.0053,0.0016,0.00017,0.00034,0.008,0.00015,0.0,0.00004,0.00003,0.00068,0.0026,0.0021,0.00084,0.0033,0.0052,0.024,0.0,0.0,0.00004,0.0017
28428190,0.00003,0.0,0.0037,0.0046,0.0083,0.0225,0.0468,0.0133,0.0657,0.00021,0.00007,0.00008,0.00039,0.0023,0.0,0.0013,0.0114,0.00071,0.0107,0.00089,0.00006,0.0156,0.00027,0.008,0.00002,0.00015,0.00034,0.00003,0.0,0.0018,0.0017,0.00006,0.00086,0.008,0.0064,0.00005,0.00048,0.00004,0.0079,0.009,0.0039,0.0066,0.0108,0.0112,0.0734,0.00003,0.0,0.00014,0.0013
28157380,0.0,0.0,0.0,0.0003,0.00064,0.014,0.9696,0.00042,0.00015,0.0,0.0,0.0,0.00039,0.0072,0.0,0.5577,0.0001,0.0013,0.00056,0.00099,0.00002,0.0415,0.0,0.00045,0.0,0.0,0.00009,0.0,0.0,0.0001,0.021,0.0,0.00071,0.0889,0.0,0.0,0.0,0.0,0.00089,0.1087,0.0012,0.7832,0.0071,0.0274,0.0013,0.0,0.0,0.0,0.00013
29039020,0.0,0.0,0.0001,0.0379,0.0012,0.0027,0.0385,0.0088,0.0018,0.00001,0.00001,0.00002,0.00026,0.003,0.0,0.0013,0.0012,0.00071,0.0031,0.00057,0.00014,0.0101,0.00049,0.00045,0.0,0.00004,0.00009,0.00001,0.0,0.0039,0.0048,0.00003,0.00071,0.008,0.0024,0.00003,0.00004,0.00004,0.0019,0.0053,0.00099,0.00058,0.0108,0.0099,0.6851,0.0,0.0,0.00008,0.00077
29074330,0.0,0.0,0.0,0.0203,0.0033,0.0061,0.0099,0.0108,0.00059,0.00005,0.00002,0.00006,0.00007,0.0019,0.0,0.00018,0.0013,0.00038,0.00056,0.00024,0.00003,0.004,0.00005,0.00045,0.0,0.0,0.00017,0.00004,0.0,0.0002,0.009,0.00002,0.0029,0.0063,0.00015,0.00003,0.00004,0.00003,0.0019,0.02,0.004,0.00033,0.002,0.0052,0.8239,0.0,0.0012,0.00002,0.00013
28621030,0.0,0.0,0.00001,0.0029,0.0035,0.0022,0.0385,0.0211,0.00015,0.0,0.0,0.00078,0.0011,0.0072,0.0,0.00008,0.00021,0.00017,0.00065,0.0015,0.00002,0.0055,0.00049,0.00026,0.0,0.0,0.3719,0.00016,0.0,0.00033,0.01,0.00006,0.0025,0.0163,0.0,0.00003,0.0,0.0,0.00089,0.009,0.00032,0.002,0.0108,0.0112,0.0062,0.0,0.0,0.00003,0.0031
29107460,0.0,0.0,0.0,0.00015,0.0026,0.023,0.0,0.0016,0.00015,0.0,0.00001,0.00002,0.0,0.0,0.0,0.0,0.0,0.00017,0.0041,0.00024,0.0,0.0029,0.00005,0.00045,0.0,0.0,0.00004,0.0,0.0,0.00033,0.00057,0.00003,0.0498,0.0,0.00001,0.0,0.0,0.0,0.0028,0.0026,0.00032,0.0,0.005,0.3575,0.9671,0.0,0.9983,0.00004,0.0
29228370,0.0,0.0,0.0,0.0143,0.001,0.0022,0.0087,0.0016,0.00023,0.0,0.00001,0.0,0.00006,0.00041,0.0,0.00018,0.0026,0.00017,0.0213,0.00099,0.00002,0.2337,0.1916,0.00067,0.0,0.0,0.00009,0.0,0.0,0.0018,0.0146,0.00002,0.00029,0.0078,0.00015,0.0,0.0,0.00003,0.0374,0.0309,0.00026,0.00054,0.0108,0.1531,0.0039,0.0,0.0,0.00004,0.002
29609110,0.00003,0.00002,0.0,0.006,0.00016,0.0022,0.0147,0.0054,0.0047,0.00005,0.00002,0.00002,0.00007,0.002,0.0,0.0017,0.0012,0.00012,0.0036,0.0004,0.00005,0.009,0.001,0.0014,0.0,0.00004,0.0003,0.0006,0.0,0.0013,0.00077,0.00003,0.00086,0.0017,0.00015,0.00003,0.0,0.0,0.00089,0.0151,0.00099,0.0016,0.00099,0.0099,0.1045,0.0,0.0,0.00003,0.00013
29735110,0.0,0.0,0.00006,0.0015,0.0639,0.0103,0.0056,0.0239,0.00062,0.00021,0.00002,0.00008,0.00007,0.00091,0.0,0.00024,0.0013,0.00017,0.0018,0.0005,0.00005,0.0062,0.00004,0.003,0.0,0.00004,0.00039,0.00002,0.0,0.0039,0.0016,0.00003,0.0042,0.0063,0.00015,0.00003,0.00003,0.0043,0.004,0.003,0.00099,0.00058,0.002,0.039,0.7407,0.0,0.0,0.00004,0.00022
29802210,0.0,0.0,0.0001,0.0013,0.0103,0.0277,0.0834,0.003,0.00062,0.00005,0.00001,0.00002,0.00006,0.003,0.0,0.0013,0.0066,0.00019,0.00095,0.00024,0.00006,0.0099,0.0005,0.0014,0.0,0.00004,0.00009,0.002,0.0,0.00079,0.003,0.00091,0.00029,0.0014,0.00032,0.00003,0.00004,0.00004,0.0152,0.02,0.0021,0.0029,0.0071,0.0014,0.6905,0.00003,0.0,0.00004,0.00061
30428150,0.0,0.0,0.0,0.00072,0.0038,0.0,0.0138,0.003,0.0,0.0,0.0,0.0,0.00002,0.0271,0.0,0.00008,0.0,0.00017,0.0095,0.00033,0.00002,0.035,0.0,0.00018,0.0,0.0,0.0019,0.0,0.0,0.0,0.0016,0.00002,0.00014,0.0532,0.0,0.0,0.0,0.00004,0.0194,0.0309,0.00012,0.00033,0.0648,0.9594,0.00096,0.0,0.0,0.0,0.00054
30898580,0.00003,0.0,0.00018,0.00072,0.00064,0.0011,0.0175,0.0049,0.00015,0.00011,0.00001,0.00023,0.00006,0.00091,0.0,0.00018,0.00026,0.00019,0.0015,0.00016,0.00005,0.0101,0.00005,0.00085,0.0,0.00004,0.00009,0.00004,0.0,0.0004,0.00076,0.00003,0.00056,0.0047,0.00032,0.0002,0.00004,0.00004,0.0019,0.0013,0.0019,0.0029,0.002,0.0037,0.6306,0.0,0.00063,0.00002,0.00013
31109380,0.00003,0.00002,0.0001,0.006,0.0012,0.00094,0.0016,0.0185,0.00062,0.00011,0.00002,0.00023,0.00006,0.0017,0.0,0.00008,0.00068,0.00038,0.0264,0.0004,0.00005,0.0018,0.00017,0.0015,0.0,0.00004,0.00091,0.00003,0.00006,0.0018,0.00076,0.00006,0.00029,0.0028,0.00015,0.00003,0.00004,0.00004,0.0074,0.0013,0.0072,0.00023,0.005,0.0041,0.0017,0.00004,0.0,0.00003,0.0037
31648430,0.0,0.0,0.0,0.0379,0.0042,0.0008,0.1395,0.0481,0.00059,0.00005,0.00002,0.00008,0.00007,0.036,0.0,0.0185,0.00021,0.00038,0.0077,0.0007,0.00063,0.0029,0.00004,0.00027,0.00002,0.0,0.00091,0.00004,0.0,0.0018,0.0146,0.00006,0.00086,0.0143,0.00001,0.0,0.0,0.00004,0.0074,0.0179,0.0018,0.0247,0.0113,0.0677,0.0013,0.00003,0.00002,0.00004,0.00051
31715440,0.0,0.0,0.0,0.00072,0.00064,0.014,0.8213,0.0247,0.00015,0.00001,0.0,0.00006,0.00026,0.011,0.0,0.0122,0.0001,0.0,0.00056,0.00006,0.00005,0.2534,0.00005,0.00027,0.0,0.0,0.00009,0.0,0.0,0.00013,0.0496,0.0,0.00014,0.0292,0.00001,0.0,0.0,0.0,0.1816,0.0387,0.00049,0.2197,0.0112,0.0316,0.0013,0.0,0.0,0.00016,0.00077
31758600,0.00005,0.00002,0.0021,0.0046,0.0042,0.0027,0.0078,0.003,0.00023,0.00019,0.00002,0.0001,0.00006,0.003,0.0,0.00037,0.0047,0.00039,0.0025,0.0005,0.00016,0.0224,0.00017,0.0015,0.0,0.00004,0.00009,0.00004,0.0,0.00079,0.0017,0.00006,0.00023,0.0047,0.00024,0.00088,0.00013,0.00028,0.0019,0.003,0.0021,0.001,0.002,0.0049,0.2036,0.0,0.00002,0.00004,0.00041
32213570,0.0,0.0,0.0,0.0015,0.0021,0.323,0.0056,0.0225,0.00015,0.0973,0.0263,0.00002,0.00026,0.0097,0.0,0.00024,0.0013,0.00038,0.0018,0.00008,0.00003,0.0101,0.00005,0.0019,0.0,0.0,0.00091,0.002,0.0,0.001,0.00095,0.00003,0.0026,0.0078,0.00001,0.0,0.0,0.00018,0.0152,0.0013,0.00015,0.00027,0.005,0.0014,0.9573,0.00044,0.00002,0.00002,0.00061
32248740,0.0,0.0,0.0,0.002,0.4383,0.0061,0.2712,0.0049,0.00023,0.00005,0.00007,0.00023,0.00064,0.0041,0.0,0.0122,0.00068,0.0028,0.0164,0.2347,0.00006,0.0419,0.00049,0.00045,0.0,0.0,0.00091,0.00002,0.0,0.0032,0.0016,0.00003,0.00029,0.008,0.00015,0.00003,0.0,0.00004,0.0019,0.009,0.0171,0.4703,0.0648,0.0023,0.0323,0.0,0.0,0.00016,0.0011
32279420,0.0,0.0,0.00001,0.1319,0.00016,0.00052,0.001,0.0022,0.00023,0.00001,0.0,0.00004,0.00006,0.0017,0.0,0.00022,0.00021,0.00038,0.00021,0.00024,0.00005,0.0029,0.00027,0.00026,0.0,0.0,0.00004,0.00002,0.0,0.00039,0.00057,0.00006,0.00071,0.0012,0.00015,0.0,0.0,0.0,0.00039,0.003,0.004,0.00058,0.0204,0.0014,0.024,0.0,0.0,0.00002,0.0018
25310970,0.0,0.0,0.00006,0.00044,0.00016,0.00035,0.0031,0.0073,0.00015,0.00005,0.00002,0.00002,0.00002,0.00091,0.0,0.00018,0.00068,0.00017,0.00021,0.00006,0.00005,0.00081,0.00004,0.0003,0.0,0.00004,0.00009,0.00024,0.0,0.00039,0.00062,0.00002,0.00014,0.0014,0.00015,0.00005,0.0,0.00003,0.00039,0.0026,0.00099,0.00023,0.00099,0.0248,0.0021,0.0,0.0,0.00002,0.00006
25195920,0.0,0.0,0.00001,0.006,0.0042,0.0012,0.0501,0.003,0.00023,0.00005,0.00002,0.00006,0.0005,0.0072,0.0,0.00024,0.00034,0.00038,0.0529,0.0193,0.00014,0.0123,0.00005,0.00045,0.0,0.0,0.00009,0.00003,0.0,0.00017,0.0146,0.00002,0.00023,0.0074,0.00015,0.0,0.00003,0.00043,0.0374,0.0053,0.00032,0.0077,0.1604,0.0014,0.0035,0.0,0.0,0.00004,0.0054
24103190,0.0,0.0,0.0,0.00072,0.00064,0.0012,0.7908,0.0015,0.00023,0.00082,0.00007,0.00002,0.0011,0.00091,0.0,0.00024,0.00021,0.00038,0.007,0.00057,0.0048,0.1862,0.00005,0.00045,0.0,0.0,0.00009,0.00001,0.0,0.00039,0.0016,0.0,0.00014,0.025,0.00001,0.0,0.0,0.00034,0.0019,0.0026,0.00032,0.5568,0.0059,0.0112,0.0013,0.0,0.00005,0.00016,0.0013
4646510,0.0,0.0,0.00001,0.0013,0.0042,0.0147,0.7908,0.0015,0.004,0.0,0.0,0.00023,0.00007,0.0017,0.0,0.002,0.0047,0.0024,0.00056,0.00057,0.00014,0.1532,0.00005,0.00045,0.00002,0.0,0.0015,0.00024,0.0,0.0177,0.0016,0.00003,0.00097,0.025,0.00094,0.00003,0.00003,0.00004,0.0015,0.009,0.0096,0.4713,0.0027,0.0716,0.0121,0.0,0.0,0.00002,0.00013
539570,0.0,0.00002,0.00007,0.0143,0.0014,0.0022,0.0449,0.0056,0.00023,0.00005,0.00007,0.00078,0.00064,0.011,0.0,0.00037,0.00021,0.00039,0.0025,0.0025,0.00006,0.0415,0.00027,0.0014,0.00002,0.0,0.0015,0.00001,0.0,0.00033,0.0146,0.00017,0.0029,0.0063,0.00015,0.00003,0.00003,0.00004,0.0056,0.0133,0.0039,0.0105,0.0168,0.0393,0.0162,0.0,0.0,0.00004,0.00054
7371550,0.00005,0.00002,0.00049,0.0061,0.0121,0.1057,0.0361,0.0088,0.0027,0.00021,0.00007,0.00078,0.00006,0.0023,0.00002,0.0013,0.0166,0.00071,0.0264,0.00057,0.00014,0.0079,0.00049,0.003,0.00002,0.00004,0.00055,0.00016,0.00006,0.0039,0.0016,0.00006,0.00034,0.0063,0.00015,0.0002,0.00013,0.00066,0.0182,0.0058,0.00099,0.0029,0.0213,0.0099,0.2606,0.00004,0.0,0.00004,0.00051
6262150,0.00003,0.00002,0.0011,0.002,0.0012,0.014,0.0367,0.0133,0.0011,0.00021,0.00002,0.00023,0.00039,0.0041,0.0,0.0023,0.0047,0.0013,0.011,0.0005,0.00005,0.0048,0.00005,0.0746,0.0,0.00004,0.00017,0.00002,0.0,0.0039,0.0048,0.00003,0.00029,0.0018,0.00032,0.00006,0.00013,0.0,0.0023,0.0013,0.0019,0.016,0.0027,0.0274,0.407,0.0,0.0,0.00004,0.00077
6380400,0.00003,0.0,0.0001,0.006,0.0042,0.0008,0.0138,0.0088,0.0015,0.00021,0.00007,0.00023,0.00006,0.00091,0.0,0.00018,0.0047,0.00038,0.0018,0.0031,0.00006,0.0268,0.00005,0.00045,0.0,0.00004,0.0003,0.00002,0.0,0.001,0.0024,0.00003,0.00071,0.0029,0.00032,0.00003,0.00013,0.00066,0.0013,0.0058,0.004,0.00058,0.002,0.0049,0.0162,0.00003,0.0,0.00002,0.00013
3104080,0.00005,0.00002,0.00018,0.0017,0.0069,0.0022,0.0175,0.0048,0.00073,0.00082,0.00007,0.00008,0.00007,0.003,0.0,0.0013,0.0047,0.00039,0.0063,0.00089,0.0016,0.0048,0.00027,0.0019,0.0,0.0,0.00034,0.00004,0.0,0.001,0.0012,0.00003,0.00071,0.0014,0.00094,0.00065,0.00013,0.00004,0.0043,0.0058,0.0021,0.0064,0.0027,0.0033,0.4208,0.0,0.00002,0.00002,0.0011
3306750,0.00005,0.00002,0.2397,0.0029,0.0023,0.0035,0.0147,0.0045,0.0014,0.00005,0.00002,0.0012,0.0007,0.003,0.0,0.0017,0.0026,0.0011,0.00065,0.00022,0.00005,0.004,0.00027,0.8344,0.00002,0.0,0.00017,0.00024,0.0,0.0026,0.0024,0.00003,0.00029,0.0022,0.0024,0.0122,0.0338,0.00004,0.0044,0.0053,0.0026,0.001,0.0062,0.0054,0.0225,0.00003,0.0,0.00003,0.00022
2542370,0.0,0.0,0.00007,0.00072,0.0298,0.0225,0.0089,0.0015,0.00015,0.00001,0.0,0.00002,0.00006,0.00041,0.0,0.00037,0.0047,0.00017,0.0015,0.00093,0.00006,0.0018,0.00017,0.00045,0.0,0.0,0.00055,0.00002,0.0,0.001,0.0016,0.00006,0.00071,0.0017,0.00001,0.0,0.00004,0.00018,0.0079,0.0013,0.0401,0.00033,0.0112,0.0014,0.0323,0.0,0.0,0.00002,0.00022
2656780,0.0,0.00002,0.00007,0.0017,0.0246,0.0061,0.0361,0.0088,0.0027,0.00023,0.00007,0.0034,0.0007,0.011,0.0,0.0013,0.0141,0.00038,0.0019,0.00057,0.00016,0.0029,0.00049,0.0025,0.00014,0.0,0.00034,0.00024,0.0,0.0081,0.0039,0.00006,0.0016,0.0047,0.00032,0.00003,0.00003,0.00004,0.0028,0.0064,0.0021,0.0029,0.0167,0.0052,0.6213,0.0,0.0,0.00004,0.00022
2762450,0.00005,0.0,0.0001,0.006,0.0127,0.0027,0.0147,0.0054,0.0045,0.00021,0.00002,0.0041,0.00039,0.014,0.0,0.0013,0.0084,0.0021,0.00056,0.00057,0.00006,0.0402,0.00017,0.00073,0.0,0.0,0.00034,0.00002,0.0,0.0026,0.0048,0.00006,0.00097,0.0029,0.00024,0.00005,0.00002,0.00003,0.0509,0.0064,0.0021,0.0066,0.315,0.0049,0.0062,0.0,0.0,0.00016,0.0426
2767920,0.0,0.0,0.0,0.002,0.001,0.0011,0.0089,0.0062,0.00015,0.00005,0.00001,0.3317,0.00006,0.0202,0.0,0.00016,0.0,0.00075,0.007,0.0031,0.00005,0.2834,0.00027,0.00045,0.0,0.0,0.00092,0.00004,0.0,0.0004,0.5902,0.00006,0.00014,0.0292,0.00001,0.0,0.0,0.0,0.0,0.0088,0.0019,0.0279,0.0027,0.0099,0.00071,0.0,0.0,0.00001,0.002
2694530,0.0,0.0,0.0,0.00072,0.00049,0.0518,0.00081,0.00069,0.00015,0.00005,0.00001,0.00004,0.00006,0.0023,0.0,0.00037,0.0012,0.00038,0.00056,0.00022,0.00005,0.00031,0.00027,0.0019,0.0,0.0,0.00004,0.00004,0.0,0.00013,0.0017,0.00002,0.00029,0.0047,0.00001,0.0,0.0,0.0,0.0044,0.0026,0.00099,0.00033,0.00072,0.0041,0.9767,0.0,0.00006,0.0,0.00013
1652390,0.0,0.0,0.0001,0.0061,0.0246,0.0061,0.0648,0.0024,0.00023,0.00021,0.00007,0.00023,0.00006,0.0072,0.0,0.00018,0.0,0.0024,0.0107,0.00008,0.00002,0.2534,0.00027,0.00045,0.0,0.0,0.00009,0.00003,0.0,0.00033,0.0013,0.00006,0.00071,0.0047,0.00001,0.00003,0.00004,0.0,0.0247,0.0498,0.00049,0.0029,0.00099,0.6496,0.0062,0.0,0.0,0.00003,0.00041
8324410,0.0,0.00002,0.0,0.002,0.0035,0.0027,0.0147,0.0045,0.00023,0.00021,0.00007,0.00065,0.0011,0.0162,0.0,0.00018,0.019,0.00038,0.0035,0.00089,0.00014,0.0156,0.00005,0.0003,0.00002,0.00004,0.00091,0.00036,0.0,0.0053,0.00077,0.00003,0.00041,0.0021,0.00072,0.00003,0.00002,0.00018,0.0019,0.0064,0.0019,0.0012,0.005,0.0099,0.6042,0.0,0.00002,0.00001,0.00051
8332920,0.00003,0.00002,0.0016,0.0023,0.0617,0.0027,0.0056,0.0088,0.00037,0.00001,0.00001,0.0034,0.00007,0.00075,0.0,0.00022,0.0013,0.0011,0.0035,0.00057,0.00014,0.0052,0.00005,0.0101,0.0,0.0,0.0055,0.0,0.0,0.0004,0.0039,0.00003,0.00029,0.0012,0.00001,0.00003,0.0,0.00003,0.0015,0.0064,0.0026,0.00033,0.005,0.0023,0.2264,0.0,0.0,0.00002,0.00022
7850330,0.0,0.0,0.0,0.00015,0.00064,0.00052,0.7908,0.0015,0.00015,0.00001,0.00003,0.00023,0.0053,0.00049,0.0,0.0065,0.0,0.00034,0.0025,0.00089,0.00014,0.0101,0.00004,0.00026,0.0,0.0,0.00039,0.00004,0.0,0.00013,0.00057,0.00002,0.00023,0.0035,0.00001,0.0,0.0,0.00004,0.0079,0.0015,0.0019,0.0056,0.0027,0.0628,0.0025,0.0,0.0,0.00002,0.00077
9042570,0.0,0.00002,0.0001,0.0357,0.0043,0.0011,0.0087,0.0035,0.0135,0.00021,0.00002,0.00023,0.00006,0.005,0.0,0.0013,0.0012,0.00039,0.00095,0.0005,0.00005,0.0029,0.00027,0.00045,0.0,0.00004,0.00009,0.00016,0.0,0.0039,0.0016,0.00003,0.00071,0.0019,0.00015,0.00003,0.00004,0.00004,0.0079,0.0026,0.0045,0.0029,0.0055,0.0023,0.0121,0.0,0.0,0.00003,0.00022
9588530,0.0,0.0,0.0,0.0257,0.2292,0.0013,0.1485,0.0185,0.00023,0.00005,0.00002,0.00023,0.00007,0.0394,0.0,0.00024,0.00026,0.0021,0.00056,0.00024,0.00003,0.1279,0.00027,0.00045,0.0,0.0,0.0003,0.00003,0.0,0.00033,0.00077,0.00003,0.00029,0.0019,0.00001,0.0,0.0,0.00003,0.0074,0.0133,0.00099,0.0012,0.0045,0.0677,0.0484,0.0,0.0,0.00004,0.0017
9751440,0.0,0.00002,0.00001,0.0667,0.6166,0.0022,0.1395,0.0088,0.00015,0.00005,0.00002,0.00023,0.00064,0.0023,0.0,0.0013,0.00068,0.00038,0.00065,0.00057,0.00003,0.0101,0.00027,0.00045,0.0,0.0,0.00017,0.00004,0.0,0.0039,0.0024,0.00017,0.00034,0.0018,0.00015,0.00003,0.00004,0.00004,0.004,0.0013,0.0045,0.0116,0.0057,0.0054,0.0039,0.00003,0.00002,0.00004,0.00022
11328240,0.0,0.0,0.0,0.0088,0.0012,0.0061,0.7908,0.0049,0.00023,0.0,0.00002,0.00023,0.00064,0.003,0.0,0.0265,0.00026,0.0013,0.0063,0.00033,0.00005,0.0537,0.00004,0.00045,0.0,0.0,0.00009,0.0,0.0,0.00039,0.029,0.00006,0.00023,0.015,0.00001,0.0,0.0,0.0,0.004,0.0058,0.1339,0.1577,0.002,0.0033,0.0013,0.0,0.0,0.00016,0.0
11393460,0.0,0.0,0.0,0.006,0.001,0.00095,0.0834,0.003,0.00073,0.00005,0.00002,0.00023,0.00006,0.0017,0.00002,0.00024,0.00034,0.00017,0.007,0.00099,0.00002,0.0123,0.00004,0.00045,0.0,0.0,0.00004,0.0,0.0,0.0004,0.0048,0.00045,0.00029,0.0029,0.00001,0.0,0.0,0.00003,0.0044,0.0018,0.0021,0.0016,0.0499,0.0986,0.0121,0.0,0.0,0.00016,0.1282
11482700,0.0,0.0,0.0,0.4713,0.0038,0.00018,0.0823,0.0088,0.00015,0.0,0.00002,0.0,0.00002,0.0017,0.0,0.00022,0.0,0.00019,0.007,0.00024,0.00014,0.0525,0.00004,0.00026,0.0,0.0,0.00004,0.0,0.0,0.00033,0.00057,0.00002,0.00014,0.015,0.00001,0.0,0.0,0.00004,0.0079,0.0133,0.00049,0.0032,0.0031,0.0795,0.00045,0.0,0.0,0.00008,0.0017
11494030,0.0,0.0,0.00007,0.0061,0.001,0.00052,0.0087,0.0016,0.00015,0.00001,0.00002,0.00002,0.00006,0.0017,0.0,0.00018,0.00068,0.00038,0.0035,0.00022,0.00014,0.00081,0.00004,0.00045,0.0,0.00004,0.00009,0.00001,0.0,0.00033,0.00077,0.00003,0.00014,0.0014,0.00001,0.0,0.00002,0.00003,0.0023,0.0013,0.00032,0.00023,0.0112,0.0099,0.0052,0.0,0.0,0.00004,0.00054
12468970,0.0036,0.0,0.00049,0.0203,0.049,0.0012,0.0175,0.0133,0.00037,0.00019,0.00007,0.00078,0.00007,0.0072,0.0,0.00071,0.00021,0.0013,0.0031,0.0004,0.00002,0.0402,0.0,0.00045,0.0,0.0,0.00009,0.00003,0.0,0.00013,0.00095,0.00006,0.00071,0.0074,0.00001,0.0036,0.00022,0.00066,0.0079,0.003,0.00049,0.0179,0.0028,0.845,0.0121,0.0,0.0,0.00002,0.00023
14628940,0.0,0.0,0.0,0.4652,0.001,0.0011,0.0282,0.0062,0.00023,0.00005,0.00003,0.00008,0.00006,0.0348,0.0,0.00018,0.00026,0.00038,0.0016,0.00016,0.00005,0.0119,0.00004,0.00026,0.00002,0.0,0.00039,0.00002,0.0,0.00039,0.0146,0.00045,0.00014,0.0017,0.00015,0.0,0.0,0.00004,0.0044,0.6735,0.00032,0.0016,0.00072,0.0052,0.0077,0.0,0.0,0.0,0.4791
14704590,0.0,0.0,0.0,0.0015,0.00064,0.0375,0.4424,0.2347,0.00015,0.00005,0.00001,0.00023,0.00064,0.0023,0.0,0.00071,0.00021,0.00034,0.0031,0.0007,0.00005,0.0329,0.00049,0.00045,0.0,0.0,0.00004,0.00001,0.0,0.001,0.00013,0.00006,0.00029,0.0014,0.00009,0.0,0.0,0.00018,0.00068,0.009,0.00047,0.0105,0.0071,0.0716,0.0942,0.0,0.0,0.00002,0.00041
15957200,0.0,0.0,0.0,0.006,0.00064,0.0061,0.0367,0.0185,0.00015,0.0,0.00002,0.00008,0.00006,0.0072,0.0,0.00024,0.00015,0.00075,0.0018,0.00057,0.00002,0.0207,0.00027,0.00045,0.0,0.0,0.00004,0.0,0.0,0.00017,0.0146,0.0012,0.00097,0.008,0.00001,0.0,0.0,0.0,0.0079,0.009,0.0026,0.0029,0.005,0.0023,0.0025,0.0,0.0,0.00008,0.0011
15851920,0.0,0.0,0.0,0.002,0.001,0.00052,0.0385,0.017,0.00015,0.0,0.00001,0.00008,0.00026,0.0683,0.00026,0.00018,0.0001,0.00039,0.078,0.00016,0.00014,0.0268,0.0,0.0003,0.0,0.0,0.0079,0.0,0.0,0.00033,0.0013,0.00003,0.00029,0.025,0.00001,0.0,0.0,0.0,0.0044,0.0151,0.0012,0.0042,0.0167,0.0628,0.0021,0.0,0.0,0.00001,0.0011
16473330,0.0,0.0,0.00001,0.00093,0.0033,0.00035,0.025,0.0015,0.00023,0.00001,0.00001,0.00023,0.00039,0.00063,0.0,0.0017,0.00026,0.00038,0.0035,0.0004,0.00006,0.0029,0.00011,0.00045,0.0,0.0,0.0003,0.00004,0.0,0.0004,0.0012,0.00006,0.00034,0.0021,0.00015,0.00003,0.0,0.00004,0.0152,0.0053,0.0065,0.0029,0.0033,0.0023,0.0013,0.0,0.0,0.00002,0.00041
16603460,0.0,0.0,0.0,0.0029,0.00064,0.0022,0.0468,0.0056,0.00023,0.0,0.00001,0.013,0.00006,0.0434,0.0,0.00079,0.00021,0.0013,0.0063,0.00099,0.00061,0.0119,0.00004,0.0003,0.0,0.0,0.0159,0.0,0.0,0.00013,0.0024,0.00023,0.00071,0.0017,0.00001,0.0,0.0,0.0,0.0013,0.009,0.0019,0.00054,0.7348,0.0099,0.0074,0.0,0.0,0.00002,0.4241
16622090,0.0,0.0,0.0,0.006,0.00016,0.0013,0.0385,0.0269,0.00015,0.0,0.00001,0.00008,0.00007,0.1828,0.0,0.0013,0.0001,0.00019,0.007,0.00022,0.00014,0.0537,0.00004,0.0003,0.0,0.0,0.00009,0.00002,0.0,0.00013,0.0164,0.00002,0.00029,0.0778,0.00001,0.0,0.0,0.0,0.0074,0.0309,0.00099,0.0169,0.015,0.0316,0.0021,0.0,0.0,0.00002,0.00054
17979960,0.0,0.0,0.0,0.0023,0.00064,0.0061,0.0147,0.0211,0.004,0.0,0.00002,0.00008,0.00006,0.0072,0.0,0.0013,0.0001,0.00038,0.00065,0.0007,0.00014,0.1,0.00005,0.00026,0.0,0.0,0.0034,0.0,0.0,0.00033,0.5902,0.00002,0.00014,0.0019,0.00001,0.0,0.0,0.0,0.004,0.1087,0.0021,0.00054,0.002,0.0023,0.1706,0.0,0.0,0.00016,0.00022
18200440,0.0,0.0,0.0,0.00045,0.00016,0.00052,0.0039,0.0015,0.00023,0.00019,0.00002,0.00002,0.00006,0.00075,0.0,0.00022,0.0001,0.00017,0.013,0.00024,0.00014,0.16,0.00017,0.00045,0.0,0.0,0.00017,0.00002,0.0,0.00017,0.00057,0.00002,0.00014,0.0078,0.00001,0.00003,0.0,0.0,0.00089,0.003,0.00032,0.00033,0.00099,0.0051,0.9573,0.0,0.00006,0.00002,0.00013
18256970,0.0,0.0,0.0001,0.0061,0.0549,0.0035,0.0834,0.0063,0.00023,0.00005,0.00001,0.0034,0.00007,0.0281,0.0,0.00037,0.0047,0.00038,0.0017,0.00057,0.00016,0.0123,0.00027,0.0019,0.0,0.0,0.00039,0.00003,0.0,0.00079,0.0146,0.00006,0.00023,0.008,0.00001,0.0,0.00002,0.00004,0.0013,0.0133,0.00099,0.002,0.0168,0.0093,0.0795,0.0,0.0,0.00002,0.00023
18952610,0.00003,0.0,0.0,0.00072,0.001,0.00052,0.0056,0.0016,0.00015,0.00001,0.00002,0.00006,0.00006,0.00091,0.0,0.00016,0.00068,0.00017,0.0041,0.00016,0.00005,0.0018,0.0,0.00026,0.0,0.0,0.00034,0.00002,0.0,0.0001,0.0024,0.00006,0.00034,0.0007,0.00001,0.00005,0.0,0.0,0.00089,0.0018,0.00032,0.00084,0.002,0.0023,0.0076,0.0,0.0,0.00002,0.00022
19155310,0.0,0.0,0.0,0.00093,0.00033,0.0027,0.0089,0.003,0.00015,0.00011,0.00002,0.00002,0.00006,0.00075,0.0,0.00018,0.00021,0.00019,0.0025,0.0005,0.00003,0.00081,0.00017,0.00044,0.0,0.0,0.00017,0.0,0.0,0.00013,0.00095,0.00003,0.00029,0.0028,0.00001,0.0,0.00004,0.00004,0.0014,0.0058,0.0039,0.00054,0.0062,0.0014,0.00096,0.0,0.0,0.00002,0.00023
19261230,0.0,0.0,0.0,0.0017,0.001,0.0048,0.9286,0.0022,0.00015,0.00001,0.00043,0.00008,0.00006,0.0394,0.0,0.003,0.00021,0.00017,0.00065,0.0018,0.00002,0.274,0.00005,0.00026,0.00002,0.0,0.0015,0.0,0.0,0.00033,0.0419,0.00002,0.00034,0.8263,0.00015,0.0,0.0,0.0,0.00053,0.0372,0.00032,0.3128,0.0227,0.0156,0.00096,0.0,0.0,0.00004,0.00023
21171140,0.0,0.00002,0.0001,0.0061,0.0042,0.0022,0.0213,0.003,0.00062,0.00021,0.00007,0.00078,0.00006,0.0928,0.0,0.00018,0.0013,0.00017,0.0031,0.0025,0.00014,0.0123,0.00027,0.003,0.0,0.0,0.0159,0.00036,0.0,0.00079,0.0017,0.00006,0.00071,0.008,0.00001,0.0,0.00004,0.00003,0.0074,0.0115,0.004,0.0105,0.0045,0.0041,0.0077,0.0,0.0,0.00004,0.00077
20952140,0.00003,0.00002,0.00001,0.0034,0.0042,0.0048,0.025,0.0016,0.0012,0.00011,0.00002,0.00006,0.00007,0.0017,0.0,0.0013,0.00047,0.00039,0.0046,0.00016,0.00006,0.004,0.00005,0.00067,0.0,0.00004,0.00009,0.00002,0.0,0.0119,0.0017,0.00006,0.00071,0.0021,0.00024,0.00005,0.00002,0.00004,0.0013,0.0053,0.0026,0.0029,0.0667,0.0017,0.0091,0.0,0.0,0.00008,0.0099
21885540,0.0,0.0,0.0,0.00072,0.001,0.0017,0.0,0.00069,0.00015,0.0,0.00007,0.00006,0.00002,0.00041,0.0,0.00008,0.0013,0.00017,0.00065,0.0031,0.00002,0.0123,0.0,0.00023,0.0,0.0,0.00009,0.00001,0.0,0.00013,0.00013,0.0,0.00071,0.0007,0.00001,0.0,0.0,0.00003,0.0152,0.00084,0.00015,0.00009,0.00099,0.00063,0.9767,0.00003,0.0463,0.0,0.00013
23037610,0.0,0.0,0.00001,0.00072,0.0092,0.0518,0.0501,0.017,0.00023,0.0066,0.00007,0.00006,0.00026,0.0018,0.0,0.0074,0.0024,0.00038,0.00065,0.00024,0.00005,0.0123,0.00017,0.0011,0.0,0.0,0.00004,0.0006,0.0,0.00039,0.0024,0.00003,0.006,0.0069,0.00001,0.0,0.0,0.00003,0.00089,0.02,0.00036,0.0029,0.0062,0.0013,0.9387,0.0,0.00004,0.0,0.00041
23087000,0.00003,0.00002,0.00049,0.0023,0.00064,0.00094,0.0056,0.003,0.0047,0.0,0.00001,0.00023,0.00006,0.0023,0.0,0.00016,0.00021,0.00034,0.0151,0.00016,0.00005,0.00081,0.00027,0.00045,0.0,0.00004,0.00009,0.00002,0.0,0.001,0.00095,0.00003,0.00029,0.0012,0.00015,0.00006,0.00004,0.0,0.0013,0.0013,0.0021,0.00054,0.0027,0.0014,0.0076,0.00003,0.0,0.00004,0.00022
23092750,0.0,0.0,0.0,0.002,0.00064,0.00094,0.025,0.3211,0.00015,0.00001,0.0,0.00002,0.00006,0.0072,0.0,0.00008,0.0001,0.0,0.007,0.0025,0.00003,0.0123,0.0,0.00027,0.0,0.0,0.0055,0.00024,0.0,0.001,0.00057,0.00002,0.0016,0.0364,0.00001,0.0,0.0,0.0,0.0044,0.6221,0.00032,0.00084,0.0074,0.0183,0.0171,0.0,0.0628,0.00004,0.00006
23242090,0.00003,0.00002,0.00018,0.0029,0.6166,0.0035,0.016,0.0133,0.0027,0.00019,0.00002,0.00023,0.00006,0.0023,0.0,0.00018,0.00068,0.00038,0.0017,0.00016,0.00006,0.0544,0.00049,0.0019,0.00002,0.00004,0.00055,0.00002,0.00038,0.0032,0.003,0.00006,0.00029,0.0149,0.00032,0.00005,0.00002,0.00018,0.0028,0.0013,0.0021,0.0015,0.002,0.0054,0.0121,0.00003,0.0,0.00002,0.00077
23270420,0.0,0.0,0.0,0.006,0.001,0.00073,0.0133,0.0054,0.00015,0.00019,0.00007,0.00023,0.00006,0.0394,0.0,0.0013,0.00021,0.00034,0.0107,0.00093,0.00006,0.0123,0.0239,0.00045,0.00002,0.0,0.0251,0.00001,0.0,0.0018,0.00076,0.00006,0.00023,0.008,0.00001,0.0,0.0,0.00004,0.0019,0.0372,0.00047,0.0032,0.002,0.0959,0.024,0.0,0.00004,0.00008,0.00022
23562430,0.00003,0.0,0.0024,0.00072,0.0103,0.0375,0.0016,0.0049,0.00023,0.0702,0.0242,0.0012,0.00007,0.002,0.0,0.00018,0.004,0.00017,0.00065,0.00024,0.00006,0.0041,0.001,0.0176,0.0,0.0,0.0003,0.00036,0.0,0.00079,0.01,0.00002,0.00029,0.0029,0.00024,0.00005,0.00004,0.0029,0.0152,0.0064,0.00032,0.00033,0.0074,0.0041,0.6042,0.00003,0.0,0.00001,0.00023
23149030,0.0,0.0,0.00007,0.0379,0.0014,0.0011,0.016,0.0133,0.00023,0.00005,0.00002,0.00004,0.00006,0.011,0.00026,0.00024,0.0047,0.00017,0.0063,0.00057,0.00005,0.0715,0.001,0.00045,0.0,0.0,0.00009,0.00002,0.0,0.001,0.0146,0.00002,0.00071,0.0123,0.00015,0.00003,0.00003,0.00004,0.2506,0.007,0.00049,0.0016,0.1326,0.0274,0.0035,0.0,0.00004,0.00004,0.0031
23602580,0.0,0.0,0.0,0.0046,0.0013,0.00073,0.2429,0.0015,0.00015,0.0,0.00001,0.0,0.00006,0.00041,0.0,0.0057,0.00034,0.00017,0.011,0.0004,0.00005,0.0023,0.00004,0.00026,0.0,0.0,0.00004,0.00001,0.0,0.0013,0.00057,0.00002,0.00014,0.0012,0.00001,0.0,0.0,0.0,0.0013,0.003,0.0045,0.0064,0.0071,0.0014,0.0013,0.0,0.0,0.00016,0.00051
23880590,0.0,0.0,0.0,0.00072,0.0012,0.0061,0.0,0.00069,0.00015,0.0,0.00002,0.00078,0.00002,0.0023,0.0,0.00016,0.00021,0.00017,0.00056,0.00006,0.00016,0.0017,0.00027,0.00067,0.0,0.0,0.00009,0.0,0.0,0.00013,0.00013,0.00002,0.00023,0.0028,0.00001,0.0,0.0,0.0,0.00089,0.0013,0.00015,0.00009,0.0033,0.0023,0.8239,0.0,0.0087,0.0,0.00051
22851280,0.0,0.0,0.0001,0.0015,0.0014,0.0008,0.0175,0.0185,0.00015,0.00005,0.00001,0.00023,0.0011,0.0072,0.0,0.002,0.00068,0.00075,0.0046,0.00024,0.00005,0.0052,0.00004,0.0034,0.0,0.0,0.00017,0.00002,0.0,0.0002,0.0017,0.00002,0.00023,0.0012,0.00015,0.00003,0.0018,0.00003,0.00067,0.007,0.0019,0.0012,0.0027,0.0023,0.0734,0.00003,0.0,0.00016,0.00061
24746530,0.0,0.0,0.0,0.00072,0.001,0.0089,0.001,0.00042,0.00015,0.00005,0.00001,0.00078,0.00006,0.00041,0.0,0.00016,0.00068,0.00019,0.0025,0.00057,0.00002,0.0041,0.0,0.0003,0.0,0.0,0.00004,0.00002,0.0,0.00033,0.0013,0.0,0.1987,0.0017,0.00001,0.0,0.0,0.00003,0.0044,0.009,0.00037,0.00009,0.0468,0.0037,0.9429,0.00004,0.9961,0.0,0.00051
24526760,0.0,0.0,0.0,0.00015,0.0035,0.0225,0.9898,0.00013,0.00023,0.0,0.00002,0.00078,0.0007,0.00041,0.0,0.0023,0.00015,0.00017,0.00095,0.5181,0.00063,0.0949,0.00011,0.0003,0.0,0.0,0.00017,0.00004,0.0,0.001,0.00095,0.0,0.00023,0.0123,0.00001,0.0,0.0,0.00004,0.0019,0.0012,0.0012,0.8341,0.002,0.0086,0.0225,0.0,0.0,0.00002,0.00023
25364240,0.0,0.0,0.0,0.0015,0.001,0.0027,0.0147,0.0056,0.00015,0.0,0.00001,0.00006,0.00002,0.9013,0.0,0.00018,0.00015,0.00038,0.00056,0.00016,0.00002,0.00081,0.00036,0.00018,0.0,0.0,0.00017,0.0,0.0,0.00033,0.5902,0.00002,0.00086,0.0035,0.00001,0.0,0.0,0.0,0.0014,0.02,0.00049,0.001,0.00099,0.0041,0.1981,0.0,0.0,0.00016,0.00013
26733600,0.0,0.0,0.0,0.0015,0.0023,0.0061,0.0039,0.0073,0.00023,0.00005,0.00002,0.00004,0.00006,0.0018,0.0,0.00024,0.00034,0.00038,0.0025,0.00024,0.00003,0.0279,0.00005,0.001,0.00002,0.0,0.00009,0.00002,0.0,0.0013,0.00076,0.0,0.0274,0.0014,0.00015,0.0,0.00002,0.0029,0.0028,0.0026,0.00047,0.00033,0.0045,0.0023,0.9509,0.00004,0.0226,0.00073,0.00022
27692730,0.0,0.0,0.0,0.0709,0.001,0.00088,0.0255,0.0045,0.00015,0.00001,0.00001,0.00023,0.00006,0.0179,0.0,0.00024,0.00021,0.00017,0.007,0.0004,0.00003,0.0525,0.00017,0.00027,0.0,0.0,0.0045,0.00001,0.0,0.0018,0.0024,0.00002,0.00071,0.0032,0.00001,0.0,0.0,0.0,0.0028,0.0151,0.00099,0.0016,0.0033,0.1687,0.0039,0.0,0.0,0.00008,0.00054
28339400,0.0,0.0,0.0,0.00072,0.0013,0.014,0.0056,0.0016,0.00015,0.00001,0.00001,0.0034,0.00006,0.011,0.0,0.00022,0.0,0.00015,0.0036,0.00057,0.00005,0.0079,0.00005,0.00026,0.00002,0.0,0.00009,0.0,0.0,0.00039,0.0089,0.00002,0.00071,0.0197,0.00001,0.0,0.0,0.00003,0.004,0.0152,0.00012,0.00006,0.0071,0.0156,0.4624,0.00044,0.982,0.00001,0.00023
28341420,0.0,0.0,0.0024,0.0015,0.0052,0.0089,0.0255,0.0016,0.00023,0.00021,0.00003,0.00006,0.00006,0.00091,0.0,0.00008,0.0026,0.00019,0.0046,0.00024,0.00014,0.0329,0.0015,0.00067,0.0,0.00015,0.00017,0.00024,0.00006,0.00054,0.0017,0.00006,0.00029,0.0014,0.00024,0.00006,0.00013,0.00043,0.0056,0.003,0.00037,0.00084,0.0027,0.0099,0.2086,0.00003,0.0,0.00003,0.00041
28274150,0.0,0.0,0.0001,0.0143,0.0042,0.0053,0.3344,0.0185,0.00023,0.00005,0.00002,0.00002,0.00039,0.0394,0.0,0.00024,0.00034,0.00038,0.0635,0.00024,0.00002,0.0119,0.0037,0.00085,0.0,0.0,0.00009,0.00016,0.0,0.00039,0.00095,0.00003,0.0026,0.0028,0.00001,0.00003,0.00004,0.00018,0.6231,0.1262,0.00032,0.0505,0.0261,0.2539,0.0385,0.0,0.0001,0.00016,0.0013
29198280,0.00003,0.0,0.2397,0.0023,0.0023,0.0518,0.0056,0.0016,0.00023,0.0,0.00002,0.00002,0.00006,0.0072,0.0,0.00016,0.0013,0.00004,0.00056,0.00016,0.00002,0.00031,0.01,0.9257,0.0,0.0,0.00004,0.0006,0.0,0.00013,0.0024,0.00002,0.00071,0.0018,0.00001,0.00033,0.1273,0.0,0.0044,0.0012,0.00026,0.00009,0.005,0.0099,0.8239,0.00003,0.00063,0.0,0.00022
29518790,0.0,0.0,0.00001,0.00072,0.001,0.00052,0.1021,0.0015,0.00015,0.0,0.00001,0.0,0.00006,0.00063,0.0,0.00024,0.00015,0.00008,0.0019,0.0004,0.00006,0.0029,0.0,0.00056,0.0,0.0,0.00091,0.0,0.0,0.0002,0.0016,0.00006,0.00029,0.0018,0.00001,0.0,0.0,0.00003,0.0194,0.0778,0.0706,0.0056,0.0027,0.0041,0.00096,0.0,0.0,0.00003,0.00022
29608880,0.0,0.0,0.0,0.0143,0.00064,0.00035,0.0133,0.0088,0.00015,0.0014,0.00001,0.00006,0.0007,0.003,0.0,0.00037,0.00094,0.00019,0.0015,0.0005,0.00005,0.0018,0.00027,0.00026,0.0,0.0,0.00034,0.00002,0.0,0.0002,0.0024,0.00003,0.00029,0.008,0.00015,0.00003,0.0,0.00003,0.0079,0.0084,0.00047,0.0029,0.0062,0.0054,0.0076,0.0,0.00002,0.00003,0.0011
30119850,0.0,0.0,0.0,0.0019,0.00033,0.0011,0.0031,0.0054,0.00015,0.0,0.0,0.00002,0.00006,0.00075,0.0,0.00016,0.00021,0.00038,0.0151,0.00024,0.00002,0.0066,0.00004,0.00026,0.0,0.0,0.00009,0.0,0.0,0.00017,0.0024,0.00003,0.00014,0.0012,0.00001,0.0,0.0,0.0,0.0043,0.0018,0.00036,0.00009,0.1326,0.0059,0.0513,0.0,0.00004,0.00002,0.00022
30181120,0.0,0.0,0.0,0.0203,0.00016,0.00052,0.0249,0.0744,0.00015,0.00005,0.00002,0.0,0.00006,0.9013,0.0,0.00018,0.00015,0.00019,0.0063,0.00024,0.00002,0.0075,0.00008,0.00023,0.00002,0.0,0.00009,0.0,0.0,0.00039,0.0136,0.00006,0.00041,0.0645,0.00001,0.0,0.0,0.0,0.0152,0.009,0.00026,0.001,0.0071,0.0959,0.00071,0.0,0.0,0.00001,0.00054
30071830,0.0,0.0,0.0,0.0015,0.00064,0.00035,0.8393,0.0024,0.00023,0.0,0.00007,0.0012,0.0018,0.00049,0.0,0.00016,0.00015,0.0,0.0018,0.00024,0.00002,0.16,0.0,0.00045,0.0,0.0,0.00055,0.00002,0.0,0.0001,0.0017,0.00017,0.00029,0.3079,0.00001,0.0,0.0,0.00003,0.0194,0.027,0.00012,0.0032,0.015,0.0062,0.0074,0.0,0.00006,0.00002,0.00061
30852930,0.0,0.00002,0.0001,0.00072,0.0012,0.083,0.0039,0.003,0.00023,0.00001,0.0,0.00004,0.00002,0.00091,0.0,0.00037,0.00026,0.00039,0.0035,0.0004,0.00002,0.0075,0.00005,0.0019,0.0,0.0,0.00004,0.00001,0.0,0.00079,0.0017,0.00003,0.0245,0.0012,0.00001,0.0,0.00002,0.0,0.2001,0.0152,0.00047,0.00009,0.0368,0.0054,0.9021,0.0139,0.9961,0.0,0.00054
30902870,0.0,0.0,0.0,0.0023,0.001,0.0089,0.075,0.0054,0.0027,0.00001,0.00002,0.00002,0.00006,0.0014,0.0,0.002,0.00068,0.00038,0.0019,0.00006,0.00005,0.0148,0.00027,0.00045,0.0,0.0,0.00017,0.00016,0.0,0.00039,0.003,0.00006,0.00086,0.0047,0.00015,0.0,0.0,0.0,0.0152,0.0013,0.0171,0.0656,0.0288,0.0054,0.0096,0.0,0.0,0.00002,0.00041
30903400,0.00003,0.0,0.00001,0.0135,0.9291,0.0011,0.0147,0.0049,0.00015,0.00005,0.00007,0.00023,0.00006,0.002,0.00002,0.00037,0.004,0.00012,0.0025,0.00093,0.00006,0.0075,0.00027,0.00045,0.0,0.0,0.00009,0.00002,0.00006,0.001,0.0012,0.001,0.00023,0.0063,0.00001,0.00033,0.0,0.00004,0.0044,0.0133,0.00032,0.00054,0.005,0.0506,0.0162,0.0,0.0,0.00002,0.00054
31524960,0.0,0.00002,0.0,0.002,0.0014,0.0061,0.0133,0.0088,0.00015,0.00021,0.00007,0.0012,0.0156,0.0072,0.0,0.0989,0.00015,0.00034,0.00095,0.0007,0.00005,0.0949,0.00004,0.00045,0.0,0.0,0.00009,0.00002,0.0,0.00033,0.0024,0.00003,0.00029,0.0063,0.00001,0.0,0.0,0.00004,0.0013,0.0026,0.0039,0.0407,0.002,0.0023,0.0484,0.0,0.0,0.00043,0.00023
31570200,0.005,0.00002,0.2397,0.0029,0.0127,0.0061,0.0089,0.0045,0.0135,0.00021,0.00002,0.00078,0.00007,0.0023,0.0,0.0011,0.0098,0.00038,0.0046,0.0005,0.00006,0.0101,0.00034,0.3138,0.00002,0.00053,0.0024,0.00024,0.0075,0.0177,0.0017,0.00003,0.0014,0.0022,0.00032,0.1071,0.0338,0.00004,0.0056,0.0064,0.0039,0.00084,0.008,0.0239,0.024,0.00037,0.00005,0.00004,0.00054
32012170,0.0,0.0,0.0,0.0088,0.00016,0.0035,0.0147,0.126,0.00015,0.0,0.0,0.00078,0.00006,0.0748,0.0,0.00008,0.0001,0.0,0.0063,0.00013,0.00002,0.2442,0.0,0.00045,0.0,0.0,0.00004,0.0,0.0,0.001,0.0066,0.0,0.0274,0.0183,0.00001,0.0,0.0,0.0,0.046,0.0309,0.00032,0.001,0.0074,0.0274,0.0013,0.0,0.0,0.00073,0.00054
32132100,0.00005,0.00002,0.00001,0.00072,0.9769,0.0011,0.0031,0.003,0.00015,0.00005,0.00002,0.00008,0.00006,0.00063,0.0,0.00022,0.0001,0.00038,0.00021,0.00024,0.00006,0.0537,0.00017,0.00023,0.0,0.0,0.00055,0.00003,0.00038,0.00039,0.0039,0.00002,0.00023,0.0017,0.00015,0.00088,0.0,0.00004,0.0023,0.00084,0.0019,0.00033,0.00099,0.0183,0.049,0.0,0.0,0.00008,0.0017
32611470,0.0,0.0,0.00001,0.0016,0.0069,0.0027,0.0147,0.0054,0.00062,0.00023,0.00007,0.00008,0.00007,0.0023,0.0,0.00018,0.0013,0.00038,0.0107,0.0025,0.0016,0.0048,0.00017,0.003,0.0,0.0,0.00091,0.00025,0.0,0.0026,0.0027,0.00003,0.00086,0.0047,0.0013,0.0122,0.0,0.00004,0.0019,0.007,0.0019,0.0042,0.0031,0.0054,0.2264,0.0,0.00002,0.00004,0.00054
33273050,0.0,0.0,0.0,0.0013,0.00016,0.00094,0.7908,0.5938,0.00015,0.00001,0.0,0.00002,0.00002,0.0072,0.0,0.00008,0.0,0.0,0.0031,0.00024,0.00002,0.0099,0.00008,0.00026,0.0,0.0,0.0003,0.00002,0.0,0.00033,0.0016,0.0,0.00014,0.0901,0.00001,0.0,0.0,0.0,0.00089,0.00084,0.00012,0.0,0.0045,0.8686,0.0017,0.0,0.0,0.00002,0.00006
25714521,0.0,0.0,0.00018,0.00072,0.0042,0.0575,0.3344,0.0386,0.00015,0.00005,0.00002,0.0,0.00006,0.00049,0.0,0.0175,0.0,0.00017,0.0063,0.00089,0.00002,0.5921,0.00017,0.003,0.0,0.0,0.00009,0.0,0.0,0.00013,0.0089,0.0,0.00097,0.1851,0.00001,0.0,0.00013,0.0,0.0074,0.1662,0.00047,0.0016,0.0323,0.9061,0.0035,0.0,0.0,0.00002,0.00023
27480581,0.0,0.0,0.0,0.0143,0.00033,0.00052,0.0175,0.0011,0.00015,0.00005,0.00001,0.00002,0.00006,0.0017,0.0,0.00018,0.00021,0.00038,0.0018,0.00024,0.00005,0.0052,0.00005,0.00026,0.0,0.0,0.00009,0.0,0.0,0.00054,0.0072,0.00017,0.008,0.0014,0.0,0.0,0.0,0.00004,0.0019,0.0026,0.00032,0.00033,0.0031,0.0316,0.968,0.0,0.00006,0.0,0.00013
25460260,0.0,0.0,0.00001,0.0203,0.0522,0.0011,0.1105,0.0045,0.00023,0.00005,0.00007,0.00023,0.0011,0.0072,0.0,0.0017,0.00021,0.00017,0.0025,0.00016,0.00003,0.0279,0.00004,0.00045,0.0,0.0,0.00034,0.00002,0.0,0.001,0.0017,0.00003,0.00029,0.008,0.00001,0.0,0.00003,0.0,0.0018,0.009,0.00032,0.0656,0.0074,0.0025,0.0217,0.0,0.0,0.00004,0.0017
25447740,0.0,0.0,0.00001,0.00093,0.0023,0.0022,0.0367,0.0088,0.0027,0.00021,0.00002,0.00006,0.0007,0.002,0.0,0.00018,0.00026,0.00012,0.0063,0.0007,0.00014,0.0029,0.00027,0.00045,0.0,0.0,0.00009,0.00002,0.0,0.001,0.0048,0.00003,0.0014,0.0029,0.00015,0.00003,0.0,0.00004,0.0074,0.0013,0.00049,0.00054,0.0027,0.0316,0.6306,0.0,0.0,0.00002,0.00051
25431430,0.0,0.0,0.0,0.00072,0.001,0.0027,0.9651,0.00013,0.00023,0.00001,0.00002,0.0014,0.00006,0.011,0.0,0.00037,0.00034,0.00017,0.0035,0.00057,0.00002,0.0654,0.00004,0.00067,0.00002,0.0,0.00009,0.0,0.0,0.0002,0.0024,0.00006,0.00023,0.4067,0.00001,0.0,0.0,0.00003,0.0014,0.0088,0.00049,0.7832,0.0168,0.0054,0.0021,0.0,0.0,0.00002,0.0037
1067610,0.00005,0.00002,0.00049,0.0017,0.0052,0.0011,0.0367,0.0062,0.00037,0.00005,0.00002,0.0001,0.00007,0.0017,0.0,0.00079,0.0017,0.00038,0.0015,0.00024,0.00014,0.0029,0.00036,0.008,0.0,0.00004,0.00039,0.00002,0.0,0.001,0.0017,0.00006,0.00071,0.0047,0.00032,0.00076,0.00013,0.00004,0.0019,0.0029,0.001,0.0029,0.0071,0.0033,0.0074,0.0,0.0,0.00008,0.00051
7262510,0.0,0.0,0.0,0.0523,0.0717,0.0027,0.0282,0.0024,0.00023,0.00021,0.00007,0.0,0.00006,0.0072,0.0,0.0357,0.00021,0.00071,0.00056,0.00024,0.00005,0.0525,0.00027,0.00045,0.0,0.0,0.00009,0.00004,0.0,0.0032,0.00057,0.00002,0.00029,0.0017,0.00001,0.0,0.0,0.00004,0.0374,0.0064,0.00032,0.0169,0.00099,0.0017,0.0035,0.0,0.0,0.00002,0.00023
7280810,0.00003,0.0,0.00018,0.00072,0.2573,0.0061,0.0255,0.0035,0.00023,0.00005,0.00002,0.00023,0.00006,0.0014,0.0,0.00079,0.00068,0.00038,0.0046,0.00024,0.00005,0.0654,0.00005,0.0034,0.0,0.0,0.00009,0.00016,0.0,0.0039,0.00076,0.0,0.0014,0.0292,0.00015,0.00065,0.00004,0.00003,0.0014,0.0026,0.00047,0.00084,0.0027,0.2403,0.8239,0.00004,0.0364,0.00002,0.00023
6126130,0.00003,0.0,0.00007,0.0017,0.049,0.0518,0.1182,0.0088,0.0012,0.00036,0.00007,0.00065,0.00026,0.0039,0.0,0.0023,0.0114,0.0021,0.00065,0.00024,0.00005,0.0224,0.001,0.00073,0.0,0.0,0.00017,0.00001,0.0,0.0018,0.0017,0.00003,0.00034,0.0047,0.00015,0.00003,0.0,0.00004,0.0028,0.0151,0.0171,0.0032,0.0055,0.0274,0.0942,0.0,0.0,0.00004,0.00013
6750570,0.0,0.0,0.0001,0.0029,0.0083,0.0119,0.0138,0.003,0.0083,0.0012,0.00002,0.0012,0.00007,0.014,0.0,0.00024,0.0022,0.0021,0.0025,0.0005,0.00005,0.0654,0.00027,0.00045,0.0,0.0,0.00017,0.00004,0.0,0.001,0.0039,0.00003,0.00029,0.0063,0.00001,0.00003,0.00004,0.00003,0.0056,0.009,0.00099,0.0042,0.0033,0.0037,0.4208,0.0,0.0,0.00002,0.00022
4045700,0.00003,0.0,0.0001,0.0015,0.0012,0.0061,0.0478,0.0038,0.0018,0.00011,0.00002,0.013,0.00006,0.011,0.0,0.00071,0.0019,0.00061,0.007,0.0004,0.00005,0.0613,0.00034,0.00067,0.00002,0.0,0.00009,0.00002,0.0,0.001,0.0146,0.00002,0.00071,0.0123,0.00024,0.00005,0.00003,0.00004,0.0611,0.009,0.004,0.0042,0.1121,0.0025,0.0035,0.0,0.0,0.00008,0.0017
1780420,0.0,0.0,0.00001,0.00015,0.0012,0.0035,0.8213,0.0024,0.00062,0.00011,0.00001,0.00023,0.0011,0.0017,0.0,0.0357,0.00021,0.00071,0.0025,0.0007,0.00051,0.0279,0.00005,0.00056,0.0,0.0,0.00017,0.00001,0.0,0.00033,0.0048,0.00003,0.00023,0.0364,0.00001,0.0,0.0,0.0,0.0019,0.007,0.0368,0.5269,0.005,0.0099,0.0021,0.0,0.0,0.00004,0.00013
1564480,0.00005,0.00002,0.0001,0.002,0.9557,0.00095,0.0147,0.0024,0.00023,0.00019,0.00003,0.00008,0.00007,0.0017,0.0,0.0011,0.00034,0.0011,0.0025,0.00024,0.00006,0.2834,0.00027,0.00045,0.00002,0.00004,0.00055,0.00004,0.00006,0.0018,0.00057,0.00006,0.00086,0.0078,0.00032,0.00065,0.00004,0.00004,0.0074,0.009,0.0019,0.0013,0.0027,0.0025,0.0062,0.00003,0.0,0.00002,0.00061
8240570,0.0,0.0,0.00018,0.00072,0.9645,0.0012,0.0087,0.00069,0.00023,0.00005,0.00002,0.00006,0.00006,0.00075,0.0,0.00018,0.00015,0.00038,0.00065,0.00024,0.00005,0.0079,0.00017,0.00073,0.0,0.0,0.00017,0.00003,0.0,0.0002,0.00095,0.00002,0.00034,0.0028,0.00015,0.00003,0.00004,0.00003,0.0019,0.0026,0.00032,0.001,0.002,0.0054,0.2791,0.0,0.00027,0.00003,0.00041
8288140,0.0,0.00002,0.0001,0.0019,0.8583,0.0012,0.0078,0.0016,0.00062,0.00005,0.00007,0.425,0.00006,0.002,0.0,0.0011,0.00015,0.00038,0.0046,0.00093,0.00076,0.0017,0.00004,0.00045,0.0,0.0,0.0093,0.00002,0.00006,0.0032,0.0024,0.00006,0.00029,0.025,0.00001,0.00063,0.0,0.0,0.0074,0.0018,0.00047,0.001,0.0059,0.0013,0.2264,0.0,0.0001,0.0,0.00022
8297640,0.0,0.00002,0.00018,0.00072,0.0013,0.0008,0.0097,0.0022,0.00015,0.00005,0.00002,0.00002,0.00002,0.00091,0.0,0.00008,0.00021,0.00038,0.00065,0.0007,0.00003,0.0017,0.00004,0.00026,0.0,0.0,0.00009,0.00002,0.0,0.00079,0.00057,0.00006,0.00023,0.0007,0.00001,0.0,0.0,0.0,0.0013,0.00027,0.00032,0.00054,0.002,0.0099,0.8239,0.0,0.0,0.00001,0.0
8303890,0.00005,0.00002,0.0011,0.002,0.0023,0.0048,0.0133,0.0016,0.00023,0.00019,0.00043,0.00002,0.00026,0.002,0.0,0.00024,0.00068,0.0011,0.007,0.00024,0.00014,0.0123,0.00005,0.003,0.00002,0.00004,0.00021,0.00002,0.0,0.00039,0.0012,0.00003,0.00029,0.0017,0.00024,0.00033,0.0018,0.00018,0.00089,0.0284,0.0171,0.0012,0.0027,0.0099,0.0323,0.0,0.0,0.00008,0.00054
8170770,0.0,0.0,0.00007,0.00045,0.0014,0.0668,0.7908,0.0025,0.0027,0.00019,0.00002,0.0012,0.4744,0.0014,0.0,0.7758,0.0019,0.00038,0.0018,0.00024,0.00005,0.0075,0.00034,0.00056,0.0,0.0,0.00009,0.00004,0.0,0.00079,0.00076,0.00045,0.00071,0.0078,0.00001,0.0,0.00004,0.00003,0.0019,0.007,0.0524,0.5169,0.3555,0.0316,0.0025,0.0,0.0,0.00008,0.0013
8038960,0.00005,0.00002,0.0001,0.006,0.016,0.0013,0.0133,0.003,0.00062,0.00005,0.00002,0.00065,0.00007,0.011,0.0,0.00037,0.0047,0.00071,0.007,0.0007,0.00057,0.0123,0.00017,0.0263,0.0,0.0,0.0015,0.00024,0.0,0.0002,0.0048,0.00003,0.00029,0.0063,0.00015,0.00033,0.00004,0.0,0.0014,0.0058,0.0045,0.001,0.0027,0.0112,0.024,0.0,0.0,0.00001,0.00054
8151000,0.0,0.0,0.0,0.0003,0.0014,0.0712,0.7908,0.0024,0.00023,0.00005,0.00002,0.00008,0.00039,0.00011,0.0,0.0013,0.00026,0.0011,0.00021,0.00099,0.00002,0.0268,0.00005,0.00045,0.00014,0.0,0.00017,0.00001,0.0,0.0023,0.00076,0.00003,0.00029,0.0047,0.00009,0.00003,0.0,0.00004,0.0194,0.0084,0.00099,0.5269,0.0108,0.0037,0.0013,0.0,0.0,0.00003,0.00022
7512580,0.00003,0.0,0.00001,0.0029,0.0033,0.0027,0.0174,0.00086,0.00015,0.00005,0.00001,0.00008,0.00006,0.00075,0.0,0.00018,0.0012,0.00038,0.00056,0.00016,0.00005,0.0055,0.00017,0.00056,0.0,0.0,0.00034,0.00016,0.0,0.001,0.0013,0.00003,0.00023,0.0047,0.00015,0.0002,0.00002,0.00018,0.0194,0.0133,0.00099,0.00033,0.005,0.0051,0.0096,0.0,0.0,0.00004,0.00022
8197410,0.0,0.0,0.00006,0.0123,0.00049,0.0022,0.0757,0.0054,0.0012,0.00082,0.00007,0.0125,0.00007,0.0023,0.0,0.00024,0.00026,0.00039,0.007,0.0005,0.00005,0.0654,0.0015,0.003,0.0,0.0,0.00009,0.00002,0.0,0.00039,0.021,0.00006,0.00097,0.0063,0.00001,0.0,0.0,0.0,0.0023,0.0133,0.0019,0.0016,0.3632,0.0201,0.678,0.0,0.0,0.00008,0.0087
7563640,0.00003,0.00002,0.0001,0.0015,0.0121,0.0022,0.0031,0.0035,0.00023,0.00005,0.00002,0.00002,0.00006,0.0023,0.0,0.00022,0.00068,0.00038,0.0036,0.00016,0.00005,0.0029,0.00005,0.0012,0.0,0.00004,0.00017,0.00004,0.0,0.00079,0.0017,0.00006,0.00071,0.0012,0.00024,0.0002,0.00004,0.0,0.0074,0.0012,0.0012,0.00033,0.0074,0.0041,0.8286,0.0,0.0,0.0,0.00013
9137720,0.0,0.0,0.0,0.00015,0.9833,0.00052,0.0039,0.00042,0.00023,0.00005,0.00001,0.00078,0.00006,0.0014,0.0,0.00016,0.00026,0.00017,0.00021,0.00016,0.00006,0.0899,0.00005,0.0003,0.0,0.0,0.00009,0.0,0.0,0.0177,0.00062,0.00006,0.00086,0.0012,0.00001,0.00003,0.0,0.0,0.003,0.00027,0.00099,0.00054,0.0027,0.0025,0.0077,0.0,0.0,0.00008,0.00013
9267730,0.0,0.0,0.0,0.0013,0.00049,0.6548,0.0175,0.0025,0.00015,0.0014,0.1603,0.00002,0.00006,0.0177,0.0,0.0053,0.00015,0.1,0.0323,0.0007,0.00005,0.3313,0.00008,0.00026,0.0,0.0,0.00009,0.00001,0.0,0.001,0.001,0.0,0.00029,0.1148,0.00001,0.0,0.0,0.0029,0.003,0.0333,0.0012,0.001,0.3555,0.0274,0.0265,0.0,0.0,0.00002,0.0013
10541600,0.0,0.0,0.0,0.0013,0.1923,0.00035,0.025,0.0054,0.00015,0.00005,0.00002,0.00002,0.00006,0.00091,0.0,0.00008,0.0,0.00071,0.0046,0.0018,0.00002,0.807,0.0,0.00026,0.0,0.0,0.00009,0.0,0.0,0.00017,0.5902,0.00003,0.00014,0.0063,0.0,0.0,0.0,0.0,0.077,0.8364,0.00049,0.00006,0.0074,0.0051,0.00045,0.0,0.0,0.00001,0.00013
10867450,0.0,0.0,0.0,0.0,0.00064,0.0668,0.96,0.0024,0.00023,0.0,0.0,0.0014,0.00006,0.003,0.0,0.9587,0.0001,0.0011,0.0018,0.0131,0.00002,0.274,0.0,0.00026,0.0,0.0,0.00004,0.00002,0.0,0.00039,0.0089,0.00006,0.0026,0.8864,0.00001,0.0,0.00002,0.00003,0.0079,0.0249,0.0021,0.5568,0.002,0.0112,0.0013,0.0,0.0,0.00002,0.00022
11781860,0.0,0.0,0.0,0.006,0.0052,0.0008,0.9454,0.0063,0.00015,0.00005,0.00002,0.00078,0.0238,0.00063,0.0,0.0185,0.00034,0.00034,0.0164,0.00006,0.00003,0.2834,0.00017,0.00023,0.0,0.0,0.00034,0.00004,0.0,0.00013,0.00076,0.00006,0.0059,0.8367,0.00001,0.0,0.00004,0.0043,0.2901,0.8364,0.00012,0.0029,0.0027,0.0099,0.0025,0.0,0.00006,0.00004,0.00013
11790910,0.0,0.0,0.0,0.0887,0.00064,0.0027,0.1021,0.0133,0.00015,0.00001,0.0,0.00002,0.00006,0.0018,0.00002,0.00016,0.0001,0.00071,0.007,0.0015,0.00002,0.0119,0.00004,0.00044,0.0,0.0,0.00017,0.00002,0.0,0.00013,0.0048,0.00003,0.00086,0.0007,0.00001,0.0,0.0,0.00004,0.0655,0.0778,0.0039,0.0032,0.0299,0.0442,0.0077,0.0,0.0,0.00003,0.0017
12544180,0.0,0.0,0.0,0.0058,0.0038,0.00073,0.0175,0.0403,0.00023,0.00005,0.00002,0.00002,0.0007,0.3966,0.0,0.00024,0.00021,0.00038,0.0016,0.00089,0.00006,0.0123,0.00027,0.00026,0.0,0.0,0.00091,0.00002,0.0,0.00013,0.00057,0.00006,0.00014,0.0824,0.00001,0.0,0.0,0.00004,0.0019,0.1378,0.00099,0.0032,0.0131,0.0054,0.0039,0.0,0.0,0.00043,0.0018
15375100,0.0,0.0,0.0,0.0013,0.001,0.0103,0.8455,0.0016,0.00015,0.00005,0.00001,0.00002,0.00026,0.00063,0.0,0.00016,0.00021,0.00019,0.0165,0.0018,0.0016,0.0268,0.00004,0.00018,0.00002,0.0,0.00009,0.0,0.0,0.00013,0.076,0.00003,0.00014,0.8263,0.00001,0.0,0.0,0.0,0.00089,0.1662,0.0045,0.7893,0.0204,0.0023,0.00096,0.0,0.00002,0.00002,0.00054
17064420,0.0,0.0,0.0,0.002,0.00016,0.00052,0.0287,0.0133,0.00023,0.0,0.0,0.00008,0.0011,0.097,0.0,0.00018,0.0001,0.00039,0.0036,0.00024,0.00076,0.0119,0.00017,0.00026,0.0,0.0,0.00034,0.0,0.0,0.001,0.00095,0.00003,0.00014,0.0112,0.00001,0.0,0.0,0.0,0.00067,0.0152,0.0012,0.001,0.00099,0.0316,0.0013,0.0,0.0,0.00002,0.00013
17117070,0.0,0.0,0.0,0.0061,0.0519,0.0013,0.5,0.0108,0.00015,0.0,0.00001,0.00002,0.00007,0.0271,0.616,0.00024,0.00015,0.00075,0.0391,0.00099,0.00005,0.0794,0.00027,0.001,0.0,0.0,0.0003,0.0,0.0,0.00054,0.021,0.0,0.00086,0.0364,0.0,0.0,0.00004,0.0,0.0044,0.0058,0.0021,0.5875,0.3632,0.1319,0.00045,0.0,0.0,0.00001,0.0013
17145000,0.0,0.0,0.0,0.0039,0.001,0.0011,0.0175,0.0024,0.00023,0.0,0.0,0.0,0.00006,0.9473,0.0,0.00018,0.00026,0.00017,0.0031,0.00024,0.00005,0.0126,0.00008,0.0003,0.0,0.0,0.00017,0.00002,0.0,0.00013,0.0039,0.00006,0.00086,0.0621,0.00001,0.0,0.0,0.0,0.004,0.0018,0.0012,0.00054,0.0074,0.0099,0.00086,0.0,0.0,0.00003,0.00051
17522560,0.0,0.0,0.0,0.00015,0.0013,0.0071,0.9454,0.00013,0.00023,0.00005,0.00007,0.00023,0.00006,0.00075,0.0,0.6825,0.00021,0.00008,0.0391,0.00022,0.00005,0.0123,0.00005,0.00045,0.00002,0.0,0.00017,0.00002,0.0,0.00013,0.0013,0.00003,0.00071,0.5165,0.00001,0.0,0.0,0.0,0.0013,0.0249,0.00099,0.5568,0.0027,0.0014,0.0025,0.0,0.0001,0.00001,0.00023
17574010,0.00005,0.00002,0.00049,0.0039,0.0522,0.0022,0.0031,0.00069,0.00015,0.00005,0.00001,0.00002,0.00006,0.0039,0.0,0.00024,0.00034,0.00038,0.0041,0.00024,0.00006,0.0099,0.00004,0.001,0.0,0.00004,0.00017,0.00004,0.0,0.0013,0.001,0.00006,0.00097,0.0035,0.00032,0.00076,0.00013,0.00003,0.0028,0.0013,0.00036,0.00084,0.0027,0.0023,0.8394,0.0,0.0,0.00001,0.00077
19024720,0.0,0.0,0.0,0.00072,0.001,0.0012,0.0249,0.0133,0.00073,0.00001,0.00007,0.00023,0.00007,0.0683,0.0,0.00024,0.0166,0.00071,0.007,0.0004,0.00006,0.0731,0.00005,0.00045,0.0,0.0,0.00017,0.00001,0.0,0.00017,0.0024,0.0,0.00056,0.023,0.00001,0.0,0.0,0.00004,0.0014,0.0013,0.00037,0.002,0.0012,0.0316,0.0323,0.0,0.0,0.00002,0.0018
19653970,0.00003,0.0,0.00018,0.00045,0.0522,0.0668,0.0834,0.0088,0.0018,0.00036,0.00045,0.00008,0.00007,0.005,0.0,0.0122,0.004,0.00038,0.00021,0.00099,0.00005,0.0419,0.00008,0.00045,0.00002,0.0,0.00009,0.00016,0.0,0.0013,0.0024,0.00006,0.00086,0.0379,0.00015,0.00003,0.00004,0.0,0.0014,0.0026,0.00037,0.0169,0.0027,0.0054,0.1647,0.0,0.00002,0.00002,0.00013
19666100,0.0,0.0,0.0,0.0061,0.00016,0.00018,0.0175,0.0015,0.0,0.0,0.0,0.00002,0.0053,0.0017,0.0,0.00018,0.0,0.00019,0.0025,0.0005,0.00006,0.00081,0.00005,0.0019,0.0,0.0,0.0045,0.00001,0.0,0.00039,0.0089,0.00006,0.00014,0.0029,0.00001,0.0,0.0,0.0,0.0079,0.0018,0.0039,0.00009,0.005,0.0041,0.00086,0.0,0.0,0.00003,0.0011
19812460,0.0,0.0,0.0,0.0023,0.00049,0.0035,0.9814,0.0088,0.00023,0.00001,0.00001,0.00004,0.00006,0.00091,0.0038,0.00018,0.00021,0.00017,0.0025,0.00099,0.00006,0.0123,0.0,0.0019,0.0,0.0,0.00009,0.00002,0.0,0.00013,0.01,0.00003,0.00029,0.0078,0.00001,0.0,0.0,0.00003,0.0013,0.0015,0.00047,0.7832,0.0261,0.0014,0.0013,0.0,0.0,0.00004,0.0011
20562790,0.0,0.0,0.00001,0.00072,0.526,0.004,0.0147,0.003,0.00023,0.00005,0.00002,0.00023,0.00006,0.0017,0.0,0.0013,0.00021,0.00017,0.00095,0.00099,0.00003,0.274,0.00004,0.0003,0.0,0.0,0.00009,0.0,0.0,0.00018,0.0024,0.00003,0.00029,0.0014,0.00001,0.00003,0.0,0.00003,0.004,0.0013,0.0018,0.00084,0.00099,0.0054,0.0217,0.0,0.00002,0.00002,0.0031
20513660,0.00003,0.0,0.00049,0.0023,0.0035,0.0011,0.0089,0.0088,0.00023,0.00005,0.00002,0.00023,0.00007,0.004,0.0,0.00022,0.00068,0.00038,0.0031,0.00016,0.00006,0.0055,0.00027,0.00056,0.0,0.00004,0.00021,0.00036,0.0,0.0025,0.0024,0.00003,0.00029,0.0014,0.00015,0.00003,0.00004,0.00004,0.0019,0.003,0.0012,0.00054,0.0055,0.0204,0.0225,0.0,0.0,0.00002,0.00051
20722820,0.0,0.0,0.0,0.0143,0.00049,0.00052,0.025,0.0062,0.00023,0.0,0.00001,0.00004,0.0007,0.097,0.00002,0.00022,0.00015,0.00038,0.0025,0.00008,0.00003,0.0949,0.00004,0.00026,0.00002,0.0,0.0417,0.00002,0.0,0.0002,0.021,0.00003,0.00029,0.0047,0.00001,0.0,0.0,0.00003,0.0074,0.1262,0.004,0.0013,0.002,0.0099,0.0013,0.0,0.00002,0.00004,0.00054
21707860,0.00003,0.00002,0.0001,0.0017,0.8583,0.0027,0.0175,0.0024,0.0053,0.00021,0.00002,0.00008,0.00007,0.0072,0.0,0.003,0.00068,0.00038,0.013,0.00099,0.00006,0.5921,0.0005,0.00067,0.00002,0.00004,0.00055,0.00016,0.00006,0.0018,0.0016,0.00006,0.00071,0.0078,0.00015,0.00003,0.00004,0.00004,0.0028,0.007,0.0021,0.0169,0.0031,0.0033,0.0162,0.00003,0.0,0.00004,0.00022
21768730,0.0,0.0,0.0,0.006,0.0052,0.0008,0.0089,0.0016,0.00015,0.00001,0.0,0.00006,0.00039,0.0683,0.0,0.00079,0.0001,0.00034,0.013,0.00089,0.00005,0.0648,0.00004,0.00045,0.0,0.0,0.00017,0.00004,0.0,0.001,0.00077,0.00006,0.00071,0.0113,0.00001,0.0,0.0,0.0,0.0247,0.0029,0.00099,0.00084,0.015,0.0025,0.0013,0.0,0.0,0.00003,0.0037
21295000,0.0,0.0,0.00006,0.002,0.8583,0.0061,0.0056,0.0073,0.00015,0.00019,0.0021,0.00023,0.00006,0.0017,0.0,0.00018,0.0017,0.00038,0.0031,0.0015,0.00014,0.0075,0.00036,0.003,0.0,0.0,0.00004,0.00002,0.0,0.001,0.0048,0.00002,0.0026,0.0021,0.00015,0.0,0.0,0.00004,0.00089,0.0026,0.00012,0.0015,0.0045,0.0023,0.4624,0.0,0.0,0.00002,0.0
23493730,0.0,0.0,0.0,0.0029,0.035,0.0008,0.0175,0.0045,0.00023,0.00005,0.00002,0.00002,0.00039,0.00091,0.0,0.00024,0.00068,0.00038,0.013,0.00059,0.00006,0.0035,0.00017,0.00027,0.0,0.0,0.00009,0.00002,0.0,0.0018,0.00095,0.00003,0.00014,0.0021,0.00015,0.0,0.0,0.00004,0.0079,0.0026,0.0012,0.0105,0.0368,0.039,0.0021,0.0,0.0,0.00002,0.0017
23274740,0.0,0.0,0.0,0.002,0.00049,0.0,0.00081,0.00069,0.0,0.0,0.0,0.00002,0.00002,0.00091,0.0,0.00022,0.00015,0.0,0.0031,0.00006,0.00005,0.0003,0.0,0.00027,0.0,0.0,0.00004,0.0,0.0,0.00013,0.00013,0.00003,0.00023,0.0017,0.0,0.0,0.0,0.0,0.00039,0.003,0.001,0.00054,0.0027,0.00083,0.00086,0.0,0.0,0.00003,0.00044
23594430,0.0,0.0,0.0,0.0143,0.00064,0.0061,0.1105,0.0088,0.00023,0.00005,0.0,0.00008,0.00007,0.003,0.0,0.00071,0.00021,0.00038,0.1971,0.00057,0.00002,0.0066,0.00004,0.0015,0.0,0.0,0.00039,0.0,0.0,0.0039,0.0017,0.00006,0.00034,0.0047,0.00001,0.0,0.00004,0.0,0.0056,0.009,0.0019,0.0016,0.0012,0.0795,0.0039,0.0,0.0,0.00002,0.00023
21286730,0.0,0.0,0.0,0.0061,0.0035,0.00073,0.025,0.0088,0.00015,0.0,0.0,0.00002,0.00006,0.0394,0.0,0.00008,0.0,0.00071,0.0901,0.00099,0.00002,0.0119,0.0,0.00026,0.0,0.0,0.00009,0.00024,0.0,0.00013,0.0027,0.00002,0.00071,0.0078,0.0,0.0,0.0,0.0,0.0074,0.0498,0.00026,0.00006,0.002,0.0099,0.00086,0.0,0.0,0.00004,0.0017
24036210,0.0,0.0,0.0,0.00072,0.00016,0.00052,0.001,0.0035,0.00015,0.0,0.00001,0.0,0.00006,0.00041,0.0,0.00008,0.0001,0.0,0.00056,0.00006,0.00005,0.00031,0.00004,0.00018,0.0,0.0,0.00034,0.00002,0.0,0.00013,0.00095,0.00017,0.00014,0.0047,0.00001,0.0,0.0,0.0,0.00039,0.00051,0.0021,0.00009,0.0027,0.00063,0.0021,0.0,0.0,0.00002,0.00041
24411480,0.0,0.0,0.0,0.0003,0.0035,0.0071,0.8393,0.0015,0.00015,0.0,0.00002,0.00065,0.00064,0.0023,0.0,0.0175,0.00026,0.00038,0.00021,0.00089,0.00003,0.0949,0.00036,0.00045,0.0,0.0,0.00091,0.00001,0.0,0.00013,0.01,0.00006,0.00014,0.175,0.00001,0.0,0.0,0.0,0.0079,0.0309,0.00047,0.7832,0.0097,0.0049,0.0017,0.0,0.00004,0.00016,0.00006
26904930,0.0,0.0,0.0,0.0023,0.0012,0.0061,0.0056,0.0062,0.00023,0.00005,0.00002,0.0034,0.00026,0.097,0.0,0.00024,0.00034,0.00071,0.0018,0.0005,0.00006,0.0613,0.00005,0.00073,0.0,0.0,0.00009,0.00004,0.0,0.00079,0.01,0.00006,0.00029,0.0029,0.00001,0.0,0.0,0.00004,0.0152,0.0036,0.004,0.002,0.0062,0.0017,0.0244,0.0,0.0,0.00004,0.00051
27264140,0.0,0.0,0.0021,0.0023,0.0023,0.00052,0.0468,0.0247,0.00015,0.00019,0.00007,0.00008,0.00007,0.0039,0.0,0.00024,0.00021,0.00039,0.0025,0.00022,0.00016,0.009,0.00004,0.0014,0.0,0.00004,0.0159,0.00024,0.0,0.001,0.0024,0.0,0.00029,0.0047,0.00001,0.00033,0.00004,0.0,0.0079,0.0016,0.00032,0.0032,0.00099,0.0112,0.5262,0.0,0.0,0.00003,0.00051
27334310,0.0,0.0,0.00001,0.0061,0.0298,0.0048,0.0478,0.0424,0.00015,0.00005,0.00002,0.00023,0.00007,0.0383,0.0,0.00024,0.0012,0.00017,0.0063,0.00099,0.00005,0.0123,0.00017,0.0019,0.0,0.0,0.00055,0.00003,0.0,0.00033,0.0024,0.0,0.00029,0.0047,0.00001,0.0,0.00002,0.00004,0.0152,0.0647,0.0021,0.001,0.0027,0.0112,0.3779,0.0,0.0364,0.0,0.00077
27384340,0.0,0.0,0.0,0.006,0.001,0.0575,0.0089,0.003,0.00015,0.0051,0.0263,0.0,0.00006,0.0023,0.0162,0.00018,0.0017,0.00017,0.0187,0.00024,0.00005,0.0207,0.00005,0.00045,0.0,0.0,0.00009,0.00024,0.0,0.00013,0.00057,0.0,0.0014,0.0028,0.00001,0.0,0.0,0.0953,0.077,0.009,0.00032,0.00054,0.0227,0.0316,0.9509,0.0,0.0061,0.0,0.00041
27449900,0.0,0.0,0.0,0.0029,0.00064,0.00018,0.0089,0.0024,0.00015,0.00005,0.0,0.00008,0.00006,0.0017,0.0,0.00008,0.0047,0.00008,0.00065,0.00013,0.00003,0.0017,0.00027,0.00026,0.0,0.0,0.00009,0.0,0.0,0.001,0.00095,0.00002,0.00071,0.0047,0.00015,0.0,0.0,0.00003,0.0015,0.0088,0.0019,0.0032,0.0045,0.0033,0.0021,0.0,0.0,0.00002,0.0
27469020,0.0,0.0,0.00001,0.0046,0.00016,0.0011,0.00084,0.2868,0.004,0.0,0.00001,0.00023,0.00006,0.011,0.0,0.00008,0.00068,0.00017,0.0031,0.00099,0.00002,0.1379,0.00017,0.0014,0.0,0.0,0.1136,0.00001,0.0,0.00039,0.8571,0.0,0.00014,0.0014,0.00001,0.0,0.0,0.00004,0.0152,0.4277,0.00032,0.00054,0.1604,0.0393,0.0201,0.0,0.00002,0.00001,0.0031
27716660,0.0,0.0,0.0,0.0003,0.00016,0.014,0.9814,0.00069,0.00023,0.0,0.00003,0.00004,0.00006,0.0072,0.0,0.9031,0.00021,0.00034,0.00021,0.0005,0.00005,0.1228,0.00004,0.0132,0.00002,0.0,0.00017,0.00024,0.0,0.001,0.00076,0.00006,0.00014,0.175,0.00001,0.0,0.0,0.00003,0.0194,0.0151,0.0019,0.7832,0.015,0.0054,0.0048,0.0,0.0,0.00002,0.00051
28683750,0.0,0.0,0.0,0.0061,0.00033,0.00035,0.9814,0.0015,0.004,0.00005,0.00002,0.00006,0.00006,0.0023,0.00002,0.00024,0.0496,0.00038,0.0151,0.00016,0.00003,0.0402,0.0,0.00026,0.0,0.0,0.00017,0.00002,0.0,0.0002,0.00057,0.00002,0.00029,0.8263,0.00001,0.0,0.0,0.0,0.1644,0.2684,0.004,0.7832,0.0368,0.0013,0.0162,0.0,0.00006,0.00001,0.00061
28735440,0.0,0.00002,0.00001,0.00045,0.001,0.2886,0.00081,0.0054,0.00023,0.00005,0.00001,0.00002,0.00002,0.00063,0.0,0.00008,0.00026,0.00017,0.0019,0.00016,0.00002,0.0099,0.00017,0.00067,0.0,0.0,0.0003,0.0,0.0,0.00013,0.003,0.00006,0.0025,0.0,0.0024,0.0,0.00002,0.00003,0.0074,0.0026,0.00015,0.00033,0.0023,0.0054,0.9179,0.0,0.0013,0.00001,0.00013
28765170,0.0,0.0,0.0,0.00072,0.00049,0.0089,0.0,0.0016,0.00015,0.00001,0.0,0.00002,0.00006,0.0,0.0,0.00008,0.00021,0.00017,0.00056,0.00006,0.00005,0.0079,0.00004,0.00073,0.0,0.0,0.00009,0.00003,0.0,0.00079,0.00095,0.00006,0.0113,0.00061,0.00015,0.0,0.0,0.0,0.00067,0.0013,0.00015,0.00009,0.002,0.0015,0.9179,0.00003,0.4253,0.00002,0.00013
28797850,0.0,0.0,0.0068,0.00015,0.001,0.0089,0.0056,0.00042,0.00015,0.0,0.00007,0.00006,0.00002,0.0017,0.0,0.00022,0.00068,0.00075,0.0018,0.00089,0.00006,0.0018,0.00004,0.00067,0.0,0.0,0.00092,0.00025,0.0,0.00017,0.00076,0.00002,0.2972,0.0,0.00001,0.00003,0.00002,0.0,0.0028,0.0018,0.00049,0.00009,0.0168,0.0099,0.9671,0.00044,0.9956,0.00001,0.00013
29160120,0.0,0.0,0.0,0.00015,0.00049,0.014,0.0757,0.0024,0.00062,0.00036,0.00002,0.00004,0.00006,0.00049,0.0,0.00037,0.00021,0.00038,0.0107,0.00022,0.00006,0.004,0.00004,0.00073,0.0,0.0,0.00039,0.00002,0.0,0.0004,0.00077,0.00003,0.0029,0.0047,0.00001,0.00003,0.0,0.00004,0.00053,0.0133,0.0072,0.0042,0.0031,0.0183,0.0385,0.0,0.0,0.0,0.0017
29315460,0.0,0.0,0.00001,0.0583,0.0012,0.00052,0.0367,0.0223,0.00015,0.0,0.00001,0.00006,0.0025,0.0748,0.0,0.00037,0.00021,0.00012,0.0025,0.00089,0.00002,0.1862,0.00017,0.003,0.0,0.0,0.00009,0.0,0.0,0.0018,0.0039,0.00003,0.00097,0.0063,0.00001,0.0,0.00004,0.00003,0.0509,0.0333,0.0012,0.0013,0.0288,0.0248,0.0021,0.0,0.0,0.00001,0.00023
29452320,0.0,0.0,0.0,0.0143,0.00064,0.0011,0.0468,0.1456,0.00062,0.00001,0.0,0.00023,0.00039,0.0023,0.0,0.00024,0.00021,0.00015,0.0025,0.00024,0.00014,0.0648,0.00017,0.00045,0.0,0.0,0.00091,0.0,0.0,0.00039,0.25,0.0043,0.00086,0.0393,0.00009,0.0,0.0,0.0,0.0112,0.0647,0.00015,0.00084,0.0112,0.446,0.0013,0.00003,0.0,0.00043,0.00023
29969470,0.0,0.0,0.00001,0.002,0.00049,0.0071,0.0385,0.0185,0.00023,0.00005,0.00007,0.0,0.00006,0.00049,0.0,0.00037,0.0012,0.00017,0.0187,0.0005,0.00005,0.0079,0.00005,0.00085,0.0,0.0,0.00017,0.00003,0.0,0.0039,0.0048,0.00006,0.00086,0.0032,0.00001,0.00003,0.0,0.00004,0.0152,0.0018,0.00049,0.0029,0.0563,0.0054,0.0615,0.0,0.00004,0.00003,0.00023
30552780,0.0,0.0,0.0,0.006,0.00064,0.0575,0.1182,0.0481,0.00015,0.00001,0.00003,0.0,0.00007,0.737,0.0,0.0013,0.0022,0.00004,0.0031,0.0004,0.00003,0.0899,0.00017,0.00045,0.0,0.0,0.0159,0.00024,0.0,0.001,0.0048,0.00003,0.008,0.0292,0.00001,0.0,0.0,0.00003,0.004,0.0058,0.00049,0.016,0.00072,0.0204,0.0025,0.0,0.00006,0.00016,0.00022
31272300,0.0,0.0,0.0,0.0017,0.0014,0.0277,0.0087,0.0488,0.00015,0.00021,0.00007,0.00004,0.00006,0.0748,0.0,0.0013,0.0012,0.00038,0.0077,0.0015,0.0048,0.0062,0.00004,0.00045,0.0,0.0,0.00009,0.00003,0.0,0.001,0.0017,0.00003,0.00071,0.008,0.00001,0.0,0.0,0.00004,0.0079,0.0363,0.0065,0.00033,0.0204,0.0049,0.0942,0.0,0.0,0.00002,0.00054
31302820,0.00003,0.0,0.0,0.0357,0.001,0.0012,0.0598,0.0088,0.0015,0.00005,0.00001,0.0012,0.00007,0.0271,0.0,0.00094,0.0024,0.00019,0.0063,0.00057,0.00014,0.0224,0.00027,0.00026,0.0,0.0,0.0033,0.00003,0.0,0.0018,0.0072,0.00017,0.00029,0.0063,0.00001,0.00003,0.0,0.0,0.0079,0.009,0.00099,0.0032,0.0286,0.0316,0.0077,0.0,0.0,0.00002,0.0037
31118320,0.0,0.0,0.0,0.0029,0.0012,0.00095,0.0501,0.0062,0.00015,0.00001,0.00001,0.00078,0.00006,0.00049,0.0,0.00018,0.00021,0.0011,0.1436,0.0191,0.005,0.0062,0.00004,0.00018,0.0,0.0,0.00009,0.00002,0.0,0.00033,0.01,0.00003,0.00071,0.0017,0.00001,0.0,0.0,0.0,0.0374,0.0498,0.0129,0.0064,0.0261,0.1319,0.0025,0.0,0.0,0.00002,0.0013
31944580,0.0,0.0,0.00001,0.00015,0.00064,0.0061,0.9898,0.00013,0.00023,0.00001,0.00007,0.00023,0.00064,0.003,0.0,0.94,0.00026,0.0011,0.00056,0.0025,0.00003,0.0648,0.00017,0.00045,0.0,0.0,0.0019,0.0,0.0,0.00033,0.0039,0.0,0.00023,0.1538,0.00001,0.0,0.0,0.0,0.0152,0.009,0.004,0.7832,0.0023,0.0167,0.0021,0.0,0.0,0.00002,0.00044
31953910,0.0,0.0,0.0,0.42,0.3341,0.0011,0.0133,0.0225,0.00037,0.00001,0.00001,0.00002,0.00006,0.0271,0.0,0.0013,0.00094,0.00017,0.0035,0.00057,0.00006,0.0052,0.0239,0.00023,0.0,0.0,0.00091,0.00002,0.00006,0.00079,0.0024,0.00003,0.00071,0.0078,0.00001,0.0,0.0,0.0,0.0105,0.0151,0.00032,0.00084,0.0074,0.0716,0.0025,0.0,0.00004,0.00004,0.00077
32750380,0.0,0.0,0.0,0.0017,0.00033,0.0011,0.0078,0.0223,0.0135,0.00019,0.00007,0.00023,0.00006,0.003,0.0,0.00024,0.0013,0.00017,0.00065,0.00016,0.00006,0.0029,0.0081,0.00045,0.0,0.0,0.00091,0.00024,0.0,0.00039,0.0024,0.00003,0.00034,0.0019,0.00015,0.00003,0.0,0.00004,0.0056,0.0026,0.0021,0.00054,0.0027,0.0099,0.1851,0.00003,0.0135,0.00004,0.00077
26062911,0.0,0.0,0.0,0.7592,0.0052,0.0089,0.0361,0.00069,0.0027,0.00001,0.0,0.00002,0.00007,0.00063,0.0,0.0065,0.00021,0.00038,0.013,0.00099,0.00002,0.0415,0.00027,0.00045,0.0,0.0,0.00017,0.0,0.0,0.0119,0.0012,0.00017,0.00071,0.008,0.00001,0.0,0.0,0.0,0.0056,0.0013,0.0019,0.00054,0.1907,0.2899,0.0858,0.0,0.0,0.00002,0.0054
25431431,0.0,0.0,0.00006,0.0095,0.0083,0.0027,0.7908,0.0239,0.00023,0.00005,0.00007,0.00008,0.00006,0.00075,0.0,0.0017,0.0017,0.0013,0.0264,0.00024,0.00005,0.1279,0.00011,0.001,0.0,0.0,0.00009,0.00002,0.0,0.00039,0.0048,0.00002,0.0026,0.7347,0.00001,0.0,0.00003,0.00043,0.6231,0.0133,0.00099,0.5875,0.0667,0.0274,0.0021,0.0,0.0,0.00003,0.00023
24406251,0.0,0.0,0.0,0.00015,0.001,0.6548,0.0087,0.0016,0.00015,0.0,0.00001,0.00002,0.00006,0.00063,0.0,0.0074,0.00021,0.00019,0.0019,0.0005,0.00002,0.0314,0.00011,0.00026,0.0,0.0,0.00017,0.00001,0.0,0.0001,0.003,0.00006,0.9199,0.015,0.00001,0.0,0.0,0.0,0.0019,0.027,0.00099,0.0018,0.0108,0.0025,0.8613,0.00003,0.9895,0.00004,0.0
24243441,0.00003,0.00002,0.0,0.0095,0.00033,0.0035,0.0133,0.0133,0.00015,0.00019,0.00002,0.0034,0.00006,0.011,0.0,0.00018,0.0013,0.00071,0.0018,0.0018,0.00002,0.1379,0.00017,0.00056,0.00014,0.0,0.00009,0.00002,0.0,0.001,0.0089,0.00017,0.0042,0.025,0.00015,0.00003,0.0,0.0,0.0056,0.003,0.00049,0.0013,0.0368,0.0442,0.0076,0.0,0.0,0.00002,0.00013
6102691,0.00005,0.0,0.00049,0.0023,0.0052,0.0668,0.0598,0.0049,0.021,0.00005,0.00002,0.0014,0.00007,0.002,0.0,0.00071,0.0496,0.0021,0.00056,0.00057,0.00006,0.0112,0.00049,0.0132,0.00002,0.00004,0.00091,0.00024,0.0,0.0119,0.0024,0.00006,0.00071,0.0047,0.0394,0.00065,0.00022,0.00018,0.0074,0.0026,0.0171,0.0249,0.0033,0.0051,0.1756,0.00003,0.0,0.00002,0.00013
2946351,0.00005,0.0,0.00006,0.002,0.0246,0.0089,0.0175,0.017,0.0027,0.00005,0.00007,0.0034,0.00006,0.103,0.0,0.0023,0.0026,0.00038,0.0017,0.00089,0.00005,0.0123,0.00027,0.00045,0.0,0.0,0.00009,0.00001,0.0,0.001,0.0048,0.00003,0.0016,0.0074,0.00015,0.00033,0.00003,0.00004,0.0028,0.0064,0.001,0.0032,0.0074,0.0239,0.0385,0.0,0.0,0.00003,0.00013
3032641,0.00003,0.0,0.00018,0.0203,0.0162,0.0012,0.0147,0.0015,0.0011,0.00021,0.00002,0.00008,0.00006,0.0072,0.0,0.0023,0.0013,0.00075,0.00065,0.00024,0.00014,0.0079,0.00005,0.003,0.0,0.0,0.00034,0.00004,0.0,0.001,0.0016,0.00017,0.00029,0.0028,0.00015,0.00003,0.00013,0.0,0.0152,0.0058,0.0019,0.0032,0.0027,0.0099,0.0121,0.0,0.0,0.00002,0.00041
2708041,0.0,0.0,0.0001,0.0061,0.0038,0.0048,0.0686,0.0016,0.00015,0.00005,0.00002,0.00006,0.00006,0.00075,0.0,0.0013,0.00021,0.00075,0.0025,0.00016,0.00002,0.0017,0.00027,0.003,0.0,0.0,0.00009,0.00002,0.0,0.00079,0.00095,0.00003,0.00023,0.0012,0.00001,0.0,0.00004,0.00004,0.0013,0.0088,0.0096,0.0042,0.0071,0.0054,0.0025,0.0,0.0,0.00001,0.00022
2743031,0.0,0.0,0.00018,0.0203,0.0069,0.0027,0.0056,0.0133,0.0027,0.0,0.00002,0.0015,0.00006,0.003,0.0,0.00016,0.0012,0.0021,0.0035,0.0015,0.00002,0.0419,0.00017,0.0129,0.0,0.0,0.00017,0.00004,0.0,0.001,0.0016,0.00003,0.00041,0.0028,0.00001,0.00003,0.0,0.00043,0.0194,0.009,0.00047,0.00084,0.002,0.0054,0.6176,0.00003,0.0,0.00002,0.00013
7851621,0.0,0.0,0.00001,0.0013,0.9741,0.00052,0.0089,0.0025,0.00015,0.00005,0.00001,0.00004,0.00006,0.00011,0.0,0.00016,0.00015,0.00004,0.0025,0.00022,0.00002,0.0329,0.0,0.00045,0.0,0.0,0.00009,0.00002,0.0,0.0002,0.00077,0.00003,0.00029,0.00061,0.00001,0.00003,0.0,0.0,0.00039,0.0058,0.00015,0.0015,0.00072,0.0099,0.1226,0.0,0.0,0.00001,0.00023
7862761,0.0,0.0,0.0,0.0135,0.0012,0.00073,0.0056,0.00069,0.00015,0.0,0.00001,0.0034,0.00002,0.036,0.0,0.00022,0.00021,0.00017,0.0031,0.0005,0.00002,0.0081,0.00004,0.00026,0.0,0.0,0.00009,0.00003,0.0,0.0002,0.00057,0.00002,0.00014,0.0017,0.00001,0.0,0.0,0.0,0.0079,0.02,0.00036,0.00009,0.0323,0.0054,0.0076,0.0,0.0,0.0,0.00041
7737621,0.00003,0.0,0.00049,0.00072,0.0522,0.0027,0.0175,0.0062,0.00059,0.00005,0.00002,0.0015,0.00006,0.0072,0.0,0.00024,0.0017,0.00038,0.0035,0.00099,0.00006,0.0156,0.00049,0.0263,0.0,0.0,0.00017,0.00024,0.0,0.00033,0.0012,0.00002,0.00029,0.0035,0.00015,0.00003,0.0018,0.00043,0.004,0.0053,0.0019,0.0064,0.0027,0.0054,0.0121,0.0,0.0,0.0,0.00054
8827171,0.00003,0.0,0.00045,0.0039,0.0186,0.0011,0.0147,0.0133,0.00062,0.00036,0.00007,0.00023,0.00006,0.0162,0.0,0.00024,0.0013,0.00038,0.00021,0.00016,0.00003,0.0525,0.0015,0.001,0.0,0.0,0.00009,0.00016,0.0,0.00079,0.0048,0.00002,0.00071,0.0022,0.00001,0.00003,0.00013,0.00003,0.0074,0.0133,0.0012,0.001,0.0071,0.0248,0.9224,0.0,0.0,0.00004,0.00006
8933611,0.00005,0.0,0.0001,0.002,0.0617,0.0646,0.0133,0.0016,0.0047,0.0014,0.00045,0.00008,0.00006,0.0072,0.0,0.00022,0.0013,0.00071,0.007,0.0005,0.00005,0.0899,0.00017,0.001,0.0,0.00004,0.00039,0.00004,0.0,0.001,0.0024,0.00006,0.00071,0.0123,0.00001,0.0048,0.00003,0.00004,0.0043,0.007,0.0021,0.001,0.0074,0.0112,0.8239,0.00003,0.0,0.0,0.00022
9578881,0.00003,0.0,0.00001,0.0143,0.9313,0.00094,0.0087,0.003,0.00015,0.00005,0.00002,0.00002,0.00006,0.00041,0.0,0.00016,0.00021,0.00019,0.0213,0.00089,0.00006,0.0123,0.00005,0.00045,0.0,0.0,0.00091,0.00036,0.0,0.0025,0.0013,0.00006,0.00086,0.0029,0.00001,0.00003,0.00002,0.00004,0.0028,0.0133,0.001,0.002,0.0033,0.0393,0.1851,0.0,0.0,0.00002,0.0011
9611541,0.0,0.0,0.0,0.0061,0.035,0.0089,0.0175,0.0062,0.0067,0.00036,0.00007,0.00078,0.0005,0.0162,0.0,0.00018,0.0012,0.00039,0.007,0.0031,0.00057,0.0099,0.00005,0.00027,0.0,0.0,0.00034,0.00002,0.0,0.0002,0.0048,0.00017,0.0042,0.0014,0.00001,0.00003,0.0,0.00066,0.0152,0.003,0.00047,0.0018,0.0062,0.0054,0.8239,0.0,0.0001,0.00001,0.00077
9659001,0.0,0.0,0.0001,0.0061,0.0035,0.0089,0.0367,0.0049,0.00015,0.0,0.00002,0.00004,0.00007,0.0072,0.0,0.00024,0.00021,0.0024,0.0035,0.00057,0.00076,0.0156,0.00005,0.00045,0.00002,0.0,0.0021,0.00002,0.00006,0.0018,0.0136,0.00003,0.00097,0.0063,0.00015,0.0,0.00003,0.00004,0.0079,0.009,0.004,0.002,0.0031,0.0239,0.0021,0.0,0.0,0.00004,0.00054
9676841,0.0,0.0,0.00007,0.0029,0.0042,0.0013,0.0133,0.003,0.00023,0.00005,0.00007,0.0,0.00007,0.00041,0.0,0.00018,0.0001,0.00004,0.00095,0.0007,0.00005,0.0119,0.00004,0.003,0.0,0.0,0.00039,0.00002,0.0,0.00033,0.0024,0.00006,0.00034,0.0012,0.00015,0.00003,0.00004,0.0,0.0014,0.0015,0.0021,0.0016,0.00099,0.0041,0.0162,0.00003,0.0,0.00004,0.00041
10682951,0.0,0.0,0.0,0.6579,0.0014,0.0008,0.0175,0.0048,0.00023,0.0,0.00003,0.00008,0.00006,0.0271,0.0,0.00016,0.00021,0.0013,0.00056,0.0018,0.00005,0.0268,0.00004,0.00026,0.0,0.0,0.00091,0.0,0.0,0.00079,0.0039,0.00023,0.00023,0.0078,0.00001,0.0,0.0,0.0,0.0112,0.3362,0.0039,0.00084,0.002,0.0112,0.0121,0.0,0.00004,0.00001,0.0017
11394191,0.0,0.0,0.0,0.0034,0.00049,0.0027,0.8213,0.0015,0.00023,0.0,0.00001,0.0041,0.0025,0.0507,0.0,0.0018,0.00068,0.00017,0.0025,0.00099,0.00006,0.0207,0.0005,0.00026,0.0,0.0,0.00004,0.00036,0.0,0.00054,0.0089,0.00017,0.00014,0.008,0.00001,0.0,0.00003,0.0,0.0152,0.0647,0.00012,0.1577,0.0821,0.0167,0.0225,0.0,0.0,0.00043,0.00044
12182271,0.00003,0.00002,0.00001,0.0023,0.0121,0.0048,0.0468,0.0225,0.0027,0.00019,0.00007,0.00078,0.00006,0.0072,0.0,0.00024,0.00068,0.00038,0.0151,0.00024,0.00005,0.0123,0.00036,0.00045,0.0,0.0,0.00017,0.00002,0.0,0.00079,0.0024,0.00006,0.0029,0.008,0.00032,0.00003,0.00002,0.00003,0.0152,0.003,0.1339,0.0056,0.0978,0.0677,0.0121,0.0,0.0,0.0002,0.00013
12377401,0.0,0.0,0.0,0.0015,0.001,0.0027,0.7908,0.0088,0.00023,0.0,0.0,0.00002,0.0053,0.0271,0.0,0.0831,0.00026,0.00039,0.00095,0.00057,0.00002,0.0017,0.00027,0.00026,0.0,0.0,0.00034,0.0,0.0,0.0026,0.0496,0.00023,0.00014,0.0292,0.00015,0.0,0.0,0.0,0.6231,0.0026,0.00099,0.0179,0.0131,0.0099,0.0062,0.0,0.0,0.00002,0.00041
12395691,0.0,0.0,0.0,0.00045,0.00049,0.9188,0.0598,0.0045,0.00059,0.00005,0.00001,0.00023,0.00006,0.0014,0.0,0.0989,0.0047,0.0021,0.00065,0.00024,0.00002,0.0029,0.00049,0.00067,0.0,0.0,0.00017,0.00024,0.0,0.00033,0.00057,0.00017,0.0016,0.008,0.00001,0.0,0.0,0.0,0.0023,0.0013,0.0171,0.1372,0.2767,0.0041,0.8239,0.0,0.00027,0.00004,0.00006
14733081,0.0,0.0,0.0,0.00072,0.9865,0.00052,0.0031,0.0015,0.00015,0.0,0.00002,0.00002,0.00006,0.0023,0.0,0.00016,0.0001,0.00038,0.0031,0.00057,0.00002,0.0123,0.00004,0.00045,0.0,0.0,0.00009,0.00004,0.0,0.00039,0.00095,0.00002,0.00023,0.0012,0.00001,0.00003,0.0,0.0,0.0,0.0026,0.0065,0.00084,0.0012,0.0112,0.0021,0.0,0.0,0.00002,0.00061
15580211,0.00003,0.0,0.00049,0.002,0.0617,0.6548,0.7908,0.0987,0.0053,0.00005,0.00045,0.00023,0.0005,0.0039,0.0,0.0122,0.0166,0.00039,0.0046,0.00022,0.00016,0.0525,0.00027,0.00073,0.00002,0.0,0.00034,0.0027,0.0,0.0053,0.0089,0.001,0.00071,0.3689,0.0284,0.00063,0.00004,0.00018,0.0056,0.0212,0.0065,0.0105,0.005,0.0099,0.0589,0.00003,0.0,0.00002,0.0013
15680341,0.0,0.0,0.00001,0.00072,0.00064,0.0011,0.0361,0.0016,0.00023,0.00021,0.00002,0.00006,0.00064,0.00091,0.0,0.00018,0.00021,0.00038,0.0018,0.00057,0.00005,0.0017,0.00005,0.00045,0.0,0.0,0.00009,0.00002,0.0,0.00079,0.00095,0.00006,0.00014,0.0012,0.00015,0.0,0.00003,0.0,0.0013,0.0026,0.025,0.0016,0.002,0.0014,0.0077,0.0,0.0,0.00001,0.00023
16332401,0.0,0.0,0.00001,0.0095,0.001,0.0027,0.0361,0.0088,0.00062,0.00005,0.00002,0.00023,0.00007,0.0072,0.0,0.00071,0.00068,0.00038,0.0031,0.00024,0.00014,0.0112,0.00049,0.0003,0.0,0.0,0.00017,0.00004,0.0,0.00079,0.01,0.0012,0.00086,0.0047,0.00015,0.00003,0.0,0.00003,0.0112,0.009,0.0021,0.0029,0.0098,0.0099,0.0025,0.0,0.0,0.00008,0.00022
17348571,0.00003,0.00002,0.0021,0.0029,0.0038,0.1248,0.025,0.0062,0.0045,0.00036,0.00043,0.00023,0.00007,0.003,0.0,0.0023,0.0026,0.00038,0.0046,0.0005,0.00002,0.0525,0.0015,0.008,0.0,0.00053,0.00092,0.00024,0.00038,0.001,0.0016,0.00003,0.0011,0.0028,0.0013,0.00005,0.00013,0.00004,0.0028,0.0013,0.00047,0.0032,0.0027,0.0041,0.9146,0.00003,0.0039,0.00002,0.00023
17388711,0.0,0.0,0.0,0.0,0.00016,0.0061,1.0,0.0,0.00015,0.0,0.00001,0.00006,0.9178,0.00049,0.0,0.9587,0.0,0.00017,0.00056,0.00006,0.0,0.0079,0.0,0.00026,0.0,0.0,0.00009,0.0,0.0,0.0,0.00057,0.00003,0.00029,0.0017,0.0,0.0,0.0,0.0,0.00068,0.009,0.0171,0.8815,0.002,0.0014,0.0039,0.0,0.0,0.00002,0.00022
17962081,0.0,0.0,0.0,0.0016,0.0033,0.023,0.7908,0.0054,0.0011,0.00005,0.00007,0.00078,0.0025,0.004,0.0,0.0017,0.0001,0.00017,0.0035,0.0005,0.00002,0.1,0.00017,0.00026,0.0,0.0,0.00009,0.0,0.0,0.0013,0.0146,0.00002,0.00014,0.1,0.00001,0.0,0.0,0.00043,0.0019,0.8364,0.00032,0.0029,0.0062,0.0037,0.0074,0.0,0.0,0.00002,0.00013
18084001,0.0,0.0,0.0,0.0095,0.0069,0.0008,0.0087,0.0045,0.00023,0.00005,0.00002,0.00004,0.00006,0.0023,0.0,0.00094,0.0013,0.00017,0.00021,0.00024,0.00003,0.0123,0.00011,0.00056,0.0,0.0,0.00009,0.00024,0.0,0.00033,0.00057,0.00002,0.0059,0.0014,0.00001,0.00003,0.0,0.0,0.0152,0.0058,0.0018,0.00033,0.0039,0.0316,0.6306,0.0,0.0039,0.0,0.00044
18297481,0.0,0.0,0.0,0.0013,0.0012,0.0089,0.9063,0.0045,0.00023,0.00001,0.00007,0.00023,0.00007,0.0039,0.0,0.02,0.00021,0.0011,0.00065,0.00099,0.00006,0.0224,0.00005,0.0003,0.00002,0.0,0.00055,0.0,0.0,0.00033,0.0024,0.00006,0.00014,0.0233,0.00001,0.0,0.0,0.00004,0.0019,0.003,0.0072,0.7893,0.002,0.0041,0.0121,0.0,0.0,0.00004,0.00041
19782001,0.0,0.0,0.00007,0.0,0.00033,0.0071,0.0,0.0596,0.00015,0.00005,0.00045,0.00002,0.0,0.0017,0.0,0.00022,0.00021,0.0,0.00065,0.00008,0.0,0.0029,0.0037,0.0011,0.0,0.0,0.0003,0.0,0.0,0.00013,0.0343,0.0,0.9824,0.0017,0.00001,0.00003,0.0,0.0,0.0105,0.4909,0.00012,0.0,0.002,0.0052,0.9864,0.0,0.9961,0.00001,0.00051
20031091,0.0,0.00002,0.00001,0.00045,0.0043,0.0022,0.0138,0.0133,0.00059,0.00036,0.00043,0.0012,0.00006,0.0072,0.0,0.00016,0.004,0.00038,0.00095,0.0005,0.00014,0.0062,0.0015,0.00056,0.0,0.0,0.00055,0.00003,0.0,0.00017,0.0024,0.00002,0.00097,0.0028,0.00024,0.00005,0.0,0.0017,0.0014,0.0026,0.00032,0.001,0.00099,0.0099,0.9179,0.0,0.0,0.00002,0.00061
20309621,0.0,0.0,0.00007,0.4652,0.00049,0.00094,0.0175,0.0133,0.00059,0.0,0.00001,0.00078,0.00039,0.0299,0.0,0.00016,0.00021,0.00008,0.0041,0.0005,0.00002,0.0224,0.00017,0.003,0.0,0.00004,0.0003,0.0,0.0,0.0004,0.0024,0.0012,0.00023,0.0007,0.00001,0.0,0.0,0.0,0.0044,0.0088,0.00036,0.0029,0.0167,0.0059,0.0013,0.0,0.00002,0.00004,0.00054
21497911,0.0,0.0,0.0,0.006,0.00016,0.00095,0.0385,0.0049,0.00015,0.00005,0.00002,0.0015,0.00039,0.1988,0.2201,0.00016,0.00021,0.00038,0.0444,0.008,0.00002,0.1228,0.0,0.00067,0.0,0.0,0.00091,0.00001,0.0,0.00017,0.0024,0.00003,0.00014,0.0532,0.0,0.0,0.0,0.0,0.0152,0.0018,0.00032,0.0064,0.9211,0.0717,0.0048,0.0,0.0,0.00008,0.741
21479721,0.0,0.0,0.00001,0.002,0.001,0.0008,0.2162,0.0056,0.00023,0.00011,0.00007,0.00006,0.00007,0.0072,0.0,0.0017,0.00021,0.00071,0.002,0.0005,0.00005,0.0404,0.00005,0.00045,0.0,0.0,0.00009,0.00004,0.0,0.00054,0.0089,0.00023,0.00014,0.0183,0.00001,0.0,0.00002,0.0,0.004,0.8364,0.004,0.00084,0.0074,0.0677,0.0013,0.0,0.0,0.00004,0.00054
21713391,0.0,0.0,0.00001,0.00045,0.0023,0.0022,0.0175,0.0054,0.00023,0.0,0.0,0.00002,0.00006,0.0014,0.0,0.00008,0.00021,0.00071,0.0107,0.0007,0.00002,0.1469,0.00004,0.00026,0.0,0.0,0.00017,0.00004,0.0,0.0002,0.00076,0.00023,0.00029,0.0014,0.00001,0.0,0.0,0.0,0.0028,0.0015,0.00026,0.00054,0.0033,0.6502,0.0074,0.0,0.0,0.00002,0.00022
22677621,0.0,0.0,0.0,0.0016,0.00049,0.0011,0.0501,0.0596,0.00023,0.0,0.00002,0.0001,0.00007,0.9013,0.0,0.00018,0.0012,0.00039,0.0063,0.0005,0.00014,0.0224,0.0,0.00067,0.0,0.0,0.00092,0.00002,0.0,0.0013,0.00057,0.00002,0.008,0.0778,0.00001,0.0,0.00003,0.00003,0.0509,0.0064,0.0021,0.0095,0.0112,0.0099,0.0025,0.0,0.0,0.00016,0.0037
23040741,0.0,0.0,0.00049,0.0015,0.0052,0.0048,0.0147,0.003,0.00015,0.00001,0.00001,0.00008,0.00006,0.0023,0.0,0.00024,0.00068,0.00075,0.0016,0.00024,0.00003,0.0415,0.00017,0.00067,0.0,0.00004,0.00009,0.00003,0.0,0.0004,0.0017,0.0,0.00086,0.0019,0.00015,0.0,0.00013,0.0,0.0028,0.0053,0.00032,0.001,0.036,0.0201,0.9387,0.0,0.00002,0.00001,0.00023
23733091,0.0,0.0,0.0,0.0117,0.0014,0.0008,0.0478,0.0133,0.00023,0.00005,0.00001,0.00023,0.00007,0.0041,0.0,0.0013,0.00021,0.00038,0.0391,0.00022,0.00006,0.0224,0.00027,0.00067,0.0,0.0,0.00091,0.00001,0.0,0.00033,0.0059,0.00017,0.00086,0.0078,0.00001,0.0,0.0,0.0,0.0935,0.0309,0.0012,0.0012,0.435,0.1319,0.024,0.00003,0.0,0.00008,0.0166
23791711,0.00003,0.0,0.0,0.0029,0.00049,0.00052,0.0056,0.00069,0.00023,0.00021,0.00007,0.0,0.00006,0.00049,0.0,0.00016,0.0141,0.00004,0.0035,0.00006,0.00002,0.00089,0.00004,0.00026,0.0,0.0,0.00004,0.00002,0.0,0.0013,0.0012,0.0,0.00029,0.0014,0.00001,0.00003,0.0,0.0,0.0,0.0012,0.00026,0.00054,0.002,0.0025,0.9573,0.0,0.00027,0.00002,0.00051
23924461,0.0,0.0,0.0,0.0912,0.0023,0.00052,0.025,0.0024,0.00015,0.0,0.00002,0.00002,0.00006,0.00063,0.0,0.0017,0.00021,0.00004,0.0018,0.00024,0.00005,0.0079,0.00004,0.00026,0.00002,0.0,0.00009,0.0,0.0,0.00013,0.00062,0.00002,0.00034,0.0063,0.00001,0.0,0.0,0.0,0.004,0.0133,0.00049,0.0015,0.0059,0.0274,0.0021,0.0,0.0,0.00002,0.00013
24059061,0.0,0.0,0.0,0.0095,0.00049,0.0008,0.0175,0.0016,0.00015,0.00001,0.00001,0.00002,0.00006,0.0072,0.0,0.00024,0.00021,0.00038,0.0165,0.00057,0.00006,0.0075,0.00017,0.00056,0.0,0.0,0.0019,0.0,0.0,0.001,0.0012,0.00006,0.00014,0.0149,0.00001,0.0,0.00002,0.0,0.0079,0.003,0.0401,0.0023,0.0027,0.0112,0.0021,0.0,0.0,0.0,0.00051
24048081,0.0,0.0,0.00001,0.0023,0.0014,0.0013,0.0016,0.0016,0.00015,0.0,0.00001,0.00023,0.00002,0.00049,0.0,0.00008,0.0141,0.00038,0.0025,0.00006,0.00002,0.0041,0.00049,0.00085,0.0,0.0,0.00009,0.00001,0.0,0.00013,0.00086,0.00002,0.00014,0.0019,0.00009,0.0,0.0,0.0,0.0247,0.0013,0.00049,0.00009,0.0168,0.0183,0.9573,0.0,0.0001,0.0,0.00013
24055711,0.0,0.0,0.0,0.006,0.0013,0.0061,0.5,0.0056,0.00015,0.00005,0.00002,0.00008,0.828,0.014,0.0,0.0011,0.00015,0.00004,0.0036,0.00022,0.00057,0.1469,0.00004,0.00045,0.0,0.0,0.00009,0.00002,0.0,0.00054,0.0066,0.00017,0.00023,0.0063,0.00001,0.0,0.0,0.00066,0.004,0.0064,0.0021,0.2703,0.0071,0.005,0.0035,0.0,0.0,0.00003,0.0018
24101041,0.0,0.0,0.0,0.7592,0.0012,0.0022,0.0175,0.00069,0.00059,0.0,0.00001,0.00008,0.00006,0.9013,0.0,0.00024,0.00021,0.00017,0.0063,0.0018,0.00002,0.004,0.00011,0.00045,0.0,0.0,0.0033,0.0,0.0,0.00039,0.0017,0.0079,0.00071,0.0143,0.0,0.0,0.0,0.0,0.0028,0.0018,0.0012,0.00058,0.005,0.085,0.0076,0.0,0.0,0.00002,0.00022
24075291,0.0,0.0,0.0,0.0117,0.00016,0.6573,0.4424,0.0596,0.00023,0.0,0.00001,0.0034,0.00007,0.003,0.0,0.0074,0.0166,0.0011,0.0187,0.0007,0.00005,0.16,0.00005,0.00045,0.0,0.0,0.00091,0.00002,0.0,0.00017,0.0146,0.001,0.0042,0.8263,0.00024,0.0,0.0,0.00004,0.0374,0.0371,0.00032,0.5568,0.7348,0.0248,0.0062,0.00003,0.0,0.00002,0.0248
25031221,0.0,0.0,0.0,0.2404,0.001,0.0027,0.0056,0.0024,0.00015,0.00005,0.00002,0.0041,0.00039,0.005,0.0,0.00024,0.00021,0.00038,0.0018,0.00024,0.00005,0.0123,0.00049,0.00067,0.0,0.0,0.00039,0.0,0.0,0.00039,0.0016,0.00017,0.006,0.0047,0.00001,0.0,0.0,0.0,0.004,0.0029,0.00099,0.00084,0.002,0.0201,0.0077,0.0,0.0,0.00008,0.00022
25351111,0.0,0.0,0.00001,0.002,0.00049,0.0251,0.0056,0.0024,0.00023,0.00019,0.00007,0.0034,0.00006,0.00063,0.0,0.0023,0.0019,0.00038,0.00021,0.00024,0.00002,0.0731,0.00027,0.00067,0.0,0.0,0.00039,0.0006,0.0,0.00013,0.0017,0.00006,0.0016,0.0012,0.00001,0.0,0.0,0.00003,0.004,0.0012,0.0096,0.002,0.0074,0.0014,0.8385,0.0,0.0,0.0,0.00006
25288671,0.00003,0.0,0.0001,0.0017,0.00016,0.0022,0.006,0.0386,0.0274,0.00021,0.00007,0.0,0.00006,0.00041,0.0,0.00079,0.0012,0.00038,0.0031,0.00006,0.00003,0.0081,0.00017,0.00045,0.0,0.00004,0.00009,0.00036,0.0,0.0025,0.0024,0.0,0.00029,0.0047,0.0024,0.00006,0.00004,0.00004,0.0074,0.02,0.025,0.00084,0.00072,0.0023,0.0162,0.0,0.00002,0.00002,0.00061
26353171,0.0,0.0,0.00001,0.0013,0.9557,0.00094,0.0147,0.0025,0.0015,0.00005,0.00007,0.00008,0.00006,0.00091,0.00002,0.00018,0.00068,0.00017,0.0016,0.00016,0.00003,0.0613,0.00017,0.0003,0.0,0.0,0.00091,0.0,0.0,0.0039,0.009,0.00006,0.00071,0.008,0.00001,0.00003,0.0,0.00043,0.0074,0.0212,0.00049,0.00009,0.0023,0.0013,0.2264,0.0,0.0,0.00002,0.00054
26747211,0.0,0.0,0.0,0.0203,0.00016,0.0,0.00084,0.0015,0.0011,0.0,0.00002,0.00002,0.00006,0.00091,0.0,0.00024,0.00021,0.00017,0.0015,0.0005,0.00005,0.0101,0.0,0.00045,0.0,0.0,0.00034,0.00004,0.0,0.00039,0.00057,0.00006,0.00014,0.0063,0.00001,0.0,0.0,0.0,0.0,0.0053,0.0072,0.00058,0.00072,0.0025,0.0021,0.0,0.0,0.00002,0.00013
27594651,0.0,0.0,0.00018,0.0016,0.0023,0.0315,0.0757,0.0024,0.00037,0.0014,0.00007,0.00002,0.00007,0.011,0.0,0.00094,0.006,0.00071,0.0323,0.256,0.00005,0.2107,0.00049,0.00056,0.0,0.0,0.00017,0.00004,0.0,0.0053,0.0017,0.00006,0.00097,0.0889,0.00024,0.00003,0.00004,0.00018,0.0651,0.2267,0.00049,0.00084,0.0131,0.039,0.0589,0.0,0.00006,0.00001,0.00013
26404041,0.00003,0.00002,0.0001,0.0028,0.0186,0.0022,0.0097,0.0049,0.0027,0.00036,0.00003,0.00006,0.00006,0.0039,0.0,0.00024,0.0066,0.00075,0.0213,0.00024,0.00006,0.0055,0.00017,0.0034,0.0,0.00004,0.00021,0.00002,0.0,0.0025,0.0024,0.00003,0.0014,0.0014,0.00001,0.00003,0.00004,0.00003,0.0079,0.0053,0.00032,0.00084,0.005,0.0041,0.879,0.0,0.00085,0.00008,0.00041
26307621,0.0,0.0,0.0001,0.0135,0.00064,0.0448,0.0385,0.0683,0.00015,0.0,0.00003,0.0,0.00006,0.005,0.0,0.0023,0.00021,0.00008,0.00056,0.00089,0.00006,0.0402,0.00049,0.00056,0.0,0.0,0.0033,0.0,0.0,0.001,0.0089,0.00002,0.00086,0.0047,0.00001,0.0,0.00003,0.00043,0.0079,0.2652,0.00026,0.002,0.002,0.0506,0.0096,0.00003,0.00004,0.00002,0.00041
28951181,0.0,0.0,0.00001,0.0034,0.25,0.0012,0.0468,0.0024,0.00023,0.00005,0.00003,0.00004,0.00026,0.0039,0.0613,0.00024,0.0012,0.0013,0.0323,0.00024,0.00016,0.0224,0.00017,0.00045,0.0,0.0,0.00017,0.00003,0.0,0.0081,0.0012,0.00003,0.00014,0.0143,0.00015,0.0,0.00002,0.00004,0.0112,0.0309,0.00099,0.0016,0.0261,0.0393,0.0013,0.00004,0.0,0.00002,0.0097
29040911,0.0,0.0,0.0,0.006,0.0023,0.00052,0.0804,0.0024,0.00015,0.00005,0.00002,0.00008,0.00006,0.00091,0.0,0.00016,0.00021,0.00071,0.078,0.0007,0.00016,0.00081,0.00004,0.00045,0.0,0.0,0.00009,0.00002,0.0,0.0018,0.009,0.00002,0.0016,0.0018,0.00001,0.0,0.00004,0.00004,0.0015,0.0036,0.001,0.0023,0.4848,0.0023,0.0021,0.0,0.0,0.00002,0.0187
29067401,0.00003,0.0,0.00018,0.0135,0.0023,0.00073,0.0175,0.003,0.00015,0.00019,0.00007,0.00002,0.00006,0.003,0.0,0.0013,0.0013,0.00038,0.0187,0.0018,0.00002,0.0029,0.00005,0.00045,0.0,0.0,0.00009,0.00004,0.00006,0.00033,0.0013,0.00003,0.00029,0.0028,0.00001,0.00003,0.00004,0.00004,0.0079,0.0013,0.0045,0.0505,0.005,0.0099,0.0025,0.0,0.0,0.00002,0.00041
29879331,0.00005,0.0,0.00006,0.0034,0.00064,0.0022,0.0089,0.0012,0.00023,0.00001,0.00001,0.00004,0.00006,0.00091,0.0,0.00018,0.0066,0.00017,0.0041,0.00057,0.00061,0.0081,0.00004,0.00085,0.0,0.0,0.00009,0.00002,0.0,0.0002,0.0024,0.00006,0.00014,0.0014,0.00001,0.00003,0.00013,0.0,0.0028,0.003,0.0019,0.00054,0.00099,0.0054,0.407,0.0,0.0,0.00004,0.0011
30290751,0.0,0.0,0.0001,0.00072,0.0246,0.0027,0.0089,0.0062,0.00062,0.00011,0.00002,0.00065,0.00006,0.0271,0.0,0.00024,0.0019,0.00071,0.0035,0.0005,0.00014,0.0055,0.00017,0.0014,0.0,0.00004,0.00091,0.00024,0.0,0.0081,0.00095,0.00006,0.00071,0.0028,0.00032,0.00003,0.0,0.00004,0.0074,0.007,0.00049,0.0013,0.0027,0.0023,0.8239,0.0,0.00027,0.0,0.00023
30328961,0.0,0.0,0.00006,0.0015,0.0012,0.00052,0.006,0.0628,0.00015,0.0,0.0,0.00023,0.00007,0.9255,0.0,0.00016,0.00021,0.00017,0.0025,0.0015,0.00005,0.0048,0.00027,0.008,0.0,0.0,0.0015,0.0,0.0,0.00039,0.0146,0.00003,0.00014,0.0017,0.00001,0.0,0.0,0.0,0.046,0.0012,0.00026,0.00054,0.0108,0.0274,0.0013,0.0,0.0,0.0002,0.0031
30282491,0.0,0.0,0.0,0.0061,0.0035,0.0089,0.0857,0.0024,0.00062,0.0,0.00002,0.00002,0.00006,0.0059,0.0,0.0074,0.00021,0.00039,0.0323,0.0004,0.00014,0.0648,0.00011,0.00045,0.0,0.0,0.00009,0.0,0.0,0.00039,0.00057,0.00003,0.0016,0.0078,0.00001,0.0,0.0,0.0,0.0056,0.02,0.00036,0.0032,0.0027,0.4032,0.0121,0.0,0.00002,0.00002,0.00023
31075361,0.0,0.0,0.0,0.00015,0.0033,0.0119,0.00076,0.00013,0.00023,0.00021,0.00002,0.00002,0.0,0.0,0.0,0.00008,0.0001,0.0,0.0031,0.00059,0.0,0.0207,0.00004,0.00045,0.0,0.0,0.00009,0.0,0.0,0.00013,0.0024,0.0,0.9147,0.0029,0.0,0.0,0.0,0.00003,0.004,0.0026,0.0,0.0,0.00072,0.0025,0.982,0.0035,0.9956,0.0,0.0
31155341,0.0,0.0,0.0,0.7592,0.00064,0.00052,0.0175,0.0016,0.00015,0.00001,0.00002,0.00023,0.00006,0.0394,0.0,0.00018,0.00068,0.00017,0.00065,0.00008,0.00002,0.0048,0.00004,0.0003,0.0,0.0,0.00034,0.00002,0.0,0.00013,0.0016,0.00003,0.00029,0.0143,0.00001,0.0,0.0,0.0,0.0014,0.0521,0.00032,0.00009,0.00099,0.0628,0.049,0.0,0.0,0.00004,0.0013
31075661,0.0,0.0,0.0,0.1406,0.00033,0.0008,0.1096,0.0133,0.00037,0.0,0.0,0.00006,0.00039,0.9013,0.0,0.0018,0.00068,0.00004,0.0041,0.0004,0.00005,0.004,0.00017,0.0003,0.0,0.0,0.0159,0.0,0.0,0.0013,0.00095,0.00045,0.00014,0.0014,0.00001,0.0,0.0,0.0,0.0028,0.0053,0.0012,0.0105,0.0027,0.0201,0.00045,0.0,0.0,0.00004,0.002
31190121,0.0,0.0,0.0,0.0023,0.0023,0.00035,0.0213,0.0197,0.00023,0.00021,0.00045,0.0,0.00006,0.011,0.0,0.00037,0.00026,0.00017,0.0187,0.00099,0.00005,0.16,0.00004,0.00067,0.00002,0.0,0.00034,0.00002,0.0,0.00018,0.01,0.00006,0.00014,0.0183,0.00001,0.0,0.0,0.0,0.0509,0.8364,0.00032,0.00009,0.00099,0.0014,0.0035,0.0,0.00004,0.00004,0.00022
31207861,0.00005,0.00002,0.0089,0.0046,0.0121,0.0071,0.0385,0.003,0.0015,0.00021,0.00003,0.0012,0.00039,0.011,0.0,0.0017,0.019,0.00038,0.0025,0.0015,0.00006,0.0268,0.00036,0.0108,0.0,0.00004,0.0003,0.00004,0.0,0.0039,0.0039,0.00006,0.00071,0.0047,0.0024,0.00065,0.00013,0.00043,0.0112,0.0152,0.0021,0.0032,0.0074,0.0393,0.0121,0.00003,0.0,0.00014,0.0011
25380591,0.00003,0.0,0.0001,0.0029,0.0033,0.0048,0.0089,0.0185,0.00059,0.00021,0.00007,0.00008,0.00006,0.0023,0.0,0.00037,0.0047,0.00038,0.0031,0.00025,0.00005,0.0402,0.00004,0.00045,0.00014,0.0,0.00009,0.0006,0.0,0.001,0.003,0.00045,0.0026,0.0364,0.00015,0.00005,0.00004,0.00003,0.0056,0.0115,0.0021,0.00084,0.0074,0.0183,0.2791,0.0,0.0,0.00008,0.00054
25189791,0.0,0.0,0.00006,0.00072,0.00064,0.00095,0.7908,0.0024,0.0011,0.00005,0.00002,0.00002,0.018,0.00091,0.0,0.0989,0.0013,0.00038,0.0018,0.00016,0.00006,0.0099,0.00017,0.00056,0.0,0.0,0.0003,0.00001,0.0,0.0002,0.0013,0.00006,0.00071,0.0063,0.00015,0.0,0.0,0.0,0.0056,0.0026,0.025,0.7939,0.0033,0.0023,0.0048,0.0,0.0,0.00008,0.0011
26201,0.00003,0.0,0.00001,0.0029,0.4383,0.0012,0.0165,0.0056,0.00015,0.00001,0.00002,0.00023,0.00006,0.0072,0.0,0.00024,0.00026,0.00071,0.0046,0.00024,0.00014,0.0126,0.00004,0.00026,0.0,0.0,0.00091,0.0,0.0,0.00033,0.0089,0.00006,0.00023,0.0113,0.00009,0.00003,0.00004,0.00004,0.0014,0.0053,0.00047,0.00084,0.0027,0.0677,0.1331,0.0,0.0,0.0,0.0037
721341,0.00003,0.00002,0.0011,0.0058,0.0246,0.0027,0.0385,0.0133,0.004,0.00005,0.00002,0.0125,0.00007,0.0162,0.0,0.0011,0.0017,0.0013,0.0031,0.00089,0.00063,0.0402,0.00049,0.001,0.0,0.00004,0.0034,0.00003,0.0,0.0013,0.00095,0.00006,0.00034,0.0143,0.00032,0.00003,0.00004,0.00004,0.0056,0.0133,0.0065,0.0105,0.0168,0.0442,0.0385,0.0,0.0,0.00016,0.00061
7200181,0.00005,0.00002,0.00018,0.006,0.001,0.0022,0.0089,0.0016,0.0012,0.00021,0.00002,0.00006,0.00007,0.0023,0.0,0.00024,0.0013,0.00038,0.0031,0.00024,0.00006,0.0029,0.00008,0.00073,0.0,0.0,0.00034,0.00016,0.0,0.0032,0.00057,0.00002,0.00071,0.0029,0.00032,0.00006,0.00013,0.00004,0.0028,0.0018,0.0039,0.0077,0.0074,0.0059,0.1851,0.0,0.0,0.00002,0.00013
7047581,0.00003,0.00002,0.0001,0.0016,0.0717,0.0214,0.0857,0.0016,0.0083,0.00021,0.00003,0.0001,0.00065,0.0072,0.0,0.0053,0.019,0.00038,0.0017,0.00089,0.00016,0.0419,0.00036,0.00067,0.00002,0.0,0.0003,0.00003,0.0,0.0119,0.0016,0.00003,0.00071,0.0113,0.00024,0.00005,0.00004,0.00004,0.004,0.0151,0.0021,0.0105,0.0027,0.039,0.407,0.0,0.00006,0.00003,0.00022
6812391,0.00005,0.0,0.00001,0.0017,0.0035,0.0027,0.0175,0.0088,0.0011,0.00021,0.00043,0.0125,0.00006,0.0271,0.0,0.00094,0.0012,0.00071,0.0031,0.00057,0.00002,0.0415,0.00049,0.0019,0.0,0.0,0.00034,0.00003,0.0,0.0111,0.0089,0.00003,0.00071,0.0078,0.00015,0.00006,0.00002,0.00003,0.027,0.02,0.0021,0.0077,0.0071,0.0059,0.024,0.0,0.0,0.00004,0.00013
6380301,0.0,0.0,0.0,0.00045,0.0103,0.023,0.7908,0.00042,0.004,0.00005,0.00003,0.00004,0.4744,0.00049,0.0,0.0989,0.0013,0.00075,0.0,0.00024,0.00003,0.0055,0.0,0.00045,0.0,0.0,0.00017,0.00003,0.0,0.00079,0.00076,0.00006,0.0042,0.0028,0.00001,0.00003,0.0,0.00004,0.0074,0.0201,0.0833,0.5169,0.0059,0.1121,0.0201,0.0,0.0012,0.00008,0.00054
6496791,0.00005,0.0,0.0001,0.0023,0.035,0.0061,0.0361,0.0133,0.0047,0.00011,0.00007,0.00023,0.00006,0.0179,0.0,0.00094,0.0047,0.00034,0.00056,0.00024,0.00005,0.0415,0.00049,0.00073,0.0,0.0,0.00034,0.00002,0.0,0.0013,0.0048,0.00003,0.0014,0.0078,0.00015,0.00076,0.00002,0.00003,0.0013,0.0047,0.004,0.0029,0.0074,0.348,0.0615,0.0,0.0,0.00016,0.00022
3119161,0.00027,0.0,0.0011,0.006,0.0013,0.0048,0.0367,0.0024,0.00062,0.00021,0.00002,0.00023,0.0005,0.0017,0.0,0.00024,0.0013,0.00038,0.00065,0.00024,0.00005,0.0048,0.00017,0.003,0.0,0.00004,0.00009,0.00004,0.0,0.00039,0.00057,0.00006,0.00071,0.0007,0.0024,0.0048,0.00013,0.00004,0.004,0.0064,0.0021,0.0064,0.0027,0.0015,0.0982,0.0,0.0,0.00002,0.00041
3351891,0.00005,0.0,0.0001,0.0029,0.7024,0.0012,0.0056,0.0054,0.0018,0.00019,0.00043,0.00023,0.00007,0.0017,0.0,0.00071,0.0012,0.00075,0.0019,0.0005,0.00006,0.025,0.0044,0.00045,0.0,0.00078,0.00055,0.00002,0.0,0.0119,0.0089,0.001,0.0014,0.0028,0.00094,0.00076,0.00004,0.00004,0.0056,0.0064,0.0018,0.0012,0.0146,0.0099,0.0837,0.00003,0.0,0.00043,0.00061
2817001,0.00003,0.0,0.00006,0.006,0.8583,0.0022,0.0078,0.0024,0.00023,0.00005,0.00007,0.00004,0.00007,0.002,0.0,0.00024,0.0019,0.00038,0.00065,0.0005,0.00014,0.0314,0.00017,0.00045,0.0,0.00004,0.00017,0.00002,0.0,0.0074,0.0039,0.00017,0.00097,0.0018,0.00015,0.00003,0.00002,0.00004,0.0019,0.007,0.0019,0.00058,0.0027,0.0049,0.2791,0.0,0.0,0.00002,0.00013
2638041,0.0,0.0,0.00018,0.0203,0.0021,0.0071,0.0501,0.0049,0.00023,0.00021,0.00007,0.00023,0.00006,0.0023,0.0,0.00071,0.0026,0.0011,0.0187,0.0004,0.00005,0.0537,0.00049,0.0019,0.0,0.0,0.00009,0.00025,0.0,0.0004,0.003,0.00045,0.00014,0.0012,0.00001,0.00003,0.00022,0.00004,0.0655,0.009,0.0072,0.0064,0.0027,0.0099,0.0385,0.0,0.0,0.00004,0.0013
2303571,0.0,0.00002,0.00006,0.00045,0.0083,0.0048,0.0089,0.0088,0.0015,0.00011,0.00003,0.0162,0.00007,0.737,0.0,0.0017,0.0014,0.00038,0.0018,0.00057,0.00051,0.1166,0.00049,0.00067,0.0,0.0,0.00009,0.00002,0.0,0.00079,0.0012,0.00017,0.00097,0.0017,0.00032,0.00003,0.00002,0.00003,0.00089,0.003,0.001,0.0013,0.0168,0.0054,0.0077,0.0,0.0,0.0002,0.0013
2347831,0.0,0.0,0.0,0.0039,0.0397,0.0053,0.0287,0.0287,0.00062,0.00005,0.00002,0.00078,0.00026,0.0394,0.00002,0.0057,0.00021,0.00038,0.0046,0.0015,0.00006,0.0207,0.00017,0.0003,0.0,0.0,0.00009,0.00002,0.0,0.00033,0.0072,0.00006,0.00023,0.0078,0.00001,0.0,0.0,0.00004,0.0079,0.007,0.00032,0.002,0.0012,0.0506,0.0734,0.0,0.0,0.00004,0.00022
8237691,0.0,0.0,0.00007,0.0058,0.0043,0.00095,0.0056,0.0015,0.00015,0.00001,0.0,0.0,0.00007,0.0023,0.0,0.00008,0.00034,0.00017,0.00065,0.00022,0.00002,0.0123,0.00008,0.00045,0.0,0.0,0.00009,0.00002,0.0,0.0001,0.0017,0.0,0.0059,0.0047,0.00001,0.0,0.0,0.00003,0.0079,0.0064,0.00036,0.00027,0.0227,0.6115,0.0225,0.0,0.00006,0.00073,0.0013
7482011,0.00005,0.0,0.00018,0.0029,0.0052,0.0061,0.0175,0.0088,0.0027,0.00005,0.00007,0.0015,0.00064,0.0162,0.0,0.003,0.00068,0.00038,0.0046,0.00099,0.00005,0.0055,0.001,0.00073,0.0,0.0,0.0033,0.00024,0.00006,0.0013,0.0024,0.00006,0.0014,0.0047,0.00015,0.00006,0.0,0.00004,0.003,0.0053,0.0021,0.0029,0.0055,0.0023,0.0513,0.0,0.0,0.00004,0.00041
9240741,0.0,0.0,0.00006,0.0788,0.0042,0.00052,0.0078,0.0016,0.00023,0.00005,0.00003,0.00002,0.00006,0.00075,0.0,0.00016,0.00015,0.00017,0.0036,0.00006,0.00005,0.004,0.00004,0.00045,0.0,0.00004,0.00091,0.00002,0.0,0.00033,0.00062,0.00006,0.00029,0.0022,0.00001,0.00003,0.0,0.00003,0.0019,0.0058,0.00037,0.00033,0.005,0.0023,0.0048,0.0,0.0,0.00002,0.00013
9340421,0.00005,0.0,0.0164,0.0023,0.9008,0.0022,0.025,0.0015,0.00023,0.00019,0.00003,0.00008,0.00006,0.0072,0.0,0.0013,0.0026,0.00038,0.0036,0.0005,0.00006,0.0329,0.00005,0.0132,0.0,0.00004,0.0003,0.00024,0.0,0.00079,0.01,0.00003,0.00034,0.0029,0.00015,0.00076,0.0058,0.00004,0.0044,0.0053,0.0039,0.001,0.0131,0.0239,0.0162,0.0,0.0,0.00004,0.0018
10090451,0.00003,0.0,0.00018,0.0023,0.0052,0.00052,0.0056,0.0056,0.00023,0.00005,0.00007,0.0012,0.00006,0.0271,0.0,0.00024,0.00026,0.00038,0.007,0.00057,0.00006,0.0516,0.00017,0.00085,0.0,0.0,0.00009,0.00004,0.0,0.0039,0.0024,0.00006,0.00097,0.0019,0.00015,0.00003,0.00013,0.00004,0.0019,0.0029,0.0021,0.00033,0.0071,0.9237,0.024,0.00003,0.00006,0.00004,0.00041
10745181,0.0,0.0,0.00001,0.0046,0.0033,0.0022,0.5556,0.0239,0.0015,0.00019,0.00007,0.00078,0.00064,0.0023,0.0,0.00024,0.00039,0.00038,0.0323,0.0015,0.00005,0.1279,0.00005,0.00045,0.0,0.0,0.00091,0.00002,0.0,0.001,0.0048,0.00017,0.00029,0.1148,0.00015,0.0,0.0,0.00043,0.1816,0.0151,0.0021,0.0013,0.7348,0.0442,0.0035,0.00003,0.0,0.00008,0.2227
10762371,0.00003,0.0,0.0001,0.0061,0.00016,0.00052,0.0056,0.0025,0.0053,0.00005,0.00003,0.00023,0.00006,0.00063,0.0,0.00079,0.0012,0.00019,0.0031,0.0005,0.00014,0.0029,0.00027,0.00045,0.0,0.00004,0.00034,0.00016,0.0,0.001,0.00076,0.00017,0.00029,0.0047,0.00032,0.00003,0.00004,0.00004,0.0023,0.0053,0.0019,0.0018,0.002,0.0014,0.0077,0.0,0.0,0.00003,0.0031
10826351,0.00003,0.0,0.00007,0.0023,0.0717,0.014,0.0213,0.0054,0.00059,0.00005,0.00001,0.0001,0.00006,0.00063,0.0,0.0023,0.0019,0.0021,0.00021,0.0007,0.00016,0.0119,0.00027,0.0019,0.00002,0.00004,0.00034,0.00004,0.0,0.0053,0.0017,0.00006,0.00071,0.015,0.00094,0.00003,0.00003,0.00018,0.0074,0.0053,0.0045,0.0042,0.0071,0.0099,0.1331,0.00003,0.0,0.00001,0.00022
10875051,0.0,0.0,0.0,0.00015,0.00049,0.0061,0.9651,0.0022,0.00015,0.00001,0.00002,0.00023,0.00064,0.00091,0.00002,0.0185,0.00026,0.00038,0.00021,0.0131,0.00002,0.5921,0.00036,0.00026,0.0,0.0,0.00009,0.00001,0.0,0.00013,0.8382,0.00002,0.00014,0.0824,0.00001,0.00003,0.0,0.00043,0.00089,0.8364,0.0944,0.1577,0.1121,0.0023,0.0013,0.0,0.0,0.00002,0.00006
11739071,0.0,0.0,0.0,0.0117,0.00049,0.0646,0.7908,0.0024,0.00015,0.0,0.00002,0.0012,0.00026,0.003,0.0,0.8846,0.0001,0.0011,0.0151,0.00024,0.00014,0.0123,0.00005,0.00045,0.0,0.0,0.00009,0.00002,0.0,0.00039,0.0263,0.0012,0.00029,0.0063,0.00001,0.0,0.0,0.00003,0.0019,0.0413,0.0019,0.0056,0.0108,0.0014,0.0062,0.0,0.0,0.00008,0.00077
11775071,0.00005,0.0,0.00007,0.0015,0.2573,0.0012,0.0016,0.00013,0.00023,0.0,0.00001,0.00002,0.00006,0.00063,0.0,0.00016,0.00026,0.00075,0.00056,0.00099,0.00005,0.00089,0.00027,0.00045,0.0,0.00004,0.00009,0.00004,0.0,0.001,0.00076,0.00006,0.00029,0.0007,0.00015,0.00033,0.00003,0.0,0.0014,0.0012,0.00099,0.00023,0.0062,0.0023,0.0077,0.0,0.0,0.00002,0.00051
12511771,0.0,0.0,0.0,0.002,0.00049,0.0,0.0089,0.0239,0.00015,0.0,0.00002,0.0,0.00006,0.002,0.0,0.00022,0.0001,0.00038,0.00065,0.00024,0.00005,0.0041,0.00004,0.00018,0.0,0.0,0.00009,0.00001,0.0,0.0177,0.00057,0.0,0.00034,0.0014,0.00001,0.0,0.0,0.00004,0.0074,0.0026,0.0072,0.001,0.002,0.0506,0.0062,0.0,0.00002,0.00004,0.00077
16020051,0.0,0.0,0.00006,0.0661,0.0035,0.00035,0.0089,0.00013,0.00015,0.0,0.00001,0.0,0.00006,0.0023,0.0,0.00008,0.0,0.00075,0.7835,0.0018,0.6612,0.0314,0.00005,0.00056,0.0,0.0,0.0417,0.0,0.0,0.00013,0.0146,0.00002,0.00029,0.025,0.00001,0.0,0.0,0.0,0.004,0.0088,0.00047,0.00033,0.0027,0.00083,0.0021,0.0,0.0,0.0,0.00051
16043801,0.0,0.0,0.00006,0.00015,0.00016,0.0012,0.9898,0.0133,0.00037,0.0,0.0,0.00002,0.0238,0.0072,0.0,0.9031,0.0001,0.00004,0.00056,0.00057,0.00002,0.0123,0.0,0.00045,0.0,0.0,0.00009,0.0,0.0,0.0001,0.0039,0.0,0.00034,0.013,0.00001,0.0,0.0,0.0,0.0079,0.007,0.00037,0.7832,0.0033,0.1121,0.0013,0.0,0.00006,0.00004,0.00022
16043811,0.0,0.0,0.00018,0.002,0.3341,0.0315,0.0282,0.0062,0.0053,0.00036,0.00045,0.00023,0.00007,0.0039,0.0,0.0023,0.00068,0.0011,0.0094,0.00089,0.00006,0.1753,0.00017,0.00067,0.00002,0.0,0.0021,0.00024,0.0,0.0053,0.0048,0.00006,0.00071,0.025,0.00015,0.00006,0.00004,0.00004,0.2952,0.0521,0.0045,0.0016,0.005,0.0393,0.024,0.0,0.0,0.00004,0.00044
16737451,0.0,0.0,0.0,0.0357,0.00049,0.0008,0.0985,0.0386,0.00015,0.00021,0.00007,0.00078,0.00006,0.014,0.0,0.0074,0.0001,0.00014,0.002,0.00016,0.00005,0.1532,0.00005,0.00026,0.0,0.0,0.00039,0.00001,0.0,0.00033,0.0343,0.00017,0.00029,0.0047,0.00001,0.0,0.0,0.0,0.1816,0.6735,0.0018,0.0875,0.0108,0.0037,0.0013,0.0,0.0,0.00016,0.0018
17646811,0.00003,0.0,0.0037,0.002,0.0121,0.0048,0.0078,0.003,0.00023,0.0014,0.00045,0.00002,0.00006,0.0039,0.0,0.0023,0.019,0.00071,0.0063,0.00022,0.00016,0.0352,0.00005,0.0011,0.0,0.00004,0.00034,0.00025,0.0,0.00079,0.00077,0.00006,0.0029,0.0063,0.00001,0.00003,0.0018,0.0017,0.0019,0.0088,0.00099,0.0029,0.0097,0.0677,0.8239,0.0,0.0,0.00001,0.0017
18470841,0.0,0.0,0.00001,0.002,0.0042,0.0035,0.0039,0.0016,0.00015,0.00005,0.00007,0.0012,0.00006,0.00091,0.0,0.00016,0.00021,0.00017,0.0025,0.0005,0.00002,0.0041,0.00008,0.00045,0.0,0.0,0.00009,0.00036,0.0,0.00018,0.0017,0.00003,0.1856,0.0017,0.00001,0.0,0.00002,0.00004,0.0074,0.0053,0.00099,0.00023,0.0108,0.0099,0.9179,0.0,0.00002,0.00002,0.00041
18495031,0.0,0.0,0.0,0.00072,0.00049,0.6548,0.8728,0.0015,0.00015,0.00001,0.00002,0.00023,0.00007,0.0023,0.0,0.0053,0.00068,0.0013,0.0077,0.00089,0.00005,0.00089,0.00049,0.00045,0.00002,0.0,0.0019,0.0,0.0,0.00013,0.0016,0.00003,0.00014,0.8263,0.00001,0.0,0.0,0.00004,0.0013,0.0013,0.00032,0.7832,0.0027,0.0041,0.0013,0.0,0.0,0.00001,0.00023
18501411,0.0,0.0,0.0,0.0123,0.00064,0.00052,0.025,0.003,0.00023,0.00005,0.00001,0.00004,0.00007,0.00091,0.0,0.0013,0.00021,0.00019,0.0025,0.0005,0.00005,0.0029,0.00004,0.0003,0.0,0.0,0.00039,0.00002,0.0,0.001,0.0012,0.00023,0.00029,0.0018,0.00001,0.0,0.0,0.0,0.00089,0.0013,0.0491,0.00084,0.005,0.0014,0.0162,0.0,0.0,0.00016,0.00051
18479471,0.0,0.0,0.0,0.2804,0.00016,0.00052,0.2862,0.0049,0.00015,0.0,0.00001,0.0001,0.00039,0.0177,0.0,0.0017,0.00015,0.00038,0.00056,0.0005,0.00002,0.0794,0.00005,0.00045,0.0,0.0,0.00009,0.00001,0.0,0.00079,0.0016,0.00017,0.00023,0.0124,0.00001,0.0,0.00003,0.0,0.0056,0.0115,0.00032,0.0042,0.0467,0.0041,0.0013,0.0,0.0,0.00004,0.0018
18579121,0.0,0.0,0.0,0.0029,0.0033,0.00052,0.0857,0.0358,0.00015,0.00005,0.00002,0.00008,0.00006,0.097,0.0,0.00016,0.00026,0.00038,0.0018,0.0004,0.00002,0.01,0.00017,0.00026,0.0,0.0,0.00034,0.0,0.0,0.0018,0.0039,0.00006,0.00014,0.0233,0.00032,0.00003,0.0,0.0,0.1644,0.3236,0.00049,0.00033,0.036,0.0567,0.0021,0.0,0.0,0.00002,0.00077
19284431,0.0,0.0,0.0,0.00015,0.0021,0.0017,0.0147,0.0016,0.00015,0.00011,0.00043,0.00006,0.00006,0.0072,0.0,0.00008,0.00021,0.00034,0.007,0.00016,0.0,0.0029,0.00017,0.0,0.0,0.0,0.00091,0.0,0.0,0.0001,0.0017,0.00003,0.0026,0.008,0.00001,0.0,0.0,0.00004,0.6231,0.024,0.00032,0.00033,0.7348,0.00083,0.8239,0.00003,0.9985,0.0,0.002
19308881,0.0,0.0,0.0,0.0003,0.00016,0.0008,0.0598,0.2209,0.00023,0.0,0.0,0.0015,0.00039,0.1305,0.0,0.0017,0.00021,0.00017,0.0213,0.00016,0.00002,0.5921,0.00004,0.00027,0.0,0.0,0.00009,0.0,0.0,0.0032,0.0343,0.00002,0.00014,0.008,0.00001,0.0,0.0,0.0,0.00067,0.00051,0.00099,0.0064,0.00081,0.912,0.00045,0.0,0.0,0.00003,0.00023
19406291,0.0,0.0,0.0,0.00015,0.00016,0.0034,0.9909,0.00069,0.00023,0.0,0.0,0.00023,0.00039,0.00091,0.0,0.9031,0.0,0.00019,0.00056,0.00099,0.00002,0.3057,0.0,0.0021,0.0,0.0,0.00034,0.00002,0.0,0.0002,0.0024,0.00006,0.00014,0.1559,0.0,0.0,0.0,0.0,0.0013,0.0309,0.00047,0.7832,0.008,0.00063,0.00096,0.0,0.0,0.00004,0.00077
19479161,0.0,0.0,0.0,0.0023,0.0023,0.0022,0.9814,0.0022,0.00015,0.0,0.00001,0.00008,0.0011,0.00091,0.0,0.0017,0.00021,0.00038,0.0025,0.00089,0.00014,0.1469,0.00005,0.00045,0.0,0.0,0.00039,0.0,0.0,0.00039,0.0024,0.00091,0.00029,0.0292,0.00001,0.0,0.0,0.0,0.0014,0.6735,0.0096,0.0032,0.0323,0.0014,0.0021,0.0,0.0,0.00004,0.0011
20367921,0.0,0.0,0.0,0.2804,0.001,0.0008,0.1182,0.00069,0.00015,0.0,0.00001,0.00002,0.0,0.0017,0.00002,0.00024,0.0,0.00017,0.0264,0.00059,0.00014,0.5921,0.00004,0.00026,0.0,0.0,0.00034,0.00002,0.0,0.00033,0.0066,0.00002,0.00014,0.0078,0.0,0.0,0.0,0.00003,0.0056,0.0029,0.00037,0.001,0.0288,0.1319,0.00045,0.0,0.0,0.0,0.0017
22778851,0.00003,0.0,0.00001,0.00093,0.0035,0.0035,0.025,0.0088,0.004,0.0,0.00002,0.00004,0.00006,0.0023,0.0,0.00024,0.0047,0.00019,0.0015,0.00034,0.00006,0.0017,0.00008,0.00045,0.0,0.00004,0.00034,0.00002,0.0,0.001,0.0024,0.00002,0.00023,0.0018,0.00009,0.00003,0.0,0.00004,0.0182,0.0026,0.0012,0.0169,0.0027,0.0014,0.049,0.00003,0.0,0.00004,0.00022
21211501,0.0,0.0,0.0,0.0029,0.00016,0.1057,0.0056,0.0108,0.00015,0.0,0.0,0.00002,0.00006,0.00041,0.0,0.00016,0.0047,0.00038,0.0529,0.00057,0.00003,0.0123,0.00004,0.00026,0.0,0.0,0.0024,0.0,0.0,0.00013,0.6626,0.00017,0.00034,0.0063,0.0,0.0,0.0,0.0,0.033,0.0064,0.00032,0.0012,0.0071,0.9237,0.0013,0.0,0.00004,0.00004,0.0017
20453261,0.0,0.0,0.0,0.0017,0.0023,0.0011,0.0501,0.0133,0.004,0.00005,0.00002,0.00008,0.00007,0.0014,0.0,0.00037,0.0013,0.00075,0.013,0.0025,0.00005,0.5921,0.00005,0.0003,0.0,0.0,0.00009,0.00024,0.0,0.0321,0.0039,0.00002,0.00014,0.0078,0.00001,0.00003,0.0,0.0,0.0079,0.2652,0.0045,0.0032,0.00099,0.0167,0.0039,0.0,0.0,0.00001,0.00023
21174521,0.0,0.0,0.0,0.00015,0.9865,0.0008,0.00081,0.00042,0.00015,0.00005,0.00002,0.0,0.00002,0.0,0.0,0.00008,0.0001,0.0,0.0,0.00008,0.00002,0.0899,0.0,0.00023,0.0,0.0,0.00004,0.0,0.0,0.00033,0.00013,0.00002,0.0196,0.00061,0.00001,0.0,0.0,0.0,0.0152,0.00027,0.00026,0.00006,0.00081,0.0041,0.6176,0.0,0.0543,0.00002,0.0
21978081,0.0,0.0,0.0,0.7737,0.001,0.0013,0.0282,0.00069,0.00015,0.0,0.0,0.00002,0.00006,0.00041,0.0,0.00008,0.0,0.00038,0.0046,0.0005,0.00002,0.0041,0.0,0.00026,0.0,0.0,0.0034,0.00001,0.0,0.00033,0.00013,0.0079,0.00071,0.0149,0.00001,0.0,0.0,0.0,0.0079,0.0053,0.0072,0.00054,0.0221,0.0112,0.0013,0.0,0.0,0.00001,0.00077
23086711,0.0,0.0,0.0,0.00072,0.00064,0.00035,0.0046,0.0073,0.00015,0.00001,0.00003,0.0001,0.00002,0.00041,0.0,0.00024,0.00068,0.00038,0.00056,0.00016,0.00006,0.0066,0.00017,0.00027,0.0,0.0,0.00009,0.00004,0.0,0.00039,0.00077,0.00006,0.00041,0.0033,0.00001,0.00003,0.0,0.00004,0.0014,0.0012,0.00032,0.00033,0.0033,0.0274,0.0096,0.0,0.0,0.00003,0.00023
23301031,0.0,0.0,0.0,0.4652,0.00064,0.00052,0.7908,0.0024,0.00023,0.00001,0.00002,0.00002,0.00039,0.0072,0.0,0.00037,0.0013,0.00038,0.0035,0.00093,0.00002,0.0123,0.00017,0.00045,0.0,0.0,0.00017,0.00001,0.0,0.001,0.0013,0.001,0.00023,0.0074,0.00001,0.0,0.0,0.0,0.004,0.0026,0.00032,0.00054,0.7348,0.0099,0.00045,0.0,0.0,0.00003,0.00013
23022091,0.0,0.0,0.00001,0.0203,0.001,0.0089,0.0367,0.00086,0.00059,0.00019,0.00001,0.00006,0.00002,0.00011,0.0,0.00037,0.00034,0.00071,0.1107,0.00022,0.00002,0.0224,0.00004,0.00045,0.0,0.0,0.00009,0.0,0.0,0.001,0.0089,0.00006,0.1177,0.0014,0.00001,0.0,0.0,0.0,0.00089,0.0333,0.00037,0.00023,0.7348,0.0986,0.8787,0.0,0.9895,0.00001,0.0087
24450891,0.0,0.0,0.00001,0.00015,0.00016,0.4045,0.8333,0.0024,0.00023,0.0,0.00007,0.0,0.00006,0.00011,0.0,0.9587,0.00034,0.00017,0.0017,0.00016,0.00006,0.0079,0.00017,0.00067,0.00002,0.0,0.00009,0.00002,0.0,0.00039,0.0024,0.00003,0.0026,0.3079,0.00001,0.0,0.00003,0.0,0.004,0.003,0.00015,0.5875,0.0,0.0112,0.0013,0.0,0.00002,0.00004,0.00013
23768781,0.0,0.0,0.0,0.0023,0.00016,0.0027,0.006,0.00069,0.00015,0.00005,0.00001,0.00023,0.00006,0.00026,0.0,0.0013,0.00026,0.00017,0.013,0.00024,0.00006,0.0018,0.00008,0.0003,0.0,0.0,0.00004,0.0,0.0,0.00013,0.00034,0.00006,0.00023,0.025,0.00001,0.0,0.0,0.00003,0.00039,0.0013,0.0171,0.0012,0.0074,0.0014,0.00096,0.0,0.00002,0.00003,0.00077
24280031,0.0,0.0,0.0,0.00072,0.00049,0.014,0.9651,0.0015,0.00015,0.0,0.00002,0.00008,0.0018,0.00041,0.0,0.8846,0.00021,0.00038,0.00056,0.0052,0.00006,0.0949,0.00017,0.00045,0.0,0.0,0.0024,0.0,0.0,0.0039,0.0024,0.00002,0.00029,0.0123,0.00009,0.0,0.0,0.00003,0.0079,0.8364,0.00032,0.1151,0.0112,0.00063,0.0021,0.0,0.00002,0.00002,0.00013
23943341,0.0,0.0,0.0,0.0135,0.00049,0.023,0.4424,0.0386,0.0012,0.00005,0.00002,0.00006,0.00006,0.0023,0.0,0.0023,0.00026,0.00038,0.00095,0.00016,0.00002,0.0863,0.0,0.00045,0.0,0.0,0.00009,0.00002,0.0,0.00079,0.0024,0.00003,0.0026,0.0197,0.00001,0.00003,0.0,0.0,0.0079,0.0647,0.0096,0.0247,0.00072,0.6496,0.0021,0.00003,0.00027,0.00002,0.00013
23756431,0.0,0.0,0.0,0.00015,0.00033,0.0022,0.9909,0.0015,0.00023,0.0,0.00002,0.00002,0.0007,0.00063,0.0,0.2394,0.0,0.00017,0.00021,0.0031,0.00002,0.2834,0.0,0.00026,0.0,0.0,0.00021,0.0,0.0,0.00018,0.00095,0.00003,0.00029,0.0292,0.00001,0.0,0.0,0.00004,0.0044,0.0179,0.00049,0.7939,0.0071,0.0014,0.00096,0.0,0.0,0.00002,0.00013
24507711,0.0,0.0,0.0,0.3702,0.00025,0.0022,0.7908,0.0012,0.00015,0.00001,0.00001,0.0125,0.00002,0.003,0.0,0.00016,0.00068,0.00038,0.0063,0.0025,0.00002,0.0029,0.00017,0.0003,0.0,0.0,0.00009,0.0,0.0,0.00017,0.0016,0.00002,0.00014,0.5165,0.00001,0.0,0.00003,0.0,0.0079,0.0151,0.00037,0.7832,0.7544,0.0099,0.0013,0.0,0.0,0.00002,0.741
24025111,0.0,0.0,0.0,0.0,0.00064,0.1198,0.9933,0.00069,0.00015,0.0,0.00001,0.00008,0.0011,0.00011,0.0,0.9587,0.00021,0.00017,0.0,0.00024,0.00002,0.5921,0.00005,0.0003,0.0,0.0,0.00004,0.0,0.0,0.001,0.00034,0.0,0.00014,0.0889,0.00001,0.0,0.0,0.00003,0.00067,0.8364,0.00032,0.7832,0.00081,0.0628,0.0077,0.0,0.00063,0.0,0.0
26306891,0.0,0.0,0.0,0.00072,0.0023,0.0008,0.2712,0.0386,0.00015,0.0,0.00001,0.0,0.0007,0.0072,0.6954,0.0017,0.00021,0.00071,0.0391,0.00099,0.00076,0.0415,0.00036,0.00045,0.0,0.0,0.0003,0.00004,0.0,0.00013,0.00077,0.00002,0.00071,0.0428,0.00001,0.0,0.00003,0.0,0.2001,0.0333,0.0096,0.1151,0.0323,0.0201,0.049,0.0,0.0,0.00002,0.0017
26827641,0.0,0.0,0.00001,0.0061,0.00064,0.00052,0.0192,0.003,0.00023,0.00001,0.00001,0.00008,0.0011,0.0017,0.0,0.0017,0.00021,0.00017,0.002,0.00099,0.00005,0.0029,0.00049,0.00044,0.0,0.0,0.00034,0.00002,0.0,0.0018,0.00095,0.00017,0.00029,0.0029,0.00015,0.00003,0.0,0.00004,0.0023,0.0036,0.004,0.0015,0.0074,0.0033,0.0035,0.0,0.0,0.00008,0.00013
26460571,0.0,0.0,0.0,0.00072,0.00049,0.0668,0.9814,0.0063,0.00015,0.00005,0.00002,0.00002,0.0018,0.005,0.0,0.0265,0.0001,0.00017,0.0019,0.00022,0.00016,0.0648,0.00005,0.00056,0.00002,0.0,0.00039,0.0,0.0,0.0004,0.022,0.00003,0.00029,0.0292,0.00001,0.0,0.0,0.0,0.0368,0.0356,0.0171,0.7939,0.0074,0.0017,0.0021,0.0,0.0,0.00008,0.00041
27450411,0.0,0.0,0.0,0.00072,0.00016,0.0315,0.9933,0.0287,0.00062,0.00021,0.00043,0.00004,0.00006,0.0394,0.0,0.8846,0.00021,0.00017,0.0035,0.00033,0.00002,0.0224,0.0,0.00026,0.0,0.0,0.00004,0.00004,0.0,0.00018,0.0016,0.00003,0.00023,0.2135,0.0,0.0,0.0,0.00043,0.004,0.3236,0.00012,0.2703,0.0288,0.0099,0.0025,0.0,0.00063,0.00008,0.00041
27534431,0.0,0.00002,0.0001,0.0203,0.0821,0.0035,0.0089,0.0358,0.00015,0.00036,0.00045,0.00006,0.00007,0.0072,0.0,0.00024,0.00015,0.00017,0.0107,0.00093,0.00005,0.0075,0.0239,0.00026,0.0,0.00004,0.00091,0.00002,0.00038,0.0018,0.0027,0.00003,0.00071,0.0078,0.00015,0.00003,0.00003,0.00004,0.0032,0.0088,0.0019,0.00054,0.0045,0.0316,0.0942,0.0,0.0,0.0014,0.0031
28738261,0.0,0.0,0.0,0.00072,0.9398,0.0017,0.0039,0.0015,0.00023,0.00005,0.00002,0.00004,0.00006,0.0017,0.0,0.00008,0.00021,0.00017,0.0015,0.00016,0.00006,0.0123,0.00017,0.00027,0.0,0.0,0.00017,0.00001,0.0,0.0018,0.00057,0.00003,0.00029,0.0012,0.00009,0.0,0.0,0.00003,0.0079,0.00037,0.00047,0.00033,0.002,0.0051,0.1331,0.00003,0.00027,0.00008,0.00022
26465711,0.0,0.0,0.00007,0.0061,0.0012,0.0027,0.0133,0.0225,0.00037,0.00011,0.00007,0.00002,0.00006,0.0023,0.0,0.00037,0.0013,0.00075,0.0444,0.0015,0.00014,0.0052,0.00005,0.0015,0.00014,0.0,0.00034,0.00024,0.0,0.00039,0.0017,0.00006,0.00029,0.0063,0.00015,0.00003,0.00004,0.00018,0.0074,0.0179,0.0524,0.0066,0.0071,0.0201,0.0162,0.0,0.0,0.00004,0.00054
28230791,0.0,0.0,0.0,0.0015,0.00064,0.0027,0.0175,0.0015,0.00015,0.00005,0.00007,0.00006,0.00006,0.003,0.0,0.00024,0.00068,0.00019,0.0031,0.00024,0.00006,0.0048,0.00005,0.00026,0.0,0.0,0.0015,0.00004,0.0,0.00033,0.021,0.00017,0.0274,0.0035,0.00001,0.0,0.0,0.00004,0.004,0.0053,0.0012,0.00084,0.0031,0.0201,0.6213,0.00037,0.0087,0.00004,0.00022
28419491,0.0,0.0,0.0001,0.028,0.00033,0.00052,0.0175,0.0133,0.1135,0.00005,0.00001,0.00008,0.0025,0.011,0.0,0.0023,0.00068,0.00038,0.00056,0.00022,0.00005,0.0041,0.00036,0.00045,0.0,0.0,0.0003,0.00001,0.0,0.0119,0.0136,0.00002,0.00029,0.0047,0.00009,0.0,0.00002,0.0,0.0079,0.009,0.00026,0.0169,0.0071,0.0023,0.0013,0.0,0.0,0.0014,0.00041
28817491,0.0,0.0,0.0,0.00015,0.00033,0.0315,0.9537,0.0024,0.00037,0.0,0.00002,0.00002,0.00064,0.00041,0.0,0.9587,0.0,0.00017,0.00021,0.00024,0.00002,0.0329,0.00017,0.00027,0.00014,0.0,0.00009,0.00001,0.0,0.00013,0.021,0.00002,0.0992,0.1851,0.0,0.0,0.0,0.0,0.004,0.0249,0.0019,0.7832,0.00099,0.0062,0.0013,0.0,0.0,0.00008,0.00022
28847041,0.0,0.0,0.00001,0.0046,0.001,0.00094,0.0473,0.1132,0.00023,0.00005,0.00001,0.013,0.00064,0.0394,0.0,0.00037,0.00021,0.00017,0.0018,0.00022,0.00005,0.0782,0.00017,0.00067,0.0,0.0,0.0019,0.00002,0.0,0.00039,0.0419,0.001,0.0016,0.015,0.00001,0.0,0.0,0.00003,0.0112,0.0309,0.0019,0.0077,0.0288,0.0506,0.00096,0.0,0.0,0.00014,0.0037
30625491,0.0,0.0,0.0,0.0203,0.0014,0.0011,0.0686,0.0247,0.00015,0.0,0.00001,0.0015,0.0018,0.651,0.0,0.00018,0.0001,0.00017,0.0264,0.0005,0.00002,0.0525,0.00027,0.00045,0.0,0.0,0.0021,0.00002,0.0,0.0018,0.01,0.00006,0.00023,0.9167,0.00001,0.0,0.0,0.0,0.00089,0.0498,0.00047,0.0018,0.005,0.0201,0.00071,0.0,0.0,0.00004,0.00054
30544301,0.0,0.0,0.0001,0.0017,0.001,0.00035,0.0147,0.0628,0.00015,0.00005,0.00002,0.00023,0.00006,0.0023,0.0,0.0023,0.00015,0.00017,0.0151,0.00057,0.00002,0.1279,0.0081,0.00056,0.0,0.0,0.00009,0.0,0.0,0.00013,0.0081,0.00003,0.006,0.0012,0.00001,0.0,0.00013,0.00003,0.0509,0.0333,0.0021,0.00054,0.0071,0.2899,0.0323,0.0,0.0,0.00002,0.00077
30644541,0.0,0.0,0.0001,0.00015,0.001,0.0277,0.9651,0.0024,0.0274,0.00001,0.00003,0.00006,0.0007,0.014,0.0,0.9587,0.00026,0.00017,0.00065,0.00089,0.00005,0.1166,0.0,0.0015,0.0,0.0,0.00055,0.00003,0.0,0.00039,0.0039,0.00006,0.00014,0.0163,0.00001,0.00003,0.00002,0.00004,0.0079,0.0064,0.00047,0.4703,0.0031,0.0316,0.0062,0.0,0.0,0.00004,0.00013
30658131,0.0,0.0,0.00007,0.0143,0.0012,0.0048,0.0478,0.00042,0.00015,0.00036,0.00007,0.00023,0.00006,0.00049,0.0,0.0074,0.0022,0.00004,0.00065,0.00006,0.00002,0.0035,0.00005,0.00045,0.0,0.00004,0.00009,0.00024,0.0,0.00013,0.00057,0.00017,0.00023,0.00061,0.00001,0.00003,0.0,0.0,0.00067,0.0018,0.0019,0.001,0.00099,0.0037,0.9387,0.0,0.00002,0.00001,0.00013
30661251,0.0,0.0,0.00007,0.0023,0.0026,0.1603,0.0056,0.0016,0.00059,0.00005,0.00002,0.00008,0.00006,0.00075,0.0,0.00024,0.0024,0.00034,0.0015,0.00024,0.00005,0.0101,0.00005,0.00067,0.0,0.00004,0.00009,0.00024,0.0,0.00033,0.0012,0.0,0.00023,0.0029,0.00015,0.0,0.0,0.00004,0.0015,0.0053,0.004,0.00084,0.0033,0.0014,0.9387,0.0,0.00027,0.00002,0.00013
31317281,0.0,0.0,0.0,0.00072,0.0246,0.0027,0.00084,0.00069,0.0,0.0,0.0,0.00006,0.00006,0.00049,0.0,0.00016,0.0001,0.00071,0.0063,0.00057,0.00002,0.0119,0.00036,0.00067,0.0,0.0,0.00009,0.00025,0.0,0.00054,0.0012,0.00002,0.0029,0.0012,0.00001,0.0,0.0,0.0,0.0013,0.0012,0.00047,0.00027,0.0131,0.0013,0.1851,0.00003,0.8383,0.00001,0.0097
31723241,0.0,0.0,0.00001,0.002,0.0014,0.00073,0.0078,0.0628,0.00015,0.00005,0.00003,0.00002,0.00002,0.0041,0.00002,0.00024,0.0001,0.00071,0.0213,0.0004,0.00002,0.0279,0.0,0.00045,0.0,0.0,0.00034,0.00002,0.0,0.00033,0.009,0.00002,0.00014,0.0021,0.00001,0.0,0.00002,0.0,0.0368,0.0249,0.00032,0.00033,0.1121,0.0795,0.0858,0.0,0.0,0.0,0.00077
33180841,0.0,0.0,0.0,0.2117,0.00016,0.0022,0.0686,0.0073,0.00015,0.00011,0.00001,0.00002,0.00006,0.0748,0.0,0.00008,0.00021,0.0,0.00065,0.0015,0.00002,0.0066,0.00049,0.00045,0.0,0.0,0.0003,0.0,0.0,0.0004,0.0059,0.00002,0.00071,0.0047,0.00001,0.0,0.0,0.0,0.00089,0.024,0.00032,0.00009,0.0033,0.1319,0.00096,0.0,0.00005,0.00002,0.0
32198120,0.0,0.0,0.0,0.2404,0.00016,0.00052,0.0133,0.0088,0.00015,0.00005,0.00002,0.00002,0.00002,0.0059,0.0,0.00016,0.0001,0.00015,0.00021,0.00024,0.00002,0.0224,0.00017,0.00026,0.0,0.0,0.00009,0.0,0.0,0.00017,0.0146,0.001,0.00034,0.0022,0.00001,0.0,0.0,0.00004,0.077,0.007,0.0019,0.00054,0.00099,0.3575,0.043,0.0,0.0,0.00001,0.00013
33139210,0.0,0.0,0.0,0.00045,0.0083,0.0048,0.00081,0.0041,0.00015,0.0,0.00001,0.00006,0.00006,0.00041,0.0,0.00018,0.0001,0.00019,0.0025,0.00024,0.00014,0.0123,0.0,0.00073,0.0,0.0,0.019,0.00001,0.0,0.00054,0.00095,0.00002,0.00086,0.0012,0.00001,0.0,0.00004,0.00004,0.0028,0.0013,0.00015,0.00006,0.0131,0.0023,0.9741,0.00003,0.2489,0.00001,0.00013
25825021,0.0,0.0,0.0,0.0135,0.0033,0.0225,0.1395,0.0133,0.00015,0.00005,0.00001,0.00004,0.00007,0.0034,0.0,0.0013,0.00021,0.00071,0.011,0.00022,0.00005,0.0017,0.00017,0.0003,0.0,0.0,0.00009,0.00001,0.0,0.0026,0.0089,0.0,0.00071,0.015,0.00015,0.0,0.0,0.0,0.027,0.0026,0.00099,0.0064,0.005,0.8599,0.0035,0.0,0.0,0.00008,0.0054
25804581,0.0,0.0,0.00007,0.0268,0.001,0.0017,0.025,0.0133,0.00015,0.00005,0.00002,0.00002,0.00006,0.0394,0.0,0.0053,0.00021,0.00008,0.0018,0.0004,0.00002,0.214,0.00005,0.0003,0.0,0.0,0.00009,0.00002,0.0,0.00033,0.00095,0.00002,0.0026,0.0047,0.00001,0.0,0.0,0.0,0.00067,0.4277,0.00012,0.0016,0.0108,0.8712,0.00096,0.0,0.0,0.00002,0.00054
1249391,0.00003,0.0,0.00007,0.002,0.282,0.014,0.0087,0.0045,0.021,0.00021,0.00007,0.00023,0.00006,0.003,0.00002,0.00071,0.0012,0.00038,0.00095,0.00025,0.00005,0.0537,0.00005,0.003,0.0,0.0,0.00091,0.00024,0.0,0.0228,0.00095,0.00002,0.00014,0.0047,0.00009,0.00006,0.00048,0.00018,0.0056,0.003,0.0039,0.0032,0.005,0.0025,0.391,0.0,0.0,0.00002,0.002
55891,0.0,0.0,0.0,0.00072,0.0012,0.0375,0.9537,0.00069,0.0015,0.00005,0.00001,0.00078,0.00006,0.0039,0.0,0.0074,0.00021,0.0011,0.0,0.0005,0.00005,0.0123,0.00004,0.00056,0.0,0.0,0.00055,0.00002,0.0,0.0081,0.00076,0.00002,0.00034,0.0292,0.00015,0.0,0.0,0.00003,0.0182,0.1087,0.0524,0.7832,0.002,0.0033,0.0013,0.0,0.0,0.00002,0.00013
401921,0.00003,0.00002,0.00018,0.00072,0.1123,0.0071,0.0147,0.0049,0.004,0.00019,0.00007,0.0125,0.00006,0.003,0.0,0.0013,0.0012,0.0011,0.0016,0.0005,0.00006,0.0544,0.00027,0.0019,0.00002,0.0,0.0003,0.00004,0.0,0.0081,0.0039,0.00003,0.00071,0.0029,0.00024,0.00003,0.00004,0.00043,0.0023,0.0036,0.0096,0.0016,0.005,0.0062,0.3688,0.00003,0.0039,0.00004,0.00022
6780021,0.0,0.0,0.0001,0.00015,0.0023,0.0668,0.9454,0.00042,0.00015,0.00001,0.00007,0.00023,0.0007,0.00091,0.0,0.375,0.00068,0.0011,0.0063,0.0007,0.00076,0.0525,0.00034,0.00067,0.00002,0.0,0.00034,0.00002,0.0,0.0002,0.0024,0.00002,0.00034,0.0063,0.00001,0.00003,0.0,0.0,0.0014,0.0026,0.0944,0.5614,0.0031,0.0054,0.00096,0.0,0.0,0.00002,0.00022
6799631,0.0,0.0,0.00001,0.00045,0.0522,0.00052,0.00081,0.0133,0.00023,0.00005,0.00001,0.00002,0.00002,0.00041,0.0,0.00024,0.00047,0.00061,0.00095,0.00057,0.00014,0.004,0.00027,0.00027,0.0,0.0,0.0003,0.00002,0.0,0.00033,0.00057,0.00003,0.00023,0.0029,0.00001,0.00003,0.00003,0.00003,0.0056,0.0013,0.00049,0.00009,0.00099,0.0033,0.0048,0.0,0.0,0.00002,0.002
3839911,0.00005,0.0,0.00018,0.00045,0.0522,0.0448,0.7908,0.0025,0.0012,0.00005,0.00003,0.00008,0.9178,0.0097,0.0,0.0469,0.00068,0.00019,0.0016,0.0005,0.00002,0.0329,0.00005,0.00067,0.0,0.0,0.00091,0.00004,0.0,0.0018,0.003,0.00003,0.00071,0.0292,0.00015,0.00063,0.00013,0.0,0.0079,0.4498,0.025,0.033,0.0027,0.0041,0.0013,0.0,0.0,0.00016,0.00022
2937241,0.0,0.0,0.0001,0.0088,0.0035,0.0048,0.0985,0.0048,0.00023,0.00005,0.00007,0.00023,0.0011,0.0017,0.0,0.0013,0.00068,0.00075,0.00095,0.00024,0.00005,0.0077,0.00005,0.0019,0.00002,0.0,0.00034,0.00024,0.0,0.001,0.0024,0.00017,0.0029,0.0047,0.00001,0.0,0.00002,0.00003,0.0043,0.0088,0.0171,0.0179,0.0667,0.0023,0.0013,0.00003,0.0,0.00002,0.00077
2420691,0.00003,0.00002,0.00007,0.00072,0.155,0.0013,0.0175,0.0035,0.00015,0.00005,0.00002,0.00002,0.00006,0.0072,0.0,0.00024,0.0047,0.00017,0.00065,0.00025,0.00005,0.0329,0.00005,0.0132,0.0,0.0,0.00004,0.00024,0.0,0.0004,0.0059,0.00006,0.0026,0.0017,0.00001,0.0002,0.00004,0.00004,0.0013,0.0016,0.00099,0.001,0.0027,0.0054,0.9179,0.0,0.00002,0.00003,0.00054
3710651,0.0,0.0,0.0,0.1319,0.0026,0.0035,0.0367,0.0088,0.0012,0.00005,0.00002,0.0688,0.00006,0.0394,0.0,0.00024,0.00015,0.0013,0.0025,0.00093,0.00002,0.0949,0.00008,0.00056,0.0,0.0,0.00009,0.00001,0.0,0.00033,0.0024,0.0043,0.0014,0.015,0.00001,0.0,0.0,0.0,0.0019,0.009,0.00099,0.0077,0.0261,0.0986,0.0544,0.0,0.0,0.00073,0.008
1327351,0.00003,0.00002,0.0021,0.00072,0.0042,0.0225,0.0385,0.0022,0.0027,0.00005,0.00007,0.00004,0.00006,0.0019,0.0,0.00024,0.0047,0.00019,0.0025,0.0004,0.00006,0.0081,0.00005,0.003,0.00002,0.00004,0.00017,0.00004,0.0,0.0053,0.0024,0.00017,0.00029,0.0028,0.00015,0.0002,0.0018,0.00018,0.0056,0.009,0.00099,0.00062,0.00099,0.0183,0.8239,0.0,0.0,0.00004,0.00051
1361041,0.00003,0.0,0.0001,0.006,0.9741,0.0027,0.0031,0.0022,0.00023,0.00005,0.00002,0.00023,0.00006,0.00049,0.00002,0.00024,0.00068,0.00038,0.0015,0.00024,0.00014,0.0949,0.00036,0.00067,0.0,0.0,0.00017,0.00004,0.00006,0.0039,0.001,0.00002,0.00097,0.0022,0.00015,0.00006,0.00004,0.00003,0.0043,0.0013,0.00047,0.00054,0.002,0.0023,0.5841,0.00003,0.0001,0.00002,0.00023
8080351,0.0,0.0,0.0,0.002,0.0035,0.0035,0.0385,0.003,0.0027,0.00005,0.00002,0.00008,0.00006,0.014,0.0,0.00018,0.0013,0.00017,0.00056,0.0007,0.0,0.0432,0.00004,0.00045,0.0,0.0,0.00009,0.0,0.0,0.00013,0.0146,0.0,0.00023,0.0018,0.00015,0.0,0.0,0.00003,0.0014,0.1068,0.0171,0.00054,0.0168,0.0054,0.05,0.0,0.0,0.00004,0.00054
8561201,0.0,0.0,0.0,0.0143,0.0014,0.6548,0.0757,0.0185,0.00015,0.0,0.00007,0.00078,0.00006,0.6778,0.0,0.0023,0.0026,0.00019,0.00065,0.00024,0.00006,0.0123,0.00017,0.00026,0.0,0.0,0.00039,0.00024,0.0,0.00039,0.022,0.00023,0.00071,0.8263,0.00001,0.00003,0.0,0.00004,0.0013,0.009,0.0021,0.0032,0.008,0.0112,0.0077,0.0,0.0,0.0002,0.0
9460801,0.00005,0.00002,0.00049,0.0023,0.0397,0.0089,0.0056,0.0016,0.00023,0.0014,0.00003,0.00004,0.00006,0.0017,0.0,0.0013,0.0098,0.00038,0.0025,0.00057,0.00005,0.0715,0.00017,0.003,0.0,0.00078,0.00034,0.00004,0.0,0.0081,0.00095,0.00003,0.00071,0.0029,0.0284,0.00065,0.00013,0.00004,0.004,0.003,0.00099,0.0016,0.002,0.0041,0.0162,0.00003,0.0,0.00016,0.00041
11059671,0.00003,0.0,0.00045,0.00072,0.9816,0.00073,0.0078,0.0016,0.00023,0.00001,0.00002,0.00008,0.00006,0.00091,0.0,0.00016,0.00021,0.00017,0.00056,0.00099,0.00005,0.16,0.00005,0.00085,0.0,0.0,0.00009,0.00002,0.0,0.001,0.0017,0.00003,0.00029,0.0007,0.00001,0.00005,0.00022,0.00004,0.0056,0.0026,0.00047,0.001,0.00099,0.0041,0.0039,0.00003,0.0,0.00004,0.00023
11115331,0.0,0.0,0.00001,0.0061,0.001,0.0035,0.1096,0.026,0.00023,0.0,0.00003,0.00078,0.00006,0.0023,0.0,0.0053,0.00034,0.00038,0.0,0.00016,0.00002,0.0123,0.00027,0.00073,0.00002,0.0,0.00091,0.00002,0.0,0.00033,0.5902,0.00006,0.0196,0.0074,0.00015,0.0,0.0,0.0,0.0112,0.02,0.0045,0.0077,0.0027,0.0054,0.0385,0.0,0.0,0.00016,0.00006
11844891,0.0,0.0,0.0001,0.0061,0.001,0.00052,0.0598,0.0063,0.00015,0.00005,0.00002,0.0125,0.00007,0.0261,0.0,0.002,0.00021,0.0013,0.0025,0.0004,0.00006,0.0268,0.00017,0.0019,0.0,0.0,0.0003,0.00002,0.0,0.0053,0.0024,0.001,0.00023,0.0123,0.00015,0.00003,0.00004,0.0,0.0105,0.0058,0.0012,0.002,0.0468,0.0156,0.0035,0.0,0.0,0.00004,0.741
15221931,0.0,0.0,0.0,0.0015,0.00016,0.0011,0.00084,0.0108,0.00015,0.0,0.00002,0.0,0.00006,0.0039,0.0,0.00016,0.00068,0.00019,0.0077,0.00024,0.00006,0.004,0.00034,0.00045,0.0,0.0,0.00034,0.00004,0.0,0.00013,0.00057,0.0,0.00029,0.8263,0.00001,0.0,0.0,0.00003,0.0112,0.0036,0.00049,0.00054,0.002,0.1119,0.0385,0.0,0.0,0.00001,0.00023
15292181,0.00003,0.0,0.0,0.00044,0.00064,0.00052,0.0016,0.00069,0.00015,0.00005,0.00007,0.00002,0.00007,0.00091,0.0,0.00024,0.00068,0.00017,0.00095,0.00016,0.00006,0.0017,0.0,0.00045,0.0,0.00004,0.00009,0.00004,0.0,0.00013,0.0024,0.00006,0.00029,0.0014,0.00001,0.00006,0.0,0.00004,0.0032,0.0029,0.00032,0.0016,0.00099,0.0013,0.0021,0.0,0.0,0.0,0.00013
15365721,0.0036,0.00002,0.0001,0.0017,0.2292,0.0011,0.006,0.0024,0.00023,0.00005,0.00045,0.00023,0.00006,0.0039,0.0,0.00024,0.00021,0.00038,0.0035,0.00022,0.00003,0.0023,0.00034,0.00067,0.0,0.00004,0.00009,0.0006,0.0,0.00054,0.0016,0.00003,0.00071,0.0017,0.004,0.0048,0.00004,0.00066,0.0028,0.0026,0.00047,0.00084,0.00099,0.0099,0.0795,0.00003,0.0,0.00004,0.0013
16096861,0.0,0.0,0.0,0.0015,0.0717,0.00018,0.0757,0.0049,0.00015,0.0,0.00001,0.00002,0.00006,0.00063,0.0,0.00022,0.00021,0.00019,0.007,0.0031,0.00002,0.2442,0.00005,0.00067,0.0,0.0,0.00034,0.00004,0.0,0.0018,0.00077,0.00002,0.00023,0.0078,0.00015,0.00003,0.0,0.00004,0.004,0.8364,0.00032,0.001,0.0112,0.0316,0.024,0.0,0.0,0.00001,0.00022
16218121,0.00005,0.0,0.00001,0.0034,0.0033,0.0013,0.016,0.0045,0.0027,0.00005,0.00002,0.00008,0.00006,0.0017,0.0,0.0023,0.0019,0.00075,0.007,0.00059,0.00016,0.0075,0.00005,0.0003,0.0,0.00004,0.00091,0.00024,0.0,0.0053,0.0013,0.00017,0.0011,0.0047,0.0758,0.00003,0.00004,0.0,0.00067,0.0026,0.0065,0.0012,0.0055,0.0037,0.8239,0.00003,0.00002,0.00001,0.00041
16199141,0.0,0.0,0.00007,0.0061,0.0121,0.0027,0.0385,0.0108,0.00015,0.00001,0.00002,0.00023,0.00007,0.003,0.0,0.002,0.0047,0.00017,0.0046,0.0004,0.00014,0.0415,0.0037,0.0019,0.0,0.0,0.00009,0.00002,0.0,0.001,0.021,0.00017,0.00029,0.0035,0.00015,0.00003,0.00003,0.00003,0.0079,0.0018,0.00099,0.0029,0.0323,0.0099,0.0021,0.0,0.0,0.00043,0.00013
16249421,0.0,0.0,0.0001,0.0,0.00016,0.2124,0.0,0.0,0.00023,0.00001,0.00045,0.0041,0.0,0.0,0.0,0.0,0.0,0.00017,0.00065,0.00006,0.0,0.00031,0.0,0.0101,0.00002,0.0,0.00009,0.00024,0.0,0.00033,0.0024,0.00002,0.0042,0.0,0.00001,0.0,0.00004,0.00043,0.0074,0.00027,0.00012,0.0,0.0071,0.0023,0.9864,0.0221,0.9895,0.0,0.0
16988561,0.0,0.0,0.00001,0.0015,0.00064,0.0035,0.0175,0.0108,0.0011,0.00021,0.00007,0.00002,0.00006,0.097,0.0,0.00018,0.0047,0.00017,0.0018,0.0007,0.00005,0.0099,0.00017,0.0019,0.0,0.0,0.00009,0.00004,0.0,0.0004,0.0024,0.00003,0.00034,0.0047,0.00001,0.0,0.00004,0.00003,0.0105,0.0053,0.00049,0.001,0.0288,0.0393,0.0544,0.0,0.0,0.00004,0.00023
17714521,0.0,0.0,0.0011,0.0015,0.0246,0.0089,0.025,0.0049,0.0027,0.00005,0.00007,0.00023,0.0018,0.005,0.0,0.0053,0.0047,0.00075,0.0016,0.00057,0.00006,0.0123,0.00017,0.003,0.0,0.00004,0.00034,0.00024,0.0,0.0081,0.0016,0.00006,0.00034,0.0113,0.00024,0.00003,0.00013,0.00018,0.0028,0.003,0.0039,0.0066,0.0071,0.0183,0.6306,0.0,0.0,0.00004,0.00041
17918531,0.0,0.0,0.0001,0.0023,0.9645,0.0011,0.0326,0.0024,0.00037,0.00005,0.00007,0.00023,0.00006,0.00091,0.0,0.00024,0.0001,0.00019,0.0017,0.00099,0.00005,0.0537,0.00005,0.0021,0.0,0.0,0.00009,0.0,0.0,0.0018,0.00077,0.0,0.00029,0.0012,0.00001,0.00003,0.00004,0.00004,0.0079,0.009,0.00049,0.00084,0.0071,0.0099,0.0201,0.0,0.0,0.00002,0.00023
18634851,0.0,0.0,0.00001,0.0015,0.00049,0.00095,0.0138,0.0012,0.00062,0.00036,0.00002,0.00002,0.00006,0.0023,0.0,0.00022,0.00021,0.00038,0.00065,0.00016,0.0016,0.00081,0.00017,0.00056,0.0,0.0,0.00017,0.0006,0.0,0.00018,0.0039,0.00017,0.00056,0.0022,0.00001,0.0,0.0,0.00003,0.0074,0.0015,0.0021,0.00009,0.0027,0.0023,0.0121,0.0,0.0,0.00002,0.00054
18839471,0.0,0.0,0.00001,0.0061,0.001,0.00052,0.0367,0.017,0.00015,0.0,0.0,0.00004,0.00039,0.1369,0.0,0.0013,0.00021,0.00017,0.0025,0.00057,0.00002,0.0041,0.0,0.00067,0.0,0.0,0.0003,0.00002,0.0,0.00033,0.0542,0.00002,0.00097,0.0014,0.00001,0.0,0.00003,0.0,0.6231,0.0115,0.0026,0.0029,0.0167,0.2035,0.0385,0.0,0.0,0.00002,0.00077
18299151,0.0,0.0,0.0,0.1406,0.0023,0.00052,0.0175,0.0185,0.00015,0.00001,0.00001,0.0034,0.00007,0.1652,0.0,0.00022,0.00047,0.00038,0.00065,0.00057,0.00005,0.0224,0.0037,0.0003,0.0,0.0,0.00017,0.00001,0.0,0.0004,0.0024,0.00002,0.0345,0.0143,0.00001,0.0,0.0,0.0,0.0015,0.769,0.00015,0.00033,0.00099,0.0316,0.0106,0.0,0.00002,0.0506,0.00054
18787971,0.0,0.0,0.0,0.00093,0.2057,0.0325,0.0089,0.0024,0.00023,0.00021,0.00007,0.0,0.00002,0.0034,0.0,0.00018,0.0022,0.00038,0.0025,0.00057,0.00002,0.0123,0.00017,0.00045,0.0,0.0,0.00009,0.00002,0.0,0.00033,0.00057,0.00002,0.00029,0.0029,0.00032,0.0,0.0,0.00066,0.0013,0.007,0.00037,0.0016,0.005,0.0239,0.8787,0.0,0.0029,0.0,0.00023
19353731,0.0,0.00002,0.00001,0.00072,0.0012,0.0011,0.0834,0.0035,0.00015,0.00021,0.00002,0.00002,0.0007,0.0041,0.0,0.0013,0.00021,0.0013,0.0165,0.00016,0.00002,0.025,0.00005,0.0003,0.00002,0.0,0.00004,0.00001,0.0,0.0013,0.0012,0.00003,0.00029,0.025,0.00001,0.0,0.00002,0.0,0.0028,0.00027,0.00047,0.0042,0.435,0.0049,0.00096,0.0,0.0,0.00004,0.0248
32459431,0.0,0.0,0.0,0.0023,0.00049,0.0119,0.0834,0.0106,0.00062,0.0,0.0,0.00002,0.00006,0.0023,0.0,0.0018,0.00021,0.00017,0.0187,0.0025,0.00002,0.0525,0.00005,0.00026,0.0,0.0,0.00034,0.00001,0.0,0.0001,0.0024,0.00003,0.00029,0.0532,0.00001,0.0,0.0,0.00028,0.0013,0.0053,0.00032,0.00054,0.002,0.1798,0.0013,0.0,0.0,0.2358,0.00013
20362421,0.0,0.0,0.00001,0.00045,0.0419,0.0071,0.0056,0.0024,0.00023,0.00036,0.0142,0.00008,0.00006,0.00075,0.0,0.0013,0.00026,0.00038,0.00065,0.00024,0.00005,0.0268,0.00036,0.00067,0.0,0.00004,0.00017,0.00025,0.0,0.0018,0.0016,0.00003,0.0026,0.0063,0.00015,0.00003,0.00003,0.00018,0.0079,0.0084,0.0021,0.00033,0.005,0.0099,0.9094,0.0,0.00006,0.00002,0.00023
20012471,0.00005,0.00002,0.0037,0.006,0.0042,0.0225,0.0087,0.0054,0.00073,0.00011,0.00002,0.8581,0.00006,0.011,0.0,0.0011,0.0047,0.00017,0.011,0.0005,0.00006,0.0112,0.00017,0.0409,0.00002,0.00004,0.00009,0.00004,0.0,0.00033,0.0039,0.00017,0.00071,0.0021,0.00032,0.00076,0.00013,0.00004,0.0028,0.0064,0.0019,0.00058,0.0074,0.0041,0.043,0.0,0.0,0.00002,0.0013
20419981,0.0,0.0,0.00001,0.0023,0.9865,0.00052,0.0147,0.0011,0.00015,0.00005,0.00001,0.00002,0.00039,0.0072,0.0,0.00071,0.0047,0.00017,0.0025,0.0005,0.00005,0.0782,0.00004,0.00026,0.0,0.0,0.00009,0.00016,0.0,0.0039,0.00057,0.00003,0.00014,0.0,0.00015,0.00003,0.0,0.00004,0.0044,0.0011,0.00032,0.001,0.00072,0.0014,0.0056,0.0,0.0,0.00001,0.00023
20369271,0.0,0.0,0.0016,0.00072,0.9398,0.0017,0.00084,0.0025,0.00015,0.4,0.0072,0.00023,0.00006,0.00075,0.0,0.00018,0.0114,0.00012,0.00095,0.00022,0.00002,0.0123,0.00017,0.00085,0.0,0.0,0.00009,0.0769,0.0,0.0053,0.00057,0.0,0.00029,0.0113,0.00001,0.00003,0.00013,0.00066,0.6231,0.0026,0.00026,0.00058,0.002,0.0014,0.0385,0.0,0.0,0.00001,0.00041
19074541,0.0,0.0,0.0,0.00015,0.001,0.0013,0.7908,0.0024,0.00015,0.0,0.0,0.00002,0.00026,0.00049,0.0,0.0265,0.00021,0.00039,0.0035,0.00016,0.00002,0.0075,0.00005,0.00026,0.00002,0.0,0.00009,0.0,0.0,0.0081,0.01,0.00017,0.00071,0.0292,0.00001,0.0,0.0,0.0,0.004,0.0413,0.00032,0.0635,0.0059,0.0023,0.0039,0.0,0.0,0.00002,0.00022
20461011,0.0,0.00002,0.0,0.2404,0.0023,0.0011,0.1253,0.0035,0.00023,0.00001,0.00001,0.00004,0.00006,0.0072,0.0,0.00037,0.00021,0.00038,0.0041,0.00099,0.00006,0.0268,0.00017,0.00045,0.0,0.0,0.00055,0.00024,0.0,0.00033,0.0024,0.00006,0.00023,0.0014,0.00009,0.0,0.0,0.00004,0.0155,0.0064,0.00099,0.0029,0.0323,0.0112,0.0035,0.0,0.0,0.00002,0.0011
20608001,0.00003,0.00002,0.00049,0.0023,0.9398,0.0012,0.0016,0.0012,0.00062,0.00001,0.0,0.00023,0.00006,0.0023,0.0,0.00022,0.0022,0.00038,0.00095,0.00034,0.00014,0.0148,0.00017,0.00045,0.0,0.0,0.00017,0.00001,0.0,0.0081,0.0012,0.00003,0.00014,0.0014,0.00015,0.00033,0.00004,0.00004,0.004,0.0013,0.00047,0.00054,0.00099,0.0025,0.0121,0.0,0.0,0.00002,0.00041
20629611,0.0,0.0,0.0,0.0046,0.0014,0.0008,0.0249,0.0185,0.00015,0.00001,0.00007,0.0034,0.00007,0.0059,0.0,0.0122,0.0001,0.00017,0.00021,0.0005,0.00002,0.2834,0.00011,0.00023,0.0,0.0,0.00034,0.0,0.0,0.00013,0.0039,0.00006,0.00023,0.0063,0.00001,0.0,0.0,0.00003,0.00067,0.8664,0.0021,0.00009,0.0204,0.0023,0.0021,0.0,0.0,0.00008,0.00041
20650601,0.0,0.0,0.0,0.00093,0.0052,0.0575,0.7908,0.003,0.00023,0.00001,0.00002,0.00078,0.00007,0.0072,0.0,0.00016,0.0022,0.00017,0.0031,0.0025,0.00016,0.2049,0.00005,0.0025,0.0,0.0,0.00009,0.0,0.0,0.0026,0.0016,0.00023,0.00014,0.025,0.00001,0.00003,0.0,0.00003,0.0014,0.0624,0.00099,0.0042,0.0074,0.0093,0.0121,0.0,0.0,0.00002,0.00041
21112701,0.0,0.0,0.0,0.0661,0.00064,0.00052,0.0249,0.0088,0.0093,0.0,0.00002,0.0012,0.00007,0.0072,0.0,0.0017,0.00021,0.00017,0.00056,0.00057,0.00005,0.0123,0.00049,0.00026,0.0,0.0,0.00009,0.0,0.0,0.00079,0.0016,0.00006,0.0026,0.0017,0.00001,0.0,0.0,0.0,0.0182,0.009,0.0019,0.016,0.0323,0.0054,0.0017,0.0,0.0,0.00008,0.00061
24606601,0.0,0.0,0.0,0.00072,0.00064,0.0022,0.8213,0.00042,0.00015,0.00001,0.00001,0.00006,0.0007,0.00041,0.0,0.0017,0.0013,0.00017,0.0016,0.7732,0.00014,0.0279,0.00005,0.0003,0.0,0.0,0.0019,0.00016,0.0,0.0001,0.00057,0.00017,0.0014,0.1965,0.00001,0.0,0.0,0.0,0.0079,0.009,0.00015,0.5875,0.0062,0.0112,0.00086,0.0,0.0,0.00002,0.00022
25649991,0.0,0.0,0.00001,0.1443,0.00033,0.0011,0.2162,0.0016,0.00023,0.00005,0.00002,0.00002,0.00039,0.00041,0.0,0.00024,0.0024,0.0021,0.0035,0.0031,0.00002,0.0017,0.00005,0.0014,0.00002,0.0,0.00055,0.0,0.0,0.0111,0.00057,0.00006,0.00071,0.0028,0.00001,0.0,0.00004,0.00004,0.0079,0.0013,0.00047,0.00084,0.0168,0.0716,0.0121,0.0,0.00002,0.00001,0.00077
26321021,0.0,0.0,0.0,0.0912,0.00016,0.00052,0.0385,0.033,0.00015,0.00005,0.00002,0.00002,0.00006,0.0039,0.0,0.00022,0.0001,0.0011,0.0017,0.00016,0.00003,0.2107,0.00034,0.00026,0.0,0.0,0.0021,0.00002,0.0,0.00013,0.491,0.00003,0.00014,0.0525,0.00001,0.0,0.0,0.0,0.0368,0.8364,0.00032,0.00006,0.008,0.0393,0.0035,0.0,0.0,0.00003,0.00077
26683601,0.00003,0.0,0.0037,0.0029,0.0043,0.0022,0.0087,0.0133,0.0027,0.00011,0.00003,0.00006,0.00006,0.015,0.0,0.00024,0.0019,0.00075,0.0015,0.00022,0.00002,0.0119,0.00005,0.0263,0.0,0.0,0.00009,0.00003,0.0,0.00054,0.003,0.00003,0.00086,0.0029,0.00009,0.00003,0.00022,0.00004,0.0822,0.0201,0.00047,0.00084,0.00099,0.0099,0.6935,0.0,0.00027,0.00002,0.00041
27180681,0.00005,0.00002,0.00049,0.0023,0.0014,0.0027,0.0056,0.0022,0.0507,0.00019,0.00007,0.00008,0.00007,0.0072,0.0,0.00024,0.004,0.00071,0.0107,0.00024,0.00016,0.0066,0.0081,0.003,0.0,0.00004,0.00017,0.00024,0.00038,0.0064,0.0012,0.00006,0.00097,0.0063,0.00032,0.00033,0.00004,0.00004,0.0019,0.0088,0.004,0.001,0.0168,0.0204,0.1045,0.00004,0.00006,0.00014,0.00077
27756441,0.0,0.0,0.00001,0.00015,0.00016,0.014,0.9203,0.00042,0.00023,0.0012,0.00002,0.00002,0.0053,0.0,0.0,0.0314,0.0001,0.00038,0.0,0.0191,0.00005,0.2107,0.00027,0.00045,0.0,0.0,0.00034,0.00001,0.0,0.00033,0.0013,0.001,0.00023,0.0621,0.00001,0.0,0.00002,0.0015,0.0651,0.0249,0.00012,0.5714,0.0027,0.0014,0.0021,0.00003,0.0,0.00001,0.00013
27768761,0.00003,0.00002,0.00018,0.006,0.0083,0.0017,0.0147,0.0054,0.0011,0.00019,0.00007,0.00002,0.00006,0.0066,0.0,0.00024,0.00068,0.00038,0.0025,0.00024,0.00005,0.0018,0.00017,0.00067,0.0,0.00004,0.0003,0.0,0.0,0.0018,0.001,0.00006,0.00071,0.0017,0.0024,0.00065,0.00003,0.00018,0.00089,0.0064,0.0045,0.0077,0.005,0.0099,0.0513,0.0,0.00002,0.00002,0.00051
27825381,0.0,0.0,0.0,0.00015,0.00016,0.0448,0.9818,0.00042,0.00015,0.0,0.0,0.00008,0.00006,0.00041,0.0,0.0018,0.0001,0.00017,0.0031,0.3972,0.0167,0.004,0.0,0.00044,0.0,0.0,0.0417,0.00002,0.0,0.001,0.0024,0.00003,0.00014,0.0183,0.0,0.0,0.0,0.0,0.0152,0.0058,0.00012,0.7832,0.00072,0.0017,0.00025,0.0,0.0,0.00002,0.00013
27470171,0.00003,0.00002,0.0,0.0061,0.001,0.0011,0.00076,0.0049,0.00023,0.00005,0.00001,0.00004,0.00006,0.00041,0.0,0.00018,0.00021,0.00071,0.0046,0.00022,0.00005,0.00031,0.00004,0.00023,0.0,0.00004,0.0003,0.00036,0.0,0.00013,0.00076,0.00003,0.00034,0.0012,0.00015,0.00003,0.00002,0.0,0.0056,0.00051,0.0171,0.00009,0.0112,0.0023,0.0162,0.0,0.0,0.00001,0.0087
28665331,0.00003,0.0,0.00006,0.0046,0.00033,0.0225,0.025,0.0049,0.00023,0.00001,0.00002,0.00008,0.00007,0.011,0.0,0.00071,0.00021,0.00038,0.00095,0.0005,0.00005,0.0101,0.00005,0.00045,0.00002,0.0,0.00034,0.00003,0.0,0.00039,0.00077,0.00017,0.00014,0.0029,0.00001,0.00003,0.00004,0.00028,0.00067,0.0015,0.0368,0.0016,0.0027,0.0023,0.0121,0.00004,0.0,0.00043,0.0017
28687401,0.0,0.0,0.0,0.0015,0.00016,0.00018,0.00084,0.0016,0.00015,0.0,0.0,0.00002,0.00006,0.00075,0.0,0.00008,0.0001,0.00019,0.0031,0.00006,0.00006,0.00031,0.00005,0.00027,0.0,0.0,0.00009,0.0,0.0,0.0013,0.00077,0.00006,0.00029,0.00061,0.00001,0.0,0.0,0.0,0.00067,0.00037,0.004,0.00006,0.002,0.0014,0.0039,0.0,0.0,0.00004,0.0018
28927961,0.0,0.0,0.0,0.006,0.00064,0.0017,0.2052,0.0133,0.00015,0.0,0.00001,0.00008,0.00039,0.0072,0.0,0.2074,0.0001,0.00038,0.0323,0.00057,0.00005,0.0052,0.00027,0.00026,0.0,0.0,0.00009,0.0,0.0,0.00079,0.0016,0.00045,0.00029,0.0047,0.00009,0.0,0.0,0.0,0.0112,0.02,0.0039,0.0906,0.0227,0.0248,0.0039,0.0,0.0,0.00002,0.00013
29089221,0.0,0.0,0.0,0.0938,0.00033,0.0022,0.1612,0.0088,0.00015,0.00001,0.00003,0.00002,0.00064,0.0585,0.0,0.0013,0.0001,0.0021,0.0035,0.00099,0.00005,0.1379,0.00017,0.00018,0.0,0.0,0.0019,0.00001,0.0,0.00079,0.0146,0.00006,0.00014,0.0901,0.00001,0.0,0.0,0.00003,0.0028,0.0405,0.0012,0.0042,0.0288,0.0183,0.0062,0.0,0.00004,0.00003,0.0017
29172241,0.0,0.0,0.0,0.0015,0.001,0.0011,0.0147,0.1456,0.00015,0.00001,0.00002,0.0125,0.00007,0.0683,0.0,0.00016,0.00068,0.00017,0.00065,0.0007,0.00057,0.1228,0.00049,0.00026,0.0,0.0,0.00017,0.00004,0.0,0.00013,0.3846,0.00017,0.0014,0.0233,0.00001,0.0,0.0,0.0,0.0374,0.0249,0.00049,0.0016,0.0028,0.0442,0.0265,0.0,0.0,0.1194,0.0011
29279071,0.0,0.0,0.0,0.0039,0.00033,0.0008,0.0039,0.0062,0.00015,0.0,0.00001,0.00065,0.00006,0.2452,0.0,0.00008,0.0001,0.00017,0.0323,0.0015,0.0102,0.0017,0.00004,0.00056,0.0,0.0,0.00091,0.0,0.0,0.00033,0.0048,0.00017,0.00029,0.0035,0.0,0.0,0.0,0.0,0.004,0.0015,0.00049,0.00058,0.7348,0.0112,0.0013,0.0,0.0,0.00002,0.741
29233751,0.0,0.0,0.0,0.0661,0.0023,0.0225,0.1021,0.0045,0.00015,0.00005,0.00002,0.00006,0.00006,0.0023,0.0,0.0065,0.00021,0.00017,0.0018,0.00024,0.00016,0.0123,0.00027,0.00026,0.0,0.0,0.00017,0.00002,0.0,0.00033,0.0024,0.0012,0.00029,0.008,0.00001,0.0,0.0,0.00003,0.0019,0.0064,0.00032,0.0056,0.0059,0.0052,0.0121,0.0,0.0,0.0,0.00022
29236921,0.0,0.0,0.0,0.0003,0.0103,0.0022,0.3344,0.0015,0.00023,0.00001,0.00002,0.00002,0.00039,0.0034,0.0,0.0011,0.00021,0.00017,0.0035,0.0044,0.00005,0.0023,0.00005,0.00056,0.0,0.0,0.00009,0.00003,0.0,0.0111,0.021,0.00002,0.00097,0.0233,0.00015,0.0,0.0,0.0,0.0194,0.0064,0.0039,0.0179,0.0261,0.0014,0.0121,0.0,0.0,0.00002,0.00023
29759891,0.00003,0.00002,0.0011,0.0088,0.001,0.0147,0.0056,0.0038,0.00062,0.00001,0.00001,0.00078,0.00006,0.014,0.0,0.00016,0.00068,0.00017,0.00065,0.00059,0.0016,0.0017,0.0,0.00045,0.0,0.0,0.00009,0.00001,0.0,0.00013,0.00013,0.00017,0.00041,0.0063,0.00015,0.00003,0.0018,0.0,0.0044,0.0026,0.00099,0.00054,0.002,0.0014,0.9741,0.0,0.0012,0.00002,0.00023
30481631,0.0,0.0,0.00006,0.00045,0.9544,0.0008,0.0147,0.00013,0.00015,0.0,0.0,0.00002,0.00002,0.00026,0.0,0.00016,0.0,0.0,0.00021,0.00022,0.00002,0.274,0.00004,0.001,0.0,0.0,0.00017,0.00001,0.0,0.00017,0.00077,0.00003,0.00014,0.0014,0.00001,0.00003,0.00022,0.0,0.0079,0.0013,0.00012,0.00009,0.002,0.0041,0.1851,0.0,0.0364,0.0137,0.00006
30766591,0.0,0.0,0.0,0.264,0.00033,0.00095,0.1368,0.00069,0.00023,0.00005,0.00001,0.00023,0.00006,0.0072,0.0,0.0017,0.00021,0.00038,0.0264,0.00024,0.00014,0.0224,0.00004,0.00026,0.0,0.0,0.0143,0.00001,0.0,0.00013,0.00076,0.0012,0.00097,0.0035,0.00001,0.0,0.0,0.0,0.0155,0.0498,0.0012,0.0015,0.00072,0.0442,0.0025,0.0,0.0,0.0,0.0018
30796921,0.0,0.0,0.0,0.00072,0.0014,0.3458,0.0175,0.0,0.00015,0.00005,0.00007,0.00008,0.00002,0.00075,0.0,0.00016,0.00021,0.0,0.00065,0.00008,0.0,0.0029,0.00005,0.00026,0.0,0.0,0.00004,0.00002,0.0,0.00033,0.00077,0.00006,0.9147,0.0017,0.0,0.0,0.0,0.00003,0.0152,0.0012,0.00012,0.00054,0.0033,0.00083,0.9573,0.0,0.9956,0.0,0.00051
30775261,0.0,0.0,0.0,0.00072,0.00033,0.0668,0.8487,0.0016,0.00023,0.00021,0.00007,0.0034,0.00006,0.005,0.0,0.00016,0.00021,0.00017,0.0151,0.0025,0.00006,0.0224,0.00011,0.00045,0.0,0.0,0.00009,0.0,0.0,0.0026,0.0016,0.00017,0.0042,0.0428,0.00001,0.0,0.0,0.00034,0.0254,0.009,0.00047,0.0407,0.00072,0.007,0.0385,0.0,0.0,0.00004,0.0011
30950321,0.00003,0.00002,0.0021,0.0017,0.001,0.1603,0.0175,0.017,0.1201,0.0,0.00001,0.013,0.00007,0.0039,0.0,0.00024,0.004,0.00038,0.0063,0.0005,0.00006,0.0899,0.0005,0.0101,0.0,0.0,0.00091,0.00024,0.0,0.0053,0.021,0.0012,0.0274,0.0017,0.00001,0.00033,0.00004,0.0,0.0254,0.0053,0.0045,0.0032,0.0499,0.0109,0.0076,0.00003,0.00002,0.00073,0.00054
30999031,0.0,0.0,0.0,0.0023,0.00049,0.00052,0.0031,0.0024,0.0027,0.00005,0.0,0.00002,0.00006,0.00041,0.0,0.0013,0.00021,0.00017,0.0025,0.00022,0.00006,0.0079,0.00049,0.00018,0.0,0.0,0.00017,0.00025,0.0,0.00039,0.0017,0.00006,0.00071,0.0018,0.00015,0.00003,0.0,0.00003,0.0028,0.0064,0.0045,0.001,0.0045,0.0017,0.3688,0.0,0.0,0.00003,0.00023
31492131,0.0,0.0,0.0,0.002,0.00016,0.0277,0.0282,0.00042,0.00023,0.00005,0.00002,0.00023,0.00006,0.00041,0.0,0.00024,0.0013,0.00038,0.0025,0.0007,0.00002,0.0123,0.0037,0.00045,0.00002,0.0,0.00004,0.00002,0.0,0.00079,0.0017,0.00002,0.0387,0.0014,0.00001,0.00003,0.00003,0.0,0.00067,0.0026,0.00015,0.00009,0.0055,0.0023,0.9021,0.00003,0.9913,0.00002,0.00013
31615771,0.0,0.0,0.0,0.0028,0.0012,0.0013,0.2162,0.003,0.00023,0.00005,0.0,0.00008,0.0007,0.0017,0.9126,0.0023,0.00021,0.00038,0.0035,0.0004,0.00014,0.0099,0.00017,0.00045,0.0,0.0,0.019,0.0,0.0,0.001,0.00013,0.0,0.00014,0.8263,0.00001,0.0,0.0,0.0,0.077,0.8364,0.00036,0.0016,0.0261,0.0017,0.0077,0.0,0.0001,0.00003,0.00041
32710291,0.0,0.0,0.0,0.0016,0.001,0.0119,0.0468,0.0108,0.00015,0.00005,0.00002,0.0,0.00007,0.0046,0.0,0.0013,0.0001,0.00038,0.013,0.0191,0.00002,0.0101,0.0005,0.00067,0.0,0.0,0.00039,0.00002,0.0,0.0002,0.0048,0.00006,0.00071,0.0007,0.00015,0.0,0.0,0.00003,0.0013,0.0013,0.0021,0.0179,0.0031,0.0052,0.0323,0.0,0.0,0.00003,0.0013
33285701,0.0,0.0,0.0,0.0268,0.0052,0.0022,0.1368,0.0056,0.00062,0.0,0.00001,0.00002,0.00006,0.002,0.0,0.00018,0.0012,0.00038,0.0025,0.0044,0.00002,0.0525,0.00005,0.00045,0.0,0.0,0.00039,0.00003,0.0,0.0119,0.0024,0.00003,0.00029,0.0889,0.00015,0.0,0.0,0.0,0.0105,0.0026,0.00032,0.0176,0.0027,0.8524,0.0062,0.0,0.0,0.00001,0.00041
33297991,0.0,0.0,0.0,0.00072,0.00064,0.0022,0.1253,0.5938,0.00037,0.0,0.00001,0.00002,0.00006,0.9609,0.0,0.00016,0.00021,0.00017,0.0018,0.0069,0.00006,0.5921,0.00005,0.00045,0.0,0.0,0.00009,0.0,0.0,0.00079,0.00057,0.00003,0.0026,0.1148,0.00001,0.0,0.0,0.0,0.0079,0.0013,0.00026,0.0105,0.0845,0.0025,0.0013,0.0,0.00002,0.00002,0.00041
25330102,0.00003,0.0,0.0,0.0023,0.00016,0.0315,0.025,0.0056,0.0027,0.00011,0.00007,0.00002,0.00006,0.0014,0.0,0.00022,0.0012,0.00017,0.0,0.0031,0.00002,0.0268,0.0037,0.0003,0.0,0.0,0.00017,0.00036,0.0,0.0002,0.00095,0.00006,0.00034,0.0292,0.00024,0.00076,0.0,0.00004,0.0044,0.0249,0.0019,0.0013,0.0323,0.0033,0.0062,0.00003,0.1646,0.00002,0.00013
1115632,0.00003,0.0,0.0011,0.00072,0.4062,0.023,0.025,0.0015,0.00059,0.00005,0.00002,0.00002,0.00006,0.0034,0.0,0.00094,0.00026,0.0013,0.00056,0.00089,0.00002,0.1166,0.00034,0.00045,0.0,0.00004,0.00009,0.00036,0.0,0.0032,0.00095,0.00006,0.00029,0.0033,0.00032,0.00003,0.00004,0.00003,0.0028,0.0333,0.0019,0.00084,0.00099,0.0393,0.0076,0.00003,0.0,0.00002,0.00023
7470882,0.00003,0.0,0.0001,0.0039,0.0121,0.0011,0.0603,0.0073,0.0018,0.00019,0.00002,0.00078,0.00006,0.0039,0.0,0.0013,0.0013,0.0013,0.0019,0.00057,0.00014,0.0018,0.00017,0.0019,0.0,0.0,0.00039,0.00003,0.0,0.0032,0.0048,0.00017,0.00041,0.0018,0.0013,0.00003,0.00004,0.00004,0.0112,0.0058,0.0129,0.0105,0.005,0.0086,0.0056,0.0,0.0,0.00008,0.00051
6381472,0.00003,0.00002,0.0001,0.0034,0.0035,0.0448,0.0834,0.0088,0.00062,0.00005,0.00002,0.00023,0.0007,0.003,0.0,0.0122,0.00034,0.00038,0.0025,0.0005,0.00005,0.0099,0.00027,0.0014,0.0,0.0,0.00009,0.00002,0.0,0.0026,0.0066,0.00003,0.00086,0.0047,0.00032,0.00003,0.00004,0.00004,0.003,0.0413,0.00099,0.0169,0.0204,0.0144,0.0474,0.0,0.0,0.00002,0.00051
6206962,0.0,0.0,0.0,0.0117,0.001,0.0011,0.0147,0.0025,0.0093,0.0,0.00001,0.00023,0.00006,0.015,0.0,0.0013,0.00068,0.0011,0.0046,0.00022,0.00005,0.2442,0.00004,0.00018,0.0,0.0,0.0015,0.00002,0.0,0.0018,0.0039,0.00002,0.00014,0.008,0.00001,0.0,0.0,0.00003,0.0014,0.007,0.0072,0.0029,0.0112,0.0023,0.0062,0.0,0.0,0.00003,0.00013
3421352,0.00005,0.0,0.0021,0.0029,0.0246,0.014,0.0175,0.0073,0.00062,0.00019,0.00007,0.0012,0.00006,0.0072,0.0,0.0122,0.0114,0.00075,0.0018,0.00089,0.00006,0.0224,0.0037,0.003,0.0,0.0,0.00092,0.00002,0.0,0.0022,0.021,0.00017,0.00071,0.0078,0.0024,0.00033,0.00003,0.0,0.0044,0.0309,0.004,0.0066,0.0168,0.7321,0.1331,0.0,0.0,0.00004,0.00013
3049282,0.00005,0.00002,0.0016,0.0028,0.0246,0.0225,0.0282,0.0016,0.0011,0.00005,0.00002,0.00023,0.00007,0.0023,0.0,0.0065,0.0026,0.0019,0.0019,0.00089,0.00006,0.1115,0.00049,0.0038,0.0,0.0,0.00009,0.00024,0.0,0.0013,0.0039,0.00006,0.0026,0.0032,0.00015,0.0002,0.00004,0.00043,0.003,0.02,0.0021,0.0066,0.0407,0.0041,0.4208,0.0,0.00002,0.00001,0.00061
3189332,0.00003,0.0,0.00049,0.002,0.0522,0.0011,0.0056,0.0987,0.0027,0.00082,0.00045,0.00004,0.00006,0.00041,0.0,0.0013,0.0012,0.00038,0.0025,0.00016,0.00014,0.00081,0.00008,0.0014,0.0,0.00004,0.00039,0.00002,0.0,0.001,0.00057,0.00006,0.00034,0.0047,0.00094,0.00033,0.00004,0.00004,0.0015,0.0133,0.0019,0.0013,0.0033,0.0051,0.0021,0.0,0.0,0.00016,0.00061
2491752,0.00005,0.0,0.0001,0.002,0.0023,0.0027,0.0282,0.0016,0.0015,0.00005,0.00002,0.0001,0.00007,0.0023,0.0,0.0013,0.0047,0.00038,0.00065,0.00034,0.00014,0.0123,0.00027,0.00045,0.0,0.0,0.0019,0.00003,0.0,0.001,0.003,0.00006,0.00034,0.0022,0.00015,0.00005,0.00004,0.00018,0.0152,0.007,0.0019,0.0018,0.002,0.0041,0.124,0.0,0.0,0.00003,0.00023
2202982,0.0,0.0,0.00001,0.0023,0.0023,0.0061,0.0078,0.0024,0.00023,0.00036,0.00007,0.00078,0.00002,0.011,0.0,0.00024,0.00068,0.0019,0.0018,0.00057,0.00006,0.004,0.00017,0.0015,0.0,0.0,0.00017,0.00036,0.0,0.0119,0.00077,0.00006,0.00071,0.0035,0.00009,0.0,0.00013,0.00003,0.0152,0.007,0.00032,0.0056,0.0227,0.0201,0.6213,0.0,0.0,0.00002,0.002
1484762,0.00003,0.0,0.0001,0.0017,0.0052,0.0011,0.0175,0.0045,0.0011,0.00005,0.00003,0.0034,0.00006,0.0023,0.0,0.00022,0.00034,0.00038,0.0031,0.0005,0.00006,0.0099,0.00017,0.0019,0.0,0.0,0.00034,0.00002,0.0,0.00054,0.0024,0.00002,0.00034,0.0017,0.00001,0.00003,0.00004,0.00003,0.0028,0.0026,0.004,0.0032,0.0146,0.0054,0.0385,0.0,0.0,0.00008,0.00061
8483522,0.0,0.0,0.00049,0.00072,0.0246,0.0017,0.0468,0.0041,0.00015,0.00005,0.00002,0.00008,0.00006,0.0017,0.0,0.00016,0.00021,0.0021,0.0046,0.0004,0.00002,0.1469,0.00017,0.0129,0.0,0.0,0.00009,0.00004,0.0,0.00039,0.0016,0.00006,0.0029,0.0017,0.00001,0.00003,0.00022,0.0,0.004,0.02,0.0045,0.00084,0.0031,0.1119,0.9179,0.0,0.00027,0.0,0.00022
8488222,0.0,0.0,0.0001,0.0023,0.00064,0.0011,0.1103,0.003,0.00062,0.00005,0.00002,0.00023,0.00006,0.0072,0.0,0.00024,0.00026,0.00071,0.013,0.0069,0.00005,0.0314,0.00005,0.00067,0.0,0.00004,0.00091,0.0,0.0,0.00079,0.00095,0.00003,0.0014,0.0375,0.00001,0.0,0.0,0.00004,0.0105,0.0058,0.004,0.0105,0.7348,0.0112,0.0021,0.0,0.0,0.00002,0.1526
7964992,0.0,0.0,0.00006,0.0003,0.0052,0.0103,0.1105,0.0024,0.00015,0.00005,0.00002,0.00002,0.00039,0.003,0.0,0.0013,0.0022,0.0013,0.0018,0.0018,0.00005,0.0432,0.00008,0.00018,0.0,0.0,0.00017,0.00002,0.0,0.00033,0.0146,0.00003,0.00023,0.0017,0.00015,0.0,0.00004,0.00004,0.0028,0.009,0.025,0.0064,0.0097,0.0442,0.0121,0.0,0.0,0.0,0.00006
7526192,0.0,0.0,0.00001,0.0029,0.00033,0.00052,0.0089,0.00069,0.00015,0.00001,0.0,0.00008,0.00006,0.00091,0.0,0.00024,0.00015,0.00038,0.0035,0.00022,0.00002,0.0048,0.00017,0.00045,0.0,0.0,0.00004,0.00002,0.0,0.00033,0.0013,0.00091,0.00029,0.0007,0.00001,0.0,0.00013,0.0,0.00067,0.0058,0.00047,0.00084,0.0055,0.0014,0.0025,0.0,0.0,0.00001,0.00023
8733222,0.0,0.0,0.0,0.0357,0.001,0.0027,0.0598,0.0133,0.00015,0.0,0.00002,0.00078,0.00006,0.0434,0.0,0.0122,0.0001,0.00075,0.0015,0.0005,0.00006,0.0207,0.00005,0.0003,0.0,0.0,0.00009,0.0,0.0,0.0039,0.0146,0.00017,0.00029,0.0063,0.00001,0.0,0.0,0.00004,0.0194,0.0036,0.0021,0.1577,0.0071,0.0054,0.00096,0.0,0.0,0.00073,0.00051
8788082,0.0,0.0,0.00001,0.0003,0.0026,0.0315,0.9814,0.00086,0.00015,0.0,0.00001,0.00002,0.9178,0.005,0.0,0.9587,0.0,0.0011,0.0036,0.0005,0.00003,0.0279,0.00004,0.00045,0.00014,0.0,0.00034,0.00001,0.0,0.00079,0.00076,0.00006,0.00029,0.0733,0.00001,0.0,0.00002,0.00003,0.0013,0.0058,0.0129,0.0032,0.0027,0.0015,0.0039,0.0,0.0,0.00004,0.00041
8885582,0.00003,0.0,0.0,0.00072,0.0052,0.6573,0.0147,0.0133,0.00015,0.0014,0.00007,0.0034,0.00007,0.0014,0.0,0.0017,0.00068,0.0021,0.0018,0.00057,0.00051,0.0048,0.00027,0.00067,0.00014,0.0,0.00034,0.00016,0.0,0.00033,0.0048,0.00006,0.00034,0.0123,0.00015,0.00003,0.0,0.00004,0.0019,0.0036,0.00049,0.00033,0.0167,0.0014,0.2264,0.0,0.00002,0.00001,0.00013
9520072,0.0,0.0,0.0001,0.0061,0.001,0.00094,0.7908,0.0088,0.00015,0.00011,0.00003,0.00002,0.00006,0.00091,0.0,0.00024,0.00021,0.00038,0.0035,0.00057,0.00002,0.0119,0.00017,0.00026,0.0,0.0,0.00017,0.00024,0.0,0.001,0.00057,0.001,0.00097,0.0292,0.00001,0.00003,0.00004,0.00003,0.0509,0.0249,0.00037,0.0077,0.0071,0.0204,0.0323,0.0,0.0,0.00002,0.0013
10201422,0.0,0.0,0.0,0.00015,0.00016,0.0035,0.9203,0.0016,0.00015,0.0,0.00001,0.00008,0.00006,0.0394,0.0,0.94,0.0,0.00017,0.013,0.00024,0.00002,0.5921,0.0,0.00026,0.00002,0.0,0.00091,0.00002,0.0,0.00013,0.0263,0.00006,0.00023,0.0778,0.00001,0.0,0.0,0.0,0.0194,0.02,0.0021,0.0056,0.00099,0.0201,0.0013,0.0,0.0,0.00004,0.0
11190862,0.0,0.0,0.0,0.0034,0.1384,0.0027,0.0175,0.0016,0.00015,0.0,0.0,0.00008,0.00007,0.0017,0.0,0.00016,0.00021,0.00039,0.0213,0.00016,0.00002,0.0099,0.00005,0.00026,0.0,0.0,0.00009,0.00002,0.0,0.00039,0.00077,0.00002,0.00014,0.0078,0.00001,0.0,0.0,0.00004,0.004,0.0053,0.00026,0.00033,0.002,0.5657,0.0513,0.0,0.00027,0.00001,0.00077
11904752,0.0,0.0,0.0,0.0426,0.0069,0.00018,0.0138,0.0628,0.00023,0.0,0.0,0.00004,0.00006,0.0072,0.0,0.00037,0.00021,0.00038,0.0063,0.00024,0.00005,0.00081,0.0037,0.00044,0.0,0.0,0.0003,0.00002,0.0,0.00017,0.0017,0.0012,0.00023,0.0014,0.0013,0.0,0.00003,0.00004,0.00039,0.02,0.0096,0.0012,0.00099,0.0014,0.0062,0.0,0.0,0.00002,0.0
11978162,0.0,0.0,0.00001,0.00045,0.9833,0.0071,0.0147,0.003,0.00037,0.00005,0.00002,0.00002,0.00006,0.0023,0.0,0.00024,0.0012,0.00038,0.0,0.00024,0.00005,0.0099,0.00005,0.00045,0.0,0.0,0.00009,0.00002,0.0,0.0018,0.00077,0.00002,0.00034,0.0029,0.00009,0.00003,0.00004,0.0,0.00067,0.0064,0.0019,0.00054,0.0031,0.0023,0.1981,0.0,0.0,0.00002,0.00041
12047012,0.00005,0.00002,0.0011,0.0039,0.0013,0.0668,0.0089,0.0035,0.9091,0.00082,0.00007,0.0015,0.0011,0.0039,0.0,0.0013,0.3323,0.00075,0.00065,0.0005,0.00006,0.0329,0.00049,0.00067,0.0,0.00004,0.00009,0.00001,0.0,0.0119,0.0089,0.00006,0.0016,0.0028,0.0024,0.00006,0.0,0.00043,0.0028,0.009,0.0021,0.0042,0.0071,0.0183,0.0942,0.00003,0.0,0.00002,0.00023
12201612,0.00003,0.00002,0.00018,0.0058,0.0246,0.0012,0.1105,0.003,0.00062,0.00001,0.00002,0.00008,0.0007,0.0059,0.0,0.003,0.00026,0.00039,0.00056,0.00099,0.00014,0.0415,0.00004,0.00067,0.00014,0.0,0.00091,0.00024,0.0,0.0053,0.0012,0.00006,0.00029,0.013,0.00015,0.00005,0.00004,0.00004,0.0074,0.02,0.0096,0.0064,0.0031,0.0025,0.0077,0.0,0.0,0.00004,0.00077
12905582,0.00005,0.0,0.00049,0.0088,0.0069,0.0089,0.0087,0.0054,0.0027,0.00005,0.00001,0.00023,0.00064,0.0019,0.0,0.00079,0.0047,0.0013,0.0031,0.00057,0.00014,0.0029,0.00034,0.003,0.0,0.00004,0.00092,0.00024,0.0,0.0032,0.0048,0.00006,0.00029,0.0029,0.0014,0.00063,0.00013,0.00003,0.0074,0.0084,0.0019,0.0013,0.0288,0.0099,0.3322,0.00003,0.0,0.00002,0.00051
14529362,0.0,0.0,0.00001,0.0016,0.00064,0.083,0.025,0.0016,0.00015,0.00005,0.00001,0.00006,0.00006,0.0014,0.0,0.00024,0.0022,0.00017,0.0015,0.0004,0.00005,0.0123,0.00004,0.00061,0.0,0.0,0.00009,0.00001,0.0,0.0032,0.0048,0.00006,0.00023,0.0047,0.00009,0.0,0.00004,0.0,0.004,0.0053,0.0012,0.001,0.0012,0.0033,0.9146,0.00037,0.00085,0.00002,0.00022
15344922,0.0,0.0,0.0,0.0061,0.00033,0.0035,0.0016,0.0016,0.00023,0.00001,0.00001,0.0001,0.00007,0.00041,0.0,0.0013,0.00026,0.00017,0.00095,0.00099,0.00014,0.0017,0.00011,0.00045,0.0,0.0,0.00017,0.00004,0.0,0.00033,0.0017,0.00003,0.00029,0.00061,0.00001,0.0,0.0,0.0,0.0079,0.0013,0.0096,0.0016,0.0062,0.0023,0.0589,0.0,0.0,0.00014,0.00013
15351342,0.0,0.0,0.00018,0.0017,0.0162,0.0315,0.025,0.0045,0.0053,0.0014,0.00045,0.00065,0.00006,0.0434,0.0,0.00024,0.0017,0.00038,0.0025,0.0005,0.00005,0.0123,0.00049,0.003,0.0,0.0,0.00055,0.00002,0.0,0.00079,0.0066,0.00002,0.0042,0.0032,0.00001,0.0,0.00004,0.00004,0.0194,0.0058,0.0012,0.0016,0.0031,0.1798,0.8239,0.0,0.00002,0.00016,0.00023
15673232,0.0,0.0,0.0,0.0058,0.001,0.00095,0.0056,0.003,0.00015,0.00001,0.00002,0.0015,0.00006,0.4874,0.0,0.00016,0.0001,0.00038,0.0017,0.00024,0.00002,0.0119,0.00011,0.00027,0.00002,0.0,0.00017,0.00001,0.0,0.001,0.0048,0.00002,0.00023,0.0143,0.00001,0.0,0.0,0.00003,0.0028,0.0018,0.00049,0.0032,0.0286,0.0059,0.0035,0.0,0.0,0.00004,0.00041
15853502,0.0,0.00002,0.00049,0.0029,0.0033,0.6548,0.0367,0.0024,0.00015,0.0012,0.00003,0.00008,0.00007,0.0023,0.0,0.6825,0.0026,0.00038,0.013,0.00057,0.00005,0.0123,0.001,0.0052,0.0,0.0,0.00017,0.0006,0.0,0.00079,0.0024,0.00003,0.00071,0.0029,0.00015,0.00005,0.00004,0.00004,0.0028,0.0053,0.00099,0.001,0.0055,0.0054,0.6213,0.0,0.0,0.00002,0.00022
16123542,0.0,0.0,0.0,0.0203,0.00049,0.0011,0.0147,0.0596,0.00015,0.0,0.0,0.00008,0.00064,0.9013,0.0,0.00024,0.00015,0.00017,0.0031,0.00089,0.00014,0.0156,0.00004,0.0019,0.0,0.0,0.0159,0.0,0.0,0.00013,0.00095,0.00017,0.00029,0.0889,0.00001,0.0,0.0,0.0,0.0152,0.009,0.0019,0.0029,0.0071,0.0442,0.0062,0.0,0.0,0.00003,0.00077
16928182,0.0,0.0,0.0,0.0017,0.00016,0.00052,0.0031,0.00042,0.00015,0.00019,0.00002,0.00008,0.00006,0.0017,0.0,0.00008,0.0,0.00038,0.0035,0.00057,0.00005,0.0041,0.00004,0.00044,0.0,0.0,0.00004,0.00004,0.0,0.00039,0.0012,0.00003,0.00014,0.0017,0.00001,0.0,0.0,0.00004,0.004,0.0249,0.00032,0.002,0.005,0.0025,0.0062,0.0,0.0,0.00002,0.00023
17536602,0.0,0.0,0.0,0.0029,0.0014,0.0011,0.4424,0.0287,0.0027,0.00001,0.00003,0.00078,0.00064,0.014,0.0,0.00071,0.0013,0.00038,0.011,0.0031,0.00002,0.0123,0.0,0.0003,0.0,0.0,0.00009,0.00024,0.0,0.00039,0.0012,0.00003,0.00071,0.008,0.00001,0.0,0.0,0.00004,0.0079,0.0498,0.00036,0.7832,0.008,0.0248,0.0048,0.0,0.0,0.00002,0.0017
17516492,0.0,0.0,0.00001,0.00015,0.0023,0.0061,0.9651,0.0022,0.00015,0.00001,0.00002,0.00006,0.0115,0.00075,0.0,0.94,0.0013,0.0011,0.0031,0.0005,0.00005,0.1649,0.0,0.00067,0.0,0.0,0.00009,0.00002,0.0,0.0032,0.00077,0.00003,0.00014,0.0028,0.00001,0.0,0.0,0.00004,0.0028,0.0053,0.0019,0.5909,0.002,0.6502,0.0048,0.0,0.00002,0.00002,0.00022
17698712,0.0,0.0,0.0001,0.00072,0.526,0.0048,0.0056,0.0088,0.00015,0.0,0.00001,0.00006,0.00007,0.0017,0.0,0.00024,0.0001,0.00038,0.0046,0.00006,0.00002,0.0613,0.00017,0.00045,0.0,0.0,0.00009,0.0,0.0,0.00079,0.0146,0.0,0.00014,0.0007,0.00001,0.0,0.00004,0.0,0.0509,0.3236,0.00036,0.00033,0.0012,0.00083,0.0225,0.0,0.0,0.00001,0.00013
18338212,0.0,0.0,0.0,0.00072,0.0026,0.0061,0.0174,0.0211,0.00015,0.0,0.0,0.00004,0.00002,0.00026,0.0,0.0017,0.0001,0.00017,0.0063,0.0005,0.00002,0.5921,0.00049,0.00067,0.0,0.0,0.0045,0.00001,0.0,0.00039,0.0039,0.00006,0.0274,0.0017,0.00001,0.0,0.00003,0.0,0.0074,0.0309,0.0018,0.00023,0.005,0.845,0.3322,0.0,0.0076,0.00001,0.00023
19219502,0.0,0.0,0.0,0.0143,0.00064,0.0027,0.0213,0.0211,0.0027,0.0,0.00002,0.00002,0.00006,0.0748,0.0,0.00018,0.00026,0.00038,0.0031,0.00057,0.00002,0.0207,0.00034,0.00027,0.0,0.0,0.00004,0.0006,0.0,0.0013,0.0017,0.00006,0.0026,0.0018,0.00001,0.0,0.00002,0.0,0.0056,0.0151,0.00099,0.00058,0.00099,0.0986,0.0077,0.0,0.0,0.0,0.00022
19404652,0.00005,0.0,0.00001,0.0017,0.0033,0.0103,0.0031,0.0016,0.00037,0.00005,0.00003,0.00006,0.00006,0.00091,0.0,0.0011,0.0013,0.00038,0.00065,0.00016,0.00002,0.0017,0.00011,0.00073,0.0,0.00004,0.00017,0.0006,0.0,0.00033,0.00057,0.00002,0.00029,0.00061,0.0014,0.00006,0.00004,0.00043,0.0014,0.0015,0.0026,0.00033,0.002,0.0054,0.9021,0.0,0.00004,0.00004,0.00023
21707862,0.0,0.0,0.0,0.1617,0.00016,0.0013,0.4746,0.0133,0.00015,0.0,0.00001,0.00006,0.0018,0.0072,0.0,0.0013,0.0001,0.00038,0.0095,0.00024,0.00016,0.0949,0.00017,0.00045,0.0,0.0,0.00009,0.00001,0.0,0.0032,0.0024,0.00006,0.00029,0.025,0.00001,0.00003,0.0,0.00003,0.0043,0.009,0.00032,0.0042,0.002,0.0167,0.0013,0.0,0.0,0.00004,0.0031
21294942,0.0,0.0,0.0,0.7592,0.00016,0.00052,0.0449,0.00042,0.00015,0.0,0.0,0.00002,0.00006,0.003,0.0,0.00022,0.00021,0.00012,0.0017,0.00089,0.0,0.5921,0.00005,0.00073,0.0,0.0,0.0034,0.0,0.0,0.00033,0.0059,0.0079,0.00014,0.0007,0.00001,0.0,0.0,0.0,0.0028,0.009,0.00032,0.00009,0.0098,0.00083,0.00096,0.0,0.0,0.0,0.00013
22440072,0.0,0.0,0.0,0.00072,0.00049,0.0011,0.9651,0.0012,0.00015,0.0,0.00002,0.00023,0.00039,0.011,0.0,0.00037,0.00026,0.00017,0.002,0.00024,0.00002,0.0062,0.00004,0.00045,0.0,0.0,0.0033,0.0,0.0,0.0002,0.0024,0.0,0.00029,0.0143,0.00001,0.0,0.0,0.0,0.0019,0.0151,0.00037,0.8186,0.00072,0.0248,0.00071,0.0,0.0,0.00016,0.0087
23047912,0.00003,0.0,0.0001,0.0046,0.0033,0.00052,0.006,0.003,0.0015,0.00011,0.00007,0.0001,0.00007,0.0014,0.0,0.0013,0.0047,0.00019,0.0015,0.00006,0.00006,0.0041,0.0015,0.00067,0.0,0.00004,0.00017,0.00002,0.0,0.001,0.0012,0.00006,0.00071,0.0018,0.004,0.00005,0.00004,0.00003,0.0112,0.0013,0.00099,0.0012,0.0055,0.0014,0.0162,0.00003,0.0,0.00002,0.00077
23413122,0.00005,0.00002,0.00045,0.0034,0.0033,0.0027,0.0078,0.0133,0.0053,0.00005,0.00002,0.00008,0.00006,0.004,0.0,0.00024,0.00026,0.00019,0.0063,0.0007,0.00006,0.0156,0.00011,0.00045,0.0,0.00015,0.00091,0.00036,0.00006,0.00079,0.00077,0.00006,0.00034,0.0063,0.00015,0.00033,0.00013,0.00004,0.0056,0.009,0.00099,0.00084,0.0027,0.0041,0.0025,0.00003,0.0,0.00003,0.0017
24463232,0.0,0.0,0.00007,0.7592,0.0035,0.0061,0.0367,0.0488,0.0,0.0,0.00001,0.0034,0.00006,0.0683,0.0011,0.00079,0.0,0.00017,0.0025,0.00024,0.00002,0.0123,0.00049,0.003,0.0,0.0,0.0143,0.0,0.0,0.00013,0.0072,0.00045,0.0016,0.0113,0.00001,0.0,0.0,0.0,0.0079,0.0309,0.00047,0.0042,0.0261,0.0112,0.0013,0.0,0.0,0.00014,0.00054
24920862,0.0,0.0,0.0,0.0058,0.001,0.0022,0.5556,0.0108,0.00015,0.00001,0.00002,0.00002,0.828,0.9013,0.0,0.8723,0.00021,0.00004,0.0031,0.0004,0.00002,0.0123,0.00011,0.00056,0.0,0.0,0.00034,0.00004,0.0,0.0002,0.032,0.00006,0.00071,0.025,0.00001,0.0,0.00003,0.0,0.077,0.0284,0.00049,0.5875,0.0108,0.1798,0.0074,0.0,0.0,0.00016,0.00077
19716662,0.0,0.00002,0.00049,0.00045,0.5467,0.0017,0.0154,0.0022,0.00015,0.0012,0.00002,0.0001,0.00006,0.00091,0.0,0.00018,0.00068,0.0013,0.00065,0.00016,0.00005,0.0018,0.00017,0.0011,0.00002,0.00015,0.00091,0.00016,0.0,0.00079,0.0024,0.00003,0.00071,0.0032,0.00001,0.00003,0.0,0.00043,0.00089,0.0013,0.00099,0.0013,0.002,0.0041,0.0025,0.0,0.0,0.00002,0.00061
22673142,0.0,0.0,0.0,0.00072,0.00064,0.00018,0.0138,0.009,0.00015,0.0,0.0,0.00002,0.00039,0.003,0.0,0.00018,0.00015,0.00017,0.0025,0.00006,0.00002,0.0048,0.00004,0.00026,0.0,0.0,0.00004,0.0,0.0,0.00013,0.01,0.00002,0.00014,0.0428,0.00001,0.0,0.0,0.0,0.004,0.8364,0.00032,0.00009,0.002,0.0112,0.00045,0.0,0.0,0.00002,0.00013
25248342,0.0,0.00002,0.0,0.0058,0.00049,0.3458,0.0078,0.0024,0.00023,0.00019,0.00002,0.00004,0.00006,0.0014,0.0,0.00024,0.0047,0.00019,0.0031,0.00024,0.00006,0.0048,0.00034,0.00045,0.00002,0.0,0.0003,0.00025,0.0,0.00079,0.0048,0.0,0.0016,0.0197,0.00001,0.0,0.0,0.0,0.0044,0.0053,0.00049,0.0018,0.0055,0.0248,0.9094,0.0,0.0087,0.0,0.00006
25226962,0.0,0.0,0.0,0.0061,0.00064,0.0061,0.7908,0.0017,0.00015,0.00005,0.00001,0.00004,0.0011,0.0039,0.00026,0.00018,0.00021,0.00071,0.0323,0.0015,0.00005,0.009,0.00049,0.00045,0.0,0.0,0.00004,0.0,0.0,0.001,0.0012,0.00006,0.00034,0.0018,0.00001,0.0,0.0,0.0,0.00067,0.009,0.004,0.0042,0.125,0.0442,0.0076,0.0,0.0,0.00004,0.00041
26179932,0.0,0.0,0.0001,0.00072,0.9665,0.00073,0.0031,0.0016,0.004,0.00005,0.00002,0.00004,0.00006,0.00049,0.0,0.00024,0.00068,0.00017,0.0017,0.00089,0.00005,0.004,0.00017,0.00067,0.0,0.0,0.00091,0.00004,0.0,0.0053,0.0016,0.00003,0.00029,0.0022,0.00015,0.0002,0.00022,0.00004,0.0013,0.0058,0.00099,0.001,0.0033,0.0014,0.0265,0.0,0.0,0.00004,0.00023
26577292,0.0,0.0,0.0,0.1937,0.00016,0.0315,0.00081,0.0287,0.00015,0.0,0.0,0.0034,0.00002,0.0281,0.0,0.00008,0.0014,0.00038,0.00065,0.0044,0.00002,0.0537,0.00017,0.00023,0.0,0.0,0.00017,0.00002,0.0,0.00013,0.00077,0.00006,0.9199,0.00061,0.00001,0.0,0.0,0.0,0.0254,0.0018,0.0012,0.00009,0.0648,0.0054,0.9429,0.0,0.0039,0.00003,0.00013
26699082,0.00003,0.0,0.0001,0.0029,0.0023,0.0013,0.0175,0.0133,0.00062,0.00011,0.00002,0.00023,0.00007,0.0023,0.0,0.0013,0.0024,0.00019,0.013,0.0005,0.00006,0.0099,0.00017,0.0011,0.0,0.0,0.00034,0.00004,0.0,0.001,0.0146,0.00017,0.00034,0.0047,0.00072,0.00003,0.00004,0.00004,0.0079,0.007,0.0021,0.0042,0.0027,0.0316,0.1756,0.0,0.0,0.00003,0.00054
26536212,0.0,0.0,0.0,0.00015,0.00049,0.2067,0.0449,0.00013,0.00015,0.00005,0.00002,0.00002,0.00006,0.0,0.0,0.00008,0.00034,0.00019,0.0,0.00008,0.00002,0.0066,0.0,0.00045,0.0,0.0,0.00004,0.0,0.0,0.00013,0.00057,0.0,0.00014,0.00061,0.00001,0.0,0.0,0.0,0.0014,0.0498,0.0021,0.0169,0.0074,0.0,0.9767,0.0,0.0012,0.0,0.0
26474662,0.0,0.0,0.0,0.0095,0.0012,0.00052,0.0473,0.0073,0.00023,0.0,0.00001,1.0,0.00039,0.1828,0.0,0.00024,0.0012,0.00017,0.0017,0.00089,0.00051,0.0048,0.00017,0.001,0.0,0.0,0.00039,0.0,0.0,0.00079,0.0343,0.00006,0.00034,0.0428,0.00001,0.0,0.0,0.0,0.0079,0.0284,0.0018,0.0029,0.0648,0.0795,0.0052,0.0,0.0,0.00002,0.00054
27881152,0.0,0.0,0.0,0.00015,0.0,0.0071,0.9651,0.0015,0.00015,0.00001,0.00002,0.00004,0.00006,0.00011,0.0,0.00024,0.0,0.00017,0.0,0.00016,0.00002,0.0415,0.0,0.0003,0.0,0.0,0.00004,0.0,0.0,0.0,0.00077,0.00002,0.00014,0.8263,0.0,0.0,0.0,0.0,0.004,0.02,0.00012,0.5568,0.0,0.0099,0.0013,0.00004,0.1646,0.0,0.00013
28131932,0.0,0.0,0.0,0.1319,0.0012,0.0013,0.0985,0.003,0.00015,0.0,0.00001,0.00023,0.00006,0.0202,0.0,0.00024,0.00021,0.00017,0.00065,0.00057,0.00005,0.0123,0.00004,0.00045,0.0,0.0,0.00034,0.00001,0.0,0.00017,0.0048,0.0,0.00029,0.0017,0.00001,0.0,0.0,0.00004,0.0044,0.007,0.00099,0.0056,0.015,0.0099,0.0025,0.0,0.0,0.00004,0.00013
28940342,0.0,0.00002,0.0021,0.002,0.2292,0.0053,0.025,0.0088,0.0014,0.00001,0.00002,0.00023,0.00006,0.0271,0.0,0.00037,0.0024,0.00071,0.0025,0.00057,0.00005,0.0048,0.00005,0.0279,0.00002,0.0,0.00034,0.00002,0.0,0.00039,0.0048,0.00006,0.00029,0.0183,0.00024,0.0122,0.0,0.00004,0.00067,0.0356,0.0012,0.0029,0.0131,0.0248,0.0942,0.0,0.0,0.00001,0.00041
29101712,0.0,0.0,0.00001,0.0023,0.0042,0.0008,0.0097,0.3305,0.0092,0.00021,0.00007,0.0001,0.00006,0.0072,0.0,0.00016,0.00026,0.00038,0.007,0.00099,0.00063,0.1243,0.00017,0.00056,0.0,0.0,0.0159,0.00004,0.00006,0.001,0.01,0.00017,0.00014,0.0113,0.00094,0.00003,0.00003,0.00004,0.0056,0.003,0.00047,0.00033,0.0131,0.0144,0.0162,0.00003,0.0,0.00043,0.0013
29228382,0.0,0.0,0.00006,0.0887,0.0052,0.0011,0.0147,0.0185,0.00015,0.00005,0.00002,0.00078,0.00002,0.002,0.0,0.00008,0.0001,0.00004,0.013,0.0131,0.00005,0.5921,0.00027,0.0003,0.0,0.0,0.00039,0.0,0.0,0.00017,0.0263,0.0,0.00029,0.025,0.00009,0.0,0.00002,0.00004,0.0056,0.0064,0.00032,0.00054,0.0027,0.845,0.00096,0.0,0.0,0.00004,0.00013
29790072,0.0,0.0,0.0,0.0015,0.00064,0.0048,0.9898,0.00069,0.00015,0.0,0.0,0.00002,0.00006,0.0017,0.0,0.00018,0.00068,0.00039,0.0019,0.00016,0.00005,0.0432,0.0,0.00045,0.0,0.0,0.00017,0.0,0.0,0.0039,0.00057,0.00002,0.00022,0.0428,0.00001,0.0,0.0,0.0,0.0056,0.0115,0.00047,0.8137,0.005,0.0183,0.00086,0.00003,0.00002,0.00002,0.00022
29792052,0.0,0.0,0.0,0.00015,0.00016,0.0315,0.9814,0.00069,0.00073,0.0,0.00002,0.00002,0.0053,0.0023,0.0,0.0023,0.00021,0.00038,0.0025,0.00099,0.00002,0.1918,0.00004,0.00045,0.0,0.0,0.00091,0.00002,0.0,0.00013,0.029,0.00017,0.00041,0.223,0.00001,0.0,0.0,0.0,0.0013,0.0498,0.0039,0.7832,0.0027,0.0099,0.0021,0.0,0.0,0.00003,0.00013
30303262,0.0,0.0,0.00001,0.0061,0.2057,0.0012,0.1612,0.0054,0.00015,0.00001,0.00001,0.00002,0.00039,0.00063,0.0,0.0013,0.00034,0.00034,0.0323,0.00093,0.00014,0.0949,0.00017,0.00045,0.0,0.0,0.2483,0.00002,0.0,0.0032,0.0012,0.00017,0.00014,0.008,0.00001,0.00003,0.0,0.0,0.004,0.007,0.0026,0.0279,0.0667,0.0086,0.0013,0.0,0.0,0.00004,0.0037
30327142,0.00003,0.0,0.0001,0.0029,0.0042,0.0015,0.0089,0.0054,0.2963,0.00082,0.00002,0.00008,0.00007,0.0014,0.0,0.0017,0.0114,0.00019,0.0018,0.00024,0.00014,0.0415,0.00027,0.0019,0.0,0.0,0.0003,0.00003,0.0,0.001,0.0013,0.00006,0.00029,0.0029,0.014,0.00033,0.00003,0.00003,0.033,0.0249,0.0021,0.0056,0.005,0.0023,0.673,0.0,0.0,0.00004,0.00041
30975982,0.0,0.0,0.0,0.002,0.00049,0.0103,0.0056,0.003,0.00015,0.00001,0.00001,0.00002,0.00006,0.003,0.0,0.00024,0.00021,0.00034,0.0187,0.0007,0.00002,0.0052,0.00017,0.0003,0.0,0.0,0.00034,0.00002,0.0,0.0032,0.0048,0.00002,0.00029,0.0113,0.00001,0.0,0.0,0.00003,0.0015,0.0058,0.0012,0.0029,0.0027,0.0033,0.05,0.0,0.0,0.00003,0.00022
31076822,0.0,0.0,0.0,0.00072,0.00016,0.0022,0.0175,0.5938,0.00015,0.0,0.0,0.00002,0.00002,0.0014,0.0,0.00022,0.0,0.0,0.00095,0.00008,0.00002,0.0525,0.00034,0.00018,0.0,0.0,0.00004,0.0,0.0,0.00033,0.0013,0.00002,0.00023,0.0017,0.00001,0.0,0.0,0.0,0.00067,0.0029,0.00032,0.00006,0.00099,0.8524,0.0048,0.0,0.0,0.0,0.00013
31685922,0.0,0.00002,0.00001,0.0268,0.00016,0.0017,0.0147,0.0197,0.00023,0.00005,0.00043,0.00006,0.00006,0.0507,0.0,0.00018,0.00068,0.00019,0.0035,0.0005,0.00002,0.0018,0.00027,0.00045,0.0,0.0,0.0079,0.00004,0.0,0.00039,0.0012,0.00017,0.00014,0.0017,0.00001,0.0,0.0,0.00004,0.004,0.1174,0.00032,0.0012,0.00072,0.0628,0.0021,0.0,0.0,0.00003,0.00023
31243911,0.0,0.0,0.0,0.0016,0.0038,0.0325,0.0282,0.0025,0.0027,0.0,0.00002,0.0,0.00006,0.00091,0.0,0.00022,0.0047,0.00019,0.0025,0.00099,0.00016,0.0123,0.0005,0.00045,0.0,0.0,0.0019,0.00024,0.00006,0.001,0.0146,0.00017,0.00029,0.0364,0.00001,0.00003,0.0,0.0,0.0019,0.0026,0.00047,0.0015,0.015,0.0716,0.0589,0.00003,0.00063,0.00008,0.00022
31409401,0.0,0.0,0.0,0.0042,0.9816,0.00052,0.0039,0.0106,0.00037,0.00021,0.0021,0.00002,0.00006,0.00091,0.0,0.00022,0.0001,0.00012,0.00095,0.00024,0.00005,0.0055,0.0,0.00023,0.0,0.0,0.0003,0.0006,0.0,0.00079,0.00013,0.0,0.00014,0.0183,0.00001,0.0,0.0,0.0,0.0028,0.0013,0.00012,0.002,0.00072,0.0013,0.0021,0.0,0.00006,0.0,0.0013
32093571,0.00005,0.00002,0.0037,0.0029,0.0459,0.0053,0.0468,0.0088,0.0027,0.0014,0.00007,0.00065,0.00039,0.004,0.0,0.0017,0.004,0.0011,0.0025,0.00089,0.00016,0.0123,0.00027,0.0052,0.00002,0.00015,0.00092,0.00036,0.0,0.0018,0.0024,0.00006,0.00071,0.0039,0.014,0.00088,0.0018,0.00018,0.0056,0.0115,0.004,0.0105,0.005,0.0051,0.1851,0.0,0.0,0.00004,0.00077
25926152,0.0,0.0,0.0,0.00015,0.0023,0.0022,0.9814,0.0287,0.00073,0.0,0.00002,0.00002,0.00039,0.00091,0.0,0.0732,0.0017,0.00014,0.0031,0.00057,0.00005,0.274,0.00008,0.0019,0.0,0.0,0.00009,0.0,0.0,0.0039,0.0136,0.00017,0.0026,0.023,0.00001,0.0,0.0,0.00066,0.0194,0.1662,0.00015,0.7832,0.0033,0.0017,0.0021,0.00037,0.0,0.00002,0.00041
25907842,0.0,0.0,0.00006,0.0268,0.035,0.0008,0.0531,0.0133,0.00062,0.00005,0.00045,0.0001,0.00007,0.011,0.0,0.0013,0.019,0.00017,0.0019,0.0005,0.00006,0.0224,0.0313,0.00045,0.0,0.0,0.00034,0.00002,0.0,0.001,0.0017,0.00003,0.0026,0.0733,0.00001,0.0,0.00004,0.00004,0.0013,0.0151,0.00099,0.0016,0.00099,0.0037,0.0025,0.0,0.0,0.00016,0.00077
25868142,0.0,0.0,0.0,0.0357,0.0013,0.0008,0.0056,0.009,0.00015,0.0,0.00001,0.00002,0.00006,0.9013,0.0,0.00008,0.00034,0.00017,0.0063,0.00093,0.00051,0.0119,0.00005,0.0003,0.0,0.0,0.0251,0.0,0.0,0.001,0.00057,0.00006,0.00029,0.008,0.00001,0.0,0.0,0.0,0.004,0.0013,0.00032,0.002,0.00072,0.0051,0.0077,0.0,0.00002,0.00001,0.00022
25833032,0.0,0.0,0.0,0.0061,0.00016,0.0011,0.7908,0.0041,0.00015,0.00001,0.00002,0.00023,0.9178,0.0023,0.0,0.6721,0.0001,0.00017,0.0031,0.0005,0.00002,0.0432,0.00004,0.00026,0.0,0.0,0.00009,0.0,0.0,0.00018,0.003,0.00003,0.00029,0.0364,0.00001,0.0,0.0,0.00003,0.0112,0.0029,0.00037,0.5875,0.0168,0.0023,0.0013,0.0,0.0,0.00073,0.00013
25200842,0.00003,0.0,0.0024,0.0029,0.001,0.0035,0.0078,0.0045,0.0012,0.00021,0.00002,0.00006,0.00064,0.005,0.0,0.0013,0.0012,0.00039,0.0151,0.00089,0.00005,0.0119,0.00027,0.0019,0.0,0.00004,0.00017,0.00003,0.00006,0.001,0.00095,0.00003,0.00034,0.0143,0.00024,0.00006,0.00022,0.0,0.0056,0.0058,0.0021,0.00054,0.0286,0.0014,0.0035,0.0,0.0,0.00003,0.00054
25069902,0.0,0.0,0.0,0.0268,0.0014,0.00035,0.3415,0.0049,0.00015,0.0,0.0,0.00023,0.0007,0.0072,0.0,0.00008,0.00015,0.0093,0.1107,0.0031,0.00006,0.0029,0.0,0.00026,0.0,0.0,0.00017,0.0,0.0,0.00033,0.00095,0.0012,0.00029,0.0074,0.00001,0.0,0.0,0.0,0.0194,0.0026,0.00036,0.0105,0.2265,0.0023,0.0039,0.0,0.0,0.00002,0.00023
25053122,0.0,0.0,0.0,0.0135,0.001,0.0119,0.0133,0.0088,0.00015,0.0,0.00001,0.00023,0.00006,0.0683,0.0,0.00016,0.00026,0.0013,0.0031,0.00022,0.00006,0.0119,0.00017,0.00067,0.0,0.0,0.0024,0.00002,0.0,0.00017,0.022,0.00003,0.00097,0.008,0.00001,0.0,0.0,0.0,0.0043,0.009,0.00049,0.0032,0.0288,0.0393,0.0021,0.0,0.0,0.00043,0.00022
32421592,0.0,0.0,0.0,0.0061,0.0042,0.00052,0.0385,0.0088,0.00015,0.00005,0.00007,0.00078,0.0007,0.0202,0.0,0.002,0.00068,0.00017,0.00065,0.0005,0.00002,0.0268,0.00008,0.00045,0.0,0.0,0.00009,0.00002,0.0,0.00039,0.021,0.00003,0.00071,0.0047,0.00001,0.00003,0.0,0.0,0.2001,0.0413,0.00015,0.001,0.0074,0.0239,0.0265,0.0,0.00004,0.00004,0.00044
21458972,0.0,0.0,0.0,0.00015,0.00064,0.0011,0.0133,0.00069,0.00015,0.0012,0.0021,0.0,0.0,0.0023,0.0,0.00008,0.0001,0.00004,0.0046,0.00006,0.00051,0.0017,0.0,0.00067,0.0,0.0,0.00004,0.00004,0.0,0.00013,0.0012,0.00002,0.00029,0.0017,0.0,0.0,0.0,0.00066,0.0028,0.0018,0.00012,0.00033,0.0055,0.0014,0.9741,0.0,0.9048,0.00001,0.00006
6799932,0.0,0.00002,0.00006,0.0111,0.2278,0.0008,0.0686,0.0269,0.00023,0.00005,0.00002,0.00006,0.00002,0.00075,0.0,0.0013,0.00068,0.0024,0.0016,0.0007,0.00006,0.0268,0.00004,0.00027,0.00002,0.0,0.00009,0.00016,0.0,0.0013,0.0059,0.00003,0.00014,0.0022,0.00001,0.00003,0.00004,0.00034,0.004,0.0064,0.0129,0.0016,0.0059,0.0037,0.0025,0.0,0.0,0.00003,0.00044
6805002,0.0,0.0,0.0,0.00072,0.0013,0.1715,0.7908,0.0015,0.00015,0.00019,0.00002,0.00002,0.00007,0.003,0.0,0.4884,0.00026,0.00038,0.00056,0.00024,0.00006,0.0052,0.00004,0.00045,0.0,0.0,0.00009,0.00003,0.0,0.00033,0.0016,0.00017,0.0026,0.0532,0.00001,0.0,0.0,0.0,0.0079,0.02,0.0171,0.3884,0.00099,0.0041,0.0385,0.0,0.0,0.00008,0.00013
7049032,0.00003,0.0,0.00007,0.00093,0.0127,0.0027,0.0087,0.0016,0.00037,0.00011,0.0021,0.00008,0.00006,0.0072,0.0,0.00024,0.0407,0.00039,0.00021,0.00024,0.00002,0.0347,0.00095,0.0052,0.00002,0.00004,0.00017,0.002,0.0,0.00079,0.0013,0.00003,0.00029,0.0029,0.00032,0.00003,0.00022,0.0015,0.0651,0.0026,0.0012,0.00084,0.0027,0.0183,0.8239,0.0,0.0,0.0,0.00023
7050302,0.0,0.0,0.00006,0.0,0.0033,0.014,0.9814,0.00069,0.00015,0.0,0.00001,0.00008,0.00026,0.0014,0.0,0.7143,0.0,0.00038,0.00056,0.00016,0.00002,0.16,0.0,0.00056,0.0,0.0,0.00009,0.00002,0.0,0.00039,0.0136,0.00003,0.00023,0.015,0.00001,0.00003,0.0,0.00003,0.0013,0.0179,0.0524,0.5568,0.0033,0.00083,0.0062,0.0,0.0,0.0014,0.00013
6751132,0.0,0.0,0.00001,0.0061,0.00049,0.0147,0.1612,0.0088,0.00015,0.00005,0.00002,0.00023,0.00039,0.0072,0.0,0.0122,0.00026,0.0021,0.0025,0.0004,0.00005,0.16,0.00011,0.0011,0.0,0.0,0.00034,0.00024,0.0,0.00039,0.0146,0.00003,0.00086,0.0078,0.00015,0.0,0.0,0.00004,0.0152,0.3236,0.004,0.0554,0.0074,0.0049,0.0021,0.0,0.0,0.00008,0.00041
3927342,0.0,0.0,0.0011,0.0023,0.0043,0.0071,0.0603,0.0049,0.0027,0.00005,0.00002,0.00023,0.0011,0.003,0.0,0.0057,0.00068,0.00039,0.0031,0.00016,0.00005,0.0029,0.001,0.003,0.00002,0.0,0.00017,0.00002,0.0,0.00033,0.0012,0.00017,0.006,0.0029,0.00001,0.00003,0.00002,0.0,0.0028,0.0018,0.0019,0.0505,0.005,0.0112,0.1851,0.0,0.00002,0.00003,0.00061
2921862,0.0,0.0,0.00006,0.0095,0.0012,0.0008,0.0603,0.0015,0.00023,0.00005,0.00001,0.00002,0.00007,0.00063,0.0,0.0057,0.0013,0.0013,0.0107,0.0347,0.00006,0.0648,0.00034,0.00045,0.0,0.0,0.0015,0.00004,0.0,0.00039,0.0024,0.00017,0.00014,0.0019,0.00001,0.0,0.00004,0.0,0.0509,0.009,0.0109,0.033,0.0062,0.0112,0.0013,0.0,0.0,0.00004,0.0011
2664852,0.00005,0.00002,0.0333,0.0013,0.1574,0.0027,0.0147,0.0038,0.0144,0.00023,0.00045,0.0125,0.00007,0.0073,0.0,0.0013,0.0019,0.00071,0.0031,0.00089,0.00006,0.0279,0.00049,0.0263,0.00002,0.00004,0.00039,0.00024,0.0,0.0039,0.0024,0.00006,0.0016,0.0028,0.00015,0.00076,0.0018,0.00004,0.004,0.0053,0.0045,0.001,0.0062,0.0112,0.1576,0.00003,0.0,0.00004,0.00061
2755582,0.0,0.0,0.00007,0.002,0.00064,0.0147,0.0385,0.00069,0.00015,0.00005,0.00002,0.00002,0.00002,0.00063,0.0,0.0314,0.00015,0.00045,0.0018,0.0005,0.00002,0.0329,0.00005,0.00067,0.0,0.0,0.00009,0.00004,0.0,0.00079,0.0039,0.00006,0.00029,0.0007,0.00001,0.0,0.00003,0.00004,0.0028,0.0309,0.0944,0.0064,0.0027,0.0041,0.0021,0.0,0.0,0.00002,0.00023
1882722,0.0,0.0,0.00007,0.0029,0.00016,0.00052,0.223,0.0225,0.00015,0.0,0.00001,0.00006,0.00006,0.0039,0.0,0.00016,0.0001,0.00075,0.0323,0.00099,0.00002,0.0648,0.00005,0.001,0.0,0.0,0.00009,0.00002,0.0,0.00017,0.0048,0.00006,0.00071,0.0063,0.00001,0.0,0.00022,0.0,0.0152,0.009,0.0045,0.0042,0.7348,0.1119,0.0013,0.00003,0.0,0.00004,0.1243
1913372,0.00005,0.00002,0.0021,0.0023,0.6786,0.0035,0.0175,0.003,0.004,0.00036,0.00007,0.00023,0.00007,0.0072,0.0,0.00037,0.0013,0.00038,0.00095,0.0005,0.00005,0.0279,0.00034,0.0101,0.0,0.00004,0.00034,0.00016,0.0,0.0018,0.0048,0.00003,0.00086,0.0047,0.00032,0.00063,0.00048,0.00018,0.004,0.0064,0.0026,0.0018,0.0027,0.0054,0.0615,0.00003,0.0,0.00002,0.00022
1351342,0.0,0.0,0.0011,0.006,0.25,0.0027,0.0147,0.0056,0.00015,0.00019,0.00007,0.00023,0.00006,0.0066,0.0,0.00037,0.00026,0.0021,0.0018,0.00022,0.00005,0.0782,0.00005,0.003,0.0,0.0,0.00009,0.00004,0.0,0.00079,0.0039,0.00006,0.00034,0.0014,0.00001,0.00003,0.00013,0.00004,0.0044,0.0064,0.0019,0.0029,0.0071,0.0109,0.0484,0.0,0.0,0.00001,0.00051
1510872,0.00003,0.00002,0.0001,0.0034,0.0246,0.0035,0.0213,0.0048,0.00062,0.00005,0.00002,0.00078,0.00006,0.0097,0.0,0.00024,0.0013,0.0013,0.0035,0.0005,0.00005,0.0123,0.00005,0.00067,0.0,0.00004,0.00017,0.00016,0.0,0.001,0.0027,0.00006,0.00029,0.0018,0.00015,0.00005,0.00004,0.00003,0.0152,0.007,0.0019,0.0029,0.0074,0.0099,0.0225,0.0,0.0,0.00043,0.00023
8674522,0.00003,0.0,0.00006,0.0046,0.0362,0.0119,0.7908,0.0049,0.00015,0.00021,0.00007,0.00078,0.00007,0.0335,0.0,0.00024,0.00026,0.0011,0.0095,0.0018,0.0032,0.0029,0.00017,0.0011,0.0,0.0,0.0547,0.00016,0.0,0.00017,0.0066,0.00006,0.00097,0.0047,0.00001,0.00063,0.0,0.00003,0.0014,0.0133,0.0021,0.5909,0.0027,0.0099,0.0942,0.0,0.0,0.00002,0.00077
9260992,0.0,0.0,0.0,0.0061,0.0012,0.0027,0.0078,0.0054,0.00015,0.00005,0.00002,0.00002,0.00006,0.00091,0.0,0.0013,0.00034,0.0013,0.0025,0.00016,0.00002,0.0048,0.00011,0.00026,0.0,0.0,0.00009,0.0,0.0,0.00039,0.0048,0.00006,0.00029,0.00061,0.00001,0.0,0.0,0.0,0.0014,0.0498,0.00099,0.0042,0.0167,0.0041,0.0385,0.0,0.00002,0.00004,0.00022
10847312,0.0,0.0,0.0,0.00072,0.1178,0.0061,0.5447,0.00042,0.00015,0.00001,0.00002,0.00002,0.00006,0.00075,0.0,0.00037,0.00021,0.0011,0.00065,0.00033,0.00002,0.5921,0.00004,0.00026,0.0,0.0,0.00009,0.0,0.0,0.00013,0.0017,0.00003,0.00023,0.0292,0.00001,0.0,0.0,0.0,0.004,0.009,0.00032,0.00054,0.0031,0.0986,0.0025,0.0,0.0,0.00001,0.00013
11035402,0.00005,0.0,0.0001,0.0029,0.0083,0.0012,0.0147,0.0035,0.0018,0.0014,0.00045,0.00023,0.00064,0.0281,0.0,0.00018,0.0215,0.00019,0.00065,0.00008,0.00003,0.0123,0.00027,0.0012,0.0,0.00004,0.00017,0.00024,0.0,0.00039,0.0136,0.00017,0.00041,0.0021,0.00024,0.00063,0.0018,0.00066,0.004,0.0151,0.0019,0.00054,0.002,0.0054,0.9094,0.0,0.0,0.00002,0.00013
11199812,0.00003,0.0,0.0016,0.0061,0.163,0.014,0.0175,0.0049,0.0083,0.00036,0.0021,0.00002,0.00007,0.002,0.0,0.00037,0.0047,0.00038,0.0077,0.00025,0.00005,0.0123,0.00027,0.0015,0.0,0.0,0.0033,0.00036,0.0,0.0228,0.0016,0.00003,0.00029,0.0029,0.00015,0.00006,0.00004,0.0,0.0019,0.02,0.00049,0.001,0.0055,0.0099,0.3322,0.0,0.0,0.00002,0.00051
11738662,0.0,0.0,0.0,0.0003,0.6166,0.00035,0.006,0.00069,0.00015,0.0,0.00001,0.00002,0.00002,0.00011,0.0,0.00008,0.0,0.00017,0.0031,0.00099,0.00002,0.5921,0.00017,0.00026,0.0,0.0,0.00009,0.00002,0.0,0.00013,0.01,0.00002,0.00014,0.0029,0.00001,0.0,0.0,0.0,0.00067,0.00037,0.00032,0.00009,0.0033,0.8888,0.0048,0.0,0.0,0.00001,0.0011
12697002,0.0,0.0,0.0,0.0061,0.00064,0.0071,0.0016,0.0015,0.00059,0.00011,0.00007,0.00002,0.00065,0.00041,0.0,0.0011,0.00026,0.00017,0.00065,0.00024,0.00005,0.0066,0.00005,0.0012,0.0,0.0,0.00039,0.00036,0.0,0.0001,0.00057,0.00003,0.00023,0.0074,0.00001,0.0,0.0,0.00003,0.0112,0.00037,0.00099,0.0013,0.002,0.0025,0.9767,0.0,0.0001,0.00001,0.00041
15184922,0.0,0.0,0.0,0.002,0.0033,0.0089,0.0175,0.0054,0.00015,0.00005,0.00007,0.00023,0.0011,0.005,0.0,0.0074,0.00068,0.0021,0.7835,0.0025,0.00002,0.5921,0.00027,0.00026,0.0,0.0,0.0003,0.00016,0.0,0.001,0.0017,0.00006,0.00071,0.0292,0.00001,0.0,0.0,0.00004,0.0019,0.0885,0.0021,0.0105,0.0097,0.5498,0.0121,0.0,0.0,0.00004,0.00041
15206562,0.00003,0.0,0.00045,0.0034,0.8837,0.0022,0.0075,0.003,0.00023,0.00005,0.00045,0.00008,0.00007,0.004,0.0,0.00024,0.0013,0.00017,0.0063,0.00033,0.00006,0.5921,0.00049,0.00067,0.0,0.0,0.0079,0.00024,0.0,0.0013,0.00095,0.00023,0.00034,0.0292,0.00015,0.00033,0.00002,0.00018,0.0056,0.007,0.00047,0.0016,0.0027,0.2035,0.0077,0.0,0.0,0.00001,0.00077
15323592,0.0,0.0,0.00006,0.00045,0.0023,0.0061,0.7908,0.0987,0.00015,0.00001,0.00001,0.00078,0.00007,0.0592,0.0,0.0357,0.00021,0.00075,0.0031,0.00008,0.00002,0.5921,0.00095,0.00067,0.0,0.0,0.00009,0.0,0.0,0.00033,0.0066,0.00003,0.00097,0.4715,0.00001,0.0,0.0,0.0,0.0152,0.8364,0.00049,0.00006,0.00072,0.0041,0.0039,0.0,0.0,0.0,0.0
16322902,0.00003,0.0,0.0037,0.0016,0.8583,0.0022,0.0147,0.0045,0.00062,0.00019,0.00007,0.00023,0.00006,0.0023,0.0,0.00024,0.0013,0.00038,0.0077,0.0004,0.00005,0.5921,0.00027,0.0052,0.0,0.0,0.00009,0.00002,0.0,0.00079,0.0786,0.00003,0.00029,0.0028,0.00009,0.00006,0.00013,0.00043,0.0045,0.0058,0.00099,0.00054,0.0033,0.0567,0.0171,0.0,0.0,0.00004,0.00023
17629782,0.0,0.0,0.0,0.1617,0.00064,0.00052,0.0282,0.0022,0.00015,0.00019,0.00002,0.00006,0.00006,0.003,0.00026,0.0011,0.00021,0.00038,0.0063,0.0007,0.00005,0.0123,0.00004,0.00045,0.0,0.0,0.00039,0.00002,0.0,0.00079,0.0016,0.00017,0.0026,0.0029,0.00001,0.0,0.0,0.0,0.0028,0.0013,0.0019,0.0247,0.4848,0.0037,0.0039,0.0,0.0,0.00002,0.0894
18812492,0.0,0.0,0.0,0.002,0.001,0.00052,0.0686,0.00069,0.00023,0.00005,0.00002,0.0,0.00006,0.00091,0.0,0.00018,0.00034,0.00019,0.0031,0.00006,0.00014,0.0017,0.00005,0.00045,0.0,0.0,0.0021,0.00002,0.0,0.00033,0.00057,0.00002,0.00029,0.0014,0.00001,0.0,0.0,0.0,0.0019,0.0013,0.0096,0.0029,0.0108,0.0015,0.0021,0.0,0.0,0.00002,0.00041
32487722,0.0,0.0,0.0001,0.0034,0.0023,0.023,0.0016,0.00069,0.00015,0.00019,0.00002,0.00078,0.00006,0.0023,0.0,0.00018,0.0047,0.00017,0.0025,0.00016,0.00002,0.0101,0.00005,0.0101,0.0,0.00004,0.00009,0.00002,0.0,0.001,0.00077,0.0,0.0014,0.0047,0.00001,0.00003,0.00004,0.00004,0.0152,0.0018,0.00032,0.0016,0.00099,0.0112,0.9224,0.00003,0.0087,0.00002,0.00013
19781222,0.0,0.0,0.0,0.1404,0.0033,0.00052,0.0501,0.00069,0.00015,0.0,0.0,0.00002,0.00006,0.00063,0.0,0.0017,0.00068,0.00008,0.0063,0.00033,0.00005,0.1862,0.0,0.00045,0.00002,0.0,0.00017,0.00002,0.0,0.0039,0.0072,0.00006,0.00014,0.0047,0.00001,0.0,0.00002,0.0,0.0019,0.0498,0.0171,0.022,0.005,0.0049,0.00025,0.0,0.0,0.00003,0.00041
20537122,0.0,0.0,0.0,0.0667,0.00016,0.014,0.9814,0.0045,0.00023,0.0,0.0,0.00006,0.00002,0.0592,0.00002,0.00024,0.00021,0.00038,0.0035,0.00099,0.00002,0.5921,0.00005,0.00045,0.0,0.0,0.0015,0.0,0.0,0.00039,0.0013,0.00002,0.0345,0.8263,0.00001,0.0,0.0,0.0,0.0028,0.0498,0.00032,0.0635,0.00099,0.0183,0.0013,0.0,0.0,0.00002,0.00041
20648652,0.0,0.0,0.0,0.0426,0.00016,0.0022,0.006,0.0012,0.00015,0.00005,0.00003,0.00008,0.00006,0.0023,0.0,0.00016,0.00021,0.00038,0.0019,0.00024,0.00002,0.0156,0.00005,0.00023,0.0,0.0,0.00009,0.0,0.0,0.00013,0.0013,0.0012,0.00014,0.0029,0.00001,0.00003,0.0,0.0,0.00089,0.0026,0.025,0.00054,0.00072,0.0025,0.0076,0.0,0.00002,0.00001,0.00023
20573052,0.0,0.0,0.0,0.006,0.0042,0.0061,0.0165,0.0133,0.00015,0.0,0.00001,0.00078,0.00006,0.0271,0.0,0.00008,0.0012,0.00071,0.00056,0.00089,0.00005,0.0052,0.00005,0.00026,0.0,0.0,0.00009,0.00002,0.0,0.00017,0.0012,0.00017,0.00097,0.0012,0.00001,0.0,0.0,0.0,0.0152,0.00084,0.0072,0.0029,0.0059,0.0201,0.8825,0.0,0.00002,0.00001,0.0011
20736152,0.0,0.0,0.0,0.0013,0.00064,0.1057,0.9333,0.0015,0.0015,0.00001,0.00007,0.00006,0.0007,0.011,0.0,0.0122,0.00021,0.00017,0.00065,0.00024,0.00002,0.0123,0.00004,0.00045,0.00014,0.0,0.00055,0.0,0.0,0.0053,0.029,0.00002,0.006,0.008,0.00001,0.0,0.0,0.00004,0.004,0.8849,0.00047,0.5568,0.0097,0.0052,0.0162,0.0,0.00002,0.00004,0.0011
21387692,0.0,0.0,0.00001,0.0046,0.0821,0.0061,0.0089,0.0016,0.00023,0.00011,0.00003,0.00002,0.00006,0.0072,0.0,0.00024,0.0022,0.00038,0.00065,0.00016,0.00014,0.0066,0.00027,0.00056,0.0,0.00004,0.00009,0.00025,0.0,0.0013,0.001,0.00006,0.0026,0.0007,0.0024,0.00003,0.00004,0.00004,0.0028,0.0026,0.0012,0.0029,0.0027,0.0023,0.8385,0.0,0.00006,0.0,0.00061
22618302,0.0,0.0,0.0,0.2804,0.0012,0.0053,0.0757,0.0088,0.00023,0.00019,0.00002,0.00023,0.00006,0.014,0.0,0.00008,0.00021,0.0013,0.0187,0.00024,0.00002,0.0207,0.0,0.00045,0.00002,0.0,0.00009,0.00001,0.0,0.0177,0.0089,0.00003,0.0014,0.0047,0.00001,0.0,0.0,0.0,0.0074,0.0133,0.0012,0.0064,0.00099,0.1417,0.0025,0.0,0.0,0.00004,0.0013
22729092,0.0,0.0,0.0,0.0,0.00049,0.00094,0.0016,0.0024,0.00015,0.0,0.00001,0.0,0.00006,0.00091,0.0,0.00008,0.00021,0.00019,0.00065,0.00006,0.00006,0.0123,0.0,0.00073,0.0,0.0,0.00004,0.0,0.0,0.0002,0.0024,0.0,0.00071,0.00061,0.00001,0.0,0.0,0.0,0.0028,0.0026,0.00032,0.00006,0.0323,0.0014,0.968,0.0,0.0012,0.0,0.0
22627142,0.0,0.0,0.0,0.0061,0.001,0.0,0.0039,0.00069,0.00015,0.0,0.00001,0.00002,0.0233,0.00041,0.0,0.0469,0.00021,0.00038,0.0213,0.00008,0.00002,0.004,0.0,0.00026,0.0,0.0,0.00091,0.0,0.0,0.00079,0.00057,0.00017,0.00014,0.0063,0.00015,0.00003,0.00003,0.0,0.0079,0.0249,0.0021,0.0105,0.0027,0.0014,0.05,0.0,0.0,0.00001,0.00051
22564982,0.0,0.0,0.00001,0.056,0.00049,0.1057,0.001,0.0133,0.00015,0.0,0.00001,0.00078,0.00002,0.00011,0.0,0.00024,0.00021,0.00017,0.0063,0.00024,0.00002,0.0156,0.00005,0.00073,0.0,0.0,0.00034,0.0,0.0,0.0053,0.0024,0.00017,0.0708,0.0035,0.00001,0.0,0.00002,0.0,0.0079,0.0413,0.00099,0.00006,0.0074,0.0041,0.9021,0.00037,0.9956,0.00003,0.00023
21316352,0.00003,0.0,0.0001,0.0023,0.001,0.0035,0.0089,0.0022,0.00062,0.00019,0.00002,0.00023,0.00002,0.0017,0.0,0.00022,0.0013,0.00071,0.0018,0.00033,0.00014,0.0329,0.00011,0.00067,0.0,0.0,0.00009,0.00002,0.0,0.00079,0.00077,0.00017,0.00086,0.0063,0.00024,0.00003,0.00004,0.00004,0.0028,0.00084,0.9396,0.0023,0.0074,0.0014,0.0048,0.0,0.0,0.00002,0.00051
22493342,0.0,0.0,0.0,0.0203,0.0639,0.0011,0.0147,0.0016,0.00023,0.00005,0.00002,0.00002,0.00006,0.002,0.0,0.00016,0.00068,0.00017,0.0046,0.00008,0.00016,0.0224,0.00005,0.0003,0.0,0.0,0.00009,0.00001,0.0,0.00018,0.00077,0.00003,0.00023,0.025,0.00015,0.0,0.00003,0.00004,0.0013,0.0016,0.0019,0.00058,0.0016,0.0109,0.0013,0.0,0.0,0.00002,0.00044
21185742,0.0,0.0,0.0001,0.0135,0.0023,0.0013,0.0468,0.0049,0.00062,0.00005,0.00002,0.00078,0.0018,0.011,0.0015,0.00024,0.00034,0.0011,0.013,0.00022,0.00002,0.0018,0.0,0.0011,0.0,0.0,0.00039,0.00004,0.0,0.0039,0.00077,0.00006,0.0014,0.0123,0.00001,0.0,0.00004,0.00003,0.6231,0.1068,0.0021,0.1372,0.7348,0.0183,0.0025,0.0,0.0,0.00004,0.00044
21782542,0.0,0.0,0.0,0.00015,0.00016,0.0061,0.9286,0.0012,0.00015,0.0,0.0,0.00004,0.0018,0.00049,0.0,0.8846,0.0,0.00038,0.007,0.0018,0.00002,0.0099,0.00027,0.0003,0.0,0.0,0.00091,0.0,0.0,0.0018,0.00077,0.00003,0.00014,0.008,0.00001,0.0,0.0,0.00004,0.0112,0.0647,0.00012,0.7832,0.002,0.0204,0.0013,0.0,0.00002,0.00004,0.00006
22820582,0.0,0.0,0.0,0.0061,0.001,0.0147,0.0367,0.0386,0.0012,0.00005,0.00002,0.0,0.00007,0.0017,0.0,0.0023,0.00094,0.0013,0.0437,0.0007,0.00002,0.0224,0.0,0.0003,0.0,0.0,0.0003,0.00002,0.0,0.00079,0.00057,0.00017,0.00071,0.0014,0.00001,0.0,0.0,0.00003,0.0368,0.0356,0.0019,0.0066,0.0098,0.0716,0.0013,0.0,0.0,0.00008,0.00077
21450262,0.0,0.0,0.00001,0.0095,0.0012,0.00095,0.7908,0.0049,0.00015,0.0,0.00002,0.00078,0.0025,0.003,0.0,0.00071,0.00034,0.00038,0.0036,0.00089,0.00014,0.0119,0.00004,0.00045,0.0,0.0,0.00091,0.0,0.0,0.00017,0.0089,0.00045,0.00034,0.0014,0.00001,0.0,0.0,0.00003,0.0028,0.0029,0.00047,0.7832,0.0591,0.0023,0.00096,0.0,0.0,0.00016,0.00041
24502822,0.0,0.0,0.00001,0.0061,0.001,0.014,0.9333,0.0015,0.00015,0.0,0.00002,0.00002,0.00006,0.0014,0.0,0.0018,0.00021,0.00019,0.0018,0.0015,0.00051,0.0899,0.00005,0.00026,0.0,0.0,0.0019,0.00002,0.0,0.00079,0.0496,0.00045,0.00034,0.3079,0.00001,0.0,0.0,0.0,0.00067,0.009,0.001,0.7832,0.0033,0.0049,0.00096,0.0,0.00006,0.00003,0.00022
19701582,0.0,0.0,0.0,0.0003,0.00016,0.0057,0.0056,0.0016,0.00015,0.00001,0.00001,0.00002,0.00002,0.00049,0.0,0.00024,0.00021,0.00039,0.0187,0.00024,0.00014,0.0055,0.00005,0.00026,0.0,0.0,0.0003,0.0,0.0,0.00017,0.0013,0.00002,0.00029,0.00061,0.00001,0.0,0.0,0.0,0.0014,0.0026,0.0833,0.0635,0.00099,0.0011,0.0025,0.0,0.00002,0.00001,0.00013
24423792,0.0,0.0,0.0,0.00093,0.00016,0.0061,0.0213,0.0062,0.00015,0.00005,0.00002,0.0012,0.00006,0.0023,0.0,0.0017,0.00015,0.00034,0.0269,0.0018,0.00005,0.0041,0.00017,0.00067,0.00002,0.0,0.00034,0.00001,0.0,0.0018,0.4359,0.00002,0.0029,0.0143,0.00001,0.0,0.0,0.00004,0.0079,0.0152,0.004,0.0032,0.435,0.0041,0.024,0.00003,0.00004,0.00004,0.531
26260352,0.0,0.0,0.00045,0.0029,0.0246,0.0061,0.0138,0.2868,0.0011,0.00005,0.00045,0.00023,0.00007,0.003,0.0,0.00079,0.00021,0.00038,0.013,0.00057,0.00006,0.0654,0.0044,0.003,0.0,0.0,0.0033,0.00016,0.00006,0.00054,0.0048,0.00017,0.00029,0.0017,0.00032,0.00005,0.00004,0.00004,0.0247,0.0133,0.004,0.0016,0.0108,0.0112,0.0074,0.00003,0.0,0.00073,0.0097
27180692,0.0,0.00002,0.0,0.00072,0.00049,0.0048,0.0147,0.0016,0.00062,0.0,0.00002,0.00002,0.00006,0.0299,0.0,0.00008,0.0114,0.00038,0.007,0.00057,0.0032,0.0123,0.00004,0.00026,0.0,0.00004,0.0143,0.0,0.0,0.00013,0.0016,0.00003,0.00014,0.0078,0.00001,0.0,0.0,0.00003,0.00067,0.0026,0.00099,0.0013,0.0012,0.0051,0.0121,0.0,0.00002,0.00001,0.00061
26890312,0.0,0.0,0.0,0.00015,0.001,0.2886,0.0016,0.0015,0.0027,0.00001,0.00001,0.00004,0.00002,0.00041,0.0,0.00024,0.0047,0.00017,0.0019,0.00016,0.00003,0.0017,0.00049,0.00067,0.0,0.00004,0.00009,0.0,0.0,0.00039,0.0016,0.00006,0.00014,0.0029,0.00094,0.0,0.00004,0.0,0.0013,0.0013,0.00026,0.00009,0.00072,0.0041,0.9671,0.0,0.00002,0.00001,0.00041
26931452,0.0,0.0,0.0001,0.0143,0.0013,0.0035,0.0089,0.0022,0.00023,0.00001,0.00002,0.00002,0.00039,0.00049,0.0,0.00024,0.00068,0.00019,0.0046,0.00057,0.00006,0.0018,0.00049,0.00056,0.00002,0.0,0.0003,0.00036,0.0,0.0015,0.00077,0.00017,0.00029,0.0017,0.00001,0.00003,0.00002,0.00004,0.0247,0.007,0.0018,0.0064,0.002,0.0033,0.0121,0.00003,0.0,0.00008,0.0017
27349722,0.0,0.0,0.00001,0.1114,0.00064,0.0011,0.0367,0.0225,0.0011,0.00005,0.00002,0.00078,0.00007,0.0097,0.0,0.0013,0.0022,0.00071,0.007,0.00024,0.00002,0.0017,0.00034,0.00045,0.0,0.0,0.0051,0.00003,0.00006,0.0039,0.0048,0.00023,0.00029,0.0012,0.00094,0.0,0.00002,0.00004,0.004,0.0018,0.00099,0.00084,0.005,0.0248,0.0385,0.00003,0.0,0.00002,0.00044
27356602,0.0,0.0,0.0,0.1056,0.00016,0.0012,0.0175,0.0015,0.00015,0.00005,0.00002,0.00004,0.00006,0.00049,0.0,0.00016,0.00021,0.0,0.00056,0.00006,0.00005,0.0029,0.00017,0.00045,0.0,0.00004,0.00004,0.00004,0.0,0.00033,0.00057,0.00003,0.00029,0.0007,0.00001,0.0,0.0,0.0,0.00067,0.0026,0.00049,0.00033,0.00072,0.0014,0.9331,0.0,0.0,0.00016,0.0013
27477332,0.0,0.0,0.0,0.002,0.0042,0.00052,0.0147,0.0133,0.00015,0.00021,0.00007,0.00002,0.00007,0.014,0.0,0.00008,0.00015,0.00038,0.0017,0.00024,0.00016,0.0648,0.00005,0.00045,0.0,0.0,0.2266,0.00004,0.0,0.00013,0.0542,0.0,0.00014,0.1851,0.0,0.0,0.0,0.0,0.004,0.0026,0.00032,0.00054,0.0045,0.0109,0.0021,0.0,0.0,0.00002,0.0248
27983922,0.00005,0.0,0.00001,0.0426,0.00049,0.00088,0.0087,0.003,0.00023,0.00019,0.00002,0.00002,0.00006,0.0018,0.0,0.00018,0.0024,0.00017,0.0031,0.00024,0.00005,0.0066,0.00004,0.00045,0.0,0.00004,0.00009,0.00002,0.0,0.0018,0.0016,0.0,0.00023,0.0014,0.00015,0.00006,0.00004,0.0,0.0013,0.0026,0.0021,0.00054,0.0112,0.0014,0.0035,0.0,0.0,0.00004,0.00077
28044452,0.0,0.0,0.00001,0.00072,0.00064,0.0035,0.0361,0.0073,0.00015,0.00001,0.00002,0.00002,0.00006,0.00049,0.0,0.0265,0.00068,0.00038,0.0035,0.00024,0.00006,0.0029,0.00034,0.00056,0.0,0.0,0.00009,0.00001,0.0,0.00054,0.00095,0.00003,0.00014,0.0014,0.00015,0.0,0.00004,0.00003,0.0043,0.0026,0.0833,0.0042,0.0033,0.0054,0.8239,0.0,0.0,0.00002,0.0018
28073262,0.00003,0.0,0.00006,0.0029,0.00049,0.0035,0.0039,0.0016,0.0027,0.00019,0.00002,0.00006,0.00006,0.0023,0.0,0.00018,0.00068,0.00017,0.0046,0.00033,0.00006,0.0048,0.00017,0.00067,0.0,0.0,0.00009,0.00003,0.0,0.00079,0.0012,0.00003,0.00071,0.0029,0.00024,0.0,0.00003,0.0,0.0013,0.0026,0.0171,0.0012,0.0027,0.0014,0.0225,0.0,0.0,0.00002,0.00023
28632582,0.0,0.0,0.0,0.00045,0.001,0.0013,0.0531,0.0024,0.00015,0.0,0.0,0.00004,0.0007,0.0039,0.0,0.00024,0.00021,0.00017,0.0025,0.00099,0.00005,0.0055,0.00005,0.00026,0.0,0.0,0.00009,0.00002,0.0,0.00013,0.00077,0.0,0.00086,0.008,0.00001,0.0,0.0,0.0,0.0194,0.0784,0.0021,0.0906,0.0071,0.0677,0.0013,0.0,0.00002,0.0,0.0011
29142232,0.00003,0.00002,0.0001,0.0029,0.00064,0.0315,0.0056,0.0049,0.00015,0.00005,0.00001,0.00023,0.00006,0.00049,0.0,0.00024,0.00021,0.00039,0.0077,0.00057,0.00005,0.0029,0.0037,0.00056,0.0,0.00004,0.00034,0.00024,0.0,0.00039,0.00057,0.00006,0.00022,0.0035,0.00015,0.00005,0.0,0.00004,0.0056,0.0026,0.0012,0.00033,0.0027,0.0014,0.1851,0.00003,0.0,0.00004,0.0017
29916012,0.00003,0.0,0.00007,0.00072,0.00064,0.0035,0.0147,0.0015,0.00023,0.00011,0.00002,0.00006,0.00006,0.00063,0.0,0.00022,0.00021,0.00034,0.0046,0.0031,0.00005,0.0279,0.00034,0.0019,0.0,0.00004,0.00034,0.00003,0.0,0.00039,0.00095,0.00002,0.00029,0.0028,0.00015,0.00003,0.00004,0.00004,0.0044,0.0026,0.00049,0.00054,0.0027,0.0033,0.9179,0.00003,0.00063,0.00002,0.00013
30575702,0.0,0.0,0.0001,0.00072,0.9808,0.0022,0.0039,0.0049,0.00023,0.00005,0.00001,0.0014,0.00007,0.00041,0.0,0.00016,0.00021,0.00017,0.0,0.00024,0.00003,0.0648,0.00017,0.0019,0.0,0.0,0.00091,0.00001,0.0,0.00033,0.0017,0.00002,0.00097,0.0021,0.00001,0.00005,0.0,0.0,0.0023,0.0026,0.00032,0.00084,0.0027,0.0014,0.625,0.0,0.0027,0.00003,0.00013
31230602,0.0,0.0,0.0,0.0029,0.00064,0.0668,0.8898,0.0054,0.00015,0.00005,0.00002,0.0015,0.0011,0.0202,0.0,0.0989,0.00034,0.00019,0.0063,0.0004,0.00016,0.0279,0.00036,0.00045,0.0,0.0,0.00091,0.00002,0.0,0.00033,0.0993,0.00006,0.0014,0.015,0.00015,0.0,0.0,0.00003,0.0112,0.0064,0.0019,0.7832,0.0112,0.0201,0.0385,0.0,0.0,0.00073,0.00051
31331292,0.0,0.0,0.00049,0.00015,0.00064,0.0277,0.9859,0.0015,0.0012,0.0,0.0,0.00002,0.00064,0.00041,0.0,0.00071,0.0013,0.00017,0.0,0.3972,0.00014,0.0782,0.00027,0.00067,0.0,0.0,0.0547,0.0,0.0,0.0002,0.0048,0.0012,0.00023,0.1778,0.00001,0.0,0.0,0.0,0.0152,0.549,0.00012,0.1577,0.0031,0.0099,0.0021,0.0,0.0,0.00002,0.0011
31738162,0.00003,0.00002,0.00049,0.0095,0.0186,0.0022,0.0147,0.0088,0.0047,0.00021,0.00002,0.00078,0.00006,0.0072,0.0,0.00037,0.0012,0.00038,0.0095,0.00089,0.00014,0.0066,0.00017,0.0043,0.00002,0.00004,0.00039,0.00016,0.00038,0.0039,0.0012,0.00006,0.00071,0.0063,0.00094,0.00006,0.00004,0.00004,0.0079,0.0053,0.0045,0.0012,0.0071,0.0054,0.0513,0.00004,0.0,0.00016,0.00054
31752082,0.00003,0.0,0.00001,0.006,0.001,0.00095,0.0078,0.0056,0.0012,0.00005,0.00002,0.00023,0.00026,0.011,0.0,0.00037,0.019,0.00038,0.0063,0.00099,0.00006,0.0018,0.00004,0.0003,0.0,0.0,0.00039,0.0,0.0,0.00079,0.0024,0.00006,0.00029,0.0017,0.00024,0.00005,0.00004,0.00004,0.0056,0.0018,0.0045,0.002,0.002,0.0041,0.0162,0.0,0.00002,0.00002,0.0017
32282552,0.0,0.0,0.0014,0.002,0.9808,0.00052,0.0078,0.0016,0.00062,0.00001,0.00003,0.0041,0.00065,0.0023,0.0,0.00018,0.00047,0.00017,0.0017,0.00024,0.00002,0.0759,0.00049,0.0003,0.0,0.0,0.0055,0.00001,0.0,0.001,0.0016,0.00003,0.00014,0.0012,0.00001,0.00006,0.00002,0.00004,0.0028,0.0058,0.0012,0.00058,0.0168,0.0023,0.0162,0.0,0.0,0.00002,0.00006
32306272,0.00003,0.0,0.0,0.00072,0.00049,0.00052,0.0039,0.00069,0.00023,0.00001,0.00002,0.00004,0.00007,0.00075,0.0,0.00016,0.00021,0.00017,0.00056,0.00024,0.00076,0.004,0.00027,0.00026,0.0,0.0,0.00009,0.0,0.0,0.001,0.00077,0.00006,0.00023,0.0017,0.00001,0.00003,0.00002,0.0,0.0079,0.0084,0.00099,0.00023,0.005,0.0014,0.9387,0.0,0.00063,0.00002,0.00023
31525612,0.0,0.0,0.0,0.0135,0.00064,0.0027,0.0147,0.0403,0.00015,0.00021,0.00007,0.00078,0.00007,0.0141,0.0,0.00024,0.00021,0.00017,0.0063,0.00024,0.00006,0.0654,0.00049,0.0003,0.0,0.0,0.00039,0.00025,0.0,0.00079,0.0016,0.00003,0.00029,0.0143,0.00001,0.0,0.0,0.0,0.003,0.0152,0.00049,0.00009,0.0071,0.0567,0.0035,0.0,0.0,0.00002,0.00022
32336292,0.0,0.0,0.00001,0.0023,0.0052,0.0027,0.0147,0.0056,0.00015,0.0,0.00001,0.00006,0.00039,0.1305,0.0,0.00094,0.00021,0.00019,0.0025,0.0018,0.00016,0.0029,0.001,0.0019,0.00002,0.0,0.0045,0.00004,0.00006,0.0018,0.0017,0.00002,0.00071,0.0063,0.00015,0.00003,0.00004,0.0,0.0194,0.0647,0.00047,0.0016,0.0113,0.0628,0.0021,0.00003,0.0,0.0014,0.0
31054222,0.0,0.0,0.00006,0.0003,0.001,0.1057,0.00076,0.00013,0.00015,0.0,0.00001,0.00023,0.00002,0.0,0.0,0.00008,0.00021,0.00017,0.0063,0.00025,0.0,0.0023,0.00017,0.0034,0.0,0.0,0.00004,0.00004,0.0,0.0001,0.00077,0.0,0.5212,0.00061,0.00001,0.00003,0.0,0.0,0.0056,0.0,0.00036,0.00006,0.00099,0.00083,0.9573,0.00003,0.9975,0.0,0.0
32892962,0.0,0.0,0.0,0.00045,0.00064,0.0325,0.0385,0.0024,0.00015,0.00005,0.00003,0.00002,0.00039,0.00063,0.0,0.0122,0.00068,0.00017,0.00065,0.00006,0.00002,0.00031,0.00004,0.00026,0.0,0.0,0.00009,0.00024,0.0,0.00039,0.0024,0.00017,0.00034,0.0017,0.00001,0.0,0.0,0.00003,0.0194,0.0047,0.00032,0.00084,0.0074,0.0014,0.9387,0.0,0.00063,0.0,0.00013
25093383,0.0,0.0,0.0,0.00015,0.0023,0.0089,0.0,0.00042,0.00015,0.0,0.00002,0.0015,0.00006,0.00011,0.0,0.00008,0.0098,0.00038,0.0015,0.0005,0.00002,0.0017,0.00017,0.0003,0.0,0.0,0.00039,0.00001,0.0,0.00013,0.001,0.00002,0.0042,0.0047,0.00001,0.0,0.0,0.0,0.00089,0.00051,0.00026,0.00006,0.0031,0.0025,0.9767,0.00003,0.9985,0.00004,0.00006
1258443,0.00005,0.0,0.0011,0.006,0.0246,0.0089,0.0367,0.0038,0.00023,0.00005,0.00002,0.00008,0.00007,0.00091,0.0,0.0011,0.00021,0.0021,0.0077,0.0031,0.00005,0.1166,0.00004,0.0034,0.0,0.00004,0.00009,0.00002,0.0,0.0039,0.003,0.00002,0.00029,0.0063,0.00001,0.00033,0.0018,0.00004,0.0019,0.0029,0.001,0.0032,0.0045,0.0054,0.1756,0.00003,0.0,0.00002,0.00077
1274703,0.0,0.0,0.0001,0.002,0.368,0.0011,0.0175,0.0088,0.0015,0.00005,0.00002,0.00006,0.00006,0.00049,0.0,0.00037,0.00094,0.00038,0.0036,0.00093,0.00002,0.1063,0.00027,0.00045,0.0,0.0,0.00009,0.00002,0.0,0.00039,0.0024,0.00006,0.00071,0.008,0.00009,0.00003,0.00013,0.00018,0.0194,0.0133,0.0021,0.001,0.005,0.0506,0.1576,0.0,0.0,0.00001,0.00051
825883,0.00003,0.0,0.0011,0.0017,0.0121,0.0017,0.0147,0.0024,0.00037,0.00021,0.00002,0.00023,0.00007,0.00063,0.0,0.0013,0.0047,0.00017,0.0041,0.00057,0.00005,0.0224,0.00004,0.00045,0.0,0.00004,0.00055,0.00002,0.0,0.001,0.00057,0.00017,0.00029,0.0012,0.00032,0.00033,0.00004,0.00003,0.004,0.003,0.0019,0.0169,0.0027,0.0023,0.0265,0.0,0.0,0.00004,0.00013
7302823,0.0,0.0,0.00007,0.00045,0.9665,0.0017,0.0039,0.0025,0.00015,0.00001,0.00001,0.00002,0.00006,0.0017,0.0,0.00024,0.00021,0.00019,0.0019,0.00022,0.00002,0.0648,0.00017,0.00073,0.0,0.0,0.00009,0.00002,0.0,0.0013,0.00057,0.00002,0.00029,0.0012,0.00001,0.0,0.00004,0.00003,0.0028,0.0016,0.00032,0.00084,0.00081,0.0112,0.4624,0.0,0.00002,0.00001,0.00013
3521373,0.0,0.0,0.0,0.0143,0.00064,0.0646,0.5,0.0016,0.00015,0.00005,0.00002,0.00002,0.0053,0.00063,0.0,0.9031,0.00021,0.0011,0.00065,0.00089,0.00005,0.0123,0.00004,0.00045,0.0,0.0,0.00017,0.0,0.0,0.00033,0.0089,0.00017,0.006,0.0029,0.00001,0.0,0.0,0.0,0.0028,0.0013,0.0171,0.4703,0.0012,0.0716,0.0035,0.0,0.0,0.00016,0.00013
33351671,0.0,0.0,0.00006,0.0017,0.001,0.0012,0.0078,0.5938,0.00015,0.00005,0.00001,0.00006,0.0011,0.0928,0.0,0.00016,0.00021,0.00017,0.0077,0.00024,0.00016,0.0268,0.00036,0.0019,0.0,0.0,0.0021,0.00016,0.0,0.0013,0.029,0.0,0.00029,0.0074,0.00015,0.0,0.0,0.00004,0.0079,0.0115,0.00099,0.00009,0.0031,0.0099,0.0021,0.0,0.0,0.00043,0.0013
25774662,0.0,0.0,0.0,0.1056,0.00064,0.0011,0.0133,0.00069,0.00015,0.00005,0.00007,0.00002,0.00006,0.014,0.0,0.00016,0.00021,0.00008,0.078,0.00006,0.00006,0.0419,0.00027,0.00045,0.00014,0.0,0.00017,0.00003,0.0,0.00033,0.0013,0.00003,0.00014,0.0074,0.00001,0.0,0.0,0.0,0.0,0.0012,0.0039,0.0056,0.0074,0.0025,0.0077,0.0,0.00002,0.00002,0.00054
24719222,0.0,0.0,0.0,0.0268,0.0023,0.0013,0.0087,0.0045,0.00015,0.0,0.00002,0.00004,0.00002,0.3566,0.0,0.00008,0.0001,0.00017,0.0031,0.0031,0.00002,0.009,0.00005,0.0003,0.0,0.0,0.00055,0.0,0.0,0.0002,0.6626,0.00003,0.00029,0.008,0.00001,0.0,0.0,0.0,0.004,0.0874,0.00032,0.0407,0.0027,0.0014,0.0021,0.0,0.0,0.00043,0.00022
26159452,0.0,0.00002,0.0024,0.00072,0.00033,0.0071,0.9454,0.0016,0.00015,0.0,0.00002,0.00006,0.00006,0.00049,0.0,0.0265,0.00021,0.00017,0.00095,0.00057,0.00005,0.0017,0.00011,0.0019,0.0,0.0,0.0019,0.00002,0.0,0.0039,0.0013,0.00002,0.00029,0.0901,0.00009,0.0,0.00004,0.00004,0.0112,0.3362,0.00032,0.1372,0.00099,0.0033,0.0062,0.7843,0.0191,0.00002,0.00022
13286422,0.0,0.0,0.0,0.0017,0.0522,0.00094,0.0056,0.0015,0.00023,0.00005,0.00002,0.00002,0.00006,0.0039,0.0,0.00008,0.00026,0.00039,0.0016,0.0004,0.00006,0.0099,0.00004,0.0003,0.0,0.0,0.00017,0.00024,0.0,0.0013,0.0013,0.00017,0.00029,0.0012,0.00001,0.0,0.0,0.00004,0.00068,0.0026,0.0039,0.00033,0.00072,0.0037,0.024,0.0,0.0,0.0,0.00054
32858312,0.0,0.0,0.0,0.0379,0.00016,0.00094,0.0686,0.0211,0.0,0.0,0.00001,0.0015,0.0025,0.1487,0.0,0.00018,0.0001,0.00017,0.0063,0.0025,0.00002,0.035,0.0,0.00045,0.0,0.0,0.00004,0.0,0.0,0.00013,0.1665,0.00003,0.00086,0.0428,0.0,0.0,0.0,0.0,0.0019,0.0053,0.00026,0.0064,0.0168,0.1319,0.00096,0.0,0.0,0.00016,0.0097
475542,0.00003,0.0,0.0,0.00015,0.0012,0.0325,0.7908,0.00069,0.0015,0.0,0.00001,0.00004,0.00064,0.0023,0.0,0.0065,0.00068,0.00017,0.00056,0.0004,0.00006,0.5921,0.00005,0.0003,0.0,0.0,0.0019,0.00001,0.0,0.0004,0.0012,0.00003,0.00014,0.0017,0.00015,0.0,0.0,0.00004,0.00089,0.02,0.0368,0.4375,0.0062,0.0049,0.0013,0.0,0.0,0.00002,0.00013
117492,0.0,0.0,0.0001,0.0029,0.0035,0.0518,0.9651,0.0045,0.0015,0.00005,0.00002,0.00078,0.00007,0.0039,0.0,0.9031,0.0012,0.00071,0.0018,0.00033,0.00005,0.0402,0.00005,0.0015,0.0,0.0,0.00009,0.00004,0.0,0.00079,0.0048,0.00006,0.00041,0.0143,0.00015,0.00003,0.00004,0.0,0.0014,0.0249,0.025,0.387,0.00099,0.0054,0.0077,0.0,0.0,0.00004,0.00013
6135252,0.0036,0.00002,0.0016,0.0039,0.0639,0.0089,0.025,0.0063,0.0011,0.00005,0.00002,0.00006,0.00026,0.0072,0.0,0.00037,0.0047,0.00038,0.0018,0.00057,0.00016,0.1228,0.0005,0.1093,0.00002,0.00078,0.00091,0.00036,0.0024,0.0013,0.0542,0.00003,0.00071,0.0018,0.004,0.00088,0.00013,0.00028,0.0028,0.007,0.0039,0.0013,0.0074,0.0442,0.7151,0.00004,0.0,0.00004,0.0011
4075172,0.0,0.0,0.0,0.0144,0.0012,0.0008,0.0361,0.0025,0.00015,0.00001,0.00001,0.00002,0.00007,0.005,0.0,0.0057,0.00021,0.00019,0.0018,0.00016,0.00016,0.00081,0.00017,0.00045,0.0,0.0,0.00021,0.0,0.0,0.00039,0.0048,0.00003,0.00029,0.0012,0.00001,0.0,0.0,0.00003,0.004,0.0013,0.0171,0.0012,0.0027,0.0014,0.0225,0.0,0.0,0.00002,0.00041
2417812,0.0,0.0,0.0,0.1937,0.0127,0.0035,0.016,0.0247,0.00015,0.00005,0.00002,0.00002,0.00007,0.0023,0.0,0.00024,0.00026,0.00038,0.0018,0.0004,0.00006,0.0654,0.00049,0.00023,0.0,0.0,0.00009,0.00003,0.0,0.00013,0.01,0.00006,0.00086,0.0012,0.00001,0.0,0.0,0.0,0.0028,0.0026,0.0019,0.001,0.0098,0.0014,0.0062,0.0,0.0,0.00002,0.0018
3081622,0.0,0.0,0.0,0.006,0.0042,0.0518,0.3045,0.0015,0.00015,0.00019,0.00007,0.00002,0.00006,0.002,0.0,0.003,0.0013,0.0013,0.0031,0.0005,0.00016,0.0949,0.00036,0.00026,0.0,0.0,0.00034,0.00002,0.0,0.001,0.0089,0.00017,0.00034,0.0063,0.00001,0.0,0.0,0.00004,0.0014,0.0647,0.0096,0.0656,0.0059,0.0054,0.0048,0.0,0.0,0.00002,0.00077
3962762,0.0,0.0,0.0,0.0143,0.0042,0.0315,0.7908,0.0024,0.00037,0.0,0.00002,0.00002,0.00002,0.00041,0.0,0.0011,0.00021,0.00071,0.00065,0.00024,0.00005,0.0419,0.00005,0.00045,0.0,0.0,0.00034,0.0,0.0,0.0018,0.001,0.00006,0.0016,0.0197,0.00001,0.0,0.0,0.00004,0.0015,0.0647,0.0171,0.387,0.005,0.0274,0.0013,0.0,0.00002,0.00001,0.00041
3087662,0.00005,0.00002,0.00018,0.0046,0.0522,0.0013,0.0282,0.0045,0.00062,0.00036,0.00003,0.00004,0.00006,0.0023,0.0,0.00024,0.0047,0.0011,0.0123,0.0007,0.00006,0.0052,0.00017,0.0019,0.0,0.00004,0.00091,0.00036,0.00006,0.0018,0.001,0.00006,0.00029,0.0014,0.00015,0.00065,0.00004,0.00066,0.0044,0.0088,0.001,0.0016,0.0499,0.0037,0.0795,0.00003,0.0,0.00002,0.002
1801572,0.0,0.0,0.0,0.0023,0.00049,0.0022,0.0031,0.0022,0.00015,0.00005,0.00002,0.0001,0.00007,0.1305,0.0,0.00016,0.00021,0.00004,0.0041,0.00008,0.00002,0.0055,0.00008,0.00026,0.0,0.0,0.00009,0.0,0.0,0.00013,0.001,0.00017,0.00071,0.0047,0.00001,0.0,0.0,0.0,0.00067,0.0,0.00099,0.00009,0.0074,0.9237,0.0942,0.0,0.0,0.00004,0.00022
8361572,0.0,0.0,0.0,0.00072,0.9741,0.0022,0.0531,0.00069,0.00015,0.00001,0.00001,0.00008,0.0,0.00063,0.0,0.00008,0.00026,0.00012,0.00021,0.00016,0.00002,0.0119,0.00005,0.00018,0.0,0.0,0.00004,0.0,0.0,0.0001,0.00057,0.00006,0.00071,0.0029,0.00001,0.0,0.0,0.00003,0.00089,0.00051,0.0012,0.00009,0.0,0.0041,0.0074,0.0,0.0,0.0,0.0
8272522,0.00005,0.0,0.0037,0.00072,0.9313,0.00052,0.0031,0.0015,0.00037,0.00005,0.00002,0.00078,0.00006,0.00063,0.0,0.00018,0.00021,0.00019,0.00065,0.00016,0.00014,0.0782,0.00017,0.0409,0.0,0.00004,0.00039,0.00024,0.0,0.0032,0.00013,0.00006,0.00034,0.0018,0.00001,0.00088,0.00004,0.0,0.004,0.0015,0.00099,0.00054,0.0031,0.0017,0.0484,0.0,0.0,0.00004,0.00023
10831772,0.0,0.0,0.0,0.00045,0.00033,0.1198,0.9457,0.0016,0.00023,0.0,0.00001,0.00078,0.00002,0.00075,0.0,0.8846,0.00026,0.0011,0.013,0.00016,0.00002,0.0099,0.0,0.00026,0.0,0.0,0.00009,0.00002,0.0,0.00013,0.01,0.00006,0.00034,0.7347,0.00001,0.0,0.0,0.00004,0.0019,0.0874,0.00032,0.7832,0.0591,0.0183,0.0265,0.0,0.0001,0.0,0.0
11337212,0.0,0.0,0.0,0.0061,0.00016,0.0022,0.0175,0.5938,0.00015,0.0,0.00001,0.00006,0.00006,0.0072,0.00002,0.00024,0.00026,0.00019,0.0025,0.00008,0.00002,0.274,0.0,0.00026,0.0,0.0,0.00021,0.00001,0.0,0.00013,0.0656,0.00002,0.00097,0.8214,0.00001,0.0,0.0,0.0,0.00089,0.0088,0.00099,0.0029,0.0027,0.0795,0.0076,0.0,0.0,0.00043,0.0013
11571062,0.0,0.0,0.0,0.0143,0.001,0.0011,0.0097,0.0133,0.00015,0.00001,0.00002,0.013,0.00064,0.1838,0.0,0.0357,0.0001,0.00038,0.013,0.00089,0.00005,0.0017,0.00005,0.00085,0.0,0.0,0.00009,0.0,0.0,0.001,0.00095,0.00006,0.00086,0.5462,0.00001,0.0,0.0,0.0,0.0014,0.0309,0.0012,0.0077,0.002,0.0014,0.0013,0.0,0.0,0.00008,0.00013
11593032,0.00003,0.0,0.00007,0.0029,0.001,0.0214,0.0087,0.0015,0.00023,0.00005,0.00007,0.00002,0.00064,0.0014,0.0,0.00037,0.00068,0.00017,0.0018,0.0005,0.00006,0.0075,0.00004,0.00067,0.0,0.00004,0.00017,0.00002,0.0,0.00033,0.0016,0.00002,0.00023,0.0014,0.00001,0.00033,0.00004,0.00003,0.00068,0.0018,0.0026,0.001,0.015,0.0014,0.0121,0.00003,0.0,0.00004,0.00044
12208012,0.0,0.00002,0.00007,0.0229,0.9398,0.0027,0.7908,0.0035,0.00023,0.00005,0.00002,0.00008,0.00064,0.002,0.0,0.00037,0.00021,0.00071,0.0016,0.00016,0.00005,0.1469,0.00095,0.00067,0.0,0.0,0.00034,0.00002,0.0,0.0053,0.0072,0.00045,0.00071,0.0014,0.00001,0.0,0.00003,0.0,0.0079,0.0013,0.00047,0.0012,0.0033,0.0112,0.0062,0.0,0.0,0.00002,0.00022
12422062,0.0,0.0,0.0,0.0016,0.0026,0.0011,0.936,0.00069,0.00015,0.0,0.00001,0.00078,0.0007,0.0072,0.0,0.0011,0.00021,0.00071,0.013,0.0004,0.00002,0.0949,0.00005,0.0003,0.0,0.0,0.00039,0.00002,0.0,0.0001,0.00077,0.00002,0.00014,0.0428,0.00001,0.0,0.0,0.00004,0.004,0.8364,0.00099,0.0906,0.0,0.0248,0.00045,0.0,0.0,0.00002,0.00023
13680082,0.0,0.0,0.0,0.0003,0.00016,0.0022,0.9933,0.00069,0.00015,0.0,0.00001,0.00002,0.9178,0.00049,0.0,0.9259,0.0001,0.00017,0.00056,0.00016,0.00002,0.0017,0.0,0.00026,0.0,0.0,0.00009,0.00003,0.0,0.00033,0.00095,0.00003,0.00023,0.0047,0.00001,0.0,0.0,0.0,0.0023,0.0151,0.0524,0.8815,0.00099,0.0049,0.0013,0.0,0.0,0.00002,0.00022
14711492,0.0,0.00002,0.0001,0.002,0.0052,0.0071,0.025,0.0088,0.0027,0.00005,0.00002,0.0012,0.00006,0.0023,0.0,0.00022,0.0013,0.00071,0.0015,0.0005,0.00016,0.0081,0.00027,0.0019,0.0,0.0,0.00009,0.00002,0.0,0.0018,0.2743,0.00003,0.0059,0.0063,0.00015,0.00003,0.00013,0.0,0.00089,0.0047,0.0171,0.0179,0.0027,0.0099,0.0121,0.0,0.0027,0.00043,0.00013
14872042,0.00003,0.0,0.00006,0.00072,0.8583,0.0022,0.025,0.0054,0.004,0.00005,0.00007,0.00008,0.00026,0.0023,0.0,0.00094,0.0017,0.00039,0.0019,0.00099,0.00006,0.0207,0.00036,0.00067,0.0,0.00004,0.00034,0.00025,0.0,0.0039,0.0072,0.00006,0.0014,0.0028,0.00015,0.00003,0.00003,0.00004,0.0044,0.0133,0.0026,0.0032,0.0033,0.039,0.0385,0.00003,0.0,0.00016,0.00041
15055442,0.00003,0.0,0.0001,0.00072,0.0246,0.0013,0.0056,0.0056,0.0012,0.00005,0.00001,0.00023,0.00006,0.0039,0.0,0.00018,0.0013,0.00038,0.00065,0.00024,0.00005,0.0119,0.00049,0.00045,0.0,0.00004,0.00009,0.00016,0.0,0.0081,0.00077,0.00002,0.00071,0.008,0.004,0.00003,0.00022,0.00043,0.004,0.009,0.0019,0.0015,0.002,0.0112,0.6176,0.00003,0.00002,0.00002,0.00041
15617602,0.0,0.0,0.00001,0.00015,0.9865,0.00018,0.00084,0.00013,0.00015,0.0,0.0,0.0,0.00006,0.00049,0.0,0.00022,0.0,0.00004,0.00056,0.00024,0.00002,0.0123,0.0,0.00026,0.0,0.0,0.00004,0.0,0.0,0.00079,0.00034,0.0,0.00022,0.0018,0.0,0.0,0.0,0.0,0.0194,0.0012,0.00012,0.00023,0.002,0.0013,0.0021,0.0,0.0,0.00016,0.0
15787692,0.00003,0.0,0.00001,0.00045,0.0035,0.0011,0.0857,0.0038,0.00059,0.00011,0.00002,0.00002,0.00006,0.00049,0.0,0.00024,0.0026,0.00017,0.0046,0.0005,0.00006,0.0029,0.01,0.00026,0.0,0.0,0.00009,0.00002,0.0,0.0002,0.0017,0.00003,0.00014,0.0017,0.00032,0.00006,0.00002,0.0,0.002,0.0013,0.0021,0.0032,0.0074,0.0054,0.0062,0.0,0.0,0.00008,0.00041
32415032,0.0,0.0,0.0164,0.00072,0.9816,0.00052,0.0039,0.00069,0.00015,0.0,0.00002,0.00002,0.00006,0.00063,0.0,0.00016,0.00021,0.00019,0.00095,0.00016,0.00005,0.0731,0.00036,0.0014,0.0,0.0,0.00009,0.00003,0.0,0.0081,0.0016,0.00002,0.00014,0.0014,0.00001,0.00003,0.00013,0.00018,0.0074,0.00084,0.00036,0.00027,0.0027,0.0054,0.0121,0.0,0.0,0.00002,0.00013
16333492,0.0,0.0,0.0001,0.0046,0.8583,0.0022,0.0147,0.0016,0.00015,0.00001,0.00002,0.00023,0.00006,0.0023,0.0,0.00018,0.00068,0.00038,0.0025,0.00024,0.00006,0.0041,0.00017,0.0019,0.00002,0.0,0.00092,0.00003,0.0305,0.00033,0.0024,0.00006,0.00071,0.0018,0.00001,0.00006,0.00002,0.00004,0.0079,0.0064,0.00099,0.00084,0.0098,0.0183,0.1981,0.0,0.0,0.0,0.00022
15956992,0.00003,0.0,0.0001,0.0015,0.0026,0.0022,0.0985,0.0024,0.021,0.00005,0.0,0.00002,0.0053,0.0039,0.0,0.0265,0.012,0.00038,0.00056,0.0004,0.00016,0.0224,0.0015,0.0015,0.0,0.0,0.0003,0.00024,0.0,0.0039,0.0017,0.00006,0.00034,0.0022,0.00015,0.00003,0.00004,0.00003,0.0112,0.0013,0.0072,0.0077,0.002,0.0099,0.2264,0.0,0.0,0.00002,0.00022
18007122,0.0,0.0,0.0,0.0029,0.0042,0.0575,0.0087,0.0016,0.00062,0.0,0.00001,0.00023,0.00006,0.0271,0.0,0.0013,0.00021,0.00017,0.0264,0.0052,0.00002,0.0207,0.00004,0.00026,0.0,0.0,0.0251,0.00024,0.0,0.001,0.0024,0.00017,0.00097,0.0292,0.00001,0.0,0.0,0.0,0.2001,0.1662,0.00032,0.0029,0.0286,0.0049,0.0035,0.0,0.0,0.00002,0.002
17940342,0.0,0.0,0.0,0.006,0.00016,0.0008,0.0147,0.3305,0.00062,0.0,0.0,0.0041,0.00007,0.1828,0.0,0.00016,0.00026,0.00017,0.00065,0.0005,0.00005,0.035,0.00004,0.00067,0.0,0.0,0.0159,0.0,0.0,0.0018,0.0263,0.00003,0.00014,0.0029,0.00001,0.0,0.0,0.0,0.0019,0.0498,0.00032,0.001,0.0667,0.0054,0.0021,0.0,0.0,0.00014,0.0013
18810322,0.00005,0.0,0.0001,0.0017,0.0033,0.0061,0.0039,0.0024,0.00062,0.00005,0.00002,0.00008,0.00002,0.00091,0.0,0.00024,0.00068,0.00017,0.0035,0.00024,0.00005,0.0029,0.00027,0.001,0.0,0.00015,0.00017,0.00025,0.0,0.00079,0.0017,0.00003,0.0026,0.0014,0.00094,0.00033,0.00013,0.0,0.0019,0.0026,0.00099,0.00033,0.002,0.0041,0.8394,0.0,0.0027,0.00002,0.00054
20625692,0.0,0.0,0.0,0.00072,0.8583,0.0035,0.0056,0.0025,0.0027,0.0014,0.00043,0.00008,0.00006,0.002,0.0,0.00024,0.00021,0.0013,0.0025,0.00089,0.00006,0.0099,0.00005,0.00027,0.0,0.0,0.00009,0.00004,0.00006,0.0018,0.00057,0.00002,0.00029,0.00061,0.00009,0.00003,0.0,0.00018,0.0152,0.0036,0.001,0.0012,0.0027,0.0014,0.0106,0.00003,0.0,0.00004,0.00022
20353432,0.00003,0.0,0.0001,0.002,0.0021,0.0061,0.0385,0.0054,0.0011,0.00005,0.00007,0.00023,0.00007,0.002,0.0,0.0017,0.00068,0.00038,0.0016,0.00024,0.00005,0.0029,0.00049,0.8344,0.0,0.0,0.00009,0.0027,0.0,0.00079,0.0027,0.00003,0.0014,0.0029,0.00001,0.00006,0.00004,0.00004,0.0014,0.0412,0.00099,0.001,0.0045,0.0099,0.8394,0.0,0.0,0.00002,0.00013
21055392,0.00003,0.0,0.00001,0.00093,0.001,0.0022,0.0056,0.0073,0.00015,0.0,0.00002,0.00002,0.00006,0.00049,0.0,0.00022,0.0013,0.00017,0.0107,0.00024,0.00005,0.0048,0.00005,0.00045,0.0,0.00004,0.00017,0.00002,0.0,0.00013,0.0016,0.00006,0.00029,0.0018,0.00001,0.00003,0.0,0.00003,0.00067,0.0013,0.00037,0.00054,0.0027,0.00063,0.0106,0.0,0.0,0.00002,0.00051
21302192,0.00005,0.0,0.00001,0.002,0.0042,0.0027,0.1395,0.0073,0.00023,0.00001,0.00001,0.00002,0.00007,0.0017,0.0,0.00022,0.00021,0.00012,0.007,0.00099,0.00002,0.1753,0.00027,0.00045,0.0,0.0,0.00009,0.0,0.0,0.0039,0.0027,0.00003,0.0029,0.0428,0.00001,0.00065,0.0,0.00004,0.0015,0.0053,0.00036,0.00054,0.00099,0.0239,0.0021,0.0,0.00004,0.00004,0.00013
21840342,0.0,0.0,0.0,0.00072,0.001,0.0011,0.0361,0.0024,0.00023,0.0,0.0,0.00002,0.00006,0.0039,0.0,0.00037,0.00094,0.00038,0.0688,0.0005,0.00005,0.00081,0.00017,0.0003,0.0,0.0,0.00009,0.00002,0.0,0.00079,0.009,0.00003,0.00097,0.0074,0.00015,0.00003,0.0,0.0,0.00067,0.0013,0.0026,0.0016,0.1604,0.0014,0.0025,0.0,0.0,0.0002,0.0018
22108402,0.0,0.0,0.0,0.0017,0.8583,0.0035,0.0175,0.00069,0.00015,0.00005,0.00045,0.00023,0.00002,0.0023,0.0,0.0011,0.0001,0.00071,0.00056,0.00006,0.0,0.0329,0.00017,0.00045,0.0,0.0,0.00004,0.0,0.0,0.00013,0.00057,0.00002,0.0042,0.008,0.00001,0.0,0.0,0.00003,0.0032,0.00037,0.00015,0.00084,0.002,0.0112,0.9509,0.0,0.0383,0.00001,0.00013
22133242,0.0,0.0,0.0,0.0135,0.3341,0.0105,0.4214,0.003,0.00023,0.00005,0.00001,0.00023,0.00007,0.0271,0.0,0.00079,0.00026,0.00017,0.0095,0.0025,0.00002,0.0224,0.00004,0.00045,0.0,0.0,0.00009,0.00002,0.0,0.00013,0.0017,0.00003,0.00014,0.0029,0.00001,0.0,0.0,0.0,0.0079,0.0556,0.00032,0.002,0.0027,0.0099,0.0021,0.0,0.0,0.00001,0.00054
22975132,0.0,0.0,0.00001,0.0029,0.0026,0.00018,0.0087,0.0049,0.00023,0.00011,0.00002,0.00023,0.00006,0.0023,0.0,0.00071,0.00026,0.00038,0.00065,0.00013,0.00005,0.0017,0.00004,0.00067,0.0,0.0,0.00034,0.0,0.0,0.0018,0.0016,0.00003,0.00086,0.0017,0.00015,0.00003,0.0,0.00004,0.0015,0.0047,0.0019,0.0029,0.002,0.0054,0.0858,0.0,0.0,0.00002,0.00013
22858262,0.0,0.0,0.0,0.00072,0.0246,0.014,0.8728,0.0025,0.00015,0.00005,0.00002,0.0012,0.0053,0.0072,0.0,0.0074,0.00021,0.00017,0.0018,0.0025,0.00002,0.0731,0.0,0.00045,0.0,0.0,0.00009,0.00002,0.0,0.0032,0.00077,0.00017,0.00023,0.025,0.00001,0.0,0.0,0.0,0.0014,0.024,0.00032,0.0179,0.0023,0.0112,0.0074,0.0,0.0,0.00002,0.00006
23985232,0.0,0.0,0.00001,0.0029,0.00049,0.1715,0.4424,0.0063,0.0012,0.00001,0.00001,0.00008,0.00039,0.0097,0.0,0.0065,0.00026,0.00038,0.00065,0.0005,0.00014,0.5921,0.00005,0.001,0.0,0.0,0.0251,0.0,0.0,0.00033,0.01,0.00017,0.0016,0.0123,0.00001,0.0,0.0,0.0,0.004,0.0036,0.001,0.1372,0.0027,0.0316,0.0013,0.0,0.0,0.00001,0.00044
24234352,0.0,0.0,0.0011,0.002,0.0023,0.0048,0.0089,0.0211,0.00015,0.0066,0.00045,0.00023,0.00006,0.00091,0.0,0.0013,0.00068,0.00038,0.0015,0.00006,0.00002,0.0119,0.00034,0.00056,0.0,0.0,0.00004,0.00002,0.0,0.00033,0.0048,0.00003,0.00029,0.0014,0.00001,0.0,0.00013,0.00066,0.0182,0.0013,0.0012,0.0012,0.0012,0.0099,0.9387,0.0,0.00002,0.0,0.00022
24021522,0.0,0.0,0.00007,0.0088,0.00049,0.00052,0.2862,0.0088,0.00015,0.00005,0.00001,0.00002,0.00006,0.0281,0.0,0.00024,0.00021,0.00075,0.013,0.00099,0.0032,0.0537,0.00011,0.00085,0.0,0.0,0.0079,0.0,0.0,0.001,0.0012,0.00003,0.00014,0.0022,0.00001,0.0,0.0,0.0,0.00053,0.0249,0.0019,0.0095,0.00099,0.0112,0.00096,0.0,0.0,0.00004,0.00061
22120272,0.0,0.0,0.0,0.0061,0.00049,0.0022,0.0175,0.0247,0.00015,0.0,0.00001,0.00004,0.00026,0.7746,0.0,0.00024,0.0001,0.00038,0.0148,0.00024,0.00005,0.5921,0.00004,0.00018,0.0,0.0,0.00009,0.00002,0.0,0.001,0.0039,0.00003,0.00029,0.0029,0.00001,0.0,0.0,0.0,0.046,0.0053,0.00032,0.0218,0.0074,0.0316,0.0013,0.0,0.00004,0.00002,0.0037
23771672,0.0,0.0,0.0,0.0143,0.00049,0.00052,0.0089,0.00069,0.00015,0.0,0.00001,0.00002,0.00006,0.0023,0.0,0.00022,0.00021,0.00038,0.007,0.0005,0.00005,0.0035,0.00005,0.00045,0.0,0.0,0.00091,0.0,0.0,0.00079,0.00057,0.00006,0.00029,0.0029,0.00001,0.0,0.0,0.0,0.0013,0.0013,0.0171,0.0042,0.015,0.0014,0.00045,0.0,0.0,0.00003,0.0017
24080672,0.0,0.0,0.0,0.0379,0.0023,0.014,0.025,0.0185,0.00023,0.00005,0.00001,0.0014,0.00007,0.097,0.0,0.00024,0.0017,0.00075,0.0018,0.00022,0.00002,0.0537,0.00027,0.00045,0.0,0.0,0.00009,0.00002,0.0,0.00079,0.0012,0.00017,0.00029,0.0035,0.00009,0.0,0.0,0.0,0.0044,0.0115,0.0046,0.0029,0.0442,0.0099,0.2791,0.0,0.0,0.00002,0.0017
24984052,0.0,0.00002,0.0,0.0015,0.0021,0.0071,0.0039,0.0,0.00015,0.00005,0.00007,0.0034,0.00006,0.00041,0.0,0.00018,0.0047,0.00038,0.00095,0.00016,0.00002,0.0075,0.00034,0.00073,0.0,0.0,0.00009,0.00004,0.0,0.00079,0.0016,0.00003,0.0352,0.0007,0.00015,0.00006,0.0,0.00066,0.0028,0.0013,0.00099,0.00009,0.0108,0.0013,0.8787,0.0361,0.9956,0.00001,0.00023
26307942,0.0,0.0,0.0,0.0357,0.0033,0.0017,0.7908,0.0054,0.00015,0.00011,0.00007,0.00078,0.0025,0.0585,0.0,0.00018,0.0001,0.00038,0.0041,0.0544,0.00005,0.2337,0.00034,0.00045,0.0,0.0,0.0055,0.0,0.0,0.00039,0.0039,0.00002,0.0029,0.0197,0.00001,0.0,0.0,0.0,0.00089,0.0498,0.00047,0.3284,0.0027,0.0167,0.0021,0.0,0.00002,0.00004,0.00041
27720992,0.00003,0.0,0.00049,0.0003,0.0014,0.0035,0.0056,0.0035,0.00023,0.00011,0.00002,0.00006,0.00007,0.00075,0.0,0.00024,0.006,0.00019,0.0019,0.00089,0.00014,0.0052,0.00027,0.0176,0.0,0.00015,0.00009,0.00004,0.0,0.0013,0.0024,0.00017,0.00014,0.0047,0.00032,0.0002,0.00013,0.0,0.0014,0.0013,0.0019,0.00033,0.0033,0.0014,0.043,0.00003,0.0,0.00002,0.00041
28231822,0.0,0.0,0.0,0.8446,0.0014,0.0027,0.1861,0.00069,0.00015,0.0,0.0,0.00004,0.00002,0.0271,0.0,0.0265,0.00015,0.00038,0.0018,0.00024,0.00002,0.0544,0.00005,0.00045,0.00002,0.0,0.0019,0.0,0.0,0.00079,0.0024,0.00017,0.00071,0.0733,0.00001,0.0,0.0,0.0,0.0043,0.0521,0.00047,0.0042,0.0097,0.0986,0.00096,0.0,0.0,0.00002,0.0031
28395002,0.0,0.0,0.0,0.0661,0.00016,0.00052,0.0985,0.0987,0.00015,0.00001,0.00002,0.00002,0.00006,0.0017,0.0,0.00037,0.0,0.00038,0.013,0.0025,0.00002,0.2042,0.00004,0.00045,0.0,0.0,0.00009,0.0,0.0,0.0001,0.00057,0.00017,0.00097,0.8864,0.0,0.0,0.0,0.0,0.00053,0.0333,0.00012,0.0279,0.0261,0.9594,0.0013,0.0,0.0,0.0,0.00077
28440192,0.0,0.0,0.0001,0.0023,0.001,0.0012,0.0385,0.0185,0.00023,0.00005,0.00002,0.00004,0.00006,0.0023,0.0,0.00024,0.00026,0.00038,0.007,0.0005,0.00014,0.0148,0.00005,0.00045,0.0,0.0,0.00039,0.00004,0.0,0.00039,0.00077,0.00003,0.00097,0.0007,0.00001,0.0,0.00004,0.00003,0.0019,0.0026,0.00099,0.001,0.0168,0.0059,0.6851,0.00044,0.8561,0.00004,0.00061
28693402,0.0,0.0,0.0,0.002,0.0033,0.00052,0.0147,0.0185,0.00015,0.0,0.00001,0.00023,0.00026,0.0271,0.0,0.00018,0.00021,0.00017,0.013,0.0004,0.00005,0.0066,0.00004,0.00027,0.0,0.0,0.0034,0.0,0.0,0.00033,0.0496,0.00017,0.00029,0.0047,0.00001,0.0,0.0,0.0,0.0015,0.0151,0.00047,0.0016,0.0055,0.1121,0.00071,0.0,0.0,0.00043,0.00077
28124452,0.00003,0.0,0.00006,0.0203,0.0035,0.0277,0.2862,0.003,0.0274,0.00021,0.00007,0.00023,0.0007,0.011,0.0,0.0013,0.0098,0.00071,0.0025,0.00024,0.00014,0.0224,0.00027,0.0015,0.0,0.00015,0.0079,0.00003,0.00006,0.0013,0.003,0.00006,0.0016,0.0364,0.00024,0.00006,0.0,0.00004,0.0044,0.0013,0.0065,0.0906,0.0074,0.0059,0.0076,0.00037,0.00027,0.00004,0.00061
28833532,0.0,0.0,0.0,0.0061,0.0035,0.00052,0.1096,0.0358,0.00023,0.00001,0.00001,0.00004,0.00006,0.0017,0.0,0.00018,0.00021,0.00038,0.00056,0.00099,0.00005,0.0077,0.00005,0.0101,0.0,0.0,0.0033,0.00002,0.0,0.0053,0.01,0.00017,0.00071,0.0014,0.00015,0.0,0.00002,0.0,0.0105,0.003,0.00049,0.0015,0.1121,0.0316,0.0025,0.0,0.0,0.00008,0.002
29380072,0.0,0.0,0.0,0.00015,0.0012,0.0518,0.0,0.00042,0.00015,0.0,0.00001,0.00002,0.00002,0.0,0.0,0.00008,0.00021,0.00038,0.0016,0.00006,0.00002,0.0525,0.00095,0.00018,0.0,0.0,0.00009,0.0,0.0,0.00013,0.0081,0.0,0.0274,0.00061,0.00001,0.0,0.0,0.0,0.046,0.0026,0.00012,0.00006,0.0055,0.0013,0.9509,0.00003,0.9664,0.00004,0.0
29474382,0.0,0.0,0.00001,0.0058,0.00049,0.00067,0.2712,0.0386,0.00015,0.00001,0.00001,0.00002,0.00007,0.0014,0.0,0.00016,0.00021,0.00038,0.0025,0.00022,0.00005,0.1862,0.00011,0.0019,0.0,0.0,0.00055,0.0,0.0,0.00033,0.0072,0.00003,0.0026,0.8263,0.00015,0.00003,0.0,0.0,0.0032,0.8364,0.00032,0.0012,0.0027,0.0054,0.00071,0.0,0.0,0.00008,0.00013
30760172,0.0,0.0,0.0,0.0029,0.0023,0.0011,0.1869,0.0088,0.00023,0.00019,0.00003,0.0056,0.0011,0.0202,0.0027,0.0023,0.00026,0.00039,0.0025,0.0191,0.00002,0.0525,0.00011,0.00045,0.0,0.0,0.00034,0.0,0.0,0.001,0.029,0.00017,0.00071,0.0292,0.00009,0.0,0.00003,0.0,0.0079,0.0058,0.0018,0.0505,0.0261,0.0049,0.0021,0.0,0.0,0.00004,0.0037
30931632,0.0,0.0,0.0037,0.00072,0.0021,0.2124,0.001,0.0062,0.00023,0.00005,0.00045,0.00006,0.00006,0.00049,0.0,0.00016,0.0047,0.00071,0.0187,0.00008,0.00002,0.0525,0.00017,0.003,0.0,0.0,0.00009,0.00002,0.00006,0.00079,0.0016,0.00006,0.8062,0.0018,0.00001,0.0002,0.00022,0.0,0.033,0.02,0.00049,0.00006,0.0204,0.0099,0.9387,0.0126,0.9895,0.00002,0.00013
31443692,0.0,0.0,0.0,0.0583,0.0012,0.014,0.9814,0.0022,0.00015,0.0,0.0,0.0,0.00006,0.00091,0.0,0.4876,0.00026,0.00017,0.00056,0.0025,0.00002,0.2442,0.00005,0.00045,0.0,0.0,0.00004,0.00002,0.0,0.0002,0.0013,0.00002,0.0026,0.1,0.00001,0.0,0.0,0.0,0.0182,0.02,0.00012,0.7832,0.005,0.5657,0.0013,0.0,0.0,0.00002,0.00023
31507272,0.0,0.0,0.0,0.0013,0.00033,0.0048,0.0385,0.1132,0.00015,0.0,0.00001,0.00006,0.00006,0.1838,0.0,0.00024,0.00026,0.00008,0.0018,0.00057,0.00002,0.0731,0.00005,0.0012,0.0,0.0,0.0019,0.00002,0.0,0.0002,0.0016,0.00002,0.00029,0.0428,0.00015,0.0,0.00004,0.0,0.0509,0.0152,0.00012,0.0176,0.0071,0.0986,0.00045,0.0,0.0,0.00002,0.00054
32149692,0.0,0.0,0.0,0.2928,0.00016,0.00094,0.025,0.0016,0.00015,0.0,0.00001,0.00002,0.00006,0.003,0.0,0.00016,0.0,0.0021,0.0323,0.1408,0.00002,0.0029,0.00049,0.0003,0.0,0.0,0.0159,0.0,0.0,0.0013,0.0013,0.00006,0.00086,0.00061,0.00001,0.0,0.0,0.00003,0.0019,0.00051,0.00026,0.0016,0.7544,0.0014,0.0025,0.0,0.0,0.00008,0.00041
25651393,0.0,0.0,0.0,0.00015,0.8591,0.00052,0.0598,0.0035,0.00015,0.0,0.00001,0.00006,0.0032,0.00049,0.0,0.0989,0.00015,0.00038,0.00021,0.00008,0.00002,0.0123,0.00005,0.00045,0.0,0.0,0.0024,0.00001,0.0,0.0053,0.0136,0.00006,0.0016,0.0014,0.00001,0.0,0.0,0.0,0.0014,0.0026,0.00032,0.00058,0.00072,0.0112,0.00096,0.0,0.0,0.00002,0.00013
25622273,0.0,0.0,0.0,0.0015,0.0033,0.0147,0.0857,0.0185,0.00015,0.0,0.00002,0.00008,0.0156,0.0299,0.0,0.00037,0.00021,0.00019,0.0213,0.00057,0.0032,0.0018,0.00005,0.0003,0.00014,0.0,0.0003,0.00002,0.0,0.00017,0.0146,0.00023,0.00086,0.0063,0.00001,0.0,0.0,0.0,0.0194,0.0284,0.0021,0.0169,0.015,0.0248,0.0513,0.0,0.00006,0.00001,0.0536
25600553,0.0,0.0,0.00001,0.0003,0.00064,0.0011,0.0089,0.0015,0.00015,0.00005,0.00002,0.00078,0.00002,0.0017,0.0,0.00008,0.00021,0.00038,0.0151,0.00006,0.00002,0.0123,0.00004,0.00045,0.0,0.0,0.00017,0.0,0.0,0.00017,0.01,0.0,0.00086,0.00061,0.00001,0.0,0.00013,0.00004,0.0112,0.0356,0.00032,0.00033,0.0031,0.4032,0.8239,0.0,0.00027,0.00004,0.00041
25444413,0.0,0.0,0.0,0.0015,0.0012,0.0011,0.006,0.0049,0.00015,0.00019,0.00002,0.00078,0.0011,0.1828,0.0,0.00024,0.00068,0.00017,0.0031,0.00016,0.00005,0.0207,0.0,0.00045,0.0,0.0,0.0051,0.0,0.0,0.0018,0.0048,0.00002,0.00071,0.0233,0.00001,0.0,0.0,0.00018,0.0028,0.0151,0.0019,0.00084,0.0055,0.0112,0.0013,0.0,0.0,0.0,0.00013
4542033,0.00005,0.0,0.0011,0.0023,0.0042,0.0022,0.0147,0.003,0.0027,0.00021,0.00007,0.00006,0.00006,0.0017,0.0,0.00018,0.00021,0.00039,0.00095,0.00089,0.00006,0.0432,0.00017,0.00045,0.00014,0.00004,0.00055,0.00024,0.0,0.0039,0.00095,0.00017,0.0026,0.0017,0.0024,0.00076,0.00004,0.0,0.00067,0.0053,0.025,0.0018,0.0071,0.0059,0.0025,0.0,0.0,0.00004,0.00041
1108163,0.00003,0.0,0.0068,0.002,0.0362,0.0011,0.0385,0.0133,0.00023,0.00005,0.00003,0.00004,0.00007,0.0023,0.0,0.00018,0.019,0.00017,0.0031,0.00016,0.00002,0.1246,0.00027,0.0409,0.00002,0.0,0.00009,0.00025,0.0,0.00079,0.0048,0.00003,0.00071,0.0028,0.00001,0.00033,0.0018,0.00018,0.0044,0.003,0.0021,0.001,0.0027,0.0316,0.2791,0.0,0.0,0.0,0.00054
6444793,0.00003,0.0,0.00001,0.0003,0.9816,0.0022,0.0039,0.0073,0.00015,0.00005,0.00007,0.00002,0.00006,0.00063,0.0,0.00037,0.00021,0.00017,0.00056,0.00024,0.00006,0.0402,0.00034,0.0019,0.0,0.00004,0.00039,0.00024,0.0,0.0026,0.01,0.00006,0.00071,0.0014,0.00015,0.00005,0.00002,0.00004,0.0018,0.0018,0.0019,0.001,0.00099,0.0037,0.1107,0.0,0.00002,0.00004,0.00022
6394993,0.00005,0.00002,0.0011,0.0015,0.1298,0.0027,0.025,0.0088,0.00062,0.00082,0.00007,0.00006,0.00006,0.0141,0.0,0.00037,0.0013,0.0021,0.0018,0.0005,0.00005,0.0123,0.00049,0.0019,0.0,0.00004,0.0003,0.00003,0.0,0.0013,0.0017,0.00003,0.00029,0.0063,0.00024,0.00063,0.00013,0.00004,0.0509,0.0058,0.0021,0.0013,0.0227,0.0112,0.5654,0.00003,0.0,0.00002,0.00023
3489133,0.0,0.00002,0.00001,0.0019,0.2573,0.0008,0.0039,0.0015,0.0027,0.00001,0.00003,0.0015,0.00007,0.0299,0.0,0.00071,0.00021,0.00075,0.0031,0.00024,0.00002,0.0279,0.00017,0.00045,0.0,0.0,0.0003,0.00002,0.0,0.001,0.032,0.00017,0.00097,0.0063,0.00015,0.00006,0.0,0.00018,0.0079,0.02,0.0065,0.0016,0.0108,0.0506,0.0021,0.0,0.0,0.00016,0.00041
3095713,0.00005,0.0,0.00045,0.0061,0.0021,0.0011,0.0147,0.0045,0.1526,0.00036,0.00007,0.00078,0.00065,0.0023,0.0,0.0013,0.0114,0.00071,0.0016,0.00057,0.00006,0.0079,0.0081,0.003,0.0,0.00004,0.00055,0.00025,0.0,0.0053,0.0012,0.00017,0.00029,0.0047,0.0064,0.00088,0.00022,0.00004,0.0074,0.003,0.0171,0.0029,0.0027,0.0201,0.0265,0.0,0.0,0.00008,0.00041
3562743,0.0,0.0,0.0,0.0023,0.00049,0.0013,0.0468,0.0054,0.00037,0.00005,0.00002,0.00004,0.00006,0.003,0.00066,0.0065,0.00094,0.00071,0.0151,0.00057,0.00005,0.0314,0.00017,0.00045,0.0,0.0,0.00009,0.0006,0.0,0.0018,0.0012,0.00017,0.00071,0.0022,0.00001,0.0,0.0,0.0,0.124,0.0309,0.00032,0.0176,0.0131,0.0677,0.0076,0.0,0.0,0.00008,0.00044
10318183,0.0,0.0,0.0,0.0013,0.0821,0.0089,0.0097,0.0185,0.00023,0.0,0.00002,0.00002,0.00007,0.015,0.0,0.00024,0.00026,0.4337,0.007,0.0005,0.005,0.0066,0.00034,0.00026,0.0,0.0,0.0034,0.00024,0.0,0.00079,0.0064,0.00017,0.00034,0.0047,0.00001,0.00006,0.0,0.0,0.0112,0.009,0.001,0.0032,0.0131,0.0112,0.0121,0.0,0.0,0.00002,0.0013
2500373,0.00003,0.0,0.0001,0.002,0.0362,0.0027,0.1105,0.0133,0.00062,0.00005,0.00007,0.00023,0.00006,0.0348,0.0,0.0013,0.00034,0.00038,0.0031,0.0007,0.00005,0.1753,0.00017,0.00067,0.0,0.0,0.00009,0.00004,0.0,0.0018,0.01,0.00002,0.00029,0.0033,0.00015,0.00006,0.00003,0.00028,0.0079,0.0284,0.0012,0.0029,0.0108,0.0112,0.0077,0.0,0.0,0.00004,0.00041
32847413,0.00003,0.00002,0.00001,0.0203,0.0014,0.0027,0.0478,0.0088,0.0053,0.00005,0.00001,0.00023,0.00006,0.0299,0.0,0.0013,0.00068,0.0021,0.00095,0.00034,0.00006,0.0055,0.00005,0.00045,0.0,0.0,0.00034,0.00024,0.0,0.0119,0.0039,0.0012,0.00034,0.0017,0.00032,0.00003,0.00004,0.00003,0.0019,0.0309,0.0045,0.016,0.0023,0.0062,0.0225,0.0,0.0,0.00002,0.00041
8044533,0.0,0.0,0.0,0.00045,0.0148,0.0027,0.0175,0.0088,0.00023,0.0,0.00007,0.00002,0.0007,0.003,0.0,0.0017,0.00026,0.00019,0.0036,0.00057,0.00005,0.0648,0.00004,0.00045,0.0,0.0,0.00034,0.00024,0.0,0.00033,0.0016,0.00002,0.00022,0.0191,0.00001,0.0,0.00004,0.00004,0.0028,0.0356,0.0012,0.0064,0.002,0.0156,0.0021,0.0,0.0,0.00001,0.00022
7981153,0.0,0.0,0.00001,0.0016,0.0033,0.0035,0.0147,0.0015,0.2963,0.00005,0.00001,0.00008,0.00006,0.0014,0.0,0.00018,0.0047,0.00038,0.00065,0.00006,0.00002,0.0017,0.00005,0.00045,0.0,0.0,0.00009,0.00001,0.0,0.0053,0.0024,0.00003,0.00023,0.0029,0.00015,0.00003,0.00002,0.0,0.00067,0.003,0.00099,0.00084,0.0027,0.0023,0.0062,0.0,0.0,0.00004,0.00051
7833423,0.0,0.0,0.00001,0.1406,0.0013,0.0022,0.0834,0.0024,0.00015,0.00005,0.00002,0.00002,0.00007,0.0039,0.0,0.0017,0.00068,0.00075,0.0018,0.00016,0.00005,0.0156,0.01,0.00067,0.0,0.0,0.00034,0.00002,0.0,0.00039,0.0048,0.0221,0.0029,0.015,0.00015,0.0,0.0,0.00003,0.0074,0.0053,0.0021,0.0013,0.0071,0.0054,0.0323,0.0,0.00002,0.00004,0.00051
8800803,0.00003,0.0,0.0001,0.0029,0.0026,0.0027,0.0385,0.0038,0.0012,0.00019,0.00002,0.00008,0.00006,0.0017,0.0,0.00024,0.0047,0.00038,0.0063,0.0005,0.00014,0.0101,0.00017,0.00045,0.0,0.00004,0.00009,0.00003,0.0,0.0039,0.0027,0.00017,0.00029,0.0047,0.00015,0.00003,0.00013,0.00004,0.0014,0.0013,0.0021,0.0042,0.005,0.0248,0.9094,0.00003,0.0,0.00002,0.00023
9409103,0.0,0.0,0.0021,0.0039,0.0617,0.0013,0.0282,0.0015,0.00015,0.00019,0.00007,0.00004,0.00006,0.0072,0.0,0.002,0.00068,0.0013,0.0025,0.00022,0.00006,0.0123,0.00011,0.003,0.0,0.0,0.0034,0.00003,0.0,0.00017,0.0013,0.00006,0.00097,0.0029,0.00001,0.0,0.0058,0.00018,0.0056,0.0026,0.0039,0.0015,0.005,0.0183,0.9509,0.0,0.00063,0.00002,0.00051
10066203,0.0,0.0,0.0014,0.00015,0.001,0.0054,0.9814,0.00013,0.9091,0.0,0.00002,0.00002,0.0,0.00041,0.0,0.8846,0.00021,0.00004,0.007,0.00022,0.0,0.0794,0.0,0.008,0.0,0.0,0.0024,0.00002,0.0,0.001,0.0136,0.00017,0.0196,0.9167,0.00001,0.0,0.00004,0.0,0.00039,0.6853,0.00032,0.0077,0.0033,0.0013,0.0025,0.0,0.0,0.00002,0.00013
10997853,0.0,0.0,0.0,0.00072,0.001,0.0008,0.0468,0.0133,0.00015,0.00005,0.00002,0.0558,0.00006,0.0491,0.0,0.00008,0.00068,0.00039,0.00056,0.00099,0.00005,0.0159,0.00017,0.0003,0.0,0.0,0.00009,0.00001,0.0,0.001,0.0016,0.00006,0.00029,0.008,0.00001,0.0,0.00002,0.00003,0.0028,0.0064,0.0039,0.0032,0.1924,0.0099,0.0013,0.0,0.0,0.00016,0.00077
11030483,0.0,0.0,0.0,0.0661,0.0419,0.0012,0.7908,0.0024,0.00015,0.0,0.00001,0.00023,0.00006,0.0019,0.0,0.0017,0.00021,0.00038,0.0164,0.0025,0.00002,0.0066,0.0022,0.0003,0.0,0.0,0.00009,0.00001,0.0,0.00033,0.0146,0.0012,0.00029,0.0063,0.00001,0.0,0.0,0.0,0.00089,0.003,0.00032,0.00058,0.002,0.9155,0.0021,0.0,0.0,0.00002,0.00013
11214683,0.00003,0.0,0.00049,0.0015,0.8989,0.0027,0.0056,0.003,0.00023,0.00005,0.0,0.00023,0.00007,0.0018,0.0,0.00022,0.00034,0.00019,0.00065,0.0005,0.00006,0.0314,0.00027,0.00067,0.0,0.00004,0.0003,0.00024,0.0,0.001,0.0024,0.00006,0.00029,0.0018,0.00015,0.00033,0.00013,0.00004,0.004,0.0088,0.001,0.00054,0.0168,0.0041,0.0385,0.00003,0.0,0.00001,0.00023
12014493,0.0,0.0,0.0,0.00072,0.001,0.0011,0.0175,0.0073,0.00015,0.00021,0.00007,0.00002,0.00006,0.0023,0.0,0.00024,0.0014,0.00075,0.0107,0.2006,0.00006,0.009,0.00005,0.0003,0.0,0.0,0.0015,0.00004,0.0,0.00033,0.0024,0.00006,0.00029,0.0007,0.00001,0.0,0.0,0.00003,0.004,0.0013,0.0171,0.0029,0.0131,0.0274,0.0858,0.0,0.00002,0.00002,0.00041
12789673,0.0,0.0,0.00001,0.0061,0.001,0.0071,0.9537,0.003,0.0027,0.00005,0.00003,0.00006,0.00064,0.00049,0.0,0.00037,0.00021,0.0028,0.0151,0.0018,0.00005,0.0537,0.00017,0.00045,0.0,0.0,0.00017,0.00002,0.0,0.00033,0.0024,0.00003,0.00029,0.0621,0.00015,0.0,0.0,0.0,0.0079,0.009,0.0021,0.0032,0.0055,0.0041,0.0013,0.00003,0.0,0.00016,0.00044
15217203,0.0,0.0,0.0,0.002,0.00016,0.0022,0.0834,0.0628,0.00015,0.0,0.00002,0.00023,0.00006,0.0271,0.0,0.00022,0.00021,0.00038,0.013,0.00022,0.00005,0.0029,0.00004,0.00045,0.0,0.0,0.00034,0.00001,0.0,0.00013,0.0024,0.00017,0.00029,0.0078,0.00001,0.00003,0.0,0.0,0.0194,0.009,0.00026,0.0077,0.0499,0.0716,0.0039,0.0,0.0,0.00004,0.00077
15291713,0.0,0.0,0.0,0.002,0.00049,0.0027,0.0385,0.0045,0.00023,0.00005,0.00007,0.0012,0.00007,0.097,0.0,0.0013,0.00034,0.00075,0.007,0.00022,0.00005,0.1005,0.00017,0.0003,0.0,0.0,0.00009,0.00002,0.0,0.0018,0.01,0.00023,0.00029,0.015,0.00001,0.0,0.0,0.00003,0.0028,0.0064,0.0096,0.0077,0.0499,0.0393,0.0062,0.0,0.0,0.00004,0.0013
15319703,0.0,0.0,0.0,0.0023,0.0052,0.0053,0.2712,0.0024,0.00023,0.0,0.00001,0.00002,0.0053,0.00091,0.0,0.0314,0.00068,0.00017,0.00095,0.00089,0.00005,0.0329,0.00036,0.00067,0.0,0.0,0.00009,0.00004,0.0,0.0018,0.0146,0.00003,0.00014,0.0292,0.00001,0.0,0.0,0.0,0.0074,0.0498,0.0171,0.3284,0.002,0.0041,0.0035,0.0,0.0,0.00002,0.0011
15370733,0.00003,0.0,0.00001,0.0095,0.0127,0.0022,0.0468,0.0223,0.0027,0.00001,0.00001,0.0014,0.00039,0.011,0.0,0.00024,0.00047,0.00038,0.007,0.00022,0.00006,0.0123,0.00004,0.00045,0.0,0.0,0.00091,0.00004,0.0,0.0081,0.0024,0.00006,0.00023,0.0029,0.00001,0.00005,0.00002,0.00003,0.0112,0.0133,0.0019,0.001,0.0097,0.845,0.0225,0.0,0.0,0.00002,0.0017
15476533,0.0,0.0,0.0,0.006,0.00025,0.00035,0.00084,0.0015,0.00015,0.00001,0.00002,0.00004,0.00006,0.0019,0.0,0.00008,0.00021,0.00038,0.0437,0.00089,0.00005,0.0099,0.00008,0.00026,0.0,0.0,0.00009,0.00001,0.0,0.00017,0.00013,0.00006,0.00029,0.0028,0.00001,0.0,0.0,0.00003,0.0044,0.0026,0.0524,0.00009,0.0062,0.0033,0.0021,0.0,0.0,0.00002,0.0018
15481783,0.0,0.0,0.0,0.0029,0.0026,0.0022,0.7908,0.0048,0.00015,0.00001,0.00002,0.00004,0.00039,0.0023,0.0,0.00024,0.0,0.00038,0.0031,0.0007,0.00005,0.0079,0.00004,0.00045,0.0,0.0,0.0079,0.00004,0.0,0.00013,0.0024,0.00023,0.00071,0.0063,0.00001,0.0,0.0,0.00003,0.0079,0.0356,0.0065,0.0169,0.0097,0.0041,0.0039,0.0,0.00006,0.00002,0.00022
15490343,0.0,0.0,0.0,0.00072,0.0083,0.0048,0.4746,0.0012,0.00015,0.0,0.0,0.0,0.00039,0.0023,0.0,0.0011,0.00015,0.00071,0.0529,0.0005,0.00005,0.1379,0.0,0.0019,0.0,0.0,0.00034,0.00001,0.0,0.001,0.0089,0.0,0.00034,0.8263,0.00001,0.0,0.0,0.0,0.0079,0.8364,0.0019,0.0013,0.0074,0.0204,0.0021,0.0,0.0,0.00002,0.00023
15908183,0.0,0.0,0.0,0.0003,0.001,0.0089,0.8215,0.0133,0.00015,0.00019,0.00002,0.00008,0.00026,0.005,0.0,0.0168,0.00021,0.00017,0.013,0.0031,0.00005,0.1414,0.00017,0.00027,0.0,0.0,0.00004,0.0,0.0,0.00013,0.0938,0.00017,0.00023,0.8263,0.00001,0.0,0.0,0.0,0.0079,0.0647,0.00037,0.0407,0.0648,0.0099,0.0021,0.0,0.0,0.00002,0.00022
16136843,0.0,0.0,0.0,0.0135,0.0012,0.023,0.8215,0.0022,0.00062,0.00001,0.00002,0.00065,0.00006,0.00041,0.0,0.0013,0.00026,0.0021,0.0018,0.00024,0.00076,0.0123,0.00005,0.0003,0.0,0.0,0.00009,0.00024,0.0,0.00039,0.0017,0.00006,0.00071,0.008,0.00015,0.0,0.0,0.00004,0.0079,0.009,0.0012,0.7832,0.00099,0.0201,0.0077,0.00003,0.00006,0.00002,0.00077
16244563,0.0,0.0,0.0,0.00072,0.6166,0.0022,0.0089,0.0185,0.00015,0.00021,0.00045,0.00008,0.00006,0.0034,0.0,0.0023,0.00021,0.00019,0.0107,0.0007,0.00005,0.0055,0.00049,0.00045,0.0,0.0,0.00034,0.00002,0.0,0.00013,0.0039,0.00002,0.00034,0.0029,0.00001,0.0,0.0,0.0,0.0056,0.02,0.00049,0.0016,0.0045,0.0156,0.0474,0.00003,0.0,0.00001,0.00077
16140593,0.0,0.0,0.0,0.00015,0.00049,0.0089,0.9898,0.0054,0.0015,0.00005,0.00007,0.00023,0.0018,0.0072,0.0,0.9031,0.00021,0.00038,0.0018,0.00057,0.00002,0.0207,0.0,0.00045,0.0,0.0,0.00009,0.00016,0.0,0.00033,0.0136,0.00006,0.00029,0.5165,0.00001,0.0,0.0,0.00003,0.004,0.0309,0.0171,0.7893,0.0168,0.0167,0.0025,0.0,0.0,0.00002,0.0
16116613,0.0,0.0,0.0,0.7592,0.0043,0.0011,0.2162,0.0424,0.00015,0.00005,0.00001,0.00002,0.00007,0.0585,0.0,0.003,0.00021,0.00039,0.0164,0.00006,0.00005,0.2834,0.0,0.0011,0.0,0.0,0.00009,0.0,0.0,0.001,0.076,0.0079,0.00029,0.0028,0.00001,0.0,0.0,0.0,0.0374,0.0029,0.00099,0.0029,0.0227,0.1319,0.0013,0.0,0.0,0.00002,0.00061
16292173,0.0,0.0,0.0016,0.0029,0.526,0.0012,0.0478,0.003,0.00062,0.0014,0.00045,0.00006,0.00006,0.00075,0.00026,0.00037,0.00068,0.0013,0.0187,0.0025,0.00003,0.1649,0.00017,0.0019,0.0,0.0,0.00009,0.00003,0.0,0.0053,0.0066,0.00003,0.00029,0.0028,0.00001,0.00003,0.00013,0.00043,0.0152,0.009,0.00049,0.00058,0.0286,0.0144,0.1706,0.0,0.0,0.00002,0.002
17087813,0.0,0.0,0.0,0.0023,0.0519,0.0315,0.075,0.0016,0.0027,0.00005,0.00001,0.00023,0.00007,0.014,0.0,0.0065,0.00068,0.0013,0.0035,0.00099,0.00016,0.0794,0.00027,0.0003,0.0,0.0,0.00034,0.00002,0.0,0.001,0.0017,0.00003,0.0026,0.025,0.00001,0.0,0.0,0.0,0.0155,0.024,0.0026,0.0064,0.0071,0.0049,0.0121,0.0,0.0,0.00002,0.0011
17415533,0.0,0.0,0.0,0.002,0.0127,0.00052,0.0478,0.0024,0.00062,0.00005,0.00001,0.00002,0.00006,0.00091,0.0,0.00079,0.00068,0.00017,0.0164,0.0005,0.00006,0.0029,0.00005,0.00045,0.0,0.0,0.00009,0.0,0.0,0.0032,0.001,0.00002,0.00034,0.0074,0.00015,0.00003,0.00002,0.0,0.0023,0.0064,0.0368,0.0105,0.0055,0.0052,0.0323,0.0,0.0,0.00002,0.0011
17917563,0.0,0.0,0.0,0.0029,0.0127,0.0646,0.0087,0.003,0.00023,0.00005,0.0063,0.00023,0.0007,0.00075,0.0,0.0989,0.004,0.00019,0.0025,0.00024,0.00076,0.0224,0.0015,0.00023,0.00014,0.0,0.00009,0.00004,0.0,0.0039,0.0024,0.0,0.0026,0.0123,0.00015,0.0,0.0,0.00004,0.0079,0.0013,0.00012,0.0032,0.0027,0.0274,0.9094,0.0,0.00006,0.00002,0.00054
18706103,0.0,0.0,0.0,0.0013,0.00049,0.00052,0.9898,0.0185,0.00015,0.00001,0.00007,0.00006,0.828,0.00063,0.0,0.0357,0.00068,0.00017,0.0025,0.00016,0.00002,0.3889,0.00017,0.00018,0.0,0.0,0.00004,0.00002,0.0,0.00079,0.0024,0.00006,0.00023,0.025,0.00001,0.0,0.0,0.00043,0.0079,0.8364,0.00099,0.7832,0.002,0.0014,0.0021,0.0,0.0,0.00008,0.00006
19455483,0.0,0.0,0.00001,0.0379,0.0419,0.6548,0.0823,0.0133,0.00015,0.00005,0.00001,0.00023,0.00039,0.011,0.0,0.0023,0.00021,0.00038,0.0018,0.00057,0.00006,0.0314,0.00027,0.0263,0.0,0.0,0.00009,0.00001,0.0,0.0023,0.00095,0.001,0.8062,0.0047,0.00001,0.0,0.00002,0.00003,0.0254,0.0152,0.0012,0.0032,0.0845,0.0201,0.6615,0.0,0.00002,0.00002,0.0031
19685813,0.00027,0.00002,0.3651,0.0013,0.2,0.0022,0.0056,0.0056,0.004,0.00005,0.00002,0.0012,0.00006,0.0014,0.0,0.00022,0.00021,0.00038,0.0025,0.00024,0.00005,0.0052,0.00034,0.6695,0.0,0.00004,0.00091,0.00025,0.0,0.0013,0.0017,0.00006,0.00023,0.0047,0.00001,0.0407,0.0604,0.0,0.0019,0.0026,0.00099,0.00054,0.0027,0.0037,0.0077,0.0,0.0,0.00002,0.00023
20408063,0.0,0.0,0.00006,0.0046,0.0033,0.0027,0.4214,0.0088,0.00015,0.0,0.00002,0.00023,0.00039,0.0271,0.0,0.0017,0.00026,0.0011,0.078,0.0044,0.00005,0.0207,0.00017,0.00045,0.0,0.0,0.0359,0.0,0.0,0.00013,0.01,0.00006,0.00014,0.008,0.00001,0.00003,0.0,0.00003,0.007,0.8364,0.0039,0.0023,0.0027,0.0023,0.0077,0.0,0.00002,0.0,0.00013
20486703,0.00003,0.00002,0.00018,0.0023,0.001,0.00052,0.0056,0.003,0.00023,0.00005,0.00002,0.00004,0.00006,0.003,0.0,0.0013,0.0012,0.00038,0.0041,0.00016,0.00006,0.0029,0.00017,0.00067,0.00002,0.00004,0.00009,0.00004,0.0,0.0074,0.0016,0.00003,0.00034,0.0017,0.00015,0.00003,0.00022,0.00004,0.0079,0.0016,0.0021,0.00084,0.002,0.0041,0.00096,0.0,0.0,0.00002,0.00041
21702733,0.0,0.0,0.0001,0.00093,0.0052,0.0035,0.0016,0.0056,0.00015,0.00005,0.00045,0.00078,0.00006,0.0023,0.0,0.00008,0.019,0.00019,0.0025,0.00022,0.00006,0.0119,0.0358,0.001,0.0,0.0,0.00017,0.0,0.0,0.001,0.0066,0.00002,0.00023,0.0012,0.00001,0.0,0.00004,0.0,0.0152,0.0026,0.0019,0.00023,0.0074,0.0014,0.8239,0.00044,0.798,0.00008,0.00041
21682663,0.0,0.0,0.00007,0.0028,0.00016,0.023,0.0056,0.0,0.00015,0.00001,0.00002,0.00006,0.00039,0.00041,0.0,0.0122,0.00021,0.00019,0.00095,0.00022,0.00005,0.004,0.00027,0.0132,0.0,0.00004,0.00009,0.00024,0.0,0.00013,0.00095,0.0,0.00034,0.0029,0.00015,0.00063,0.00003,0.00003,0.0074,0.0013,0.001,0.00023,0.0027,0.00083,0.9671,0.0,0.0057,0.0,0.0
21801983,0.00005,0.0,0.00049,0.00072,0.0246,0.0048,0.016,0.0088,0.0011,0.00019,0.00002,0.00023,0.00006,0.003,0.0,0.00018,0.00051,0.0013,0.0015,0.00024,0.00005,0.0123,0.00017,0.00067,0.0,0.00004,0.00009,0.00003,0.0,0.0013,0.0024,0.00002,0.00097,0.0019,0.00015,0.00003,0.0018,0.00004,0.0509,0.0018,0.0012,0.0032,0.0071,0.0112,0.2791,0.0,0.0,0.00004,0.00041
20460143,0.00005,0.0,0.00001,0.006,0.001,0.0054,0.0031,0.00069,0.00015,0.00001,0.0,0.00002,0.00006,0.0072,0.0,0.00024,0.00021,0.00017,0.0035,0.00024,0.00002,0.0029,0.00004,0.0015,0.0,0.0,0.00009,0.00004,0.0,0.00033,0.5073,0.00006,0.00029,0.0018,0.00015,0.00033,0.00004,0.0,0.004,0.0016,0.0524,0.00084,0.00099,0.0023,0.0039,0.0,0.0,0.00004,0.00013
22475083,0.0,0.0,0.0,0.00045,0.00064,0.0225,0.9651,0.0133,0.00037,0.0,0.0,0.00004,0.00026,0.0072,0.00002,0.0053,0.00047,0.00075,0.0031,0.6015,0.0031,0.0537,0.0,0.00026,0.0,0.0,0.00039,0.00002,0.0,0.00033,0.00057,0.00006,0.00029,0.1,0.00015,0.0,0.0,0.0,0.1201,0.2652,0.00099,0.7832,0.0648,0.0054,0.0013,0.0,0.0,0.00002,0.00077
23171473,0.0,0.0,0.0,0.0143,0.00016,0.00094,0.0147,0.0287,0.00023,0.00005,0.00001,0.00078,0.00006,0.0271,0.0,0.0053,0.004,0.00017,0.0018,0.00057,0.00005,0.2217,0.00017,0.0003,0.0,0.0,0.00009,0.0,0.0,0.001,0.8382,0.0,0.00071,0.015,0.00001,0.0,0.0,0.0,0.0079,0.1174,0.0012,0.0032,0.0043,0.0099,0.0013,0.0,0.00002,0.0085,0.00022
22926093,0.0,0.0,0.0,0.0061,0.0069,0.0035,0.0857,0.0133,0.00015,0.0,0.00001,0.00002,0.00006,0.005,0.0,0.00022,0.0001,0.00038,0.0046,0.00089,0.00005,0.0525,0.00049,0.00023,0.0,0.0,0.3049,0.0,0.0,0.0002,0.0072,0.0,0.00034,0.025,0.00001,0.0,0.0,0.0,0.0074,0.2684,0.00099,0.0016,0.0071,0.0025,0.00086,0.0,0.0,0.00004,0.00044
23665943,0.00003,0.0,0.00006,0.0016,0.0033,0.0022,0.0147,0.0062,0.00037,0.00023,0.00002,0.00008,0.00006,0.00063,0.0,0.00024,0.00068,0.0028,0.007,0.0005,0.00005,0.0029,0.00004,0.00045,0.0,0.00004,0.00021,0.00002,0.0,0.0018,0.0048,0.00002,0.00014,0.0017,0.00032,0.00003,0.00003,0.00004,0.00067,0.0016,0.0171,0.00084,0.002,0.0013,0.0035,0.00003,0.0,0.00003,0.00077
23609463,0.0,0.0,0.0001,0.0023,0.0013,0.0061,0.0147,0.0025,0.00015,0.00005,0.00007,0.00002,0.00002,0.00075,0.0,0.00008,0.0047,0.00017,0.007,0.00057,0.00002,0.0081,0.0,0.003,0.0,0.0,0.0024,0.00002,0.0,0.001,0.00057,0.00006,0.9147,0.00061,0.00001,0.0,0.00004,0.00004,0.0152,0.003,0.00032,0.001,0.0027,0.00063,0.9094,0.0,0.0383,0.00001,0.00013
21412213,0.00003,0.0,0.0,0.0143,0.0083,0.00052,0.0031,0.00069,0.00023,0.00005,0.00003,0.00023,0.00007,0.0072,0.0,0.00022,0.00026,0.00038,0.0016,0.00099,0.00002,0.009,0.0,0.0003,0.00002,0.0,0.00017,0.00002,0.00038,0.0023,0.0012,0.0,0.0014,0.0014,0.00001,0.00005,0.0,0.00003,0.0013,0.0058,0.00036,0.00009,0.0027,0.0054,0.0385,0.0,0.00027,0.00001,0.00061
21851183,0.0,0.0,0.00001,0.0661,0.0043,0.014,0.3344,0.0022,0.00062,0.00021,0.00003,0.0,0.0007,0.0023,0.0,0.0989,0.00068,0.0013,0.0035,0.00099,0.00002,0.0017,0.00005,0.00067,0.0,0.0,0.00017,0.00002,0.0,0.0039,0.0017,0.00003,0.00071,0.0014,0.00015,0.0,0.00004,0.00018,0.0254,0.0133,0.0096,0.033,0.0045,0.0099,0.1331,0.0,0.00006,0.00002,0.00013
24974383,0.0,0.0,0.0,0.0061,0.0026,0.00052,0.7908,0.0287,0.0,0.0,0.00001,0.00004,0.00006,0.00049,0.0,0.00024,0.0,0.00038,0.00065,0.00016,0.00002,0.0119,0.00004,0.0003,0.0,0.0,0.00034,0.0,0.0,0.00013,0.01,0.00017,0.00056,0.0532,0.00001,0.0,0.0,0.0,0.0105,0.8364,0.0026,0.00084,0.002,0.0112,0.0013,0.0,0.0,0.00001,0.00022
27244063,0.0,0.0,0.00007,0.0028,0.001,0.00052,0.0133,0.1828,0.00015,0.0,0.0,0.0,0.00006,0.0034,0.0,0.00016,0.00026,0.00014,0.0025,0.00024,0.00002,0.0782,0.00027,0.00067,0.0,0.0,0.0079,0.00004,0.0,0.00054,0.01,0.00006,0.00023,0.0197,0.00001,0.0,0.00013,0.0,0.0043,0.8364,0.00026,0.00009,0.00081,0.0144,0.0013,0.0,0.0,0.00003,0.00077
31884472,0.0,0.0,0.0,0.00045,0.001,0.083,0.9814,0.0088,0.0027,0.00005,0.00003,0.0,0.0007,0.004,0.0,0.6825,0.0001,0.00014,0.00021,0.00089,0.00005,0.0079,0.00004,0.00056,0.0,0.0,0.00034,0.00024,0.0,0.00013,0.01,0.00006,0.00014,0.3689,0.00001,0.0,0.00002,0.00003,0.0013,0.007,0.00032,0.5568,0.0027,0.0023,0.0162,0.0,0.00004,0.00008,0.00054
32976722,0.0,0.0,0.00006,0.006,0.001,0.0035,0.0147,0.0223,0.0027,0.00005,0.00003,0.00023,0.00006,0.0271,0.0,0.00018,0.00034,0.00038,0.0035,0.0007,0.00002,0.0525,0.00011,0.00056,0.0,0.0,0.0079,0.00024,0.0,0.0053,0.003,0.00006,0.0026,0.0078,0.00015,0.00003,0.00004,0.00004,0.0935,0.0088,0.00047,0.0015,0.1924,0.0506,0.0048,0.00003,0.0,0.00014,0.0037
25837613,0.0,0.0,0.0,0.1406,0.00016,0.0027,0.0147,0.0015,0.0,0.00001,0.0,0.00006,0.00006,0.0023,0.0,0.00008,0.00068,0.00017,0.011,0.0233,0.00002,0.0715,0.0,0.00045,0.0,0.0,0.0003,0.0,0.0,0.00013,0.0059,0.00003,0.00029,0.00061,0.00001,0.0,0.0,0.0,0.0079,0.003,0.00047,0.1372,0.0062,0.0014,0.9146,0.0,0.00027,0.0,0.00023
24957753,0.0,0.0,0.0,0.0061,0.00016,0.014,0.9814,0.00013,0.00062,0.0,0.00001,0.00006,0.0032,0.0034,0.0,0.0053,0.00068,0.00038,0.00021,0.00089,0.00005,0.0268,0.00004,0.0014,0.0,0.0,0.00009,0.00002,0.0,0.001,0.00057,0.00006,0.00014,0.0233,0.00001,0.0,0.0,0.0,0.0028,0.0036,0.0368,0.7893,0.0112,0.0023,0.0017,0.0,0.0,0.0,0.00013
24837743,0.0,0.0,0.0,0.0938,0.00016,0.0105,0.0361,0.0054,0.00015,0.00001,0.00001,0.00002,0.00006,0.0072,0.0,0.00018,0.00021,0.00012,0.00065,0.00016,0.00005,0.0048,0.00004,0.00023,0.0,0.0,0.00017,0.00001,0.0,0.0013,0.0072,0.0043,0.00023,0.0029,0.00009,0.00006,0.0,0.0,0.0374,0.0013,0.0012,0.0029,0.005,0.0054,0.0121,0.0,0.0,0.00002,0.00013
412203,0.00005,0.0,0.00018,0.0023,0.0092,0.0103,0.0385,0.0024,0.0027,0.00021,0.00002,0.00006,0.0025,0.0017,0.0,0.0122,0.0019,0.00045,0.0025,0.00057,0.00005,0.0123,0.00027,0.00085,0.00002,0.00004,0.00017,0.00004,0.0,0.0019,0.0016,0.00017,0.00034,0.0047,0.0013,0.0002,0.00004,0.00003,0.0019,0.02,0.0021,0.0116,0.0031,0.0033,0.0734,0.0,0.0,0.00008,0.00022
370863,0.00003,0.0,0.00018,0.0061,0.0035,0.0027,0.0598,0.0133,0.0067,0.00019,0.00003,0.0034,0.00039,0.0072,0.0,0.00024,0.0098,0.00071,0.0017,0.00093,0.00005,0.0648,0.00049,0.0019,0.0,0.0,0.00034,0.00002,0.0,0.0074,0.0048,0.00006,0.00071,0.0233,0.00032,0.00033,0.00002,0.00004,0.0105,0.0647,0.0045,0.0029,0.0168,0.1121,0.0077,0.0,0.0,0.00016,0.00077
423003,0.0,0.0,0.0011,0.006,0.049,0.0022,0.0985,0.0056,0.00023,0.00001,0.00002,0.00004,0.00006,0.0023,0.0,0.0013,0.00068,0.00039,0.0046,0.00059,0.00002,0.0123,0.00005,0.0014,0.0,0.0,0.00034,0.00002,0.0,0.001,0.00077,0.00006,0.00029,0.0197,0.00001,0.0,0.00004,0.00004,0.0509,0.02,0.0072,0.0016,0.00099,0.0506,0.0217,0.0,0.0,0.00014,0.00077
6765473,0.0,0.0,0.00045,0.0029,0.0035,0.0027,0.0147,0.00069,0.00059,0.00005,0.00001,0.00078,0.00006,0.00049,0.0,0.00018,0.0012,0.00017,0.0017,0.0005,0.00002,0.0123,0.00005,0.00045,0.00002,0.0,0.00009,0.00016,0.0,0.00079,0.001,0.00017,0.00097,0.0017,0.00015,0.00003,0.00013,0.00003,0.003,0.003,0.00099,0.001,0.002,0.0025,0.5654,0.00003,0.0013,0.00001,0.00013
6859103,0.00027,0.00002,0.0011,0.002,0.155,0.0022,0.0175,0.0024,0.021,0.00021,0.00007,0.00078,0.00006,0.005,0.0,0.00024,0.0047,0.00038,0.0025,0.0007,0.00006,0.0715,0.00049,0.0052,0.0,0.00053,0.00091,0.00024,0.002,0.0018,0.00095,0.00017,0.00071,0.0063,0.0022,0.0011,0.00022,0.00034,0.0374,0.009,0.0039,0.0012,0.002,0.0442,0.1107,0.00004,0.0,0.00016,0.00023
2991303,0.00003,0.00002,0.0001,0.00072,0.0069,0.00052,0.0016,0.0025,0.0018,0.00005,0.00002,0.00006,0.00006,0.00091,0.0,0.00037,0.00026,0.00039,0.0017,0.00089,0.00005,0.00081,0.00049,0.00045,0.00002,0.00053,0.00009,0.00002,0.0,0.0018,0.00057,0.00006,0.00071,0.0029,0.0024,0.00006,0.00004,0.00003,0.00053,0.003,0.00047,0.00054,0.0027,0.0017,0.0225,0.0,0.0,0.00004,0.0011
32767873,0.0,0.0,0.0,0.0268,0.0014,0.0022,0.0089,0.5938,0.00062,0.0,0.0,0.0,0.00007,0.0162,0.0,0.00016,0.00068,0.00008,0.007,0.00024,0.00005,0.0123,0.00027,0.00085,0.0,0.0,0.0045,0.0,0.0,0.00039,0.0146,0.00017,0.0026,0.0063,0.00001,0.0,0.0,0.0,0.0028,0.0018,0.00037,0.00006,0.0027,0.9237,0.0013,0.0,0.0,0.00004,0.00022
3290703,0.00003,0.0,0.0001,0.002,0.8583,0.0035,0.025,0.0054,0.004,0.00021,0.00007,0.00023,0.00026,0.0023,0.0,0.0013,0.00068,0.00038,0.0025,0.00024,0.00005,0.0052,0.00005,0.0015,0.00002,0.0,0.00055,0.00003,0.0,0.001,0.0066,0.00006,0.00029,0.0029,0.0013,0.00033,0.00022,0.00003,0.0254,0.0088,0.00047,0.0015,0.0027,0.0112,0.5349,0.0,0.0,0.00004,0.00013
3137593,0.0,0.0,0.00001,0.002,0.0186,0.0022,0.7908,0.0015,0.00023,0.00005,0.00001,0.00023,0.0156,0.0023,0.0,0.2632,0.00021,0.0011,0.0041,0.0005,0.00005,0.0207,0.00017,0.00045,0.0,0.0,0.00017,0.00002,0.0,0.001,0.0027,0.00006,0.00029,0.0364,0.00009,0.00003,0.00002,0.0,0.0079,0.0053,0.0096,0.0056,0.0071,0.0239,0.0025,0.0,0.0,0.0002,0.00041
2461673,0.0,0.0,0.00049,0.0029,0.2364,0.0147,0.0147,0.0049,0.00023,0.00011,0.00007,0.00008,0.00006,0.0039,0.0,0.00024,0.0026,0.0019,0.0025,0.00024,0.00005,0.2989,0.00095,0.0019,0.0,0.0,0.00017,0.00024,0.0,0.0081,0.0017,0.00006,0.0029,0.0047,0.00015,0.00003,0.00004,0.00003,0.0019,0.0088,0.0019,0.0016,0.0027,0.1531,0.8239,0.0,0.0012,0.00002,0.00013
2388643,0.00005,0.00002,0.0021,0.006,0.6786,0.0013,0.0089,0.0088,0.0027,0.00021,0.00002,0.00078,0.00007,0.005,0.0,0.0011,0.0017,0.0011,0.0041,0.00099,0.00006,0.1,0.00036,0.003,0.0,0.0,0.00017,0.00016,0.0,0.0134,0.0048,0.00003,0.00034,0.0113,0.00032,0.0002,0.00022,0.00004,0.0079,0.009,0.0012,0.0042,0.005,0.0144,0.0225,0.00003,0.0,0.00004,0.00051
2121003,0.0,0.0,0.0,0.0003,0.4383,0.0022,0.0087,0.0062,0.00023,0.0,0.00001,0.00006,0.00006,0.00063,0.0,0.00037,0.00021,0.00038,0.00065,0.00022,0.00003,0.0099,0.00027,0.00026,0.0,0.0,0.00009,0.00002,0.0,0.0002,0.00057,0.0,0.00071,0.0047,0.00001,0.0,0.0,0.00004,0.0194,0.009,0.0012,0.00058,0.0204,0.0099,0.024,0.0,0.0,0.00004,0.0018
1503133,0.0,0.0,0.0,0.00015,0.00064,0.0668,0.9859,0.00042,0.0011,0.0,0.00002,0.00008,0.0056,0.014,0.0,0.0018,0.00021,0.0021,0.0,0.5181,0.00002,0.0123,0.0,0.00026,0.0,0.0,0.00009,0.0,0.0,0.0002,0.0012,0.00003,0.0016,0.0078,0.00001,0.0,0.0,0.0,0.0152,0.009,0.0039,0.7939,0.0059,0.00083,0.0048,0.0,0.00002,0.00043,0.00013
8245323,0.0,0.00002,0.00001,0.0016,0.001,0.00095,0.0147,0.003,0.00023,0.00001,0.00001,0.00023,0.00026,0.0072,0.0,0.00024,0.00068,0.00045,0.007,0.00089,0.00006,0.0123,0.00017,0.00045,0.0,0.0,0.0003,0.0,0.0,0.00033,0.0146,0.00003,0.00014,0.0047,0.00015,0.00003,0.00003,0.0,0.0019,0.0018,0.001,0.002,0.0027,0.0099,0.0035,0.0,0.0,0.00003,0.00077
8291133,0.00005,0.0,0.0037,0.0135,0.0052,0.0061,0.0473,0.0041,0.0083,0.00011,0.00001,0.00004,0.00006,0.0014,0.0,0.00071,0.0019,0.00038,0.0019,0.00089,0.00006,0.0029,0.00027,0.0034,0.0,0.00078,0.00009,0.00024,0.00006,0.0211,0.0024,0.00017,0.0014,0.0022,0.0394,0.00088,0.0018,0.00003,0.0056,0.007,0.0021,0.0018,0.0097,0.0054,0.0615,0.00003,0.0,0.00008,0.00044
7565833,0.0,0.0,0.0001,0.002,0.9741,0.00073,0.006,0.0088,0.00015,0.00019,0.00002,0.00023,0.00007,0.005,0.0,0.0013,0.00021,0.00038,0.0019,0.00022,0.00006,0.0329,0.00027,0.0019,0.0,0.0,0.00009,0.00024,0.0,0.0039,0.0017,0.00006,0.00071,0.0047,0.00009,0.00003,0.00004,0.00004,0.0015,0.00084,0.00036,0.0013,0.0071,0.0014,0.0077,0.0,0.0,0.00004,0.00023
8546853,0.00003,0.00002,0.0001,0.0029,0.035,0.0071,0.0225,0.0038,0.0027,0.00021,0.00007,0.00023,0.00006,0.0097,0.00002,0.00022,0.0084,0.00019,0.0016,0.00057,0.00005,0.0029,0.0037,0.0019,0.0,0.00004,0.00009,0.0006,0.0,0.001,0.0024,0.0012,0.0016,0.0012,0.0024,0.00033,0.00004,0.00004,0.0043,0.0249,0.0021,0.00084,0.0197,0.0167,0.8239,0.0,0.0,0.00004,0.00041
7494943,0.0,0.0,0.0001,0.0023,0.0127,0.0035,0.0175,0.003,0.00023,0.00005,0.00003,0.00023,0.00007,0.0072,0.0,0.00018,0.00094,0.00038,0.0063,0.0007,0.00014,0.0224,0.00008,0.00045,0.0,0.0,0.00092,0.00024,0.0,0.00039,0.0016,0.00003,0.006,0.0063,0.00001,0.00003,0.0,0.0,0.0015,0.0026,0.00099,0.0016,0.0074,0.0506,0.0077,0.00003,0.00027,0.0,0.00051
8749833,0.00005,0.00002,0.0024,0.0015,0.0042,0.0061,0.0138,0.0024,0.004,0.00036,0.00045,0.00023,0.00006,0.003,0.0,0.00024,0.006,0.00038,0.00095,0.00022,0.00006,0.0207,0.001,0.0052,0.00002,0.00004,0.00055,0.00002,0.0,0.001,0.003,0.00003,0.0016,0.0007,0.00024,0.0011,0.00022,0.00003,0.0019,0.0036,0.0021,0.00084,0.008,0.0156,0.0076,0.00037,0.00085,0.00002,0.00022
8749893,0.0,0.0,0.0001,0.0013,0.0042,0.0048,0.0138,0.0223,0.0236,0.00082,0.00045,0.00023,0.00006,0.005,0.0,0.00037,0.019,0.00038,0.007,0.00099,0.00051,0.009,0.001,0.0021,0.0,0.00004,0.00034,0.0,0.0,0.0018,0.0089,0.00006,0.006,0.0063,0.00094,0.00003,0.00003,0.00003,0.0019,0.0018,0.00099,0.0042,0.0131,0.0023,0.678,0.00003,0.0,0.00003,0.00013
9157753,0.00005,0.0,0.0001,0.0017,0.0298,0.0022,0.0087,0.0022,0.00023,0.00005,0.00002,0.00023,0.00007,0.0041,0.0,0.00024,0.0012,0.00038,0.0031,0.0005,0.00005,0.0402,0.00034,0.00056,0.0,0.0,0.00017,0.00016,0.0,0.0039,0.0064,0.00003,0.0016,0.0047,0.00001,0.00006,0.00004,0.0,0.0019,0.0026,0.00099,0.00054,0.0071,0.6502,0.0225,0.0,0.0,0.00002,0.00077
9109103,0.0,0.0,0.0,0.002,0.00033,0.0013,0.2429,0.0088,0.00023,0.00001,0.0,0.00002,0.00039,0.0072,0.0,0.0013,0.0013,0.00075,0.00056,0.00024,0.00006,0.2337,0.00005,0.00045,0.0,0.0,0.00034,0.00002,0.0,0.0018,0.0048,0.00006,0.00014,0.0078,0.00001,0.00003,0.0,0.0,0.0079,0.009,0.0026,0.0032,0.00099,0.0201,0.0021,0.0,0.0,0.00001,0.00013
9130303,0.0,0.0,0.00001,0.00015,0.00064,0.0035,0.0468,0.00042,0.00015,0.0,0.0,0.00023,0.00006,0.00091,0.0,0.00037,0.00021,0.00038,0.0046,0.00008,0.00002,0.00031,0.00011,0.00045,0.00002,0.0,0.00009,0.00001,0.0,0.001,0.00013,0.00006,0.00071,0.0035,0.00009,0.0,0.0,0.0,0.004,0.0026,0.025,0.0015,0.0031,0.0014,0.0062,0.0,0.0,0.00043,0.00022
9141543,0.0,0.0,0.0,0.0229,0.001,0.0008,0.1889,0.0024,0.00023,0.0,0.00001,0.00002,0.00006,0.0039,0.0,0.00016,0.0001,0.0042,0.0264,0.00016,0.00003,0.0075,0.00034,0.00045,0.0,0.0,0.00055,0.00001,0.0,0.0018,0.0089,0.00003,0.00014,0.0113,0.00001,0.0,0.0,0.0,0.004,0.0084,0.00049,0.0013,0.0168,0.0054,0.0013,0.0,0.0,0.00004,0.00041
9745353,0.0,0.0,0.0,0.00072,0.9833,0.00035,0.0147,0.0015,0.00015,0.0,0.00001,0.00002,0.00006,0.00049,0.0,0.00024,0.0001,0.0,0.00021,0.0007,0.00002,0.0123,0.0,0.0003,0.0,0.0,0.00004,0.0,0.0,0.00033,0.00095,0.00002,0.00014,0.0014,0.00001,0.0,0.0,0.0,0.00067,0.00051,0.00032,0.00084,0.0031,0.0041,0.2264,0.0,0.0,0.0,0.00041
10965273,0.00003,0.0,0.00018,0.002,0.0069,0.3949,0.0282,0.0024,0.00062,0.00005,0.00007,0.00008,0.00006,0.004,0.0,0.00037,0.0013,0.00038,0.0031,0.00024,0.00003,0.035,0.00049,0.00045,0.0,0.0,0.00017,0.00016,0.0,0.001,0.00086,0.00006,0.00071,0.0149,0.00001,0.00003,0.00013,0.00066,0.0079,0.0309,0.00047,0.0013,0.0027,0.0201,0.673,0.0,0.00006,0.00002,0.00041
11561043,0.00003,0.00002,0.00045,0.0017,0.6688,0.0048,0.0039,0.0045,0.0047,0.00005,0.00002,0.00078,0.00007,0.00091,0.0,0.00037,0.00068,0.00038,0.0035,0.00089,0.00014,0.2834,0.00049,0.00073,0.00002,0.00004,0.00034,0.00036,0.0024,0.001,0.0039,0.00003,0.00023,0.0078,0.00015,0.00003,0.00004,0.00004,0.00067,0.009,0.0019,0.00033,0.0027,0.0054,0.0858,0.00003,0.0,0.00008,0.00022
11697523,0.0,0.0,0.00001,0.00072,0.035,0.00052,0.7908,0.0358,0.00023,0.00001,0.00001,0.00002,0.00064,0.00091,0.0,0.4876,0.00015,0.00017,0.0025,0.00006,0.00002,0.5921,0.0,0.00067,0.00002,0.0,0.00034,0.00002,0.0,0.0111,0.0263,0.00002,0.00029,0.0621,0.00001,0.0,0.00003,0.00004,0.0056,0.0133,0.0021,0.1577,0.00072,0.0041,0.0013,0.0,0.0001,0.00002,0.00023
12455923,0.0,0.0,0.0,0.0029,0.0083,0.00052,0.0138,0.0185,0.00015,0.00005,0.00002,0.0218,0.00007,0.0394,0.0,0.0013,0.00021,0.00017,0.0025,0.00016,0.00006,0.009,0.00017,0.00023,0.0,0.0,0.0019,0.00001,0.0,0.00013,0.0048,0.00003,0.00023,0.0364,0.00001,0.0,0.0,0.0,0.0028,0.0053,0.0019,0.0016,0.0167,0.0052,0.0039,0.0,0.0,0.8815,0.0011
12614343,0.0,0.00002,0.00001,0.0029,0.00049,0.00052,0.0056,0.0223,0.00015,0.00001,0.00001,0.00002,0.00007,0.00041,0.0,0.00037,0.00015,0.00019,0.00056,0.00006,0.00006,0.0119,0.00005,0.00026,0.0,0.0,0.00017,0.00002,0.0,0.00013,0.00057,0.00002,0.00071,0.0028,0.00001,0.0,0.0,0.0,0.0019,0.0018,0.0012,0.00054,0.00072,0.0041,0.05,0.0,0.0,0.00016,0.00013
12645093,0.0,0.0,0.00006,0.0123,0.0033,0.0011,0.0138,0.3211,0.00015,0.0,0.0,0.00023,0.00039,0.014,0.0,0.00022,0.00021,0.0011,0.0264,0.0018,0.00006,0.0123,0.00005,0.00045,0.0,0.0,0.0079,0.0,0.0,0.00013,0.022,0.0012,0.00034,0.0018,0.00001,0.00003,0.0,0.00004,0.0015,0.0778,0.001,0.0029,0.0108,0.1782,0.00096,0.0,0.0,0.00003,0.0037
12649763,0.0,0.0,0.0089,0.0111,0.001,0.0119,0.7908,0.0239,0.0011,0.00005,0.00007,0.00078,0.00007,0.014,0.0,0.00071,0.00047,0.00038,0.0031,0.00022,0.00002,0.0119,0.00017,0.008,0.0,0.00078,0.0079,0.00024,0.0,0.0019,0.0039,0.00006,0.00029,0.0428,0.00009,0.0,0.00004,0.00003,0.033,0.0284,0.00099,0.0077,0.0227,0.0054,0.0942,0.0,0.0,0.00002,0.00061
12680793,0.00003,0.0,0.00007,0.00072,0.0052,0.4045,0.0147,0.0054,0.00015,0.00005,0.00002,0.00023,0.00006,0.00049,0.0,0.00024,0.0047,0.00038,0.007,0.0005,0.00005,0.0648,0.00017,0.0052,0.0,0.0,0.00034,0.00003,0.0,0.0039,0.0039,0.00003,0.006,0.0012,0.00001,0.00006,0.00004,0.00004,0.0019,0.0013,0.00047,0.00054,0.005,0.0167,0.8239,0.00003,0.0012,0.00002,0.00041
15002343,0.0,0.00002,0.0001,0.0039,0.016,0.0061,0.0133,0.0054,0.00062,0.0,0.00002,0.00065,0.00007,0.0023,0.0,0.00071,0.00026,0.00075,0.0025,0.00024,0.00005,0.0066,0.00005,0.0011,0.0,0.0,0.00034,0.0,0.0,0.00039,0.0146,0.00006,0.00097,0.0018,0.00001,0.00003,0.0,0.00004,0.0074,0.0036,0.0021,0.00084,0.0033,0.0167,0.5528,0.00003,0.0087,0.00002,0.0013
15065953,0.0,0.0,0.00007,0.00045,0.0023,0.2067,0.9651,0.0088,0.0047,0.00005,0.00007,0.00008,0.0007,0.014,0.0,0.0185,0.00047,0.00038,0.0041,0.00033,0.00006,0.1246,0.00027,0.00073,0.0,0.0,0.00034,0.00004,0.0,0.001,0.0016,0.00023,0.0026,0.015,0.0024,0.00003,0.0,0.00004,0.00089,0.0356,0.0706,0.7893,0.0045,0.0054,0.0039,0.0,0.0,0.00016,0.00041
15960563,0.0,0.0,0.0,0.00045,0.001,0.0017,0.9898,0.0045,0.00015,0.0,0.00007,0.00002,0.0007,0.00011,0.0,0.94,0.00015,0.00017,0.0165,0.00024,0.00003,0.3057,0.00017,0.00026,0.0,0.0,0.00017,0.00002,0.0,0.00013,0.00057,0.0,0.00029,0.0113,0.00001,0.0,0.0,0.00003,0.0,0.0026,0.00032,0.0077,0.0071,0.0986,0.0062,0.0,0.0,0.00016,0.00013
16038683,0.0,0.0,0.00001,0.0017,0.0035,0.0835,0.5556,0.0024,0.00023,0.00005,0.00002,0.00002,0.0025,0.011,0.0,0.8723,0.00068,0.00017,0.0025,0.00033,0.00014,0.0148,0.00095,0.0003,0.0,0.0,0.00017,0.00002,0.0,0.00013,0.0089,0.00023,0.0075,0.8263,0.00015,0.0,0.00002,0.0,0.0079,0.00084,0.00015,0.6228,0.0071,0.1199,0.0162,0.0,0.00006,0.00003,0.00054
17018553,0.0,0.0,0.00001,0.006,0.0013,0.0315,0.2429,0.003,0.00023,0.0,0.00001,0.00023,0.00006,0.0394,0.0,0.00037,0.00021,0.00038,0.0025,0.0031,0.00005,0.0268,0.00027,0.0014,0.0,0.0,0.00091,0.00004,0.0,0.00033,0.01,0.00023,0.00086,0.0074,0.00001,0.0,0.0,0.00003,0.027,0.0498,0.0039,0.0077,0.0062,0.0023,0.0035,0.0,0.0,0.00004,0.00077
17616843,0.00003,0.0,0.00049,0.0013,0.9645,0.0011,0.0087,0.0016,0.00023,0.00005,0.00002,0.00006,0.00006,0.00049,0.0,0.00018,0.00026,0.00038,0.007,0.0005,0.00003,0.5921,0.00017,0.003,0.0,0.0,0.00009,0.00024,0.0,0.0053,0.0039,0.00003,0.0016,0.0022,0.00001,0.00006,0.00013,0.00004,0.003,0.0013,0.00099,0.00033,0.00099,0.0054,0.0077,0.00003,0.0,0.00002,0.00013
18262763,0.0,0.0,0.0001,0.0039,0.8583,0.00088,0.0138,0.0016,0.00015,0.00019,0.00007,0.00004,0.00006,0.0017,0.0,0.00037,0.00068,0.00034,0.0025,0.00099,0.00005,0.0314,0.00034,0.00045,0.0,0.0,0.00004,0.00002,0.0,0.00039,0.01,0.00003,0.00034,0.0113,0.00001,0.00003,0.00013,0.00004,0.0105,0.0064,0.00099,0.00054,0.0027,0.0274,0.0217,0.0,0.0,0.00004,0.00022
18383533,0.0,0.0,0.00006,0.0061,0.0246,0.0022,0.0078,0.0088,0.00015,0.00005,0.00001,0.0001,0.00006,0.004,0.0,0.02,0.00068,0.0013,0.007,0.0005,0.00002,0.0419,0.0037,0.0003,0.0,0.0,0.00009,0.00002,0.0,0.0039,0.0013,0.0,0.00071,0.0018,0.00001,0.0,0.00004,0.00043,0.0074,0.007,0.00099,0.0029,0.0027,0.2539,0.0162,0.0,0.0,0.00002,0.00054
18558863,0.00005,0.0,0.0011,0.0023,0.001,0.0048,0.0147,0.0063,0.00015,0.00005,0.00002,0.00023,0.00007,0.00091,0.0,0.00024,0.0047,0.00038,0.0063,0.0005,0.00005,0.0029,0.0037,0.0263,0.0,0.00004,0.00009,0.00024,0.0,0.00033,0.0048,0.00006,0.00097,0.0007,0.00094,0.00076,0.00048,0.0,0.0028,0.0016,0.0012,0.00054,0.0097,0.0033,0.9573,0.0,0.0001,0.00002,0.00041
18586813,0.0,0.0,0.0,0.0135,0.0023,0.0518,0.9286,0.00069,0.00015,0.00001,0.00002,0.00002,0.00007,0.0017,0.0,0.00024,0.00034,0.00039,0.0035,0.0015,0.0,0.0544,0.0,0.00027,0.0,0.0,0.00009,0.00002,0.0,0.001,0.8382,0.00017,0.0029,0.0379,0.00001,0.0,0.0,0.00004,0.0074,0.0053,0.00037,0.5169,0.0071,0.0025,0.0025,0.0,0.00002,0.0,0.00051
19222703,0.00003,0.0,0.0,0.0034,0.0038,0.00095,0.0056,0.0056,0.00015,0.00005,0.00001,0.00023,0.00006,0.00075,0.0,0.00024,0.0001,0.00017,0.00056,0.00008,0.00005,0.0207,0.00027,0.00026,0.0,0.0,0.00009,0.00002,0.0,0.0001,0.0017,0.00003,0.00034,0.0029,0.00001,0.00003,0.0,0.00003,0.0044,0.0013,0.0012,0.00058,0.0027,0.0013,0.0106,0.0,0.0,0.00004,0.00013
19342103,0.0,0.0,0.0,0.0061,0.00064,0.0015,0.0834,0.5938,0.00023,0.0,0.00003,0.00002,0.00002,0.0014,0.0,0.00018,0.00021,0.0,0.0031,0.0005,0.00002,0.0525,0.00005,0.00045,0.0,0.0,0.00017,0.0,0.0,0.0002,0.0016,0.00003,0.00029,0.3079,0.00001,0.0,0.0,0.0,0.0074,0.5288,0.00026,0.00006,0.00099,0.0112,0.0062,0.0,0.0,0.00001,0.00077
19250803,0.0,0.0,0.0,0.0015,0.0023,0.0011,0.0834,0.0133,0.0027,0.00001,0.00001,0.00008,0.0053,0.003,0.0,0.0057,0.0215,0.00038,0.00065,0.00024,0.00005,0.0119,0.00049,0.00045,0.00002,0.0,0.00034,0.00004,0.0,0.0177,0.0027,0.00006,0.00023,0.0078,0.00015,0.00005,0.0,0.0,0.0019,0.0064,0.0096,0.0105,0.0062,0.0183,0.0039,0.0,0.0,0.00002,0.00051
19734013,0.0,0.0,0.00001,0.2117,0.00064,0.0022,0.5556,0.0049,0.004,0.00005,0.00002,0.00006,0.00007,0.011,0.0,0.0017,0.00047,0.00038,0.0015,0.00033,0.00002,0.0613,0.00017,0.0003,0.0,0.0,0.00039,0.00002,0.0,0.0002,0.00077,0.00006,0.0029,0.0014,0.00015,0.0,0.0,0.0,0.0152,0.0151,0.0045,0.0032,0.0499,0.0167,0.0225,0.0,0.0,0.00002,0.00041
19911113,0.0,0.0,0.0,0.006,0.00049,0.0022,0.4214,0.014,0.00015,0.0,0.00001,0.00002,0.00002,0.9013,0.0,0.00016,0.0001,0.00017,0.7835,0.0007,0.00002,0.5962,0.00004,0.00026,0.0,0.0,0.00034,0.00002,0.0,0.00013,0.0343,0.00002,0.00023,0.0022,0.0,0.0,0.00004,0.0,0.0019,0.003,0.0039,0.033,0.00099,0.1798,0.00096,0.0,0.0,0.00002,0.00013
20159133,0.0,0.0,0.0,0.0135,0.00064,0.0012,0.7908,0.0063,0.00023,0.0,0.0,0.00078,0.00039,0.0683,0.0,0.0013,0.0,0.0013,0.0025,0.00024,0.00005,0.0099,0.00004,0.00056,0.0,0.0,0.00009,0.00001,0.0,0.00033,0.0072,0.00006,0.00029,0.0063,0.00001,0.0,0.0,0.0,0.6231,0.02,0.00099,0.0105,0.0978,0.0054,0.0096,0.0,0.0,0.00004,0.002
20097263,0.0,0.0,0.0,0.006,0.00049,0.00052,0.1253,0.0016,0.0011,0.00001,0.00001,0.00008,0.00006,0.0039,0.0,0.00016,0.00015,0.00038,0.0035,0.00099,0.00002,0.0055,0.0,0.00045,0.0,0.0,0.0003,0.00002,0.0,0.0018,0.0039,0.00023,0.00034,0.00061,0.00015,0.0,0.0,0.0,0.0112,0.0309,0.00099,0.0029,0.0097,0.0025,0.00045,0.0,0.0,0.00002,0.0011
20074673,0.0,0.0,0.0,0.002,0.00033,0.0012,0.025,0.0015,0.00015,0.00011,0.00002,0.00002,0.00007,0.00049,0.0,0.0023,0.00068,0.00017,0.0264,0.00057,0.00005,0.00081,0.00017,0.0003,0.0,0.0,0.00009,0.00002,0.0,0.00039,0.00057,0.00006,0.00023,0.00061,0.00015,0.0,0.00004,0.0,0.00067,0.0013,0.004,0.0032,0.008,0.0023,0.0039,0.0,0.0,0.00002,0.00051
21107143,0.0,0.0,0.0,0.00045,0.0033,0.0061,0.0449,0.0054,0.00015,0.00021,0.00002,0.00008,0.0037,0.011,0.0,0.00024,0.0001,0.0021,0.0077,0.00089,0.00016,0.0123,0.00005,0.00023,0.0,0.0,0.0003,0.0,0.0,0.0001,0.022,0.0,0.0016,0.0143,0.00001,0.0,0.0,0.00003,0.0822,0.027,0.00032,0.0013,0.0978,0.845,0.0162,0.0,0.00056,0.00003,0.00041
21180303,0.00005,0.0,0.00007,0.00072,0.0042,0.6548,0.0165,0.0016,0.0053,0.00036,0.00002,0.00002,0.00006,0.00075,0.0,0.0023,0.0084,0.00017,0.1971,0.00024,0.00005,0.0654,0.00034,0.003,0.0,0.0,0.00009,0.0006,0.0,0.0039,0.0072,0.00006,0.0016,0.0078,0.00015,0.0002,0.00013,0.00004,0.0079,0.0249,0.00032,0.0179,0.002,0.845,0.8239,0.0,0.0,0.00001,0.00013
21110803,0.0,0.0,0.00001,0.00072,0.00016,0.0027,0.0016,0.0024,0.00015,0.00019,0.00001,0.00002,0.00006,0.00063,0.0,0.00008,0.00068,0.00017,0.00056,0.00016,0.00005,0.00081,0.00017,0.00045,0.0,0.00015,0.00009,0.00024,0.0,0.00033,0.00095,0.00006,0.00023,0.0012,0.00015,0.0,0.00013,0.00003,0.0014,0.00051,0.00049,0.00023,0.00099,0.0025,0.9179,0.00003,0.00027,0.0,0.00013
21084213,0.00003,0.0,0.0001,0.0015,0.0023,0.0277,0.7908,0.0045,0.00059,0.00005,0.00003,0.00023,0.00026,0.0023,0.0,0.00024,0.0047,0.00075,0.0036,0.0004,0.00006,0.2834,0.00005,0.0021,0.00002,0.0,0.00091,0.00024,0.0,0.0039,0.01,0.00017,0.0026,0.8263,0.00015,0.00003,0.00004,0.00004,0.0019,0.007,0.00099,0.002,0.0131,0.0054,0.0385,0.0,0.00006,0.00004,0.0013
21320253,0.0,0.0,0.00001,0.0143,0.00064,0.00052,0.0147,0.0108,0.0053,0.0,0.00001,0.0079,0.00039,0.097,0.0,0.00037,0.0012,0.00038,0.0046,0.00022,0.00005,0.0279,0.00005,0.00067,0.0,0.0,0.00017,0.00004,0.0,0.00079,0.009,0.0,0.00029,0.0029,0.00001,0.0,0.0,0.0,0.2952,0.009,0.00032,0.0176,0.0074,0.0716,0.0013,0.0,0.0,0.00001,0.00051
21951913,0.00003,0.00002,0.0001,0.002,0.0121,0.0089,0.0361,0.0088,0.00023,0.00021,0.00007,0.00008,0.00007,0.011,0.0,0.0013,0.0026,0.00039,0.007,0.0007,0.00006,0.0123,0.001,0.0014,0.0,0.00004,0.00091,0.0006,0.00006,0.00079,0.0048,0.00003,0.00029,0.0047,0.00015,0.00003,0.00004,0.00004,0.0079,0.0026,0.0072,0.0016,0.0071,0.0054,0.024,0.00004,0.00002,0.00002,0.00013
22185053,0.00003,0.0,0.00007,0.00072,0.0043,0.0011,0.071,0.0025,0.0027,0.00021,0.00002,0.00078,0.00006,0.0072,0.0,0.00016,0.0013,0.00038,0.0025,0.7732,0.00005,0.0077,0.0015,0.00056,0.0,0.0,0.0003,0.00003,0.0,0.00039,0.0012,0.00006,0.00029,0.0007,0.00009,0.00003,0.00004,0.00003,0.0019,0.0013,0.0026,0.0029,0.1326,0.0017,0.049,0.0,0.0,0.00003,0.00054
21669013,0.0,0.0,0.00001,0.0143,0.7024,0.0022,0.0147,0.0108,0.00023,0.0,0.00001,0.0014,0.00006,0.0019,0.0,0.00018,0.00021,0.00017,0.0074,0.0015,0.00016,0.0101,0.00036,0.00056,0.0,0.0,0.0079,0.0,0.0,0.00079,0.0054,0.00091,0.00071,0.0029,0.00001,0.0,0.0,0.0,0.0079,0.0036,0.0012,0.00084,0.0045,0.0054,0.0021,0.0,0.0,0.00002,0.0017
22222543,0.0,0.0,0.00018,0.002,0.9645,0.0013,0.0598,0.0054,0.0012,0.00021,0.00007,0.00002,0.00006,0.0072,0.0,0.00016,0.0013,0.00017,0.0046,0.00099,0.00005,0.0017,0.00049,0.00045,0.0,0.0,0.00091,0.0,0.0,0.0119,0.0024,0.00003,0.00023,0.0047,0.00015,0.00003,0.00004,0.0103,0.00089,0.0016,0.00099,0.00033,0.0027,0.0037,0.0121,0.0,0.0,0.0,0.00023
23326943,0.0,0.0,0.0,0.0095,0.0042,0.00052,0.0175,0.0088,0.00015,0.0,0.00001,0.0015,0.00039,0.0683,0.0,0.00022,0.00034,0.00038,0.0123,0.00099,0.0047,0.009,0.00004,0.00045,0.0,0.0,0.00035,0.0,0.0,0.00079,0.0016,0.0,0.00029,0.8263,0.00001,0.0,0.0,0.0,0.00039,0.0053,0.00099,0.0015,0.0204,0.0037,0.0021,0.0,0.0,0.00002,0.0248
23393933,0.0,0.0,0.00001,0.1056,0.0043,0.0011,0.0175,0.0403,0.00023,0.00001,0.00001,0.00002,0.00006,0.0271,0.0,0.00008,0.0013,0.00017,0.011,0.00099,0.00002,0.5921,0.00034,0.0014,0.0,0.0,0.00009,0.00004,0.0,0.0018,0.00077,0.00003,0.0026,0.025,0.00001,0.0,0.00004,0.00004,0.0152,0.0088,0.00099,0.00027,0.00099,0.8888,0.00096,0.00003,0.00002,0.00001,0.0018
22672573,0.0,0.0,0.00001,0.00093,0.0033,0.1057,0.4926,0.0197,0.004,0.00001,0.00002,0.00002,0.00007,0.0014,0.0,0.0074,0.00021,0.0011,0.0323,0.0108,0.00006,0.0525,0.00004,0.00045,0.0,0.0,0.00017,0.00024,0.0,0.0004,0.0016,0.00002,0.0042,0.025,0.00001,0.0,0.0,0.00003,0.0112,0.0784,0.0046,0.3865,0.0467,0.1531,0.0121,0.0,0.0,0.00002,0.00077
23318473,0.0,0.0,0.0,0.0015,0.00064,0.0147,0.0175,0.0185,0.00015,0.00001,0.00002,0.0012,0.00007,0.0023,0.0,0.0357,0.00021,0.00038,0.0046,0.00006,0.00002,0.5921,0.0,0.00045,0.0,0.0,0.00091,0.00002,0.0,0.00018,0.0089,0.00002,0.00014,0.1778,0.00001,0.0,0.0,0.0,0.0028,0.1378,0.0021,0.0105,0.0323,0.845,0.0013,0.0,0.0,0.00003,0.00054
23974083,0.0,0.0,0.0,0.0023,0.00064,0.0071,0.0147,0.0012,0.0144,0.029,0.0142,0.00004,0.00006,0.6778,0.0,0.00022,0.0013,0.00017,0.0031,0.00093,0.00006,0.0123,0.00017,0.00045,0.00002,0.0,0.00009,0.00024,0.0,0.0026,0.0024,0.00002,0.0042,0.008,0.00032,0.0,0.0,0.3788,0.0079,0.0026,0.00099,0.0042,0.0071,0.0025,0.1981,0.0,0.00002,0.00002,0.00013
24467683,0.0,0.0,0.00001,0.0357,0.0023,0.00052,0.0089,0.0987,0.00015,0.0,0.0,0.0012,0.00006,0.0162,0.0,0.00008,0.0,0.00038,0.0025,0.0031,0.00014,0.0794,0.00004,0.0003,0.0,0.0,0.0003,0.0,0.0,0.0001,0.0016,0.0,0.0075,0.0047,0.00001,0.0,0.00002,0.0,0.0079,0.0053,0.00032,0.00006,0.0012,0.9061,0.00086,0.0,0.0,0.00002,0.0031
23768683,0.0,0.0,0.0,0.0088,0.001,0.0011,0.7908,0.0424,0.00015,0.0,0.00003,0.0015,0.00006,0.0271,0.00002,0.0168,0.00021,0.00017,0.0025,0.00016,0.00002,0.0525,0.0,0.00045,0.00002,0.0,0.00004,0.00016,0.0,0.00013,0.0136,0.00003,0.00014,0.0393,0.00001,0.0,0.0,0.00004,0.0013,0.6516,0.00032,0.0077,0.0112,0.0014,0.0077,0.0,0.0,0.00016,0.00022
25117843,0.0,0.0,0.0,0.7592,0.0038,0.0008,0.0598,0.0016,0.00015,0.0,0.00002,0.0,0.00006,0.0394,0.0,0.00024,0.0,0.00038,0.00065,0.0005,0.00002,0.0048,0.00004,0.00026,0.0,0.0,0.00017,0.00001,0.0,0.00013,0.0048,0.0,0.00034,0.025,0.00001,0.0,0.0,0.00003,0.0079,0.0088,0.00032,0.0029,0.0045,0.0393,0.0025,0.0,0.00006,0.00003,0.00023
26997193,0.0,0.0,0.0,0.0029,0.00033,0.0012,0.0385,0.033,0.00062,0.0,0.00001,0.00002,0.00039,0.3068,0.0,0.00016,0.0001,0.00017,0.0063,0.00089,0.00005,0.0899,0.00049,0.00026,0.0,0.0,0.0024,0.0,0.0,0.001,0.01,0.00002,0.00029,0.015,0.00001,0.0,0.0,0.0,0.0314,0.009,0.00032,0.0056,0.00099,0.0795,0.0021,0.0,0.00027,0.0042,0.0187
27468663,0.0,0.0,0.0,0.3702,0.001,0.00073,0.0598,0.0025,0.00015,0.0,0.00001,0.00002,0.00006,0.0202,0.0,0.00024,0.0001,0.00012,0.0025,0.00057,0.00002,0.0017,0.0081,0.00056,0.0,0.0,0.00009,0.00002,0.0,0.001,0.0017,0.00006,0.00023,0.0183,0.00001,0.0,0.0,0.00003,0.0374,0.0405,0.00036,0.0016,0.0168,0.0156,0.0021,0.0,0.0,0.00016,0.0011
28387153,0.0,0.0,0.0001,0.0034,0.0021,0.0027,0.0175,0.0049,0.00015,0.00082,0.00003,0.00008,0.00007,0.1305,0.0,0.00079,0.00026,0.0011,0.0391,0.00089,0.00014,0.0899,0.00005,0.00045,0.0,0.0,0.2266,0.00004,0.0,0.00033,0.0024,0.00003,0.00034,0.0047,0.00001,0.0,0.00004,0.0,0.0013,0.0026,0.00049,0.0056,0.0043,0.0506,0.0039,0.00003,0.0,0.00002,0.00023
28062343,0.0,0.0,0.0,0.0135,0.0127,0.0061,0.0805,0.0225,0.00073,0.00005,0.00007,0.00002,0.00006,0.0683,0.0,0.0017,0.0047,0.00017,0.0025,0.00099,0.00051,0.0525,0.00027,0.00045,0.0,0.0,0.00039,0.00002,0.0,0.001,0.0993,0.00017,0.0016,0.025,0.00015,0.00003,0.0,0.0,0.0194,0.02,0.00032,0.0015,0.0638,0.0099,0.0091,0.0,0.0,0.00008,0.0187
29512783,0.0,0.0,0.0,0.0013,0.0033,0.0011,0.0147,0.003,0.00015,0.00019,0.00007,0.00008,0.00007,0.003,0.0,0.0013,0.00021,0.00071,0.0074,0.0031,0.00005,0.0029,0.001,0.0003,0.00014,0.00004,0.00039,0.00002,0.0,0.0019,0.0017,0.001,0.00014,0.0028,0.00001,0.00003,0.00002,0.00066,0.0019,0.009,0.0096,0.0013,0.0046,0.0013,0.024,0.00004,0.0,0.00004,0.0013
29192863,0.00027,0.0,0.0037,0.00072,0.4047,0.0061,0.0468,0.0263,0.0093,0.00036,0.00043,0.00023,0.00006,0.0023,0.0,0.00071,0.00068,0.0013,0.0035,0.0107,0.00005,0.0949,0.00017,0.0052,0.0,0.00004,0.00009,0.00004,0.0,0.001,0.0013,0.00003,0.00029,0.0047,0.00015,0.0067,0.0018,0.00018,0.0044,0.0249,0.0019,0.001,0.0074,0.0316,0.0062,0.00003,0.0,0.00004,0.00041
29658993,0.0,0.0,0.0,0.0229,0.0012,0.0015,0.0596,0.017,0.0012,0.0,0.0,0.00002,0.00007,0.0034,0.0,0.00008,0.00021,0.00017,0.0187,0.0007,0.00002,0.0329,0.00005,0.00085,0.0,0.0,0.0015,0.0,0.0,0.00079,0.0024,0.00006,0.00014,0.3079,0.00001,0.0,0.0,0.0,0.004,0.0026,0.001,0.0016,0.0261,0.3202,0.0021,0.0,0.0,0.00001,0.0018
29616753,0.0,0.0,0.0001,0.0061,0.0162,0.0105,0.0596,0.0024,0.00073,0.00011,0.00002,0.00023,0.00007,0.011,0.0,0.00018,0.0098,0.00038,0.0018,0.00024,0.00014,0.0123,0.00027,0.003,0.0,0.0,0.00092,0.00004,0.0,0.001,0.00057,0.00002,0.00071,0.0033,0.00015,0.00003,0.00004,0.00004,0.0194,0.0053,0.0072,0.0023,0.0027,0.0041,0.0077,0.0,0.0,0.00008,0.0017
30291873,0.00003,0.0,0.0037,0.0023,0.0014,0.0027,0.0175,0.003,0.00015,0.00036,0.00007,0.00002,0.00007,0.0023,0.0,0.00024,0.0022,0.00075,0.0077,0.00024,0.00014,0.0017,0.00027,0.003,0.0,0.00078,0.00009,0.0006,0.0,0.0013,0.0012,0.00006,0.00086,0.0017,0.00024,0.00003,0.00022,0.00003,0.0015,0.0013,0.0019,0.0016,0.0027,0.0014,0.8239,0.00003,0.0,0.00002,0.00013
30342963,0.00003,0.0,0.0001,0.0046,0.0014,0.0048,0.0686,0.0054,0.0018,0.00005,0.00002,0.00023,0.00007,0.004,0.0,0.00094,0.00068,0.00071,0.0031,0.00024,0.00005,0.0101,0.00017,0.008,0.0,0.0,0.00017,0.00004,0.0,0.0025,0.003,0.00017,0.00029,0.0018,0.00024,0.00006,0.00004,0.0,0.0152,0.0036,0.0072,0.0018,0.0027,0.0059,0.3779,0.0,0.0,0.00004,0.00013
30029063,0.0,0.0,0.00001,0.3617,0.001,0.0119,0.0361,0.0015,0.00015,0.00001,0.0,0.00065,0.0011,0.0014,0.0,0.0074,0.00026,0.00017,0.0015,0.00024,0.00005,0.0041,0.00036,0.00045,0.0,0.0,0.00034,0.00002,0.0,0.001,0.0039,0.00023,0.00034,0.0047,0.00015,0.0,0.0,0.00003,0.0112,0.0026,0.00047,0.0066,0.0074,0.0025,0.0013,0.0,0.0,0.00004,0.00013
30367763,0.0,0.00002,0.00001,0.0046,0.0023,0.0105,0.006,0.0133,0.0018,0.00011,0.00002,0.00023,0.00039,0.0023,0.0,0.00037,0.00021,0.0042,0.0323,0.0044,0.00014,0.0101,0.00049,0.0003,0.00002,0.0,0.0019,0.00002,0.00038,0.0064,0.0017,0.00006,0.00071,0.0143,0.00015,0.00003,0.0,0.00004,0.0314,0.0521,0.0171,0.00084,0.015,0.0167,0.0589,0.00004,0.0,0.00008,0.0011
30934083,0.00003,0.0,0.00006,0.0029,0.0362,0.023,0.0089,0.0056,0.00023,0.00021,0.0021,0.00023,0.00006,0.002,0.0,0.00037,0.0496,0.00038,0.0018,0.0018,0.00003,0.0224,0.00017,0.0019,0.0,0.00004,0.0079,0.00024,0.0,0.0111,0.00095,0.00003,0.0011,0.008,0.0014,0.00088,0.00013,0.00018,0.0074,0.0133,0.0018,0.0042,0.005,0.0049,0.6042,0.0,0.0,0.00002,0.00013
30938893,0.0,0.0,0.0,0.00072,0.0021,0.0013,0.0834,0.2253,0.00023,0.00001,0.00001,0.00002,0.00064,0.0039,0.0,0.0122,0.00021,0.00017,0.00065,0.00008,0.00002,0.268,0.00027,0.00045,0.0,0.0,0.00039,0.00001,0.0,0.0053,0.4094,0.00002,0.0016,0.0233,0.00001,0.0,0.0,0.0,0.0112,0.003,0.00015,0.0015,0.002,0.2899,0.0077,0.0,0.0,0.00002,0.00022
29860473,0.0,0.0,0.00001,0.0095,0.001,0.0022,0.936,0.0015,0.00023,0.00001,0.00002,0.00002,0.7692,0.00091,0.8029,0.0065,0.00034,0.00045,0.0025,0.00024,0.00005,0.0029,0.00017,0.00045,0.00002,0.0,0.00009,0.00002,0.0,0.00033,0.00013,0.00023,0.00014,0.8263,0.00001,0.0,0.00002,0.0,0.0509,0.0115,0.0039,0.3617,0.146,0.0013,0.0062,0.0,0.0,0.00004,0.0187
31665033,0.0,0.0,0.0,0.0268,0.00016,0.0061,0.8393,0.0015,0.00015,0.0,0.0,0.00002,0.00007,0.0023,0.0,0.0023,0.0,0.0013,0.1107,0.00099,0.6612,0.0419,0.00017,0.0003,0.0,0.0,0.207,0.00001,0.0,0.00079,0.0016,0.00003,0.00014,0.1357,0.0,0.0,0.0,0.00004,0.0028,0.0363,0.00012,0.0554,0.002,0.0677,0.0013,0.0,0.0,0.00002,0.00022
32141863,0.0,0.0,0.0,0.1406,0.00016,0.014,0.1395,0.0223,0.00015,0.00001,0.00002,0.00002,0.00006,0.0202,0.0,0.00024,0.0013,0.00038,0.007,0.00016,0.00005,0.0432,0.0,0.00027,0.00002,0.0,0.00009,0.00004,0.0,0.00039,0.00057,0.0012,0.00086,0.0007,0.00001,0.0,0.00004,0.00004,0.0013,0.0026,0.0019,0.0906,0.00099,0.0201,0.00096,0.0,0.0,0.0,0.0037
26106544,0.0,0.0,0.0,0.7592,0.00049,0.00052,0.0282,0.0016,0.00015,0.0,0.00001,0.00023,0.00006,0.0261,0.0,0.00037,0.00021,0.00038,0.0391,0.0015,0.00003,0.0101,0.00027,0.00045,0.00002,0.0,0.00091,0.00001,0.0,0.00079,0.0024,0.0012,0.00086,0.0035,0.00001,0.0,0.0,0.0,0.0655,0.0151,0.0019,0.022,0.0027,0.0054,0.0013,0.0,0.0,0.00002,0.00077
25496414,0.0,0.0,0.0011,0.00072,0.0035,0.0022,0.0039,0.0088,0.00015,0.0,0.0,0.00002,0.00039,0.0271,0.0,0.00016,0.0,0.0013,0.0077,0.0005,0.0102,0.0268,0.00027,0.0012,0.0,0.00078,0.682,0.00001,0.0,0.00018,0.0017,0.00002,0.0042,0.0197,0.0,0.0,0.0,0.0,0.0014,0.0088,0.0012,0.00058,0.0027,0.0167,0.1331,0.0,0.0013,0.0,0.00051
50014,0.0,0.0,0.0,0.00093,0.00016,0.0012,0.3344,0.0049,0.00015,0.0,0.0,0.00008,0.0011,0.0141,0.0,0.00008,0.0,0.0013,0.0264,0.008,0.00005,0.035,0.0,0.00026,0.0,0.0,0.00091,0.00001,0.0,0.00013,0.0017,0.0012,0.00029,0.0047,0.00001,0.0,0.0,0.0,0.0056,0.003,0.0045,0.3284,0.0074,0.0023,0.00096,0.0,0.0,0.00016,0.0013
7221784,0.00005,0.00002,0.0016,0.006,0.1123,0.0061,0.0078,0.0063,0.00023,0.00019,0.00007,0.00008,0.00007,0.004,0.0,0.0013,0.0047,0.0093,0.00056,0.0005,0.00016,0.0075,0.00027,0.0043,0.0,0.00004,0.00091,0.00002,0.0,0.0013,0.0024,0.00003,0.00029,0.0047,0.00024,0.00033,0.00004,0.0017,0.0028,0.009,0.0021,0.002,0.0027,0.0201,0.2791,0.00003,0.0,0.00002,0.00023
6541614,0.00003,0.00002,0.00006,0.00072,0.0012,0.0035,0.0056,0.0024,0.00015,0.00005,0.00002,0.00004,0.00026,0.0023,0.0,0.00018,0.0013,0.00039,0.0107,0.00057,0.00006,0.0079,0.00004,0.00067,0.0,0.0,0.00009,0.00002,0.0,0.0002,0.00095,0.00003,0.00014,0.0014,0.00015,0.00003,0.00004,0.00003,0.0074,0.0026,0.0096,0.0016,0.0074,0.0052,0.1576,0.0,0.0,0.00003,0.00054
6494344,0.00003,0.0,0.0773,0.00093,0.0522,0.0012,0.025,0.0025,0.00023,0.0,0.00002,0.0012,0.00007,0.015,0.0,0.00037,0.00068,0.00038,0.0025,0.00089,0.00002,0.0207,0.00034,0.2847,0.0,0.0157,0.00092,0.00003,0.0075,0.00079,0.0016,0.00006,0.00029,0.0029,0.00001,0.00003,0.00003,0.00003,0.0044,0.009,0.004,0.0012,0.005,0.0248,0.0225,0.00003,0.0,0.00001,0.00013
2787484,0.00003,0.0,0.0092,0.00072,0.9008,0.0011,0.0138,0.0056,0.00037,0.00019,0.00007,0.00008,0.00006,0.0023,0.0,0.00024,0.00021,0.00038,0.0031,0.0005,0.00003,0.5921,0.00017,0.003,0.0,0.0,0.00009,0.00003,0.0,0.0025,0.0048,0.00003,0.00071,0.0029,0.00015,0.0002,0.0018,0.00004,0.0043,0.0058,0.00099,0.002,0.0027,0.0201,0.0323,0.00003,0.0,0.00004,0.00054
32721633,0.0,0.0,0.0,0.00072,0.00016,0.0011,0.2699,0.0987,0.00015,0.00005,0.0,0.0,0.00007,0.00091,0.0,0.0013,0.00021,0.00017,0.0031,0.0031,0.00003,0.1379,0.00027,0.00045,0.0,0.0,0.00004,0.0,0.0,0.00013,0.0048,0.00002,0.0141,0.175,0.0,0.0,0.0,0.0,0.1646,0.02,0.00012,0.0029,0.0168,0.7031,0.0013,0.0,0.0,0.00008,0.00077
3828153,0.0,0.0,0.0001,0.0013,0.0014,0.00052,0.0147,0.0133,0.00015,0.00005,0.00002,0.00023,0.00002,0.004,0.0,0.00016,0.00068,0.00075,0.0,0.0004,0.00002,0.0419,0.00017,0.00067,0.0,0.0,0.0003,0.0,0.0,0.00033,0.00057,0.00006,0.00014,0.00061,0.00001,0.00003,0.00004,0.0,0.0152,0.0058,0.00032,0.00054,0.002,0.0023,0.0076,0.0,0.0,0.00004,0.0
2517493,0.0,0.0,0.0,0.0017,0.0043,0.0022,0.2712,0.0015,0.00023,0.00005,0.00002,0.00065,0.00039,0.0034,0.0,0.0057,0.00068,0.00038,0.0016,0.00057,0.00005,0.0066,0.00005,0.0003,0.0,0.0,0.0003,0.00002,0.0,0.0018,0.0024,0.00006,0.00029,0.0063,0.00015,0.00003,0.00004,0.00004,0.0044,0.02,0.0021,0.0906,0.0027,0.0099,0.0225,0.0,0.0,0.00003,0.00022
8483863,0.00003,0.0,0.0,0.002,0.00033,0.0089,0.4746,0.003,0.00062,0.00005,0.00002,0.00008,0.00006,0.003,0.0,0.0122,0.00015,0.00038,0.0016,0.00099,0.00005,0.5921,0.00004,0.00026,0.0,0.0,0.00034,0.0,0.0,0.00013,0.00077,0.00006,0.00071,0.0047,0.00001,0.00003,0.0,0.0,0.0822,0.6735,0.00047,0.0906,0.0027,0.0041,0.0021,0.0,0.0,0.00001,0.00077
8884593,0.0,0.0,0.00001,0.0016,0.0083,0.0147,0.025,0.003,0.00023,0.0022,0.0026,0.00023,0.00026,0.0072,0.0,0.00016,0.0047,0.00038,0.0063,0.0015,0.00016,0.0123,0.00034,0.00045,0.0,0.00004,0.00092,0.00004,0.0,0.001,0.0024,0.00006,0.0016,0.0014,0.00015,0.00003,0.0,0.3788,0.0019,0.0026,0.0021,0.0042,0.036,0.0033,0.0484,0.00003,0.00002,0.00002,0.002
8895943,0.0,0.0,0.0,0.0016,0.0033,0.1198,0.7908,0.1456,0.00015,0.0,0.00001,0.00004,0.0011,0.00063,0.0,0.8846,0.00021,0.00004,0.00065,0.0005,0.00005,0.0148,0.00049,0.00045,0.0,0.0,0.00091,0.00004,0.0,0.0039,0.00077,0.00045,0.00086,0.8263,0.00001,0.0,0.0,0.0,0.6231,0.009,0.0019,0.7832,0.0074,0.0506,0.0013,0.0,0.0,0.00004,0.00013
8988463,0.00003,0.0,0.00007,0.00045,0.0012,0.6548,0.0834,0.0015,0.00023,0.00021,0.00002,0.00004,0.00006,0.0014,0.0,0.8846,0.0047,0.00038,0.0025,0.0005,0.00005,0.0052,0.00017,0.003,0.0,0.00004,0.0003,0.00002,0.0,0.00033,0.0024,0.00003,0.00034,0.0123,0.0013,0.00005,0.0,0.0,0.0013,0.8364,0.00099,0.0032,0.0031,0.0204,0.9179,0.0,0.0,0.00001,0.00023
10490713,0.0,0.0,0.0,0.002,0.00064,0.0011,0.025,0.0088,0.00015,0.0,0.00001,0.0034,0.00006,0.00063,0.0,0.00022,0.00021,0.00071,0.0151,0.0005,0.00006,0.0268,0.00005,0.00026,0.0,0.0,0.0093,0.0,0.0,0.00017,0.0016,0.0012,0.00034,0.0018,0.0,0.0,0.0,0.0,0.1816,0.1378,0.00047,0.00006,0.7348,0.00083,0.0106,0.0,0.0,0.00001,0.2227
10652033,0.0,0.0,0.0,0.0379,0.00016,0.00052,0.0056,0.0133,0.00023,0.0,0.0,0.0,0.00002,0.011,0.0,0.00016,0.0,0.00017,0.00021,0.00016,0.00002,0.00081,0.00008,0.00023,0.0,0.0,0.00004,0.0,0.0,0.00013,0.003,0.00002,0.00034,0.0007,0.0,0.0,0.0,0.0,0.0028,0.00037,0.0019,0.00054,0.0108,0.0717,0.0385,0.0,0.0,0.00004,0.00006
11172943,0.0,0.0,0.0,0.0017,0.00033,0.7513,0.3684,0.00042,0.00015,0.0,0.00007,0.00004,0.00006,0.00041,0.0,0.0013,0.00068,0.0,0.011,0.6015,0.00002,0.0048,0.00017,0.00045,0.0,0.0,0.00055,0.0,0.0,0.00013,0.0012,0.00003,0.0494,0.4717,0.00001,0.0,0.0,0.00004,0.0112,0.8364,0.0171,0.0635,0.0648,0.845,0.0077,0.0,0.00063,0.00001,0.0097
12207853,0.00003,0.00002,0.0001,0.0034,0.0035,0.0518,0.0175,0.0049,0.00059,0.00036,0.00007,0.00006,0.0011,0.00075,0.0,0.0017,0.0014,0.0021,0.0015,0.00024,0.00005,0.0224,0.00027,0.00045,0.0,0.00004,0.0033,0.0006,0.0,0.00079,0.001,0.00002,0.0029,0.0078,0.00009,0.0,0.00013,0.00003,0.00089,0.0026,0.00099,0.0042,0.002,0.0086,0.9179,0.0,0.00002,0.00002,0.00061
12364843,0.0,0.0,0.0,0.00015,0.00016,0.00094,0.9967,0.00013,0.00015,0.0,0.00001,0.00023,0.00026,0.00026,0.0,0.9031,0.0001,0.00017,0.0031,0.00024,0.00006,0.0648,0.00005,0.00045,0.0,0.0,0.00009,0.00001,0.0,0.00013,0.0016,0.00003,0.00029,0.3079,0.00001,0.0,0.0,0.0,0.0019,0.0088,0.0012,0.8815,0.005,0.0049,0.0021,0.0,0.0,0.00008,0.0
13129593,0.0,0.0,0.0,0.0268,0.001,0.0071,0.0598,0.0024,0.00023,0.00005,0.00002,0.00008,0.00007,0.0023,0.0,0.00016,0.0001,0.00071,0.007,0.00057,0.00014,0.0101,0.0,0.00023,0.0,0.0,0.00034,0.00004,0.0,0.0018,0.0013,0.00006,0.00029,0.0007,0.00001,0.0,0.00002,0.0,0.0074,0.0016,0.0706,0.0012,0.0112,0.0052,0.0062,0.0,0.0,0.00004,0.00013
15554773,0.0,0.0,0.0,0.00015,0.00064,0.083,0.7908,0.0056,0.00015,0.00005,0.00002,0.00002,0.00039,0.00091,0.0,0.1981,0.00015,0.00038,0.0165,0.00008,0.00002,0.0525,0.0,0.00026,0.0,0.0,0.00009,0.0,0.0,0.00013,0.0024,0.0,0.00014,0.0192,0.00001,0.0,0.0,0.0,0.0013,0.0212,0.0021,0.1151,0.0012,0.0041,0.0025,0.0,0.0,0.00002,0.0
15689333,0.0,0.0,0.0001,0.0039,0.1574,0.0011,0.0056,0.0062,0.0135,0.0,0.00002,0.0015,0.00007,0.0271,0.0,0.00024,0.0047,0.00071,0.00095,0.0005,0.00006,0.0156,0.00027,0.00073,0.0,0.0,0.0033,0.00002,0.0,0.0026,0.0024,0.00017,0.00029,0.0028,0.00015,0.00003,0.0,0.00004,0.0079,0.003,0.001,0.0012,0.0027,0.0204,0.8239,0.0,0.0,0.00002,0.00061
16401163,0.0,0.0,0.0,0.00072,0.0038,0.0027,0.7908,0.0024,0.00015,0.0,0.0,0.00004,0.00007,0.00049,0.0025,0.0013,0.0001,0.00017,0.0025,0.00024,0.00003,0.0224,0.0037,0.0003,0.0,0.0,0.00004,0.0,0.0,0.0032,0.0048,0.0,0.00071,0.0113,0.00001,0.0,0.0,0.0,0.00089,0.6735,0.00012,0.0013,0.0648,0.0023,0.0025,0.0,0.0,0.00004,0.0
16473743,0.00003,0.00002,0.0011,0.0023,0.8583,0.0035,0.0147,0.0063,0.00073,0.00023,0.00043,0.00006,0.00006,0.0039,0.0,0.00024,0.0013,0.00038,0.0025,0.0005,0.00005,0.0329,0.00017,0.0019,0.00002,0.00004,0.0003,0.00025,0.0,0.001,0.0016,0.00006,0.00071,0.0047,0.00032,0.00006,0.00004,0.00018,0.0105,0.0026,0.0021,0.0016,0.0027,0.0041,0.0858,0.00003,0.00002,0.00002,0.00054
16310393,0.0,0.0,0.00001,0.0061,0.0023,0.0027,0.0031,0.0088,0.00015,0.00005,0.00002,0.00002,0.00006,0.005,0.0,0.00018,0.00068,0.0011,0.013,0.00016,0.00002,0.1862,0.00004,0.00045,0.0,0.0,0.00034,0.00004,0.0,0.0026,0.00095,0.00003,0.00014,0.0047,0.00015,0.00003,0.0,0.00004,0.0044,0.0084,0.00036,0.00054,0.0033,0.8686,0.5014,0.0,0.00004,0.00002,0.00041
16524173,0.0,0.0,0.0,0.0661,0.00049,0.00052,0.0039,0.003,0.00015,0.0,0.0,0.00006,0.00026,0.0014,0.0,0.00022,0.00021,0.00038,0.0107,0.00024,0.00014,0.0017,0.00005,0.00045,0.0,0.0,0.00034,0.00002,0.0,0.00079,0.0146,0.00006,0.00023,0.0035,0.00001,0.0,0.0,0.0,0.0152,0.003,0.004,0.0012,0.0221,0.0204,0.0025,0.0,0.0,0.00002,0.00022
18173983,0.00003,0.00002,0.00001,0.0143,0.0021,0.0054,0.025,0.003,0.0027,0.00036,0.00043,0.00008,0.00006,0.003,0.0,0.0023,0.0047,0.0019,0.007,0.00059,0.00005,0.0123,0.00036,0.00045,0.00002,0.0,0.0079,0.00025,0.0,0.00079,0.0013,0.00002,0.0026,0.0047,0.00001,0.0002,0.00002,0.00043,0.0112,0.0309,0.0018,0.0176,0.002,0.0099,0.8239,0.0,0.0,0.00004,0.0031
17602753,0.0,0.0,0.0,0.0058,0.001,0.0225,0.1253,0.0358,0.00015,0.0,0.00001,0.0034,0.00006,0.0141,0.0,0.00024,0.00021,0.00017,0.00056,0.0031,0.00002,0.0731,0.00027,0.00026,0.0,0.0,0.0019,0.00002,0.0,0.00013,0.8571,0.00002,0.00034,0.0901,0.00001,0.0,0.0,0.00004,0.0509,0.0133,0.0012,0.00009,0.002,0.0316,0.0021,0.0,0.0,0.0,0.00077
18084303,0.00005,0.0,0.00007,0.00072,0.0186,0.0022,0.0133,0.009,0.004,0.00021,0.00007,0.00004,0.00006,0.00091,0.0,0.00024,0.00068,0.00038,0.0046,0.0004,0.00005,0.0018,0.0044,0.00045,0.0,0.00004,0.00034,0.00024,0.00006,0.0018,0.0013,0.00003,0.00097,0.0014,0.0022,0.00076,0.00004,0.0,0.0018,0.009,0.0021,0.00084,0.0027,0.0014,0.0162,0.0,0.0,0.00004,0.0011
18245703,0.0,0.0,0.0,0.0034,0.001,0.0011,0.0165,0.0386,0.0012,0.00005,0.00007,0.00008,0.00006,0.00063,0.0,0.00016,0.0047,0.00017,0.007,0.00057,0.00003,0.0329,0.00005,0.0019,0.0,0.0,0.0003,0.00002,0.0,0.00039,0.0017,0.00006,0.00071,0.0233,0.00015,0.00003,0.00004,0.00004,0.077,0.02,0.00047,0.002,0.0027,0.6502,0.0062,0.0,0.0,0.00002,0.0018
18339093,0.0,0.0,0.0,0.0667,0.00064,0.0022,0.7908,0.0133,0.00015,0.0,0.00002,0.0034,0.0025,0.0394,0.0015,0.00024,0.0001,0.00038,0.0901,0.0005,0.00006,0.0207,0.00017,0.00026,0.0,0.0,0.00091,0.00001,0.0,0.00039,0.0077,0.00017,0.00071,0.0113,0.00001,0.0,0.0,0.0,0.0044,0.009,0.0096,0.7832,0.0667,0.0677,0.0013,0.0,0.0,0.00043,0.0018
18491223,0.0,0.0,0.0,0.1056,0.00049,0.0011,0.0282,0.0088,0.0027,0.0,0.00002,0.00002,0.00039,0.0202,0.0,0.00024,0.00034,0.00038,0.0151,0.00099,0.00014,0.0415,0.00017,0.00045,0.0,0.0,0.00091,0.00002,0.0,0.0039,0.0146,0.0012,0.00014,0.0022,0.00001,0.0,0.0,0.0,0.0152,0.009,0.0012,0.001,0.0978,0.0099,0.0025,0.0,0.0,0.00002,0.0099
18832663,0.0,0.0,0.0,0.0023,0.035,0.00018,0.1253,0.0045,0.00023,0.0,0.0,0.00078,0.00007,0.0017,0.0,0.00022,0.00015,0.0013,0.1971,0.00024,0.00005,0.1,0.00027,0.00026,0.0,0.0,0.0003,0.0,0.0,0.0053,0.0013,0.00003,0.00071,0.0028,0.00001,0.0,0.0,0.0,0.0044,0.0088,0.00032,0.0056,0.7348,0.0112,0.0162,0.0,0.0,0.00008,0.008
19682673,0.0,0.0,0.0,0.0357,0.0021,0.0011,0.0468,0.0088,0.004,0.0,0.00001,0.00023,0.00007,0.0017,0.0,0.0013,0.00068,0.00038,0.00056,0.0007,0.00005,0.0017,0.00027,0.00045,0.0,0.0,0.00009,0.0,0.0,0.001,0.0017,0.0043,0.00034,0.0012,0.00001,0.0,0.0,0.0,0.0014,0.00051,0.0019,0.0012,0.00099,0.00083,0.0013,0.0,0.0,0.00008,0.0013
20346443,0.0,0.0,0.0,0.7592,0.035,0.0022,0.0175,0.2425,0.0011,0.00001,0.00001,0.00006,0.00006,0.0202,0.0,0.00037,0.00026,0.0,0.0018,0.0005,0.00005,0.0066,0.0824,0.00045,0.0,0.0,0.0003,0.00001,0.0,0.00017,0.0024,0.00091,0.006,0.013,0.00001,0.0,0.0,0.00003,0.004,0.0058,0.00049,0.00084,0.0108,0.0033,0.0039,0.0,0.0,0.0085,0.00077
20800153,0.0,0.0,0.0,0.002,0.00016,0.0147,0.006,0.5938,0.00015,0.00005,0.00002,0.00002,0.00006,0.005,0.0,0.00018,0.00021,0.00017,0.0063,0.00022,0.00002,0.0648,0.0037,0.00045,0.0,0.0,0.00009,0.00003,0.0,0.00013,0.0039,0.0,0.00071,0.0532,0.00001,0.0,0.0,0.0,0.2901,0.0356,0.0012,0.00033,0.0286,0.0677,0.0162,0.0,0.00002,0.00008,0.0017
20640503,0.0,0.0,0.0,0.0013,0.00049,0.0012,0.025,0.0049,0.0027,0.00005,0.00007,0.0125,0.00006,0.1369,0.0,0.00024,0.00047,0.00038,0.00065,0.0007,0.0016,0.0099,0.00005,0.00023,0.0,0.0,0.00017,0.00002,0.0,0.001,0.1375,0.00006,0.00022,0.0197,0.00015,0.00003,0.0,0.00004,0.0074,0.0133,0.0039,0.0056,0.7348,0.0014,0.024,0.0,0.0,0.0014,0.0687
20955603,0.0,0.0,0.0,0.0015,0.00025,0.0057,0.9898,0.0108,0.00023,0.0,0.0,0.00002,0.00006,0.0034,0.0,0.0013,0.00021,0.0013,0.0015,0.00089,0.00005,0.5921,0.0,0.0,0.0,0.0,0.0003,0.0,0.0,0.00018,0.0048,0.00006,0.00029,0.0113,0.00001,0.0,0.0,0.0,0.0182,0.0405,0.00015,0.2197,0.0097,0.0316,0.0017,0.0,0.0,0.00002,0.00023
32503353,0.00005,0.00002,0.0068,0.00093,0.0023,0.0277,0.0027,0.0022,0.004,0.00011,0.00002,0.00023,0.00006,0.00091,0.0,0.00024,0.0098,0.0011,0.0031,0.00033,0.00005,0.009,0.00049,0.003,0.00002,0.00004,0.00017,0.00002,0.00006,0.001,0.0024,0.00006,0.5294,0.0012,0.0481,0.0011,0.00022,0.0,0.0079,0.0053,0.0019,0.00009,0.0167,0.0052,0.879,0.0126,0.9895,0.00002,0.00041
21764233,0.0,0.0,0.0,0.00072,0.00016,0.0013,0.0385,0.0744,0.00015,0.0,0.0,0.0012,0.00039,0.2513,0.0,0.00024,0.0,0.00014,0.0,0.0007,0.00006,0.0525,0.00004,0.00026,0.0,0.0,0.0093,0.0,0.0,0.0001,0.00077,0.00002,0.00023,0.0197,0.00001,0.0,0.0,0.0,0.004,0.0036,0.0706,0.0247,0.002,0.0442,0.0025,0.0,0.0,0.00003,0.00054
32594193,0.0,0.0,0.00001,0.0523,0.0026,0.0008,0.0985,0.00069,0.00023,0.00005,0.0,0.00008,0.00006,0.0048,0.0,0.00071,0.00026,0.00038,0.00065,0.0005,0.00005,0.0077,0.00004,0.0012,0.0,0.0,0.0159,0.00004,0.0,0.0032,0.0048,0.0012,0.00023,0.0017,0.00015,0.00006,0.00002,0.0,0.0074,0.0013,0.00099,0.0029,0.0023,0.0099,0.0121,0.0,0.0,0.0,0.00023
21741993,0.0,0.0,0.00001,0.0061,0.00049,0.0048,0.1021,0.0035,0.00062,0.00005,0.00001,0.00023,0.00064,0.0017,0.0,0.0265,0.00068,0.00038,0.0015,0.00022,0.00005,0.00081,0.00034,0.00045,0.0,0.0,0.00009,0.00001,0.0,0.00079,0.0066,0.00006,0.00034,0.0292,0.00024,0.0,0.00002,0.0,0.0028,0.009,0.0368,0.0095,0.0261,0.0054,0.024,0.0,0.00002,0.00008,0.00061
21902053,0.0,0.0,0.00018,0.0029,0.0013,0.0061,0.0175,0.0045,0.00015,0.00005,0.00002,0.00002,0.00006,0.0072,0.0,0.00094,0.0013,0.00039,0.00095,0.00099,0.00005,0.0119,0.00036,0.00045,0.00002,0.00004,0.0055,0.00024,0.0,0.0032,0.0016,0.00006,0.0026,0.0017,0.00032,0.00003,0.0,0.00004,0.0247,0.0053,0.0021,0.0029,0.002,0.0054,0.6213,0.0,0.00006,0.00002,0.00054
21915483,0.0,0.0,0.00018,0.1937,0.0014,0.0048,0.7908,0.00042,0.00015,0.0,0.0,0.00002,0.00006,0.0928,0.0,0.0053,0.0001,0.00038,0.0025,0.0005,0.00057,0.0123,0.00004,0.0052,0.00014,0.0,0.0034,0.0,0.0,0.00013,0.0039,0.00017,0.00014,0.0113,0.00001,0.0,0.0,0.0,0.0056,0.0029,0.0021,0.0042,0.0027,0.0017,0.00096,0.0,0.00005,0.00001,0.0013
23608123,0.0,0.0,0.0,0.006,0.00064,0.0027,0.0326,0.0024,0.00023,0.00005,0.00003,0.0125,0.00006,0.011,0.0,0.00018,0.00021,0.00038,0.00095,0.00089,0.00076,0.0207,0.00017,0.0003,0.0,0.0,0.00091,0.00002,0.0,0.001,0.0039,0.00017,0.0026,0.0143,0.00009,0.0,0.0,0.00003,0.0019,0.0179,0.0045,0.0105,0.002,0.0099,0.0021,0.0,0.0,0.00073,0.00013
23063133,0.0,0.0,0.0,0.7592,0.00064,0.0147,0.1612,0.0088,0.00015,0.0,0.0,0.0,0.00006,0.00011,0.0,0.0057,0.00021,0.00017,0.0025,0.00024,0.00016,0.1,0.0037,0.00026,0.0,0.0,0.0079,0.0,0.0,0.0053,0.003,0.00003,0.00014,0.1778,0.00001,0.0,0.0,0.0,0.0182,0.1087,0.00032,0.0249,0.005,0.0442,0.0035,0.0,0.0,0.00004,0.0037
22384223,0.0,0.0,0.0,0.00072,0.00033,0.0011,0.0478,0.003,0.00023,0.00021,0.00007,0.00002,0.00006,0.00091,0.0278,0.0017,0.00068,0.0042,0.0444,0.00089,0.00003,0.0079,0.00049,0.00045,0.0,0.0,0.00091,0.0,0.0,0.00013,0.029,0.00002,0.00023,0.0197,0.00001,0.0,0.0,0.0,0.0194,0.0309,0.0012,0.00084,0.0468,0.0052,0.0121,0.0,0.0,0.00002,0.00023
21824113,0.0,0.0,0.0,0.0709,0.001,0.0011,0.0897,0.0035,0.00015,0.0,0.00001,0.00004,0.00006,0.0014,0.0,0.00016,0.0001,0.00019,0.0025,0.00006,0.00002,0.0099,0.0,0.00045,0.0,0.0,0.00039,0.00001,0.0,0.00013,0.00062,0.00006,0.00056,0.0014,0.00001,0.0,0.00004,0.0,0.0182,0.00037,0.0065,0.0016,0.0059,0.0017,0.0025,0.0,0.0,0.00003,0.00041
23011423,0.0,0.0,0.0,0.00015,0.00064,0.00052,0.9286,0.0015,0.00015,0.00005,0.00002,0.00023,0.00007,0.014,0.0,0.0013,0.00021,0.0019,0.0016,0.00008,0.00003,0.16,0.00027,0.00026,0.0,0.0,0.00009,0.00016,0.0,0.0013,0.0039,0.0,0.00014,0.0063,0.00001,0.0,0.0,0.0,0.0043,0.027,0.0021,0.5909,0.0012,0.0099,0.00045,0.0,0.0,0.0,0.00041
24737903,0.0,0.0,0.0,0.002,0.00049,0.0518,0.025,0.0054,0.00023,0.00001,0.0,0.00006,0.00006,0.0039,0.0,0.0013,0.00026,0.00017,0.00056,0.00016,0.00002,0.0101,0.8525,0.00045,0.00002,0.0,0.00009,0.00036,0.0,0.00033,0.00057,0.00002,0.00071,0.0063,0.00001,0.0,0.0,0.00004,0.0247,0.02,0.0019,0.00054,0.0031,0.0054,0.9094,0.0,0.0,0.00004,0.0013
24831083,0.0,0.0,0.0,0.00072,0.001,0.00095,0.0056,0.0088,0.00015,0.00021,0.00002,0.00002,0.00007,0.00049,0.0,0.00018,0.00068,0.00017,0.00056,0.00006,0.00002,0.0055,0.00049,0.00045,0.0,0.0,0.00004,0.00003,0.0,0.0002,0.0016,0.00003,0.00029,0.0017,0.00001,0.0,0.0,0.00004,0.0074,0.0012,0.0019,0.00054,0.0031,0.0037,0.9094,0.0,0.0012,0.00043,0.00013
24992083,0.0,0.0,0.0,0.00015,0.00016,0.00052,0.9956,0.0016,0.00015,0.0,0.0,0.00006,0.0053,0.0097,0.0,0.7143,0.00026,0.0,0.0025,0.0015,0.00014,0.0329,0.00027,0.0,0.0,0.0,0.00004,0.0,0.0,0.0002,0.003,0.00006,0.00029,0.4717,0.00001,0.0,0.0,0.0,0.0015,0.1662,0.00047,0.8815,0.00072,0.0201,0.00045,0.0,0.00002,0.00001,0.0
26941823,0.0,0.0,0.00001,0.0,0.0121,0.0061,0.9909,0.00042,0.00023,0.00005,0.00045,0.00023,0.018,0.00075,0.0,0.0357,0.00021,0.00038,0.00021,0.4777,0.00005,0.2107,0.00005,0.00045,0.0,0.0,0.0015,0.00002,0.0,0.001,0.0048,0.00002,0.00014,0.0733,0.00001,0.0,0.00004,0.00004,0.0044,0.1378,0.00032,0.7939,0.0028,0.0059,0.0021,0.00044,0.0,0.00004,0.00054
26852943,0.0,0.0,0.00001,0.00045,0.0023,0.0011,0.0175,0.0016,0.00023,0.00005,0.00003,0.00002,0.00026,0.00049,0.0,0.00037,0.00021,0.00038,0.0041,0.00033,0.00002,0.0018,0.00017,0.00045,0.0,0.0,0.00035,0.00001,0.0,0.00039,0.00095,0.00006,0.00023,0.0047,0.00001,0.00003,0.0,0.0,0.0194,0.0026,0.0368,0.001,0.0027,0.0033,0.0076,0.0,0.0,0.00004,0.00013
27488293,0.0,0.0,0.0,0.00072,0.0033,0.0027,0.00084,0.0088,0.00062,0.0251,0.0032,0.00023,0.00006,0.011,0.0,0.00024,0.0047,0.00017,0.00095,0.00024,0.00002,0.0052,0.00004,0.00023,0.0,0.0,0.00092,0.00001,0.0,0.0013,0.0017,0.00002,0.00071,0.0029,0.00001,0.0,0.0,0.0571,0.0014,0.0372,0.0019,0.0013,0.005,0.0052,0.9573,0.00044,0.9923,0.0,0.0017
27491293,0.0,0.0,0.0001,0.0039,0.0121,0.0022,0.4214,0.003,0.00023,0.00001,0.00007,0.00078,0.0007,0.0072,0.0,0.00024,0.00068,0.00012,0.0213,0.7732,0.00005,0.0899,0.00017,0.0019,0.0,0.0,0.00017,0.00002,0.0,0.0053,0.0013,0.00017,0.00034,0.0078,0.00015,0.0,0.00003,0.0,0.0028,0.0647,0.00047,0.0906,0.0027,0.0167,0.0052,0.0,0.0,0.00008,0.0017
27511183,0.0,0.0,0.0,0.00072,0.00049,0.0022,0.7908,0.2425,0.00023,0.00005,0.00002,0.00002,0.00064,0.00063,0.0,0.002,0.0001,0.00019,0.0036,0.0005,0.00005,0.5962,0.0,0.00045,0.0,0.0,0.0019,0.00004,0.0,0.00013,0.0993,0.0,0.00086,0.0532,0.00001,0.0,0.0,0.0,0.1043,0.0498,0.00049,0.1577,0.0168,0.5657,0.00045,0.0,0.0,0.00004,0.00051
26450593,0.0,0.0,0.00006,0.00045,0.00016,0.00052,0.0056,0.0024,0.00023,0.00005,0.00002,0.00004,0.00006,0.00075,0.0,0.00024,0.0141,0.00004,0.00056,0.00016,0.00005,0.0123,0.00017,0.00067,0.0,0.0,0.00009,0.0056,0.0,0.00018,0.00057,0.0012,0.00029,0.0017,0.00001,0.0,0.0,0.0,0.0014,0.0012,0.00049,0.00033,0.0168,0.0059,0.9767,0.0,0.0057,0.0002,0.00013
27802233,0.0,0.0,0.0,0.00015,0.00016,0.0646,0.9956,0.0024,0.00015,0.0,0.00001,0.00002,0.9178,0.0014,0.0,0.94,0.00026,0.00071,0.0015,0.00089,0.00002,0.0329,0.00004,0.00045,0.0,0.0,0.00091,0.0,0.0,0.00013,0.0027,0.00091,0.00023,0.8263,0.00009,0.0,0.0,0.0,0.0194,0.02,0.00099,0.7939,0.0031,0.0201,0.0013,0.0,0.0,0.00002,0.00022
27785533,0.0,0.0,0.0,0.0029,0.00064,0.00035,0.0147,0.0063,0.00015,0.0,0.00001,0.0012,0.00007,0.9013,0.0,0.00008,0.0,0.00008,0.0046,0.00022,0.00002,0.0123,0.00004,0.00026,0.0,0.0,0.0055,0.0,0.0,0.00013,0.0164,0.001,0.00014,0.0197,0.0,0.0,0.0,0.0,0.0056,0.0026,0.00036,0.00054,0.002,0.0204,0.0013,0.0,0.0,0.00016,0.00006
28013123,0.0,0.0,0.0,0.00015,0.00049,0.014,0.936,0.00042,0.00015,0.00036,0.0021,0.00008,0.828,0.00091,0.00002,1.0,0.00021,0.00004,0.00056,0.0015,0.00002,0.1753,0.0,0.00026,0.0,0.0,0.00009,0.00002,0.0,0.00013,0.01,0.00002,0.0014,0.1851,0.0,0.0,0.0,0.00003,0.0013,0.0736,0.00026,0.8186,0.0168,0.0025,0.0048,0.0,0.0001,0.00003,0.002
27899143,0.0,0.0,0.0,0.0061,0.9833,0.00018,0.0031,0.0049,0.00023,0.00005,0.00002,0.00002,0.00006,0.00091,0.0,0.00016,0.00015,0.00008,0.00065,0.00016,0.00005,0.0329,0.00005,0.00073,0.0,0.0,0.00017,0.00002,0.0,0.00033,0.00076,0.0,0.00014,0.0012,0.00001,0.0,0.0,0.0,0.0074,0.0013,0.00015,0.00058,0.002,0.0017,0.0076,0.0,0.0,0.00002,0.00023
28527373,0.0,0.0,0.0,0.0015,0.00049,0.0071,0.0177,0.0088,0.0027,0.00005,0.00002,0.0041,0.0007,0.0162,0.0,0.0011,0.0047,0.00038,0.0046,0.00024,0.5811,0.0081,0.0078,0.00026,0.0,0.0,0.0417,0.00002,0.0,0.00033,0.0016,0.00003,0.0026,0.0047,0.00015,0.0,0.0,0.0,0.0019,0.009,0.0021,0.0066,0.0055,0.0014,0.0062,0.0,0.0,0.00002,0.00022
28566233,0.0,0.0,0.0,0.0023,0.9398,0.00052,0.0039,0.0049,0.00015,0.00005,0.00007,0.00078,0.00006,0.00041,0.0,0.00018,0.0001,0.00017,0.0031,0.00016,0.00005,0.0018,0.00027,0.00023,0.0,0.0,0.00009,0.00003,0.0,0.0002,0.00077,0.00003,0.00029,0.0012,0.00001,0.00003,0.0,0.00004,0.0079,0.00037,0.00047,0.00054,0.002,0.00083,0.0076,0.0,0.0,0.00003,0.00077
29076783,0.0,0.0,0.0,0.0058,0.001,0.0022,0.0282,0.0049,0.00015,0.0,0.00001,0.00008,0.00006,0.0072,0.0,0.00018,0.0,0.00038,0.0046,0.0005,0.00002,0.0525,0.00004,0.0019,0.0,0.0,0.00009,0.0,0.0,0.00033,0.0016,0.00003,0.00071,0.0019,0.00001,0.0,0.0,0.0,0.077,0.6221,0.00049,0.00054,0.0323,0.0677,0.00045,0.00003,0.0226,0.00004,0.00013
28849573,0.00003,0.0,0.00006,0.0095,0.00049,0.0012,0.025,0.00042,0.00073,0.00021,0.00002,0.00002,0.00006,0.00041,0.0,0.00022,0.00026,0.00017,0.0187,0.00016,0.00005,0.0055,0.0,0.00085,0.0,0.0,0.00009,0.00003,0.0,0.0039,0.00095,0.0,0.0016,0.0017,0.00015,0.00006,0.00002,0.0,0.0152,0.02,0.0012,0.0064,0.0227,0.0023,0.0162,0.0,0.00002,0.00004,0.0017
29121513,0.0,0.0,0.0,0.4283,0.001,0.00052,0.0078,0.0247,0.00015,0.00001,0.00001,0.00023,0.00006,0.011,0.0,0.00016,0.0,0.00038,0.0018,0.0031,0.00016,0.0101,0.00008,0.0003,0.0,0.0,0.00009,0.00001,0.00006,0.00033,0.0016,0.0043,0.0042,0.0017,0.00001,0.0,0.0,0.0,0.0028,0.009,0.00032,0.00006,0.002,0.1798,0.0035,0.0,0.00065,0.00016,0.00022
29948073,0.0,0.0,0.0,0.006,0.00016,0.0011,0.1253,0.0054,0.00015,0.0,0.0,0.0001,0.00039,0.0023,0.711,0.00008,0.0001,0.00075,0.0391,0.7732,0.00002,0.0329,0.00005,0.00085,0.0,0.0,0.00004,0.00001,0.0,0.0002,0.0024,0.00017,0.00097,0.008,0.00001,0.0,0.0,0.00003,0.0194,0.0151,0.00047,0.0016,0.2701,0.6496,0.0077,0.0,0.0,0.00016,0.00054
30952413,0.0,0.0,0.0011,0.0015,0.0186,0.0071,0.0385,0.0035,0.00062,0.0012,0.00007,0.00002,0.00006,0.00091,0.0,0.00037,0.0012,0.00017,0.00065,0.0005,0.00002,0.004,0.00036,0.0132,0.0,0.00004,0.00009,0.00004,0.0,0.0002,0.0039,0.00006,0.00071,0.0019,0.00015,0.00003,0.00013,0.00004,0.0028,0.0064,0.004,0.0013,0.0027,0.039,0.8787,0.00003,0.0,0.00002,0.00022
31162763,0.0,0.00002,0.0,0.0661,0.001,0.0103,0.0282,0.0133,0.00015,0.00001,0.00002,0.00004,0.00007,0.036,0.0,0.00018,0.00021,0.00038,0.00065,0.0005,0.00014,0.0402,0.0,0.00026,0.0,0.0,0.00034,0.00002,0.0,0.00013,0.0024,0.0012,0.00023,0.0047,0.00001,0.0,0.00002,0.0,0.0028,0.0013,0.0018,0.00033,0.005,0.3575,0.0121,0.0,0.0,0.00008,0.00023
30900693,0.0,0.0,0.0,0.0029,0.001,0.0027,0.1485,0.0133,0.00015,0.0,0.00001,0.00023,0.00002,0.0023,0.0,0.00018,0.00034,0.00038,0.0998,0.0007,0.00005,0.274,0.0,0.00067,0.0,0.0,0.0015,0.0,0.0,0.001,0.0072,0.00002,0.00029,0.0292,0.00001,0.0,0.0,0.00003,0.0368,0.0521,0.00015,0.00084,0.0027,0.0986,0.00096,0.0,0.0,0.0,0.00054
31730793,0.00027,0.0,0.00045,0.0029,0.00049,0.1248,0.0282,0.0024,0.00015,0.00005,0.00002,0.0,0.00006,0.00063,0.0,0.003,0.00068,0.00017,0.002,0.00024,0.00002,0.0029,0.00027,0.008,0.0,0.00004,0.00004,0.0006,0.0,0.00013,0.00095,0.00006,0.006,0.0017,0.00015,0.0051,0.0018,0.0,0.0013,0.0012,0.00032,0.00054,0.002,0.00083,0.9671,0.0,0.0,0.0,0.0
32938453,0.0,0.0,0.00001,0.0023,0.0033,0.0015,0.0087,0.0185,0.00023,0.00005,0.00007,0.00008,0.00006,0.0162,0.0,0.00022,0.00015,0.00017,0.0025,0.00016,0.00006,0.0029,0.0037,0.00026,0.0,0.0,0.00034,0.00016,0.0,0.001,0.0017,0.00003,0.00029,0.0029,0.00015,0.00003,0.00004,0.00003,0.0254,0.0053,0.00032,0.00084,0.0074,0.0014,0.1045,0.00004,0.00004,0.00016,0.00077
32967293,0.0,0.0,0.0,0.0143,0.00016,0.0035,0.0147,0.00069,0.00015,0.0,0.00001,0.0034,0.00006,0.0335,0.0,0.00037,0.0001,0.00017,0.0063,0.00022,0.00005,0.0119,0.00027,0.00045,0.0,0.0,0.00009,0.00002,0.0,0.00033,0.00095,0.00002,0.5455,0.025,0.00001,0.0,0.0,0.00003,0.0013,0.007,0.0072,0.00054,0.0108,0.0248,0.6306,0.00037,0.982,0.00003,0.0
25986294,0.0,0.0,0.0,0.00045,0.00016,0.0089,0.9814,0.00042,0.00015,0.0,0.00002,0.0001,0.00006,0.00026,0.0,0.00008,0.0407,0.0,0.0025,0.0005,0.00002,0.0402,0.00027,0.003,0.0,0.0,0.00009,0.00001,0.0,0.0039,0.00095,0.00006,0.00014,0.8864,0.00001,0.0,0.0,0.00004,0.00039,0.0151,0.00012,0.7893,0.00072,0.0037,0.0062,0.0,0.0,0.0,0.0
25957574,0.0,0.0,0.0,0.00015,0.00016,0.0061,1.0,0.0,0.00023,0.0,0.00003,0.00002,0.0025,0.00041,0.0,0.0989,0.00026,0.00038,0.0,0.0031,0.00051,0.0537,0.00005,0.0,0.0,0.0,0.00034,0.0,0.0,0.0002,0.00076,0.0,0.00014,0.1218,0.00001,0.0,0.0,0.0,0.003,0.0249,0.00099,0.8341,0.002,0.00083,0.00045,0.0,0.0,0.00003,0.00041
25920574,0.0,0.0,0.0,0.00015,0.9808,0.00052,0.001,0.00013,0.00015,0.0,0.00001,0.00002,0.00006,0.00049,0.0,0.00016,0.0001,0.0,0.00056,0.00006,0.00005,0.0537,0.00017,0.00026,0.0,0.0,0.00009,0.00001,0.0,0.001,0.00095,0.00002,0.00086,0.0007,0.00001,0.0,0.0,0.0,0.004,0.0,0.00032,0.00009,0.00072,0.00083,0.1576,0.0,0.0,0.00043,0.00013
24828314,0.0,0.0,0.0001,0.0357,0.001,0.00035,0.0282,0.0015,0.00015,0.0,0.00002,0.00004,0.00006,0.005,0.0,0.00024,0.0,0.00045,0.00056,0.0005,0.00016,0.0123,0.00011,0.00045,0.0,0.0,0.682,0.00001,0.0,0.0002,0.00077,0.00002,0.0016,0.0123,0.0,0.00065,0.00004,0.0,0.0056,0.0018,0.00015,0.0105,0.002,0.0049,0.0513,0.0,0.0,0.00002,0.00022
7343274,0.00003,0.0,0.00006,0.00072,0.0246,0.023,0.2712,0.0015,0.0015,0.00001,0.00002,0.00004,0.6371,0.0014,0.0,0.0265,0.00068,0.00071,0.0015,0.00016,0.00005,0.0123,0.00011,0.00073,0.0,0.0,0.00091,0.00024,0.0,0.0032,0.0016,0.00017,0.00029,0.008,0.00001,0.00033,0.00003,0.00003,0.00089,0.02,0.0524,0.3865,0.002,0.0248,0.0942,0.0,0.0,0.0,0.00022
6290544,0.00005,0.00002,0.0011,0.00045,0.0186,0.0119,0.1096,0.0048,0.021,0.00021,0.00043,0.00023,0.0011,0.002,0.0,0.003,0.0047,0.00038,0.0018,0.00099,0.00014,0.0112,0.00027,0.0019,0.00014,0.00004,0.00017,0.00024,0.0,0.0074,0.0024,0.00003,0.00086,0.0063,0.004,0.0359,0.00004,0.00004,0.0028,0.024,0.025,0.0279,0.0204,0.0099,0.0106,0.0,0.0,0.00004,0.00023
3861564,0.00003,0.0,0.00001,0.0029,0.0519,0.0008,0.0138,0.0133,0.00023,0.00021,0.00007,0.00023,0.00006,0.005,0.0,0.00024,0.0013,0.00071,0.0015,0.00024,0.00006,0.0112,0.00005,0.00067,0.0,0.00004,0.00039,0.00002,0.0,0.0004,0.0017,0.00006,0.00097,0.0028,0.00015,0.0002,0.00003,0.0,0.0028,0.0151,0.0039,0.001,0.00099,0.0017,0.0162,0.0,0.0,0.00003,0.00022
2768094,0.00027,0.00002,0.00049,0.0029,0.8583,0.0022,0.0087,0.0062,0.0012,0.00001,0.00002,0.0012,0.00006,0.015,0.0,0.00024,0.004,0.00034,0.0018,0.00089,0.0032,0.0079,0.00034,0.001,0.0,0.0,0.0024,0.00003,0.0,0.0039,0.0016,0.00003,0.00086,0.0029,0.00001,0.0048,0.00004,0.0,0.004,0.007,0.0012,0.0018,0.0028,0.0099,0.0385,0.0,0.0,0.00001,0.00041
1838124,0.0,0.0,0.00001,0.0023,0.1574,0.00095,0.025,0.0185,0.00015,0.00005,0.00007,0.00008,0.00006,0.0019,0.0,0.00024,0.004,0.0021,0.0151,0.0004,0.00005,0.0119,0.0,0.00045,0.0,0.0,0.00091,0.00024,0.0,0.00039,0.0024,0.00003,0.00014,0.0017,0.00001,0.00003,0.00002,0.00004,0.0152,0.0026,0.00099,0.001,0.0261,0.0112,0.0225,0.0,0.0,0.00003,0.0031
1806624,0.0,0.0,0.0,0.0203,0.00064,0.1248,0.9537,0.0133,0.00023,0.00005,0.00007,0.0014,0.00002,0.00049,0.0,0.002,0.0012,0.00071,0.0019,0.0018,0.00016,0.0123,0.00005,0.00045,0.0,0.0,0.00034,0.00003,0.0,0.0111,0.0089,0.0079,0.0016,0.8263,0.00009,0.0,0.0,0.00004,0.0028,0.0152,0.004,0.7832,0.0074,0.0049,0.0162,0.0,0.00002,0.00004,0.00022
1737074,0.0,0.0,0.00007,0.0,0.00033,0.1798,1.0,0.00042,0.00023,0.00005,0.00003,0.00002,0.0007,0.00041,0.0,0.1444,0.00068,0.00004,0.0,0.00008,0.00002,0.0794,0.01,0.00056,0.0,0.0,0.00017,0.00002,0.0,0.00013,0.0089,0.00006,0.00071,0.025,0.00001,0.0,0.0,0.0,0.0194,0.0333,0.0706,0.8341,0.0045,0.0037,0.0021,0.0,0.0,0.00003,0.00022
1592254,0.0,0.0,0.0,0.0095,0.0021,0.0061,0.7908,0.00086,0.0012,0.0,0.00001,0.00023,0.00006,0.0023,0.0,0.00094,0.00015,0.0011,0.00065,0.00099,0.00002,0.274,0.0,0.00026,0.0,0.0,0.00092,0.0,0.0,0.0013,0.0081,0.00023,0.00014,0.025,0.00001,0.0,0.0,0.00018,0.0247,0.009,0.0236,0.5568,0.005,0.0054,0.0013,0.0,0.0,0.00001,0.00022
32664104,0.0,0.0,0.0,0.00045,0.9398,0.0008,0.0016,0.0015,0.0027,0.0,0.00002,0.00002,0.00006,0.00075,0.0,0.00008,0.0001,0.00008,0.00056,0.00089,0.00002,0.0352,0.00008,0.0,0.0,0.0,0.00009,0.00002,0.0,0.0211,0.0017,0.0,0.00014,0.0014,0.00001,0.00005,0.0,0.0,0.004,0.0026,0.00099,0.001,0.00072,0.0023,0.0225,0.0,0.0,0.00004,0.00022
9268814,0.0,0.0,0.00049,0.0143,0.0121,0.0225,0.5,0.0049,0.0027,0.00011,0.00007,0.00023,0.00007,0.0072,0.0,0.00024,0.0047,0.00071,0.013,0.0018,0.00006,0.0314,0.00049,0.003,0.0,0.0,0.0003,0.00016,0.0,0.001,0.0059,0.00006,0.00071,0.0032,0.00024,0.00003,0.00004,0.00004,0.033,0.0151,0.0019,0.0042,0.3555,0.0144,0.0106,0.00004,0.0,0.00008,0.0017
9380064,0.0,0.0,0.0,0.4652,0.0617,0.0035,0.0282,0.0045,0.00023,0.00001,0.00001,0.00008,0.00006,0.0023,0.0,0.00079,0.00021,0.0013,0.0018,0.00099,0.00005,0.0224,0.00017,0.00026,0.0,0.0,0.00009,0.00002,0.0,0.00039,0.021,0.0012,0.00029,0.0017,0.00001,0.0,0.0,0.00003,0.0056,0.0053,0.00047,0.0116,0.0227,0.0239,0.0225,0.0,0.0,0.0,0.0037
9454354,0.0,0.0,0.0,0.0015,0.0014,0.0027,0.2429,0.014,0.00023,0.00001,0.00002,0.00004,0.00006,0.00041,0.0,0.00022,0.0013,0.0028,0.0035,0.0069,0.00002,0.0715,0.0,0.00045,0.0,0.0,0.00034,0.00002,0.0,0.00013,0.01,0.00017,0.0026,0.0014,0.00001,0.0,0.0,0.00004,0.00089,0.8445,0.00099,0.0056,0.0055,0.0041,0.0021,0.0,0.0,0.00003,0.0018
10954284,0.0,0.0,0.0001,0.0013,0.8583,0.0012,0.0075,0.0025,0.00062,0.00001,0.00001,0.00065,0.00007,0.003,0.0,0.00016,0.00068,0.00038,0.0035,0.00099,0.00006,0.0119,0.00027,0.0003,0.0,0.00004,0.00039,0.00024,0.0,0.0025,0.0039,0.00006,0.0016,0.0035,0.00015,0.00003,0.00002,0.00004,0.0019,0.0026,0.0012,0.00058,0.0027,0.0201,0.1981,0.00004,0.00002,0.00002,0.00041
11025624,0.0,0.0,0.0014,0.00015,0.001,0.6548,0.9898,0.00069,0.0067,0.00001,0.00001,0.00002,0.00006,0.0039,0.0,0.9587,0.00034,0.0024,0.00065,0.00022,0.00002,0.0544,0.00005,0.0034,0.0,0.0,0.00009,0.00024,0.0,0.0013,0.0048,0.00003,0.00034,0.025,0.00015,0.00003,0.00013,0.0,0.0014,0.2267,0.0944,0.5875,0.0023,0.1199,0.0025,0.0,0.00006,0.00001,0.00013
11379844,0.0,0.0,0.0,0.00045,0.0821,0.0027,0.8898,0.00069,0.00015,0.00001,0.00002,0.00008,0.0007,0.0,0.0,0.00008,0.0,0.00038,0.0031,0.00008,0.00002,0.1414,0.00005,0.00026,0.0,0.0,0.00009,0.00002,0.0,0.00039,0.0048,0.00002,0.00071,0.0824,0.00001,0.0,0.0,0.0,0.004,0.6346,0.00032,0.0013,0.002,0.0025,0.0013,0.0,0.0,0.0,0.0
11407964,0.0,0.0,0.00001,0.0046,0.0023,0.0011,0.7908,0.0016,0.00062,0.00019,0.00007,0.00008,0.0238,0.0261,0.0,0.002,0.00026,0.00038,0.0046,0.00099,0.00076,0.0314,0.00005,0.00073,0.00014,0.0,0.00009,0.00024,0.0,0.001,0.0017,0.00017,0.00071,0.008,0.00015,0.00003,0.00003,0.0,0.0023,0.0058,0.9396,0.7832,0.008,0.0049,0.0025,0.0,0.0,0.00016,0.00054
12570354,0.0,0.0,0.0,0.0061,0.0012,0.00094,0.1612,0.0185,0.00015,0.00005,0.00002,0.00002,0.00006,0.0039,0.00066,0.0265,0.0001,0.00017,0.0019,0.00057,0.00002,0.5304,0.00004,0.00045,0.0,0.0,0.0003,0.0,0.0,0.00079,0.0013,0.0012,0.00014,0.0035,0.00001,0.0,0.0,0.00003,0.6231,0.0015,0.0021,0.0323,0.0168,0.0201,0.00086,0.0,0.0,0.00002,0.00013
12679234,0.0,0.0,0.00001,0.0061,0.0014,0.0022,0.0175,0.0049,0.00015,0.00001,0.0,0.0012,0.00006,0.0023,0.0,0.00024,0.00068,0.00004,0.0018,0.00022,0.00002,0.0055,0.0189,0.00027,0.0,0.0,0.00017,0.0,0.0,0.00039,0.00057,0.00045,0.0026,0.0183,0.00015,0.0,0.0,0.0,0.0014,0.0026,0.0026,0.001,0.005,0.0041,0.3353,0.0,0.00002,0.00002,0.00022
12815734,0.0,0.0,0.0,0.0088,0.00016,0.00052,0.025,0.0185,0.00015,0.0,0.00001,0.00078,0.00006,0.0014,0.0,0.00016,0.0001,0.00017,0.0035,0.0005,0.00005,0.0018,0.1364,0.00045,0.0,0.0,0.00034,0.00002,0.0,0.001,0.0066,0.0165,0.0014,0.0078,0.00001,0.0,0.0,0.00003,0.0079,0.009,0.00047,0.0029,0.015,0.0014,0.0013,0.0,0.0,0.00003,0.00054
15199474,0.00005,0.0,0.00049,0.00093,0.0083,0.0147,0.0078,0.0038,0.00015,0.00005,0.00001,0.00008,0.00064,0.0023,0.0,0.00024,0.019,0.00019,0.0025,0.00057,0.00006,0.0035,0.00005,0.00045,0.0,0.00004,0.00009,0.00024,0.0,0.0013,0.00057,0.00006,0.00014,0.015,0.0064,0.00006,0.00004,0.00043,0.00067,0.0013,0.0018,0.00084,0.00099,0.0014,0.8239,0.0,0.0,0.00001,0.00077
14684974,0.0,0.0,0.0,0.8571,0.00016,0.00052,0.0089,0.00069,0.00015,0.0,0.0,0.0,0.00006,0.0059,0.0,0.00037,0.0001,0.0,0.00065,0.00024,0.00002,0.0123,0.00027,0.00026,0.0,0.0,0.00017,0.0,0.0,0.0018,0.0016,0.1111,0.00029,0.008,0.00001,0.0,0.0,0.0,0.0079,0.00084,0.001,0.00084,0.0062,0.0442,0.0013,0.0,0.0,0.00002,0.00054
15820354,0.0,0.0,0.0001,0.00072,0.0052,0.0011,0.7908,0.0133,0.00023,0.00005,0.00007,0.0012,0.00007,0.0072,0.0,0.0013,0.00026,0.00038,0.0025,0.00008,0.00006,0.0419,0.00049,0.0019,0.0,0.0,0.00017,0.00025,0.0,0.00079,0.0136,0.00003,0.00029,0.0018,0.00001,0.0,0.0,0.0,0.0105,0.009,0.0019,0.001,0.015,0.845,0.6306,0.0,0.0,0.00016,0.00051
16894184,0.00003,0.00002,0.00001,0.00072,0.0021,0.0027,0.0031,0.0015,0.00023,0.00005,0.00001,0.0001,0.00006,0.0023,0.0,0.00018,0.00068,0.00034,0.013,0.00057,0.00006,0.0017,0.00017,0.00067,0.0,0.00004,0.00017,0.00002,0.0,0.00054,0.00077,0.00003,0.00029,0.0078,0.00001,0.00005,0.0,0.00003,0.004,0.00084,0.0021,0.00033,0.0033,0.0014,0.0039,0.0,0.0,0.00001,0.00051
16958574,0.0,0.0,0.0001,0.002,0.9398,0.0061,0.025,0.0045,0.0027,0.00005,0.00002,0.00078,0.0005,0.002,0.0,0.0057,0.004,0.00038,0.00095,0.00025,0.00002,0.3057,0.0015,0.0019,0.00002,0.0,0.00034,0.00002,0.0,0.0053,0.0072,0.00006,0.00071,0.008,0.00001,0.0,0.00002,0.00004,0.0152,0.0026,0.0019,0.0016,0.0074,0.0099,0.1576,0.0,0.0,0.00002,0.00023
17568334,0.0,0.0,0.00007,0.00015,0.9497,0.0027,0.0056,0.00042,0.00015,0.00005,0.00002,0.00002,0.0,0.00091,0.0,0.00022,0.00021,0.00038,0.00056,0.0005,0.00003,0.0123,0.00017,0.00026,0.0,0.0,0.00009,0.0,0.0,0.00033,0.00095,0.0,0.00034,0.00061,0.00001,0.0,0.00004,0.00004,0.00089,0.0026,0.00032,0.00033,0.00072,0.0054,0.8613,0.0,0.0,0.00003,0.00013
18586994,0.0,0.0,0.00006,0.00015,0.00049,0.0071,0.8393,0.009,0.00015,0.0,0.00001,0.00008,0.00026,0.011,0.00026,0.00037,0.0,0.00038,0.007,0.256,0.00006,0.0066,0.00005,0.0014,0.0,0.0,0.682,0.0,0.0,0.00013,0.0017,0.00002,0.00014,0.2135,0.0,0.0,0.0,0.0,0.0074,0.0053,0.025,0.7832,0.7348,0.0014,0.0013,0.0,0.0,0.00004,0.2227
20041474,0.0,0.0,0.0,0.00015,0.0042,0.0518,0.8215,0.0239,0.00015,0.0,0.0,0.00023,0.0007,0.00049,0.0,0.0122,0.00021,0.00019,0.007,0.0018,0.00005,0.0156,0.00004,0.00018,0.0,0.0,0.00034,0.0,0.0,0.001,0.0048,0.00023,0.00071,0.7347,0.00001,0.0,0.0,0.0,0.0019,0.769,0.00032,0.0042,0.00099,0.0054,0.0035,0.0,0.0,0.00001,0.00023
32514154,0.0,0.00002,0.00007,0.1937,0.001,0.0061,0.0056,0.0683,0.00037,0.00005,0.00002,0.00078,0.00006,0.0039,0.0,0.00037,0.00094,0.00038,0.0187,0.00033,0.00005,0.0123,0.00005,0.0019,0.00002,0.0,0.00092,0.00004,0.0,0.0013,0.0016,0.00023,0.00029,0.0123,0.00015,0.0,0.00004,0.00004,0.0014,0.0212,0.0012,0.0015,0.005,0.0239,0.0013,0.0,0.0,0.00004,0.0011
20971934,0.00003,0.00002,0.00045,0.0028,0.0052,0.0061,0.0075,0.0035,0.00023,0.0331,0.00045,0.00078,0.00007,0.0041,0.0,0.00024,0.0024,0.00071,0.007,0.0007,0.00063,0.0099,0.00017,0.003,0.00002,0.00004,0.00091,0.00024,0.0,0.00039,0.0048,0.00003,0.00071,0.0028,0.0024,0.00006,0.00002,0.00003,0.0028,0.0026,0.0012,0.0013,0.0033,0.0156,0.0077,0.00003,0.0,0.00001,0.00061
21110824,0.0,0.00002,0.0,0.00072,0.00025,0.0061,0.001,0.0015,0.00023,0.0066,0.00007,0.00023,0.00006,0.0034,0.0,0.00016,0.0022,0.00071,0.0018,0.00024,0.00005,0.004,0.00049,0.00067,0.0,0.00015,0.00009,0.00024,0.0,0.00079,0.00057,0.00003,0.00014,0.00061,0.00024,0.0,0.0,0.00004,0.0056,0.0013,0.00032,0.00009,0.0033,0.0014,0.9573,0.00003,0.00063,0.00002,0.00006
21921084,0.0,0.0,0.0,0.0061,0.00064,0.0048,0.0175,0.0038,0.00023,0.0,0.00002,0.00023,0.00002,0.9013,0.0,0.00016,0.00068,0.00038,0.00065,0.0005,0.00002,0.0123,0.00005,0.00026,0.0,0.0,0.00017,0.0,0.0,0.00079,0.0012,0.00006,0.00071,0.0123,0.00001,0.0,0.0,0.0,0.0194,0.0249,0.0012,0.00058,0.0368,0.0052,0.0858,0.0,0.0,0.0,0.00077
22827594,0.0,0.0,0.0,0.0029,0.016,0.00018,0.0016,0.0596,0.00023,0.0,0.0,0.0125,0.00007,0.011,0.0,0.00008,0.0001,0.00017,0.0018,0.0007,0.00002,0.0314,0.00008,0.00027,0.0,0.0,0.00004,0.00002,0.0,0.001,0.0024,0.00006,0.00014,0.3079,0.00001,0.0,0.0,0.0,0.004,0.0053,0.00026,0.00033,0.0027,0.9237,0.0013,0.0,0.0,0.00003,0.00077
23697094,0.0,0.0,0.00001,0.002,0.00064,0.0035,0.0598,0.0133,0.00015,0.00005,0.00001,0.00023,0.00007,0.0072,0.0,0.00024,0.00034,0.00075,0.0035,0.00093,0.00005,0.0048,0.00017,0.003,0.0,0.0,0.00017,0.00001,0.0,0.00039,0.0024,0.00006,0.006,0.0889,0.00015,0.00003,0.00004,0.0,0.003,0.007,0.001,0.0013,0.00099,0.0037,0.0121,0.0,0.0,0.00002,0.00013
22861194,0.0,0.0,0.00018,0.0046,0.0052,0.0008,0.0078,0.0133,0.00073,0.00005,0.00003,0.00078,0.00006,0.011,0.0,0.00022,0.00026,0.00038,0.0074,0.00099,0.00006,0.0156,0.00017,0.001,0.0,0.0,0.00009,0.00002,0.0,0.00079,0.0048,0.00003,0.00029,0.0029,0.00009,0.00003,0.00013,0.00004,0.0032,0.0026,0.00049,0.001,0.0071,0.0677,0.0076,0.00003,0.0,0.00004,0.0013
22250194,0.0,0.00002,0.00006,0.0003,0.0043,0.0668,0.00081,0.00069,0.0027,0.0,0.00001,0.00023,0.00006,0.00011,0.0,0.00016,0.00026,0.00038,0.013,0.00024,0.0,0.0648,0.00049,0.00045,0.0,0.0,0.0003,0.00002,0.0,0.0013,0.0089,0.00006,0.0345,0.0074,0.00001,0.0,0.0,0.0,0.0013,0.0013,0.00037,0.00006,0.0074,0.0014,0.879,0.0024,0.9975,0.00002,0.00022
23095594,0.0,0.0,0.0,0.0016,0.9398,0.0011,0.001,0.0022,0.0027,0.00036,0.0063,0.00008,0.00006,0.00075,0.0,0.0017,0.00021,0.00038,0.0019,0.00008,0.00002,0.035,0.0,0.0019,0.0,0.0,0.00004,0.00002,0.0,0.0039,0.00013,0.0,0.00071,0.0063,0.0,0.0,0.0,0.00066,0.0013,0.0013,0.00012,0.00009,0.005,0.0041,0.8394,0.0,0.0,0.0,0.00013
23795314,0.0,0.0,0.00007,0.00072,0.9833,0.0008,0.0031,0.00069,0.00015,0.00011,0.00001,0.00006,0.00002,0.0072,0.0,0.00008,0.00015,0.00012,0.0018,0.00008,0.00005,0.0079,0.00005,0.00045,0.0,0.0,0.00017,0.0,0.0,0.00033,0.0039,0.00003,0.00014,0.0018,0.00001,0.0,0.0,0.00018,0.0152,0.0013,0.00037,0.00009,0.0027,0.0014,0.8394,0.0,0.0039,0.00001,0.0
25305754,0.0,0.0,0.0,0.0015,0.9895,0.00035,0.0039,0.00042,0.00015,0.0,0.0,0.00002,0.00002,0.00011,0.0,0.00018,0.0,0.00004,0.00021,0.00006,0.00002,0.0123,0.00005,0.00018,0.0,0.0,0.00004,0.0,0.0,0.0064,0.00095,0.00023,0.00029,0.0012,0.00015,0.0,0.0,0.0,0.00067,0.0,0.00032,0.00006,0.0,0.0014,0.0077,0.0,0.0,0.0,0.00023
26343494,0.0,0.0,0.0,0.028,0.001,0.014,0.0087,0.0054,0.00015,0.00005,0.00002,0.00002,0.00006,0.0072,0.0,0.00008,0.0001,0.00015,0.00065,0.00016,0.00002,0.0075,0.0081,0.008,0.0,0.0,0.00017,0.00001,0.0,0.00013,0.0013,0.00017,0.0029,0.0029,0.00001,0.0,0.0,0.0,0.0155,0.0012,0.00047,0.00009,0.0028,0.00083,0.9708,0.0,0.0001,0.00002,0.00041
26757674,0.00003,0.00002,0.00049,0.0203,0.0021,0.004,0.025,0.026,0.00023,0.00023,0.0032,0.00023,0.00006,0.0019,0.0,0.00024,0.0012,0.00038,0.013,0.00089,0.00006,0.0075,0.00034,0.003,0.0,0.00015,0.00091,0.00016,0.00006,0.00033,0.00077,0.00006,0.00029,0.0047,0.0014,0.00003,0.00013,0.00004,0.0112,0.0026,0.00099,0.001,0.0261,0.0167,0.0225,0.00004,0.0,0.00004,0.00051
26714784,0.0,0.0,0.0,0.0,0.00016,0.0119,1.0,0.0022,0.00023,0.00001,0.0,0.00008,0.00006,0.0,0.0,0.8846,0.0017,0.00017,0.0,0.0347,0.00006,0.0123,0.00004,0.00023,0.0,0.0,0.00009,0.0,0.0,0.00013,0.00077,0.0,0.00014,0.1559,0.00015,0.0,0.0,0.00004,0.0254,0.8902,0.0236,0.7939,0.0168,0.00063,0.0013,0.0,0.0,0.0,0.00013
27461663,0.0,0.0,0.0,0.0257,0.001,0.0011,0.0175,0.0062,0.00023,0.0,0.0,0.00006,0.00007,0.0015,0.0,0.00022,0.00021,0.00038,0.1971,0.0069,0.00014,0.004,0.0,0.00045,0.0,0.0,0.00039,0.00002,0.0,0.00079,0.00057,0.00017,0.0029,0.008,0.00001,0.0,0.0,0.0,0.004,0.007,0.00032,0.0169,0.0213,0.1199,0.0025,0.0,0.0,0.00001,0.00041
26573153,0.0,0.0,0.00001,0.0,0.00016,0.0027,0.9967,0.00013,0.00023,0.00005,0.00003,0.00002,0.01,0.00091,0.0,0.1981,0.00021,0.00038,0.00056,0.00059,0.00006,0.0415,0.00005,0.00045,0.0,0.0,0.00092,0.0,0.0,0.00033,0.0012,0.0,0.00023,0.0143,0.00001,0.0,0.0,0.0,0.0194,0.009,0.00047,0.7939,0.015,0.0017,0.00071,0.0,0.0,0.00001,0.00013
28214813,0.0,0.0,0.00007,0.002,0.1178,0.0027,0.0056,0.0024,0.00062,0.00001,0.00002,0.00008,0.00006,0.0014,0.0,0.00037,0.00026,0.00019,0.0015,0.00024,0.00006,0.0156,0.00036,0.00085,0.0,0.0,0.00017,0.00002,0.0,0.00039,0.00095,0.00002,0.00086,0.00061,0.00015,0.00003,0.00002,0.00004,0.0247,0.0026,0.004,0.00033,0.002,0.0049,0.8286,0.00003,0.00065,0.00001,0.00051
28690033,0.0,0.0,0.0,0.0023,0.00049,0.0011,0.0133,0.003,0.00015,0.0,0.00002,0.00008,0.00064,0.00091,0.0,0.0011,0.00021,0.00017,0.007,0.00022,0.00005,0.0017,0.00027,0.00045,0.0,0.0,0.0003,0.00002,0.0,0.0001,0.00095,0.00006,0.00034,0.0029,0.00001,0.0,0.0,0.0,0.00089,0.0026,0.0524,0.001,0.002,0.0059,0.1576,0.0,0.00002,0.00002,0.00023
28368413,0.0,0.00002,0.0,0.0029,0.00033,0.0011,0.0056,0.0015,0.00023,0.0,0.00001,0.00004,0.00006,0.00091,0.0,0.00018,0.00021,0.00038,0.0018,0.00024,0.00005,0.0018,0.00004,0.00027,0.0,0.0,0.00009,0.00002,0.0,0.00033,0.00095,0.001,0.00023,0.0012,0.00001,0.0,0.0,0.0,0.0013,0.0026,0.00047,0.0012,0.0059,0.0049,0.0121,0.0,0.0,0.00002,0.00051
30033623,0.0,0.0,0.0,0.00045,0.00016,0.7982,0.0,0.0,0.00015,0.0,0.00002,0.00002,0.0,0.0072,0.0,0.0,0.0013,0.0,0.0,0.00006,0.0,0.0029,0.00011,0.0003,0.0,0.0,0.0,0.0,0.0,0.0001,0.00057,0.0,0.9684,0.0,0.00001,0.0,0.0,0.0,0.0,0.0013,0.0,0.0,0.00099,0.00063,1.0,0.0,1.0,0.00002,0.00023
30059733,0.0,0.0,0.0,0.0029,0.00033,0.0011,0.0056,0.0038,0.00015,0.00019,0.00007,0.00004,0.00007,0.005,0.0,0.00016,0.00021,0.00004,0.0019,0.00099,0.00005,0.0123,0.00049,0.00045,0.0,0.0,0.00017,0.00002,0.0,0.00033,0.0146,0.00002,0.0075,0.0017,0.00001,0.00003,0.0,0.0,0.0028,0.0018,0.00099,0.001,0.0499,0.00063,0.9387,0.0,0.0045,0.00073,0.00022
30079883,0.0,0.0,0.0,0.0034,0.00049,0.0011,0.0147,0.033,0.00015,0.00005,0.00007,0.0056,0.00006,0.0434,0.0,0.00018,0.0001,0.00019,0.078,0.00099,0.00002,0.0268,0.0,0.0003,0.0,0.0,0.00004,0.0,0.0,0.00033,0.0089,0.00006,0.00029,0.0197,0.00001,0.0,0.0,0.00004,0.0019,0.0151,0.0019,0.016,0.1604,0.0023,0.0013,0.0,0.0,0.0137,0.1869
30806143,0.00005,0.00002,0.0037,0.0039,0.0246,0.0071,0.0326,0.0108,0.0274,0.00005,0.00002,0.0015,0.00026,0.011,0.0,0.0013,0.0215,0.00071,0.0019,0.00089,0.00016,0.0224,0.0015,0.008,0.0,0.00004,0.00034,0.00025,0.0,0.0119,0.0039,0.00023,0.00097,0.0047,0.0014,0.00088,0.00022,0.00004,0.0074,0.009,0.004,0.0032,0.0074,0.0051,0.1331,0.0,0.0,0.00004,0.00077
30843423,0.0,0.0,0.0,0.00093,0.00049,0.2067,0.0031,0.0133,0.00015,0.0,0.00002,0.00002,0.00006,0.00049,0.0,0.00008,0.0,0.00017,0.013,0.00016,0.00002,0.0079,0.00004,0.00026,0.0,0.0,0.00004,0.00036,0.0,0.00013,0.00034,0.00017,0.9615,0.0017,0.00001,0.0,0.0,0.0,0.00039,0.0026,0.00032,0.00033,0.0227,0.0014,0.8056,0.0,0.00027,0.00003,0.00051
31434803,0.00003,0.00002,0.0001,0.0023,0.0033,0.0061,0.0154,0.0024,0.0053,0.00021,0.00002,0.00078,0.00007,0.002,0.0,0.00024,0.0022,0.00038,0.013,0.0005,0.00016,0.0066,0.00011,0.0014,0.00014,0.00004,0.00091,0.00024,0.00006,0.0039,0.0039,0.00006,0.00041,0.0018,0.004,0.00003,0.00013,0.00004,0.0028,0.0013,0.0129,0.0032,0.0204,0.0112,0.024,0.00003,0.0,0.00004,0.00051
32072183,0.0,0.0,0.00006,0.2404,0.0246,0.0027,0.0857,0.0041,0.00062,0.00005,0.00003,0.00023,0.0011,0.0072,0.0,0.0013,0.00026,0.00017,0.00056,0.0015,0.00005,0.0101,0.00049,0.00045,0.0,0.0,0.00004,0.0,0.0,0.00013,0.0064,0.00006,0.0059,0.0017,0.00015,0.0,0.00004,0.0,0.0014,0.0015,0.004,0.002,0.005,0.0099,0.0858,0.0,0.00027,0.00002,0.00023
33138923,0.00003,0.0,0.00006,0.0017,0.1123,0.014,0.0056,0.0024,0.00037,0.00021,0.0032,0.00078,0.00007,0.0023,0.0,0.00037,0.00068,0.00038,0.0031,0.0007,0.00014,0.0207,0.00017,0.00027,0.0,0.0,0.0024,0.00002,0.0,0.001,0.0024,0.00003,0.00029,0.0078,0.00024,0.0002,0.0,0.00018,0.0014,0.0026,0.00099,0.0032,0.005,0.0316,0.0162,0.00003,0.0,0.00002,0.00051
25731774,0.0,0.0,0.0001,0.002,0.0042,0.0008,0.0385,0.0024,0.00015,0.0,0.00002,0.00004,0.00006,0.0023,0.0,0.00016,0.00034,0.00014,0.00056,0.00022,0.00002,0.1,0.0037,0.00045,0.0,0.0,0.00009,0.00002,0.0,0.00054,0.0027,0.00006,0.00014,0.0017,0.00001,0.00003,0.00004,0.0,0.0194,0.0088,0.00049,0.002,0.005,0.039,0.0062,0.0,0.0,0.00003,0.00051
25553744,0.0,0.00002,0.00001,0.0029,0.0246,0.0061,0.0056,0.0063,0.00023,0.00005,0.00002,0.00002,0.00006,0.00041,0.0,0.00018,0.00068,0.0011,0.0063,0.00024,0.00005,0.0207,0.00004,0.00045,0.0,0.0,0.1169,0.00002,0.0,0.001,0.00077,0.00003,0.008,0.0047,0.00015,0.0,0.00002,0.00004,0.0015,0.00051,0.00049,0.0016,0.015,0.0052,0.9509,0.0,0.0135,0.00004,0.00022
27070004,0.0,0.0,0.00001,0.4283,0.0033,0.0022,0.0468,0.0062,0.00023,0.00005,0.00002,0.00002,0.0018,0.003,0.0,0.0017,0.00026,0.00017,0.013,0.00093,0.00006,0.0123,0.00005,0.0003,0.00002,0.0,0.0019,0.00002,0.0,0.00079,0.0059,0.00023,0.0014,0.0033,0.00015,0.0,0.0,0.00003,0.0079,0.02,0.0021,0.0077,0.0027,0.0316,0.0048,0.0,0.0,0.00016,0.0037
24660674,0.0,0.0,0.0,0.0015,0.00064,0.0089,0.9537,0.0045,0.00037,0.00001,0.00002,0.00078,0.00006,0.00011,0.0,0.00037,0.0,0.00038,0.0095,0.00024,0.00002,0.0224,0.00005,0.00026,0.0,0.0,0.00034,0.0,0.0,0.00017,0.0066,0.00006,0.00029,0.008,0.00001,0.0,0.0,0.0,0.0194,0.007,0.00032,0.7832,0.00099,0.0316,0.00045,0.0,0.0,0.00002,0.00022
19450294,0.0,0.0,0.0,0.0013,0.0013,0.0027,0.0016,0.00013,0.00015,0.0,0.0,0.00008,0.0,0.00011,0.0,0.0013,0.0001,0.00038,0.0046,0.00016,0.00002,0.0119,0.0,0.00045,0.0,0.0,0.00009,0.00024,0.0,0.0002,0.0146,0.0,0.00029,0.00061,0.00015,0.0,0.00002,0.00043,0.0019,0.0053,0.00032,0.00009,0.0027,0.0025,0.9179,0.00003,0.9956,0.00002,0.00041
32434024,0.0,0.0,0.0,0.00072,0.9127,0.0008,0.0175,0.00069,0.00015,0.00005,0.00002,0.00006,0.00006,0.00075,0.0,0.00037,0.00015,0.00034,0.00056,0.00022,0.00005,0.0949,0.00005,0.00045,0.0,0.0,0.00009,0.00016,0.0,0.0053,0.0016,0.00003,0.00014,0.0012,0.00001,0.00003,0.0,0.0,0.0152,0.0053,0.0039,0.001,0.00072,0.0033,0.0048,0.0,0.0,0.00002,0.00051
32744524,0.0,0.0,0.0001,0.0058,0.0083,0.0011,0.0089,0.0025,0.00015,0.00005,0.00002,0.00002,0.00002,0.00075,0.0,0.00016,0.0012,0.00038,0.0391,0.0031,0.00002,0.0029,0.00049,0.0014,0.0,0.0,0.00004,0.00025,0.0,0.00054,0.00057,0.00006,0.0016,0.0014,0.00001,0.0,0.00013,0.00003,0.0028,0.0026,0.00026,0.0012,0.0286,0.0014,0.0106,0.0,0.0,0.00002,0.0087
6625984,0.00005,0.00002,0.00018,0.0379,0.0246,0.0061,0.0985,0.0025,0.0027,0.00011,0.00003,0.00078,0.00006,0.0023,0.0,0.0013,0.0013,0.0021,0.007,0.00057,0.00014,0.0654,0.00034,0.0019,0.0,0.00015,0.00091,0.00024,0.00038,0.0039,0.0017,0.00003,0.00029,0.0014,0.00024,0.00076,0.00004,0.00034,0.0152,0.009,0.004,0.0018,0.0098,0.0183,0.0225,0.00004,0.0,0.00004,0.00054
3522814,0.0,0.0,0.0,0.0023,0.0013,0.0061,0.2162,0.00013,0.00015,0.00005,0.00001,0.0,0.00006,0.003,0.0,0.00079,0.0012,0.0011,0.0041,0.0005,0.00014,0.035,0.0,0.0003,0.0,0.0,0.00009,0.00024,0.0,0.001,0.0016,0.00006,0.00071,0.0063,0.00015,0.0,0.0,0.00003,0.0013,0.0026,0.0045,0.0056,0.00099,0.0049,0.0025,0.0,0.0,0.00002,0.00022
3406244,0.0,0.0,0.00007,0.0061,0.0035,0.0013,0.0686,0.0088,0.00015,0.0,0.00001,0.00065,0.00007,0.0271,0.0,0.0013,0.00026,0.00019,0.0107,0.00093,0.00014,0.0207,0.00049,0.00045,0.0,0.0,0.0079,0.00024,0.0,0.001,0.0146,0.00003,0.00071,0.0078,0.00024,0.00003,0.0,0.00003,0.0152,0.0151,0.004,0.0064,0.0648,0.0099,0.0021,0.0,0.0,0.00014,0.00054
3183784,0.0,0.0,0.0,0.006,0.0052,0.00052,0.0056,0.0386,0.00023,0.00005,0.00002,0.00078,0.00006,0.0072,0.0,0.00018,0.00047,0.00071,0.0035,0.00024,0.00016,0.0419,0.00004,0.00045,0.0,0.0,0.0024,0.00002,0.0,0.00033,0.0024,0.00006,0.00034,0.0017,0.00001,0.0,0.00002,0.0,0.0014,0.0053,0.0065,0.00084,0.0055,0.0041,0.0385,0.0,0.0,0.00002,0.00023
3226364,0.0,0.00002,0.00006,0.00072,0.0035,0.0668,0.0603,0.0025,0.00023,0.0014,0.00002,0.00002,0.00006,0.0015,0.0,0.00024,0.00068,0.5316,0.0025,0.00022,0.00005,0.01,0.00034,0.00045,0.0,0.00004,0.0033,0.00024,0.0,0.00039,0.0013,0.00003,0.0016,0.0047,0.00001,0.00003,0.0,0.00004,0.0014,0.0036,0.004,0.0032,0.0027,0.0112,0.0162,0.00003,0.0,0.00002,0.00013
3239304,0.00003,0.0,0.00049,0.002,0.1178,0.0061,0.0367,0.003,0.00023,0.00005,0.00002,0.00023,0.00006,0.003,0.0,0.0017,0.00068,0.0028,0.0107,0.00024,0.00005,0.1166,0.00027,0.00085,0.0,0.0,0.00055,0.00003,0.0,0.0032,0.00057,0.00006,0.00041,0.0078,0.00015,0.00003,0.00013,0.00004,0.0194,0.0026,0.00032,0.001,0.0108,0.1798,0.0062,0.0,0.0,0.00002,0.00041
2646684,0.0,0.0,0.0001,0.00072,0.9865,0.0022,0.0031,0.003,0.00023,0.00036,0.0021,0.00008,0.00006,0.0017,0.0,0.00024,0.00021,0.00017,0.00065,0.00022,0.00003,0.0207,0.00004,0.00056,0.0,0.0,0.00039,0.00002,0.0,0.00033,0.0089,0.0,0.00029,0.0112,0.00001,0.0,0.00004,0.0,0.0028,0.00084,0.00036,0.00033,0.00099,0.0037,0.6935,0.0,0.0,0.00002,0.00023
1643394,0.0,0.0,0.0,0.028,0.0033,0.00052,0.0985,0.0054,0.00015,0.0,0.00002,0.0034,0.00007,0.0017,0.0,0.0017,0.00021,0.00075,0.0031,0.00099,0.00006,0.1166,0.00049,0.0003,0.00002,0.0,0.0034,0.0,0.0,0.0013,0.022,0.00017,0.00029,0.0063,0.00001,0.0,0.0,0.0,0.0028,0.0088,0.0039,0.0279,0.0027,0.0239,0.0077,0.0,0.0,0.00014,0.00023
1424704,0.0,0.0,0.0,0.0029,0.00049,0.0011,0.223,0.003,0.00015,0.00001,0.00002,0.0,0.00006,0.00091,0.0,0.0023,0.00021,0.0021,0.0035,0.00089,0.00002,0.0224,0.0,0.00023,0.0,0.0,0.00009,0.0006,0.0,0.00017,0.00095,0.00002,0.00029,0.0233,0.00001,0.0,0.0,0.00003,0.004,0.0151,0.0524,0.0906,0.0131,0.0033,0.0121,0.0,0.0,0.00002,0.00054
8158204,0.0,0.00002,0.00001,0.002,0.6059,0.0011,0.0089,0.0049,0.00015,0.00001,0.00002,0.00008,0.00006,0.00049,0.0,0.00024,0.00034,0.00038,0.00065,0.00022,0.00002,0.0123,0.00005,0.00045,0.0,0.00004,0.00009,0.00004,0.0,0.00079,0.00095,0.0,0.00086,0.0012,0.00001,0.00003,0.00003,0.00003,0.004,0.0058,0.0096,0.00058,0.0074,0.0037,0.0074,0.00003,0.00002,0.00002,0.00013
8086734,0.0,0.0,0.00001,0.0088,0.0033,0.00094,0.0175,0.0108,0.0011,0.00001,0.00002,0.00002,0.00002,0.0281,0.0,0.0018,0.00021,0.00071,0.00021,0.0031,0.00002,0.0123,0.00005,0.00073,0.0,0.0,0.0003,0.00003,0.0,0.00017,0.5902,0.00003,0.00071,0.008,0.00001,0.00003,0.0,0.00003,0.027,0.0133,0.0012,0.00054,0.0108,0.0054,0.0077,0.0,0.0,0.0002,0.00041
8781644,0.00003,0.00002,0.0011,0.0013,0.4005,0.0035,0.0385,0.0038,0.0027,0.00019,0.00007,0.00023,0.00064,0.0072,0.0,0.0013,0.0012,0.00038,0.00056,0.00016,0.00006,0.0052,0.00049,0.0052,0.0,0.00004,0.00034,0.00036,0.0,0.0013,0.00057,0.00006,0.00029,0.0029,0.00024,0.00065,0.00013,0.00004,0.0019,0.0152,0.00047,0.0023,0.0045,0.0506,0.879,0.0,0.0,0.00002,0.00077
8687254,0.0,0.0,0.00001,0.0095,0.0103,0.0035,0.0056,0.0022,0.00015,0.0,0.00001,0.0034,0.00026,0.0281,0.0,0.00022,0.0,0.00038,0.0031,0.00033,0.0016,0.0099,0.00005,0.00045,0.0,0.00004,0.1169,0.00002,0.0,0.0001,0.0048,0.00017,0.00014,0.008,0.00001,0.0,0.0,0.00003,0.0013,0.007,0.00099,0.0066,0.002,0.0677,0.0021,0.0,0.0,0.00002,0.0097
9029654,0.005,0.0,0.0773,0.0015,0.0298,0.0008,0.0056,0.0054,0.0012,0.00005,0.00002,0.0034,0.00006,0.003,0.0,0.00071,0.00094,0.00038,0.0063,0.0005,0.00005,0.0207,0.00049,0.1093,0.0,0.00004,0.00091,0.00025,0.0,0.001,0.0024,0.00003,0.00097,0.0063,0.00015,0.0359,0.00022,0.00003,0.0028,0.0053,0.004,0.0016,0.0027,0.0052,0.3779,0.0,0.0001,0.00001,0.00022
9119144,0.00027,0.00002,0.0011,0.0143,0.0035,0.0048,0.0367,0.0016,0.00073,0.0014,0.00002,0.00065,0.00006,0.0019,0.0,0.0013,0.0047,0.00071,0.011,0.0005,0.00006,0.004,0.00017,0.003,0.00002,0.00015,0.0003,0.00004,0.0,0.0039,0.0024,0.00017,0.00086,0.0028,0.00094,0.00076,0.00022,0.0,0.0152,0.0053,0.0026,0.0032,0.0033,0.0054,0.8239,0.00003,0.0,0.00008,0.00077
10494054,0.0,0.0,0.0,0.00072,0.0042,0.0061,0.0056,0.003,0.00023,0.00005,0.00043,0.0012,0.00002,0.0748,0.0,0.00024,0.00047,0.00039,0.0131,0.00016,0.00005,0.5921,0.00017,0.00045,0.0,0.0,0.00009,0.0,0.0,0.0004,0.00057,0.00002,0.0026,0.0123,0.00001,0.0,0.00013,0.00034,0.0019,0.0016,0.0012,0.0012,0.002,0.1121,0.0162,0.0,0.0,0.00001,0.00006
10514764,0.00027,0.0,0.0037,0.0061,0.0023,0.0035,0.0449,0.0016,0.00023,0.00005,0.00001,0.0125,0.0007,0.9013,0.0,0.00037,0.00021,0.00075,0.0165,0.00099,0.00014,0.0079,0.00008,0.0176,0.0,0.0,0.00039,0.00002,0.0,0.001,0.0089,0.00017,0.00029,0.0078,0.00024,0.0122,0.00013,0.0,0.004,0.0309,0.00049,0.0018,0.0062,0.0442,0.0062,0.0,0.0,0.00001,0.00051
11770244,0.00005,0.0,0.00007,0.0034,0.25,0.0053,0.0468,0.003,0.0018,0.00005,0.00007,0.00078,0.0011,0.014,0.0,0.00071,0.0278,0.00038,0.00065,0.00024,0.00006,0.5921,0.00036,0.00073,0.0,0.0,0.00034,0.0006,0.0,0.0119,0.0012,0.00003,0.00014,0.0028,0.00015,0.00065,0.00013,0.00043,0.0152,0.0053,0.0012,0.0169,0.0027,0.0041,0.407,0.00003,0.0,0.00004,0.00022
12472824,0.0,0.0,0.00001,0.0061,0.0014,0.00073,0.0175,0.0049,0.00015,0.0,0.00001,0.00078,0.00039,0.0072,0.0,0.00024,0.00015,0.0019,0.0264,0.00033,0.8414,0.0062,0.00005,0.0003,0.0,0.0,0.0981,0.00002,0.0,0.00033,0.00057,0.00003,0.0016,0.0028,0.00001,0.0002,0.0,0.0,0.0013,0.0053,0.001,0.0077,0.0027,0.0204,0.0021,0.0,0.0,0.0,0.0018
15115064,0.00003,0.0,0.0,0.00072,0.00033,0.0022,0.0174,0.0223,0.00015,0.0,0.00002,0.00023,0.00006,0.0072,0.0,0.00024,0.00021,0.00038,0.007,0.00024,0.00003,0.16,0.00005,0.00045,0.0,0.0,0.0021,0.00001,0.0,0.00017,0.8382,0.00006,0.00029,0.0379,0.00001,0.00003,0.0,0.0,0.0152,0.0133,0.004,0.0016,0.002,0.0144,0.0385,0.0,0.0,0.0002,0.00054
15310634,0.0,0.0,0.0,0.00015,0.0052,0.0022,0.8215,0.0015,0.00015,0.00001,0.00002,0.00004,0.00039,0.00049,0.0,0.2632,0.00015,0.0013,0.007,0.00059,0.00002,0.0112,0.0,0.0003,0.0,0.0,0.00009,0.0,0.0,0.00033,0.0048,0.00006,0.00023,0.0063,0.00001,0.0,0.00002,0.0,0.0014,0.0133,0.0706,0.5556,0.002,0.00083,0.0062,0.0,0.0,0.00003,0.00022
16001444,0.00003,0.00002,0.0001,0.0058,0.1123,0.00094,0.0175,0.0628,0.0011,0.00019,0.00007,0.00008,0.00039,0.0072,0.0,0.0017,0.0013,0.0013,0.007,0.0005,0.00016,0.0224,0.00027,0.00056,0.00002,0.00004,0.0024,0.00002,0.0,0.0039,0.0089,0.00023,0.00071,0.0063,0.00015,0.00003,0.00013,0.00004,0.0013,0.0151,0.001,0.0077,0.0028,0.0204,0.0077,0.0,0.0,0.00002,0.00054
16641864,0.0,0.0,0.0,0.0061,0.00064,0.0071,0.0138,0.0239,0.00015,0.00019,0.00003,0.00023,0.00039,0.3566,0.0,0.00008,0.00015,0.00038,0.0063,0.00024,0.00014,0.0156,0.00004,0.0003,0.0,0.0,0.00017,0.00002,0.0,0.00013,0.0059,0.00045,0.00029,0.0197,0.00001,0.0,0.0,0.00003,0.0155,0.0053,0.00099,0.00084,0.0033,0.0054,0.0121,0.0,0.0,0.00004,0.00054
16616844,0.0,0.0,0.0,0.002,0.0023,0.0027,0.0147,0.0038,0.00023,0.00005,0.00007,0.00006,0.00007,0.0023,0.0,0.00018,0.00068,0.00038,0.0035,0.00099,0.00005,0.0415,0.00027,0.00045,0.0,0.0,0.00039,0.00001,0.0,0.001,0.0039,0.00017,0.0016,0.0014,0.00015,0.0,0.00002,0.00004,0.0074,0.0013,0.001,0.00084,0.0168,0.0677,0.0474,0.0,0.00006,0.00008,0.00054
16678804,0.0,0.0,0.0,0.002,0.00064,0.00018,0.1253,0.003,0.00015,0.00005,0.00001,0.00002,0.00006,0.0023,0.0,0.0017,0.00021,0.00038,0.00065,0.00022,0.00016,0.009,0.001,0.0003,0.0,0.0,0.00039,0.00001,0.0,0.001,0.0013,0.00006,0.00023,0.0012,0.00001,0.00003,0.0,0.00003,0.0205,0.0013,0.0018,0.0029,0.0023,0.0037,0.0077,0.0,0.0,0.00001,0.0017
17287644,0.0,0.0,0.0,0.002,0.00016,0.00052,0.025,0.0016,0.00015,0.0,0.0,0.00002,0.00002,0.00049,0.00066,0.00022,0.0001,0.0021,0.0688,0.0005,0.00002,0.0052,0.00004,0.00045,0.0,0.0,0.0003,0.00001,0.0,0.0001,0.00057,0.00003,0.00014,0.0029,0.0,0.0,0.0,0.0,0.004,0.8364,0.004,0.0029,0.1924,0.0347,0.0013,0.0,0.0,0.00002,0.0017
17427914,0.0,0.0,0.0,0.00015,0.0026,0.0089,0.9859,0.00013,0.00015,0.00005,0.00007,0.00023,0.0025,0.00075,0.0,0.0122,0.0001,0.00039,0.0018,0.0005,0.00057,0.2534,0.00004,0.00045,0.0,0.0,0.00091,0.00002,0.0,0.00039,0.01,0.00017,0.00034,0.015,0.00001,0.0,0.00003,0.00004,0.0028,0.0363,0.0171,0.7939,0.015,0.0014,0.0013,0.0,0.0,0.00002,0.00023
17503104,0.0,0.0,0.0,0.00072,0.001,0.0061,0.7908,0.003,0.00015,0.0,0.00002,0.00008,0.00039,0.9013,0.0,0.00024,0.0,0.00017,0.007,0.00024,0.00002,0.009,0.0,0.00026,0.0,0.0,0.0024,0.0,0.0,0.00079,0.0146,0.00006,0.00023,0.3964,0.0,0.0,0.0,0.00066,0.0079,0.009,0.0171,0.7832,0.002,0.00063,0.0021,0.0,0.0,0.0,0.00023
17299744,0.0,0.0,0.0001,0.0015,0.001,0.0035,0.0056,0.0049,0.00015,0.00021,0.00003,0.00006,0.00006,0.002,0.0,0.00016,0.0012,0.0013,0.0017,0.0004,0.00006,0.0029,0.00017,0.0019,0.0,0.00004,0.00009,0.0,0.0,0.00033,0.00077,0.00006,0.00023,0.0017,0.00015,0.00003,0.0,0.0,0.00089,0.0026,0.00049,0.0016,0.00099,0.0014,0.9671,0.0,0.0027,0.00002,0.00006
17459424,0.0,0.0,0.00001,0.0426,0.001,0.0022,0.075,0.0063,0.00015,0.00005,0.00002,0.00004,0.00039,0.0014,0.0,0.0732,0.0013,0.00038,0.0041,0.00024,0.00014,0.0079,0.00005,0.00045,0.0,0.0,0.00009,0.00002,0.0,0.00039,0.0016,0.00023,0.00029,0.0047,0.00001,0.0,0.00004,0.00004,0.00089,0.0053,0.0019,0.0635,0.0027,0.0054,0.0021,0.0,0.0,0.00008,0.00022
18235974,0.0,0.0,0.0,0.0039,0.00016,0.0022,0.006,0.0022,0.0011,0.0,0.00002,0.00004,0.00006,0.0023,0.0,0.00037,0.0019,0.00038,0.0019,0.00099,0.00002,0.0112,0.00008,0.00027,0.0,0.0,0.00009,0.00002,0.0,0.001,0.0081,0.00002,0.00022,0.0035,0.00001,0.0,0.00002,0.0,0.0014,0.0018,0.004,0.0013,0.0033,0.0023,0.0162,0.0,0.0,0.00002,0.00023
18194524,0.0,0.0,0.0,0.0095,0.001,0.0071,0.0478,0.0197,0.00062,0.00005,0.00002,0.00078,0.00006,0.3685,0.0,0.00024,0.00068,0.0028,0.0031,0.0015,0.00014,0.0156,0.00027,0.00026,0.0,0.0,0.00009,0.0,0.0,0.00054,0.0048,0.00006,0.00071,0.0123,0.00001,0.0,0.0,0.0,0.004,0.0018,0.00032,0.0012,0.4135,0.0052,0.0025,0.0,0.0,0.00016,0.0251
18346734,0.00003,0.0,0.00007,0.0203,0.00016,0.014,0.0598,0.0045,0.00015,0.00011,0.00002,0.00002,0.00006,0.00075,0.0,0.00018,0.00068,0.00039,0.0018,0.00008,0.00005,0.0329,0.0005,0.0019,0.0,0.0,0.00009,0.00003,0.0,0.0039,0.0017,0.00017,0.00029,0.0032,0.00015,0.00003,0.0,0.00003,0.00089,0.0013,0.0012,0.0064,0.0113,0.0037,0.5262,0.0,0.00006,0.0002,0.00013
19544314,0.0,0.0,0.0,0.1406,0.00064,0.0225,0.0857,0.0358,0.00015,0.00001,0.00001,0.0014,0.00039,0.0097,0.0,0.0013,0.00021,0.00008,0.0046,0.00024,0.00002,0.0048,0.00005,0.0003,0.0,0.0,0.00009,0.00002,0.0,0.00018,0.001,0.00003,0.0494,0.0733,0.00001,0.0,0.0,0.0,0.0013,0.0179,0.00032,0.0029,0.0055,0.0316,0.0265,0.0,0.0,0.00001,0.00022
19654584,0.00003,0.0,0.00018,0.00045,0.00033,0.0071,0.0834,0.0024,0.00073,0.00005,0.00001,0.00004,0.00006,0.00063,0.0,0.00024,0.0047,0.00039,0.0031,0.00024,0.00002,0.0052,0.0,0.0263,0.0,0.0,0.00034,0.00004,0.0,0.001,0.00077,0.0,0.0345,0.0014,0.00015,0.0002,0.00013,0.00003,0.0152,0.0064,0.00049,0.00058,0.0033,0.0059,0.9741,0.00003,0.00027,0.00002,0.00041
19890074,0.0,0.0,0.0,0.0426,0.0023,0.0008,0.0834,0.0045,0.00023,0.00001,0.00002,0.0034,0.0011,0.0072,0.0,0.00037,0.00026,0.0011,0.0046,0.0005,0.00006,0.16,0.00005,0.00045,0.0,0.0,0.0019,0.0,0.0,0.00039,0.0039,0.00006,0.0042,0.0292,0.00001,0.0,0.0,0.0,0.0019,0.009,0.0012,0.0906,0.0074,0.0442,0.0052,0.0,0.0,0.00004,0.00077
20077474,0.00003,0.0,0.00049,0.0029,0.0298,0.0027,0.0147,0.0063,0.0053,0.00005,0.00001,0.00023,0.0007,0.0023,0.0,0.0057,0.0026,0.00017,0.0031,0.0015,0.00002,0.0525,0.00017,0.0263,0.0,0.0,0.00055,0.0006,0.0,0.001,0.0024,0.00003,0.00086,0.0063,0.00015,0.00003,0.00004,0.0,0.0254,0.0053,0.00049,0.0029,0.0168,0.0112,0.1331,0.0,0.00006,0.00002,0.00061
20070414,0.0,0.0,0.0,0.00072,0.00064,0.6548,0.9651,0.0133,0.00062,0.00005,0.00007,0.00006,0.00007,0.00011,0.0,0.00018,0.00015,0.0013,0.0031,0.00006,0.00076,0.0419,0.0,0.00026,0.0,0.0,0.0359,0.00024,0.0,0.0025,0.0039,0.00002,0.0011,0.8263,0.00001,0.0,0.0,0.0,0.0509,0.0058,0.0045,0.3776,0.0071,0.0112,0.0013,0.0,0.0,0.00002,0.0031
21152964,0.0,0.0,0.00001,0.00093,0.0042,0.0008,0.0039,0.1132,0.0027,0.00005,0.00002,0.00078,0.00006,0.002,0.0,0.00037,0.0013,0.00038,0.0063,0.00022,0.00006,0.0432,0.0022,0.00045,0.0,0.0,0.00091,0.00002,0.0,0.00054,0.0993,0.00017,0.00034,0.0078,0.00015,0.0,0.0,0.0,0.0028,0.02,0.0021,0.00084,0.0131,0.0112,0.0513,0.0,0.0,0.8056,0.00041
21735854,0.00005,0.0,0.0024,0.0034,0.0083,0.0013,0.0175,0.0049,0.0274,0.00005,0.00002,0.00008,0.00006,0.004,0.0,0.00024,0.0496,0.00071,0.0041,0.0005,0.00016,0.0035,0.00027,0.0101,0.0,0.00004,0.0079,0.00002,0.0,0.0053,0.0048,0.00006,0.00029,0.0047,0.0024,0.00076,0.00048,0.00004,0.0056,0.0026,0.0019,0.0056,0.0108,0.0442,0.1331,0.0,0.0,0.00002,0.00041
21860044,0.0,0.0,0.0,0.1406,0.00016,0.0027,0.0385,0.0056,0.0012,0.00021,0.0021,0.00008,0.00006,0.0072,0.0,0.0013,0.00021,0.00019,0.00065,0.00093,0.00002,0.0123,0.0037,0.00045,0.0,0.0,0.00009,0.00002,0.0,0.0004,0.0039,0.00002,0.00071,0.0292,0.00001,0.0,0.0,0.0,0.0019,0.0036,0.0012,0.00084,0.0204,0.0054,0.0162,0.0,0.0,0.00002,0.00044
21831324,0.0,0.00002,0.0001,0.0013,0.0035,0.0008,0.0089,0.003,0.00023,0.0,0.00002,0.00004,0.00006,0.0202,0.0,0.00016,0.00021,0.00017,0.0213,0.00024,0.00003,0.0268,0.00036,0.0263,0.0,0.0,0.00091,0.00004,0.0,0.0119,0.3077,0.00017,0.0026,0.1538,0.00015,0.00003,0.00004,0.0,0.0152,0.0058,0.00049,0.0056,0.0468,0.0393,0.2383,0.0,0.0,0.00008,0.0017
22608804,0.0,0.0,0.00001,0.0029,0.0121,0.0147,0.0175,0.1532,0.00015,0.0,0.00003,0.00008,0.00006,0.0023,0.0,0.00022,0.0013,0.0024,0.0269,0.00022,0.00006,0.2107,0.00004,0.00045,0.0,0.0,0.00017,0.00002,0.0,0.0002,0.0059,0.00006,0.0494,0.0022,0.00001,0.0,0.0,0.00004,0.004,0.003,0.00047,0.00084,0.0027,0.845,0.0035,0.00003,0.00002,0.00002,0.00023
22652424,0.0,0.0,0.00049,0.00045,0.9833,0.00052,0.0031,0.00069,0.00023,0.00001,0.00001,0.00006,0.00002,0.00011,0.0,0.00016,0.00015,0.00038,0.00065,0.0005,0.00002,0.0148,0.00027,0.00045,0.0,0.0,0.0015,0.00002,0.0,0.001,0.0016,0.0,0.00014,0.0007,0.00001,0.00003,0.00004,0.0,0.0079,0.00084,0.00026,0.00009,0.0027,0.0059,0.8239,0.0,0.0012,0.00073,0.00013
22956694,0.0,0.0,0.0,0.00072,0.00016,0.0518,0.025,0.0088,0.00023,0.00005,0.0,0.00002,0.00007,0.0281,0.0,0.00024,0.00026,0.00017,0.0264,0.0131,0.00003,0.0123,0.00004,0.00026,0.0,0.0,0.00017,0.00001,0.0,0.00033,0.0048,0.00003,0.00071,0.0733,0.00001,0.0,0.0,0.0,0.0194,0.0053,0.0019,0.0066,0.0074,0.0316,0.0039,0.0,0.00006,0.0,0.00077
23545424,0.0,0.0,0.00007,0.0017,0.00064,0.0027,0.0075,0.0642,0.004,0.00005,0.00002,0.00004,0.0011,0.00063,0.0,0.00024,0.00051,0.00038,0.0016,0.00006,0.00014,0.0066,0.00034,0.00073,0.0,0.0,0.00009,0.00024,0.0,0.0018,0.00095,0.00017,0.00071,0.0032,0.00015,0.00003,0.0,0.00004,0.004,0.0013,0.0096,0.0032,0.015,0.0014,0.0076,0.0,0.0,0.00004,0.00077
23940694,0.0,0.0,0.00006,0.00072,0.00016,0.0089,0.0175,0.3305,0.00015,0.0,0.00001,0.00002,0.00006,0.005,0.0,0.00024,0.0017,0.0,0.0035,0.00024,0.00005,0.0432,0.0037,0.00045,0.0,0.0,0.00091,0.00002,0.0,0.0001,0.0786,0.00002,0.0026,0.0074,0.00001,0.0,0.00004,0.00018,0.0152,0.8364,0.00032,0.00054,0.0168,0.0041,0.0021,0.0,0.00033,0.00002,0.0018
22680244,0.0,0.0,0.00001,0.0029,0.2,0.00052,0.0468,0.0088,0.00023,0.0,0.00002,0.00006,0.00006,0.00091,0.0,0.00016,0.00021,0.0021,0.013,0.0031,0.00005,0.5921,0.00049,0.00045,0.0,0.0,0.00009,0.00002,0.0,0.00013,0.0024,0.0,0.00014,0.0014,0.00001,0.0,0.00003,0.0,0.0611,0.007,0.00032,0.0042,0.0108,0.0167,0.0013,0.0,0.0,0.00016,0.0187
21655804,0.0,0.0,0.00049,0.0095,0.0033,0.0011,0.0138,0.003,0.00015,0.00001,0.00001,0.00006,0.00064,0.0394,0.0,0.00008,0.00021,0.0028,0.0025,0.0191,0.00016,0.0099,0.00004,0.00045,0.0,0.00004,0.0981,0.0,0.0,0.0004,0.0066,0.00002,0.00029,0.0028,0.00001,0.00003,0.0,0.0,0.0028,0.0372,0.00032,0.00054,0.00099,0.0167,0.0013,0.0,0.0,0.00001,0.00013
24313244,0.0,0.0,0.0001,0.00015,0.001,0.023,0.8802,0.0016,0.00015,0.00005,0.00007,0.00004,0.018,0.0072,0.0,0.8846,0.00021,0.00004,0.0035,0.0004,0.00002,0.0119,0.0,0.00045,0.0,0.0,0.0003,0.00002,0.0,0.0001,0.0016,0.00003,0.00014,0.0078,0.00001,0.0,0.0,0.0,0.0074,0.0133,0.00037,0.7832,0.0062,0.0347,0.00096,0.0,0.00004,0.00016,0.00013
24625714,0.00027,0.0,0.0262,0.0015,0.0083,0.0105,0.1182,0.0045,0.0011,0.00005,0.00002,0.0001,0.0007,0.0014,0.0,0.0013,0.0166,0.00017,0.0018,0.00008,0.00005,0.0123,0.00027,0.3138,0.00002,0.0,0.00009,0.00036,0.0,0.0039,0.0017,0.00006,0.00097,0.008,0.00001,0.0051,0.00013,0.00004,0.0028,0.007,0.00099,0.0105,0.002,0.0201,0.5014,0.0,0.0,0.00002,0.00022
26632404,0.0,0.0,0.0,0.0379,0.00064,0.00035,0.1021,0.0403,0.00015,0.00005,0.00003,0.00002,0.00006,0.0394,0.0,0.0013,0.00021,0.00038,0.0151,0.0031,0.00005,0.0123,0.00004,0.003,0.0,0.0,0.00009,0.00004,0.0,0.00013,0.0024,0.00017,0.00029,0.0364,0.0,0.0,0.0,0.0,0.0056,0.0284,0.00049,0.00062,0.005,0.085,0.00096,0.0,0.0,0.00002,0.008
27314344,0.0,0.0,0.0,0.00015,0.00016,0.0147,0.00081,0.0024,0.00015,0.0,0.00002,0.00002,0.00006,0.00049,0.0,0.00018,0.0017,0.00017,0.0015,0.00006,0.00005,0.0018,0.00017,0.00045,0.0,0.00004,0.00034,0.00001,0.0,0.00017,0.00057,0.00002,0.00029,0.0018,0.00001,0.0,0.0,0.0,0.0112,0.00084,0.0021,0.00033,0.0062,0.0017,0.9671,0.00003,0.00063,0.00002,0.00077
27440364,0.00003,0.00002,0.0001,0.0046,0.0026,0.0013,0.0282,0.0024,0.00023,0.00001,0.00001,0.00023,0.00007,0.0023,0.0,0.00018,0.0017,0.00019,0.0269,0.00024,0.0016,0.0066,0.00034,0.003,0.0,0.00015,0.00009,0.0,0.0,0.0032,0.0024,0.00006,0.00071,0.0183,0.0992,0.00003,0.00013,0.0,0.0028,0.0013,0.00032,0.0016,0.0071,0.0033,0.0942,0.0,0.0,0.00001,0.00061
28128654,0.0,0.0,0.0,0.0023,0.00064,0.0147,0.0175,0.0239,0.0027,0.00005,0.00002,0.0012,0.00002,0.9013,0.0,0.00022,0.00068,0.00017,0.0025,0.00099,0.00006,0.0402,0.0,0.0003,0.0,0.0,0.00017,0.00002,0.0,0.00039,0.0419,0.00023,0.00029,0.0143,0.00015,0.0,0.0,0.00004,0.033,0.0647,0.00049,0.00084,0.0071,0.0099,0.0162,0.0,0.00002,0.00004,0.00041
28248914,0.0,0.0,0.0,0.0,0.9865,0.00018,0.0,0.00013,0.00015,0.0,0.0,0.0,0.00002,0.0,0.0,0.0,0.0,0.00017,0.00021,0.00006,0.00002,0.0759,0.0,0.0,0.0,0.0,0.00004,0.0,0.0,0.0119,0.00013,0.0,0.00014,0.0012,0.0,0.0,0.0,0.0,0.0254,0.00027,0.00012,0.0,0.0,0.0013,0.8787,0.0,0.9975,0.00002,0.00006
28319054,0.0,0.0,0.0,0.4652,0.00016,0.0022,0.0282,0.017,0.00023,0.0,0.00001,0.0,0.00006,0.0592,0.0,0.00016,0.00015,0.00004,0.00065,0.0005,0.00003,0.0029,0.00005,0.00027,0.0,0.0,0.00009,0.0,0.0,0.0053,0.00077,0.00002,0.0026,0.0018,0.00001,0.0,0.0,0.00003,0.00067,0.0026,0.00032,0.00054,0.0074,0.2539,0.00096,0.0,0.0,0.00004,0.00054
28333604,0.0,0.0,0.0,0.006,0.00064,0.00073,0.0175,0.0133,0.00037,0.0,0.0,0.00004,0.00007,0.9013,0.00002,0.00016,0.0,0.00034,0.0025,0.00034,0.00014,0.0123,0.00017,0.00026,0.0,0.0,0.019,0.0,0.0,0.0025,0.0024,0.00006,0.00014,0.0292,0.00001,0.0,0.0,0.0,0.0205,0.0133,0.00026,0.0169,0.0167,0.0274,0.0013,0.0,0.0,0.00002,0.0097
28362884,0.0,0.0,0.0,0.00072,0.0246,0.0071,0.1021,0.2868,0.00015,0.00005,0.00002,0.00008,0.0011,0.003,0.0,0.00022,0.00015,0.00017,0.0635,0.0007,0.00002,0.1279,0.00017,0.00045,0.0,0.0,0.00009,0.00002,0.0,0.001,0.0012,0.00045,0.00029,0.0364,0.00001,0.0,0.00002,0.00004,0.1043,0.5288,0.00015,0.00009,0.0648,0.0041,0.0858,0.0,0.0,0.00001,0.00041
28954634,0.0,0.00002,0.0011,0.0034,0.9741,0.0008,0.0031,0.0016,0.00023,0.00001,0.00001,0.00023,0.00006,0.0023,0.0,0.00024,0.00068,0.00017,0.0017,0.00059,0.00005,0.0055,0.00036,0.00073,0.0,0.00004,0.00055,0.00002,0.00006,0.0053,0.0016,0.00003,0.00029,0.00061,0.00024,0.00065,0.00004,0.00003,0.004,0.0013,0.00036,0.00054,0.002,0.0014,0.1981,0.0,0.0,0.0002,0.00041
29450954,0.0,0.0,0.0,0.0088,0.00033,0.0011,0.0598,0.2209,0.00015,0.00001,0.0,0.00008,0.0007,0.014,0.0,0.00008,0.0001,0.0,0.00056,0.00022,0.00002,0.0654,0.0005,0.00045,0.0,0.0,0.0034,0.0,0.0,0.00013,0.1305,0.00006,0.00029,0.008,0.00001,0.0,0.0,0.0,0.004,0.0249,0.00032,0.00009,0.00081,0.1782,0.0021,0.0,0.0,0.00004,0.00054
29501684,0.0,0.0,0.00001,0.0029,0.00064,0.0013,0.0039,0.0045,0.00062,0.00019,0.00003,0.00002,0.00006,0.0023,0.0,0.0013,0.0114,0.00017,0.0035,0.0015,0.00016,0.0029,0.00008,0.00067,0.0,0.0,0.00034,0.00001,0.0,0.0111,0.0017,0.00002,0.00071,0.008,0.00001,0.0,0.0,0.0,0.004,0.0018,0.0129,0.0056,0.0978,0.0014,0.0025,0.0,0.0,0.00001,0.00054
30108144,0.00003,0.0,0.0001,0.0029,0.0083,0.0027,0.006,0.0197,0.00023,0.00019,0.00003,0.00002,0.00006,0.0017,0.0,0.00079,0.0022,0.00017,0.0019,0.00008,0.00005,0.0023,0.00005,0.00056,0.0,0.0,0.00034,0.0,0.0,0.0026,0.0024,0.00002,0.00097,0.0017,0.00001,0.00005,0.0,0.0,0.0023,0.0026,0.00099,0.0015,0.002,0.0017,0.049,0.0,0.0,0.00004,0.00023
30160814,0.0,0.0,0.0,0.0203,0.0069,0.0011,0.0385,0.0088,0.00015,0.0,0.0,0.00002,0.00006,0.0018,0.0,0.0013,0.00026,0.00017,0.0077,0.0025,0.00005,0.0224,0.00005,0.00045,0.0,0.0,0.00009,0.00002,0.0,0.00033,0.076,0.0,0.00029,0.0143,0.00001,0.0,0.00004,0.0,0.0044,0.769,0.00032,0.00054,0.2584,0.0183,0.0021,0.0,0.0,0.00008,0.00023
30216654,0.0,0.0,0.0,0.006,0.0033,0.0225,0.0089,0.5938,0.0012,0.0,0.00001,0.00006,0.00039,0.0202,0.0,0.00024,0.0001,0.00017,0.0437,0.00024,0.00002,0.2107,0.00034,0.00026,0.0,0.0,0.00004,0.00002,0.0,0.00013,0.0039,0.0043,0.00029,0.0621,0.00001,0.00003,0.0,0.0,0.0056,0.8364,0.00012,0.00006,0.0028,0.1504,0.0096,0.0,0.0,0.00016,0.0018
30232364,0.0,0.0,0.00001,0.00072,0.00033,0.0119,0.2712,0.0024,0.0027,0.00005,0.00002,0.00002,0.0115,0.004,0.0,0.00079,0.0013,0.0019,0.0323,0.00057,0.00005,0.0075,0.00049,0.001,0.00002,0.0,0.0051,0.00002,0.0,0.0013,0.0024,0.00003,0.00029,0.0233,0.00094,0.00003,0.00004,0.0,0.0019,0.0151,0.0236,0.0407,0.0499,0.0099,0.0013,0.00003,0.00002,0.00014,0.00054
30270144,0.0,0.0,0.00001,0.0017,0.1574,0.00052,0.1368,0.0596,0.00023,0.0,0.00002,0.00002,0.00006,0.0072,0.0,0.0017,0.00021,0.00038,0.1224,0.7732,0.00005,0.0079,0.00004,0.00067,0.0,0.0,0.00035,0.00002,0.0,0.0018,0.00095,0.00002,0.00014,0.0364,0.00001,0.0,0.00004,0.00004,0.0314,0.8364,0.00026,0.00023,0.0261,0.1121,0.0385,0.0,0.0,0.00002,0.002
30776324,0.0,0.0,0.0,0.00072,0.001,0.0518,0.9651,0.0015,0.0093,0.00005,0.00002,0.00008,0.00006,0.0059,0.0,0.0357,0.00015,0.00019,0.0025,0.8621,0.00002,0.0314,0.00004,0.00045,0.0,0.0,0.0003,0.00001,0.0,0.00039,0.0024,0.00002,0.00034,0.0645,0.0,0.0,0.0,0.0,0.0044,0.0498,0.0019,0.8148,0.0499,0.0099,0.0025,0.00003,0.0,0.00002,0.0011
30799274,0.0,0.0,0.0001,0.006,0.0038,0.0061,0.0138,0.0035,0.00037,0.00005,0.00001,0.00023,0.00006,0.003,0.0,0.00037,0.00068,0.00075,0.0063,0.0004,0.00006,0.0075,0.0044,0.008,0.0,0.0,0.00091,0.0006,0.0,0.00079,0.0017,0.00006,0.00034,0.008,0.00015,0.00003,0.00003,0.0,0.0014,0.0029,0.0021,0.0016,0.015,0.0059,0.0217,0.00003,0.0,0.00004,0.00077
30893594,0.00003,0.00002,0.0001,0.002,0.0121,0.0013,0.025,0.0015,0.0012,0.00005,0.00001,0.00023,0.00006,0.00075,0.0,0.00024,0.0047,0.00038,0.0016,0.00057,0.00005,0.0159,0.00027,0.0019,0.0,0.00015,0.00034,0.00004,0.0,0.0074,0.00077,0.00003,0.00023,0.0014,0.00015,0.00003,0.0,0.00004,0.0028,0.0013,0.0012,0.00084,0.0074,0.0014,0.0077,0.00003,0.0,0.00004,0.00061
31196824,0.0,0.0,0.0,0.00072,0.0023,0.0035,0.0757,0.0133,0.00037,0.00011,0.00045,0.00023,0.00006,0.00063,0.0,0.0013,0.0047,0.00017,0.00095,0.00024,0.00014,0.00031,0.0037,0.00026,0.0,0.0,0.00092,0.0,0.0,0.00039,0.0048,0.00003,0.00029,0.0047,0.00001,0.0,0.0,0.00004,0.0195,0.0036,0.0012,0.0023,0.00099,0.0986,0.9676,0.0,0.00004,0.00003,0.00023
31478214,0.0,0.00002,0.0,0.0203,0.0023,0.00052,0.0757,0.0024,0.0011,0.00005,0.00003,0.0125,0.00006,0.0748,0.0,0.00071,0.00026,0.00038,0.0025,0.0007,0.00006,0.035,0.00017,0.00045,0.0,0.0,0.0079,0.00002,0.0,0.00079,0.0039,0.00002,0.0075,0.008,0.00015,0.00003,0.00002,0.00004,0.0247,0.0521,0.00032,0.0056,0.0821,0.0054,0.0096,0.0,0.0,0.00004,0.00077
1052765,0.00005,0.0,0.0011,0.0203,0.0042,0.0011,0.0056,0.0088,0.0053,0.00082,0.00007,0.0001,0.00039,0.0017,0.0,0.00022,0.0019,0.00034,0.013,0.00024,0.00005,0.0101,0.00034,0.0011,0.00002,0.00015,0.00039,0.00004,0.00006,0.00054,0.0013,0.00017,0.00071,0.0018,0.0076,0.00065,0.00013,0.00003,0.0013,0.0026,0.0021,0.0064,0.0033,0.0041,0.0121,0.0,0.0,0.00004,0.0011
3480684,0.0,0.0,0.0,0.2404,0.001,0.00087,0.0531,0.0247,0.00015,0.00005,0.00002,0.00006,0.00006,0.0072,0.0,0.00079,0.00026,0.0011,0.00056,0.00057,0.00005,0.5921,0.00011,0.0003,0.0,0.0,0.00017,0.00036,0.0,0.00033,0.0595,0.0079,0.00029,0.0018,0.00001,0.0,0.0,0.00004,0.0019,0.009,0.001,0.0032,0.00099,0.0052,0.00071,0.0,0.0,0.00004,0.00013
3283314,0.0,0.0,0.0,0.0034,0.0617,0.0315,0.1021,0.0386,0.00023,0.00001,0.00001,0.00002,0.0007,0.0039,0.0,0.00094,0.0013,0.00039,0.0019,0.00099,0.00002,0.1918,0.00017,0.00045,0.0,0.0,0.00017,0.00004,0.0,0.0004,0.0343,0.00002,0.00029,0.0029,0.00001,0.0,0.0,0.00018,0.00089,0.02,0.025,0.0064,0.002,0.8888,0.0013,0.0,0.0,0.00003,0.00013
2186274,0.0,0.0,0.0,0.0061,0.0033,0.3949,0.675,0.00069,0.00073,0.00001,0.00002,0.00002,0.00002,0.0023,0.00002,0.0122,0.0013,0.0021,0.007,0.00022,0.00057,0.0048,0.00004,0.0003,0.00002,0.0,0.00017,0.00002,0.0,0.0111,0.00076,0.00003,0.00014,0.0532,0.00001,0.0,0.0,0.00004,0.0019,0.1869,0.0902,0.6228,0.002,0.0099,0.00096,0.0,0.0,0.0,0.00006
2366164,0.0,0.00002,0.0021,0.0029,0.035,0.0035,0.006,0.0024,0.00023,0.00005,0.00002,0.0014,0.00006,0.0023,0.0,0.00024,0.0026,0.00019,0.0018,0.0005,0.0016,0.0224,0.00017,0.0025,0.0,0.00004,0.00091,0.00003,0.0,0.00039,0.0017,0.00017,0.00071,0.0029,0.00015,0.00003,0.0,0.0,0.0079,0.0026,0.0021,0.00084,0.0055,0.0183,0.8239,0.0,0.0,0.00001,0.00054
2047094,0.00003,0.0,0.0001,0.0013,0.9398,0.0017,0.006,0.00069,0.00059,0.00005,0.00002,0.00065,0.00006,0.00075,0.0,0.00022,0.00068,0.00038,0.00065,0.00024,0.00006,0.0112,0.00005,0.0003,0.0,0.0,0.00091,0.00001,0.0,0.0013,0.00095,0.00003,0.00023,0.00061,0.00015,0.00005,0.00004,0.00003,0.0044,0.0013,0.00032,0.0012,0.00099,0.0037,0.1331,0.0,0.0,0.00008,0.00023
7732774,0.0,0.0,0.00007,0.0583,0.0052,0.0061,0.0326,0.0024,0.00037,0.00005,0.00002,0.00008,0.00007,0.0023,0.0,0.00024,0.0012,0.0011,0.0017,0.00024,0.00005,0.0207,0.00017,0.00067,0.0,0.0,0.00017,0.00016,0.0,0.0018,0.00057,0.00017,0.00029,0.0063,0.00009,0.00003,0.00004,0.00004,0.0152,0.0058,0.0072,0.0032,0.0098,0.0014,0.0121,0.00003,0.0,0.00002,0.00013
10181464,0.00003,0.0,0.0001,0.006,0.0083,0.0071,0.0097,0.003,0.00062,0.00023,0.00007,0.00078,0.00039,0.004,0.0,0.00022,0.0013,0.0013,0.0025,0.00099,0.00076,0.0048,0.00017,0.0019,0.00014,0.00015,0.0079,0.00004,0.00006,0.00054,0.0017,0.00006,0.00071,0.0029,0.0024,0.00076,0.0,0.0,0.0074,0.0053,0.0045,0.0023,0.005,0.0023,0.0385,0.00003,0.0,0.00002,0.00023
9782544,0.0,0.0,0.00001,0.006,0.0033,0.0008,0.5,0.0035,0.00023,0.00005,0.00001,0.00008,0.0018,0.0072,0.0,0.0013,0.00021,0.00075,0.0031,0.00093,0.00014,0.0017,0.00004,0.0019,0.0,0.0,0.00034,0.00004,0.0,0.0032,0.0048,0.00003,0.00086,0.0012,0.00001,0.0,0.00002,0.00004,0.0074,0.007,0.0021,0.5875,0.0261,0.0248,0.0052,0.0,0.0,0.00008,0.00051
9874554,0.0,0.0,0.0001,0.00072,0.8583,0.0315,0.0056,0.003,0.00062,0.00001,0.0,0.00006,0.00006,0.00063,0.0,0.00022,0.0013,0.00038,0.0046,0.00024,0.00005,0.2107,0.00017,0.00026,0.0,0.00004,0.00091,0.00004,0.0,0.0053,0.00095,0.00002,0.0014,0.0047,0.00015,0.00003,0.00004,0.0,0.0019,0.003,0.00099,0.0013,0.0204,0.0112,0.0225,0.0,0.00002,0.00003,0.00013
10562114,0.00005,0.00002,0.0068,0.0034,0.0246,0.0027,0.0177,0.003,0.0015,0.00021,0.00001,0.00008,0.00007,0.0039,0.0,0.00037,0.0075,0.00038,0.0041,0.0004,0.00006,0.0055,0.00017,0.0132,0.00002,0.0034,0.00017,0.00024,0.00006,0.0053,0.0016,0.00006,0.00086,0.0047,0.0024,0.00088,0.00048,0.00003,0.0028,0.0026,0.00099,0.0018,0.0074,0.0062,0.0544,0.0,0.0,0.00002,0.00044
10605924,0.0,0.0,0.0,0.0015,0.9497,0.00052,0.006,0.0016,0.00023,0.00005,0.00002,0.00008,0.00006,0.005,0.0,0.00024,0.0013,0.00017,0.00056,0.00006,0.00005,0.1228,0.00017,0.00045,0.0,0.0,0.00009,0.00024,0.0,0.001,0.00057,0.0,0.00023,0.0047,0.00001,0.00003,0.00002,0.00004,0.0194,0.0064,0.0019,0.00084,0.0027,0.0393,0.0021,0.0,0.0,0.00002,0.00077
10708274,0.0,0.0,0.00001,0.00093,0.0035,0.0071,0.7908,0.0016,0.00015,0.0,0.00001,0.00078,0.00039,0.014,0.0,0.0265,0.0047,0.00017,0.00065,0.0005,0.00005,0.0207,0.001,0.0019,0.0,0.0,0.00017,0.00002,0.0,0.00039,0.0012,0.00006,0.00023,0.0033,0.00024,0.00003,0.00002,0.00004,0.0074,0.0151,0.0012,0.0323,0.0027,0.0023,0.00096,0.0,0.0,0.00004,0.00022
10080554,0.0,0.0,0.0,0.0357,0.0052,0.0011,0.0175,0.0088,0.00015,0.00005,0.00002,0.00023,0.00064,0.0023,0.0,0.0013,0.00021,0.00039,0.0046,0.00016,0.00002,0.0352,0.00004,0.00026,0.0,0.0,0.00009,0.0,0.0,0.001,0.0089,0.00002,0.00071,0.0047,0.00001,0.00003,0.0,0.0,0.0028,0.0053,0.0096,0.0018,0.002,0.0025,0.0013,0.0,0.0,0.00002,0.00023
10207284,0.00005,0.0,0.0016,0.0046,0.0052,0.0034,0.0175,0.0049,0.0015,0.00005,0.00003,0.0014,0.00007,0.0179,0.00002,0.00024,0.0047,0.0013,0.0031,0.00024,0.005,0.0899,0.00034,0.008,0.0,0.00004,0.0417,0.00004,0.0,0.001,0.0024,0.00006,0.0042,0.0063,0.00001,0.00065,0.0,0.00004,0.007,0.009,0.0019,0.0016,0.0648,0.039,0.5654,0.0,0.0,0.00002,0.00051
10429004,0.0,0.0,0.0,0.0379,0.0023,0.0071,0.0147,0.0017,0.00015,0.00005,0.00002,0.0,0.00002,0.0202,0.0,0.00018,0.0001,0.00039,0.00065,0.00016,0.00003,0.1862,0.00004,0.001,0.0,0.0,0.00009,0.00002,0.0,0.001,0.0039,0.00017,0.0016,0.1538,0.00001,0.0,0.0,0.00004,0.0044,0.0249,0.004,0.001,0.0062,0.0986,0.0013,0.0,0.00027,0.00004,0.0324
10470554,0.00003,0.00002,0.0,0.0023,0.00049,0.0011,0.00081,0.0016,0.00023,0.00005,0.00002,0.00002,0.00002,0.00075,0.0,0.00037,0.00034,0.00038,0.0025,0.00016,0.00003,0.0055,0.0,0.00045,0.0,0.00004,0.00021,0.0006,0.0,0.00013,0.00013,0.00002,0.00071,0.0012,0.00032,0.00003,0.00004,0.0,0.00089,0.009,0.004,0.00023,0.0028,0.0014,0.9767,0.0,0.0,0.0,0.00013
10481774,0.0,0.0,0.0,0.0039,0.155,0.0022,0.0175,0.0022,0.00015,0.00005,0.00002,0.00008,0.00007,0.0014,0.0,0.00008,0.00021,0.00071,0.0063,0.0052,0.00006,0.1379,0.00005,0.00045,0.0,0.0,0.00034,0.00004,0.0,0.00013,0.0039,0.00003,0.00071,0.0029,0.00001,0.0,0.0,0.00028,0.0023,0.0498,0.00047,0.0064,0.0055,0.1319,0.0121,0.0,0.0,0.00002,0.0017
11172874,0.00003,0.0,0.0,0.0003,0.00016,0.0011,0.0361,0.003,0.00015,0.00001,0.00002,0.00078,0.00006,0.0023,0.0,0.00024,0.0012,0.00019,0.00065,0.00022,0.00002,0.00031,0.00005,0.00027,0.0,0.0,0.00009,0.00002,0.0,0.00033,0.0012,0.00002,0.00023,0.008,0.00009,0.0,0.0,0.00004,0.0,0.0026,0.00049,0.0042,0.0227,0.00063,0.9179,0.0,0.0,0.00073,0.00013
11318884,0.0,0.0,0.00001,0.006,0.0121,0.0089,0.5249,0.0185,0.00015,0.00001,0.00003,0.00006,0.0011,0.014,0.0,0.0053,0.00026,0.00017,0.0041,0.0018,0.00003,0.0101,0.00011,0.00045,0.0,0.0,0.00009,0.00002,0.0,0.0019,0.0024,0.00003,0.0026,0.0428,0.00001,0.0,0.00004,0.00004,0.0028,0.003,0.00026,0.033,0.0227,0.0023,0.0077,0.0,0.0,0.00004,0.00051
12027574,0.00005,0.0,0.0001,0.0016,0.8583,0.0022,0.0175,0.0063,0.0012,0.00021,0.0021,0.00023,0.00065,0.003,0.0,0.00079,0.0013,0.00038,0.0035,0.00099,0.00006,0.0119,0.00005,0.0034,0.00002,0.00004,0.00017,0.00025,0.0,0.001,0.0048,0.00006,0.00029,0.0022,0.00015,0.00076,0.00004,0.00066,0.0079,0.0058,0.0012,0.002,0.0031,0.0054,0.0323,0.0,0.0,0.00004,0.00054
12045804,0.0,0.0,0.0,0.0034,0.0033,0.00052,0.0326,0.0035,0.00037,0.0,0.00002,0.00008,0.00006,0.0162,0.0,0.00024,0.00026,0.0028,0.1971,0.0005,0.00014,0.0035,0.00011,0.00026,0.0,0.0,0.0034,0.0,0.0,0.00039,0.00077,0.00006,0.00029,0.0014,0.00001,0.0,0.0,0.00003,0.0079,0.0179,0.00099,0.00084,0.0097,0.2403,0.0013,0.0,0.0,0.00002,0.0011
14604504,0.0,0.0,0.0,0.0015,0.0069,0.0225,0.0985,0.009,0.00023,0.00082,0.00007,0.00002,0.0007,0.00049,0.0,0.0017,0.006,0.00075,0.0025,0.00089,0.00006,0.0415,0.00036,0.00067,0.00014,0.0,0.00017,0.00025,0.0,0.00054,0.0039,0.00023,0.006,0.0143,0.00001,0.00005,0.0,0.00018,0.0079,0.0249,0.00032,0.0056,0.002,0.0274,0.6615,0.0,0.0,0.00001,0.0018
14605324,0.0,0.0,0.0,0.0095,0.001,0.0325,0.7908,0.0088,0.00023,0.0,0.00002,0.0,0.0032,0.0023,0.0,0.00037,0.0001,0.00004,0.007,0.00022,0.00002,0.3057,0.00027,0.0003,0.0,0.0,0.00009,0.0,0.0,0.00054,0.0786,0.0,0.00029,0.1,0.00001,0.0,0.0,0.0,0.0655,0.8849,0.00012,0.00054,0.0027,0.0054,0.00096,0.0,0.0,0.00002,0.0087
15465624,0.00003,0.0,0.00001,0.0046,0.035,0.0011,0.0282,0.017,0.0274,0.00011,0.00002,0.00004,0.00039,0.00075,0.0,0.00018,0.00068,0.00034,0.0046,0.00024,0.00006,0.0112,0.00004,0.00045,0.0,0.0,0.00091,0.00024,0.0,0.0013,0.0012,0.00003,0.00086,0.0035,0.00015,0.0002,0.0,0.00004,0.0152,0.0013,0.0129,0.002,0.0131,0.0054,0.0544,0.0,0.0,0.00002,0.00022
15495104,0.0,0.0,0.0,0.0003,0.00016,0.6548,0.0039,0.003,0.00015,0.0,0.00001,0.00002,0.00006,0.00041,0.0,0.00008,0.00015,0.00017,0.0018,0.00024,0.0,0.0003,0.00005,0.0,0.0,0.0,0.0,0.00024,0.0,0.00013,0.00013,0.00002,0.9147,0.0,0.00001,0.0,0.0,0.0,0.0013,0.0,0.0021,0.00006,0.00072,0.00083,0.9741,0.0,1.0,0.0,0.00013
15555724,0.0,0.0,0.0,0.002,0.00049,0.0035,0.7908,0.0049,0.00023,0.00001,0.00001,0.00008,0.0156,0.0017,0.0,0.0265,0.00021,0.00071,0.0025,0.00033,0.00002,0.3313,0.00027,0.0019,0.0,0.0,0.00004,0.0,0.0,0.00054,0.01,0.00023,0.00071,0.8263,0.00001,0.0,0.0,0.0,0.004,0.0521,0.00032,0.033,0.0108,0.0014,0.0062,0.0,0.00002,0.00003,0.00006
15775874,0.0,0.0,0.0,0.0023,0.0035,0.0119,0.7908,0.0133,0.00015,0.00001,0.00001,0.00006,0.00039,0.0072,0.0,0.0013,0.0013,0.0011,0.0391,0.00093,0.00003,0.2042,0.00004,0.0003,0.0,0.0,0.00009,0.00002,0.0,0.0001,0.0039,0.0012,0.00029,0.0063,0.00001,0.00003,0.0,0.00003,0.0112,0.0647,0.0012,0.0016,0.0031,0.0316,0.0077,0.0,0.0,0.00002,0.002
16392974,0.00003,0.0,0.0001,0.00072,0.001,0.0225,0.8393,0.0024,0.0027,0.00019,0.00003,0.00023,0.00039,0.0017,0.0,0.0265,0.00039,0.00019,0.0025,0.0044,0.00006,0.1166,0.00011,0.00056,0.0,0.0,0.0003,0.00025,0.0,0.0018,0.0016,0.00017,0.0029,0.8263,0.00024,0.00003,0.00004,0.00003,0.0182,0.0029,0.0368,0.7832,0.0033,0.0112,0.024,0.00003,0.0,0.00004,0.00023
16553564,0.00005,0.00002,0.0001,0.0426,0.0014,0.0027,0.0468,0.5938,0.0027,0.00005,0.00002,0.0012,0.00006,0.0281,0.0,0.00037,0.00068,0.00017,0.007,0.00089,0.00006,0.5921,0.00005,0.00045,0.0,0.0,0.00055,0.00016,0.0,0.00079,0.0542,0.00006,0.00086,0.0292,0.00015,0.00063,0.00003,0.00003,0.6231,0.0874,0.0021,0.0077,0.0098,0.0099,0.0048,0.0,0.0,0.0002,0.0031
16401854,0.00005,0.0,0.00018,0.0015,0.8583,0.0035,0.0138,0.0287,0.004,0.00021,0.00043,0.00004,0.00006,0.0041,0.0,0.00024,0.0026,0.00017,0.00095,0.00024,0.00005,0.0099,0.00049,0.00061,0.00002,0.0,0.00034,0.00024,0.0,0.0013,0.01,0.00003,0.0026,0.0033,0.00015,0.00033,0.00013,0.00004,0.0368,0.0133,0.0045,0.0015,0.0027,0.0062,0.7151,0.0,0.0,0.00002,0.00013
17959504,0.0,0.0,0.0,0.0095,0.0052,0.0034,0.0089,0.0015,0.00015,0.00005,0.00007,0.0,0.00006,0.0039,0.0,0.00024,0.00021,0.00075,0.007,0.0018,0.00003,0.00081,0.0,0.00045,0.0,0.0,0.00034,0.00002,0.0,0.00033,0.00095,0.00002,0.00029,0.0012,0.00015,0.00003,0.00004,0.00003,0.0028,0.0013,0.0129,0.001,0.0499,0.0023,0.0035,0.0,0.00002,0.00004,0.0018
17241214,0.0,0.0,0.0,0.0039,0.8583,0.0011,0.0175,0.0049,0.00015,0.00001,0.00001,0.00023,0.00006,0.0271,0.0,0.00008,0.0,0.00071,0.0017,0.00033,0.00002,0.5921,0.00008,0.0003,0.0,0.0,0.00017,0.00001,0.0,0.0001,0.003,0.0,0.00029,0.0113,0.00001,0.00003,0.0,0.0,0.00053,0.0498,0.00032,0.00023,0.00072,0.0506,0.0062,0.0,0.0,0.00002,0.00013
18229504,0.0,0.0,0.0,0.1056,0.0023,0.0011,0.0133,0.0133,0.00015,0.00001,0.00001,0.0014,0.00006,0.0683,0.0,0.00037,0.00068,0.00038,0.0035,0.0005,0.00005,0.0207,0.00036,0.00026,0.0,0.0,0.00091,0.00001,0.0,0.00017,0.0048,0.00006,0.00071,0.008,0.00001,0.0,0.0,0.00003,0.0152,0.0151,0.00099,0.0077,0.005,0.0239,0.0106,0.0,0.0,0.00004,0.00061
18042234,0.0,0.0,0.00001,0.0029,0.163,0.0061,0.0147,0.0133,0.00023,0.00005,0.00003,0.00023,0.0007,0.0072,0.0,0.0013,0.00068,0.00038,0.007,0.0004,0.00002,0.1414,0.00027,0.0043,0.0,0.0,0.00055,0.00004,0.0,0.0018,0.1305,0.00017,0.00097,0.025,0.00001,0.00003,0.00002,0.00004,0.0182,0.0026,0.0012,0.0032,0.0046,0.0393,0.0385,0.0,0.0,0.00016,0.00077
18982754,0.00003,0.0,0.00049,0.0268,0.001,0.0035,0.0147,0.0049,0.00023,0.0,0.00001,0.00078,0.0007,0.0066,0.0,0.0013,0.00068,0.00039,0.7835,0.00024,0.00076,0.0123,0.00004,0.00045,0.0,0.0,0.00009,0.0006,0.0,0.0053,0.0712,0.00006,0.00023,0.0028,0.00015,0.00005,0.00004,0.0,0.0015,0.003,0.0012,0.033,0.0033,0.0506,0.00086,0.0,0.0,0.00002,0.00077
18802664,0.0,0.0,0.00001,0.0029,0.9816,0.0147,0.0031,0.0038,0.00062,0.00019,0.00002,0.00002,0.00006,0.0023,0.0,0.00008,0.00021,0.00017,0.0046,0.00016,0.00003,0.0415,0.00027,0.00026,0.0,0.0,0.00017,0.00002,0.0,0.0321,0.00057,0.00002,0.00071,0.0018,0.00009,0.0,0.00002,0.00004,0.0074,0.0013,0.00032,0.00033,0.002,0.0023,0.3779,0.0,0.0,0.00002,0.00013
19445364,0.0,0.0,0.00049,0.0029,0.0033,0.023,0.0075,0.082,0.00037,0.00005,0.00002,0.0001,0.00006,0.0271,0.0,0.00024,0.00068,0.00071,0.013,0.00057,0.00005,0.1115,0.00034,0.003,0.0,0.0,0.00017,0.00036,0.00006,0.0032,0.021,0.00003,0.00034,0.0292,0.00015,0.00003,0.00003,0.00034,0.0194,0.009,0.00099,0.0016,0.044,0.0986,0.0982,0.00003,0.0,0.00016,0.0017
19194374,0.00003,0.0,0.00001,0.0023,0.00049,0.00052,0.0192,0.014,0.00015,0.00005,0.00001,0.00023,0.00006,0.00049,0.0,0.0017,0.0098,0.00019,0.00065,0.00016,0.00005,0.0123,0.0323,0.00045,0.0,0.0,0.00009,0.00002,0.0,0.00079,0.00095,0.00003,0.00023,0.0113,0.00015,0.00003,0.0,0.0,0.0019,0.009,0.0021,0.0077,0.0071,0.0041,0.3353,0.0,0.00002,0.00003,0.00022
19491314,0.0,0.0,0.0,0.00015,0.0014,0.0061,0.0147,0.0035,0.00015,0.00082,0.00007,0.00023,0.00002,0.00041,0.0,0.00008,0.00068,0.00017,0.00065,0.00099,0.00002,0.0079,0.00008,0.00045,0.0,0.0,0.00009,0.0,0.0,0.0018,0.0146,0.00003,0.00097,0.0012,0.00001,0.00003,0.0,0.00003,0.0013,0.003,0.00047,0.0032,0.0112,0.0054,0.9741,0.00004,0.11,0.00002,0.00023
19558254,0.0,0.0,0.0,0.0029,0.001,0.0518,0.2162,0.0088,0.00015,0.0,0.0,0.0,0.0025,0.0072,0.0,0.00018,0.0,0.00017,0.00065,0.0031,0.00002,0.0224,0.00011,0.0,0.0,0.0,0.00091,0.0,0.0,0.0001,0.0066,0.00023,0.00056,0.0621,0.00001,0.0,0.0,0.0,0.00039,0.027,0.00099,0.0247,0.0071,0.0041,0.0513,0.0,0.00006,0.00002,0.00041
18978724,0.0,0.0,0.0,0.7592,0.0121,0.0027,0.0857,0.00069,0.00015,0.00005,0.00003,0.00023,0.0007,0.005,0.0,0.0013,0.00021,0.00038,0.007,0.0007,0.00002,0.0525,0.00004,0.0003,0.0,0.0,0.00091,0.00001,0.0,0.00079,0.00076,0.00017,0.00071,0.0532,0.00001,0.0,0.0,0.00004,0.077,0.1869,0.0129,0.0077,0.146,0.0506,0.0021,0.0,0.0,0.00002,0.00054
20593994,0.0,0.0,0.0001,0.0003,0.0042,0.00052,0.0,0.0025,0.00015,0.00005,0.00002,0.00004,0.00002,0.00075,0.0,0.00008,0.00021,0.00034,0.011,0.0018,0.00003,0.0048,0.00017,0.00073,0.0,0.0,0.00009,0.00024,0.0,0.00039,0.00057,0.00002,0.00071,0.0014,0.00001,0.0,0.00003,0.00004,0.0028,0.0026,0.0171,0.00006,0.0845,0.0054,0.0035,0.0,0.0,0.00004,0.00054
20236174,0.0,0.0,0.0,0.006,0.6166,0.0061,0.4746,0.1456,0.00023,0.00005,0.00001,0.00002,0.00039,0.003,0.0,0.00024,0.00026,0.00034,0.0077,0.00057,0.00005,0.0207,0.0,0.0003,0.0,0.0,0.00034,0.00004,0.0,0.0053,0.0039,0.00006,0.00029,0.0183,0.00001,0.0,0.0,0.00003,0.0079,0.0212,0.0096,0.0032,0.0071,0.0393,0.0062,0.0,0.0,0.00002,0.00077
20565924,0.0,0.0,0.0,0.1114,0.0821,0.0012,0.0175,0.0987,0.00023,0.00001,0.00001,0.00002,0.00039,0.0023,0.0,0.00024,0.00026,0.00017,0.007,0.00099,0.00002,0.0123,0.0313,0.00045,0.0,0.0,0.00009,0.00016,0.0,0.0018,0.0024,0.00003,0.00034,0.0532,0.00015,0.0,0.0,0.0,0.0254,0.0151,0.00047,0.002,0.0261,0.0393,0.0021,0.0,0.0,0.00004,0.00054
21303234,0.00003,0.0,0.0021,0.0029,0.001,0.0035,0.0016,0.003,0.00062,0.0,0.00007,0.0034,0.00006,0.0383,0.0,0.00024,0.0013,0.00017,0.007,0.0004,0.0016,0.0029,0.00017,0.003,0.0,0.0,0.1169,0.00003,0.0,0.00013,0.0016,0.00002,0.00086,0.0022,0.00015,0.00076,0.00022,0.00003,0.0015,0.0026,0.0019,0.00054,0.005,0.0099,0.0171,0.00003,0.00004,0.00001,0.00022
21574124,0.0,0.0,0.0001,0.0029,0.9497,0.00095,0.0138,0.003,0.00015,0.00005,0.00002,0.00023,0.00007,0.0023,0.0,0.00016,0.00021,0.00034,0.0025,0.00022,0.00005,0.0123,0.00017,0.00045,0.0,0.0,0.00009,0.00001,0.0,0.0039,0.0039,0.00003,0.0016,0.0063,0.00001,0.00003,0.00003,0.00004,0.0112,0.007,0.00049,0.00084,0.0043,0.1121,0.0162,0.0,0.0,0.00002,0.00023
21396684,0.0,0.0,0.0,0.0123,0.0012,0.0008,0.1253,0.0054,0.00023,0.00005,0.00002,0.00002,0.0011,0.00063,0.0,0.1256,0.00021,0.0011,0.0063,0.0018,0.00014,0.0018,0.0,0.00027,0.00002,0.0,0.00034,0.00024,0.0,0.00039,0.0012,0.00003,0.00029,0.0143,0.00001,0.0,0.0,0.0,0.0079,0.0249,0.0065,0.0635,0.015,0.0201,0.0096,0.0,0.0,0.00001,0.00023
22377864,0.00005,0.00002,0.0164,0.0017,0.2573,0.0012,0.0361,0.0088,0.00062,0.00021,0.00002,0.0012,0.00006,0.0059,0.0,0.00037,0.0019,0.00038,0.0018,0.00057,0.00005,0.0123,0.00027,0.0038,0.0,0.00015,0.00009,0.00036,0.0,0.0018,0.0024,0.00006,0.00071,0.0047,0.00094,0.00063,0.0018,0.00004,0.0152,0.009,0.00099,0.0042,0.0027,0.0099,0.8239,0.00003,0.0,0.00004,0.00022
22309074,0.0,0.0,0.00001,0.0426,0.001,0.0022,0.0165,0.0088,0.00023,0.00005,0.00002,0.00006,0.00006,0.0023,0.0,0.0023,0.00068,0.0021,0.0187,0.00099,0.00016,0.004,0.0,0.00085,0.0,0.0,0.00092,0.00002,0.0,0.0018,0.0089,0.00003,0.00071,0.008,0.00001,0.0,0.00002,0.00004,0.0152,0.007,0.00047,0.0029,0.7544,0.0112,0.5622,0.0024,0.0383,0.00002,0.1526
22990044,0.0,0.0,0.0,0.0029,0.00064,0.0012,0.4746,0.0239,0.00015,0.0,0.00001,0.00002,0.00039,0.0072,0.0,0.00022,0.00021,0.00038,0.00065,0.0005,0.00002,0.0224,0.00034,0.00045,0.0,0.0,0.00017,0.00004,0.0,0.00013,0.0089,0.00017,0.00014,0.025,0.00001,0.0,0.0,0.0,0.0074,0.0201,0.00026,0.001,0.002,0.0099,0.0021,0.0,0.0001,0.00001,0.0017
23524624,0.0,0.0,0.0,0.0029,0.00064,0.0011,0.1021,0.0197,0.00015,0.0,0.00002,0.00004,0.00007,0.0072,0.0,0.00024,0.00021,0.00004,0.0035,0.00057,0.00005,0.0099,0.00049,0.00067,0.0,0.0,0.00009,0.00002,0.0,0.00033,0.0048,0.00017,0.00034,0.008,0.00001,0.0,0.0,0.0,0.0152,0.0133,0.00032,0.0505,0.00081,0.0183,0.0035,0.0,0.0,0.00004,0.00022
23352684,0.0,0.0,0.0,0.0061,0.0014,0.00094,0.0985,0.0088,0.00015,0.0,0.0,0.0,0.00039,0.0023,0.00002,0.0017,0.00068,0.00012,0.0063,0.0031,0.00005,0.1379,0.0005,0.00045,0.0,0.0,0.00009,0.00002,0.0,0.00013,0.00095,0.00003,0.00014,0.0824,0.00001,0.0,0.0,0.00004,0.6231,0.8364,0.00026,0.0016,0.0031,0.845,0.0025,0.0,0.0,0.0,0.0166
32552074,0.0,0.0,0.00001,0.0013,0.0246,0.014,0.3182,0.0049,0.0018,0.00005,0.00002,0.00023,0.0018,0.005,0.0,0.002,0.0013,0.0021,0.0213,0.5181,0.0048,0.0123,0.00005,0.00045,0.0,0.0,0.0143,0.00003,0.0,0.0039,0.0048,0.00006,0.0026,0.0074,0.00009,0.00003,0.0,0.00003,0.004,0.009,0.004,0.4665,0.0108,0.0041,0.0121,0.0,0.00006,0.00002,0.0013
19961324,0.00005,0.0,0.0024,0.006,0.0052,0.0057,0.0175,0.0054,0.0027,0.00005,0.00002,0.00023,0.00039,0.0048,0.0,0.0013,0.0075,0.00038,0.0095,0.00057,0.00051,0.0224,0.00027,0.003,0.0,0.00004,0.00091,0.0006,0.0,0.0053,0.0048,0.00006,0.0026,0.0029,0.00015,0.00063,0.00013,0.00003,0.0056,0.0026,0.0019,0.0042,0.0074,0.0099,0.8239,0.0,0.0,0.00001,0.00041
19996754,0.0,0.0,0.0,0.00045,0.0821,0.0022,0.7772,0.0088,0.00023,0.00005,0.00007,0.0012,0.00007,0.003,0.0,0.002,0.00021,0.00017,0.0025,0.00024,0.00003,0.0537,0.00004,0.00045,0.00002,0.0,0.00004,0.00002,0.0,0.0026,0.0039,0.00002,0.00086,0.0069,0.00001,0.00006,0.0,0.00004,0.004,0.0133,0.0021,0.0906,0.0027,0.0033,0.0171,0.0,0.00004,0.00002,0.00022
25062314,0.0,0.0,0.0001,0.006,0.0821,0.00052,0.0598,0.0015,0.0027,0.00021,0.00002,0.00002,0.00006,0.0066,0.0,0.00018,0.0047,0.00017,0.0035,0.0007,0.00051,0.0029,0.00005,0.00067,0.0,0.00004,0.00017,0.00024,0.00006,0.00079,0.001,0.00017,0.0042,0.0029,0.00001,0.0122,0.0,0.00003,0.00089,0.0053,0.0026,0.0032,0.005,0.0099,0.8239,0.0,0.00002,0.0,0.00041
25512674,0.0,0.0,0.0,0.00015,0.00049,0.023,0.9537,0.00042,0.00037,0.0,0.00001,0.00004,0.00039,0.003,0.0,0.00024,0.0026,0.00017,0.0131,0.3195,0.00076,0.0123,0.00017,0.0003,0.0,0.0,0.0055,0.0,0.0,0.0025,0.0024,0.00002,0.00097,0.0113,0.00001,0.0,0.0,0.0,0.0019,0.0026,0.0039,0.7939,0.0027,0.0011,0.0039,0.0,0.0,0.00001,0.0037
26166654,0.0,0.0,0.0,0.0117,0.0127,0.00052,0.0078,0.0024,0.0,0.0,0.00002,0.00002,0.00006,0.00041,0.0,0.00018,0.0013,0.00019,0.0015,0.0005,0.00051,0.0041,0.00005,0.00026,0.0,0.0,0.00009,0.00001,0.0,0.0002,0.00095,0.00017,0.00071,0.0017,0.00001,0.0,0.0,0.0,0.0396,0.0013,0.00099,0.00009,0.0045,0.0017,0.8613,0.0,0.0364,0.0,0.0
26169474,0.00027,0.0,0.0262,0.0203,0.0033,0.0147,0.0039,0.0045,0.00023,0.00005,0.00002,0.00008,0.00006,0.00049,0.0,0.00024,0.00026,0.0021,0.0041,0.00016,0.00005,0.0123,0.00011,0.0019,0.0,0.00004,0.0079,0.0027,0.0,0.0032,0.0016,0.00003,0.00071,0.0017,0.00015,0.0122,0.00022,0.0,0.0028,0.003,0.0019,0.00084,0.002,0.0248,0.6851,0.0,0.00056,0.00001,0.00023
27817014,0.0,0.0,0.00006,0.0095,0.001,0.0061,0.0324,0.0025,0.0011,0.00019,0.00001,0.00004,0.00007,0.0018,0.0,0.00071,0.0022,0.00038,0.0025,0.0005,0.00006,0.0029,0.00017,0.00056,0.0,0.00053,0.00009,0.00004,0.0,0.0081,0.0039,0.00006,0.00056,0.0014,0.0101,0.00003,0.00004,0.00004,0.0014,0.0013,0.0039,0.0013,0.036,0.0112,0.3353,0.0,0.0,0.00001,0.0011
28118304,0.0,0.0,0.0001,0.00093,0.0522,0.0147,0.0147,0.0024,0.00023,0.00036,0.00045,0.00078,0.00006,0.00041,0.0,0.00024,0.0022,0.00017,0.0018,0.00016,0.00002,0.0119,0.0015,0.00045,0.00002,0.0,0.00017,0.00024,0.0,0.0032,0.0048,0.00002,0.00086,0.0017,0.00015,0.00003,0.00004,0.0,0.0074,0.00084,0.00047,0.00023,0.0027,0.0015,0.9671,0.0,0.0087,0.00001,0.00023
28103414,0.0,0.0,0.0,0.0095,0.0012,0.00052,0.00076,0.0016,0.00015,0.00019,0.00007,0.00023,0.00002,0.004,0.0,0.00016,0.00021,0.00017,0.0019,0.00057,0.00002,0.0041,0.00005,0.00045,0.0,0.0,0.0045,0.00002,0.0,0.00033,0.0016,0.00002,0.8087,0.0014,0.00001,0.0,0.0,0.00004,0.0358,0.0026,0.00036,0.00033,0.008,0.0014,0.8239,0.00004,0.9786,0.00002,0.0017
26975614,0.00003,0.0,0.00006,0.0912,0.0033,0.0089,0.0648,0.0049,0.0015,0.00005,0.00002,0.00078,0.00064,0.0592,0.00002,0.0023,0.0047,0.00038,0.0018,0.0007,0.00002,0.0899,0.0081,0.00067,0.0,0.0,0.00009,0.00004,0.0,0.0119,0.0146,0.00023,0.0026,0.015,0.00015,0.00003,0.00004,0.00004,0.0028,0.009,0.0065,0.0247,0.0583,0.0442,0.0385,0.0,0.0,0.00004,0.00013
28637414,0.0,0.0,0.0,0.2117,0.00016,0.0027,0.0147,0.0386,0.00015,0.0,0.0,0.00002,0.00039,0.002,0.0,0.0168,0.00021,0.0,0.00056,0.00006,0.00002,0.0329,0.00011,0.00056,0.0,0.0,0.00017,0.0,0.0,0.0018,0.0012,0.00006,0.00034,0.0733,0.00001,0.0,0.0,0.0,0.027,0.4968,0.00012,0.0042,0.0033,0.1413,0.00045,0.0,0.0,0.00016,0.00013
28691134,0.0,0.0,0.0262,0.0095,0.0023,0.0013,0.0147,0.0386,0.00015,0.00005,0.00002,0.00023,0.00007,0.00091,0.0,0.00018,0.004,0.00017,0.0018,0.0015,0.0073,0.0018,0.00008,0.0019,0.0,0.0222,0.275,0.00002,0.0,0.0018,0.0066,0.00006,0.0014,0.0014,0.00001,0.0002,0.00004,0.0,0.0019,0.0151,0.00099,0.00058,0.0108,0.0986,0.3353,0.0,0.0,0.00002,0.00022
28923314,0.00003,0.0,0.0,0.00072,0.0023,0.00094,0.006,0.0015,0.00023,0.00001,0.00002,0.00002,0.00006,0.00063,0.0,0.00018,0.00026,0.0021,0.0323,0.0007,0.00014,0.0029,0.0,0.00026,0.00014,0.0,0.00092,0.00004,0.00006,0.00054,0.0016,0.00003,0.00086,0.0047,0.00001,0.00003,0.0,0.00018,0.004,0.007,0.0012,0.001,0.015,0.0015,0.0025,0.0,0.0,0.00003,0.00061
29063964,0.00003,0.0,0.00001,0.00045,0.00064,0.0119,0.025,0.00042,0.0018,0.00019,0.00002,0.00002,0.00006,0.0017,0.0,0.00037,0.0026,0.00019,0.0018,0.00024,0.00005,0.004,0.00005,0.00067,0.0,0.00004,0.00009,0.00016,0.0,0.0002,0.0013,0.00003,0.00071,0.0018,0.00015,0.00003,0.0,0.0,0.00039,0.0018,0.00047,0.0029,0.0027,0.0014,0.8385,0.0,0.00063,0.00003,0.00013
29676814,0.0,0.0,0.0,0.0013,0.0021,0.0027,0.0039,0.00069,0.00015,0.00005,0.00002,0.00006,0.00007,0.00091,0.0,0.00008,0.00021,0.00075,0.007,0.00022,0.00005,0.00031,0.0,0.00026,0.0,0.0,0.00009,0.00001,0.0,0.00033,0.00057,0.00017,0.00014,0.0022,0.00009,0.0,0.0,0.0,0.00067,0.00037,0.0944,0.00023,0.0071,0.0011,0.00096,0.00003,0.0,0.00002,0.00022
29713894,0.0,0.0,0.00018,0.0023,0.00064,0.0105,0.0087,0.003,0.00023,0.00082,0.00002,0.00004,0.00039,0.0023,0.0,0.00024,0.00026,0.00017,0.013,0.00024,0.00014,0.0224,0.00017,0.0019,0.0,0.0,0.00009,0.00001,0.0,0.00039,0.01,0.00003,0.0014,0.0014,0.00015,0.00003,0.00013,0.0,0.00089,0.0029,0.0368,0.001,0.00072,0.0054,0.0062,0.0,0.0,0.00004,0.00054
29665714,0.00005,0.00002,0.0001,0.002,0.035,0.0119,0.0834,0.0133,0.0236,0.00011,0.00045,0.0015,0.00064,0.0202,0.0,0.0018,0.0013,0.0013,0.0035,0.0015,0.00076,0.0415,0.00027,0.00073,0.0,0.00004,0.0159,0.00024,0.0,0.0032,0.01,0.00006,0.00071,0.008,0.00094,0.00063,0.00003,0.00004,0.0028,0.027,0.0072,0.033,0.0074,0.0054,0.0171,0.00003,0.0,0.00016,0.0013
29730874,0.0,0.0,0.0,0.0143,0.0012,0.0061,0.0133,0.00069,0.00015,0.00001,0.00001,0.0125,0.00006,0.0394,0.0,0.00016,0.00021,0.00038,0.0164,0.0025,0.00003,0.0029,0.0,0.00045,0.0,0.0,0.00017,0.00002,0.0,0.0002,0.00095,0.0046,0.00097,0.025,0.0,0.0,0.0,0.0,0.046,0.009,0.0021,0.00084,0.7348,0.0506,0.0323,0.0,0.0,0.00001,0.4791
31337404,0.0,0.0,0.0,0.0003,0.00016,0.0027,0.936,0.0049,0.00015,0.0,0.0,0.0,0.0018,0.1305,0.8627,0.003,0.00039,0.00017,0.0077,0.0031,0.00002,0.0055,0.00036,0.0003,0.0,0.0,0.00034,0.00002,0.0,0.00017,0.0024,0.00003,0.00014,0.8263,0.00009,0.0,0.0,0.0,0.0368,0.8364,0.00032,0.5169,0.1604,0.00083,0.0056,0.00003,0.00002,0.00003,0.0097
32297954,0.0,0.0,0.0001,0.00072,0.0052,0.0008,0.0147,0.0088,0.0144,0.00005,0.00002,0.00002,0.00007,0.0023,0.0,0.00016,0.0013,0.00014,0.0035,0.0031,0.00006,0.0029,0.0081,0.00067,0.0,0.0,0.00009,0.00016,0.0,0.0039,0.0012,0.00003,0.00029,0.0123,0.00015,0.0,0.00003,0.0,0.0028,0.0036,0.0039,0.001,0.0288,0.0023,0.0039,0.0,0.0,0.00003,0.00051
26022165,0.00003,0.0,0.0,0.0028,0.0033,0.0325,0.0078,0.0062,0.00023,0.00019,0.00007,0.00002,0.00006,0.00063,0.0,0.00071,0.00068,0.00071,0.0151,0.00022,0.00005,0.00081,0.0358,0.00045,0.0,0.0,0.0003,0.00024,0.0,0.00033,0.0039,0.00002,0.00097,0.0018,0.00001,0.00003,0.00002,0.0571,0.0079,0.003,0.00099,0.00084,0.0045,0.0033,0.9387,0.0,0.00063,0.00002,0.00013
6106665,0.00005,0.0,0.0001,0.0017,0.0083,0.0011,0.0531,0.0088,0.00023,0.00005,0.00002,0.00002,0.00065,0.00075,0.0,0.00024,0.00068,0.00071,0.00056,0.0005,0.00005,0.0224,0.00049,0.00067,0.00002,0.0,0.00009,0.0006,0.0,0.00079,0.01,0.00002,0.0029,0.0078,0.00015,0.00033,0.00013,0.00003,0.0079,0.0053,0.0065,0.001,0.0045,0.0054,0.0795,0.00003,0.0,0.00003,0.00054
6779335,0.0,0.0,0.00001,0.00072,0.00064,0.0315,0.7908,0.0016,0.00059,0.00001,0.00001,0.00002,0.0537,0.00091,0.0,0.2879,0.004,0.00038,0.0015,0.00089,0.00006,0.0023,0.00008,0.003,0.00014,0.0,0.00009,0.00002,0.0,0.00013,0.0146,0.00003,0.0025,0.0017,0.00001,0.0,0.0,0.0,0.0079,0.0013,0.0096,0.5169,0.0055,0.0041,0.0106,0.0,0.0,0.00004,0.00022
6888715,0.00005,0.00002,0.0011,0.0029,0.4967,0.023,0.0175,0.0025,0.0012,0.00021,0.00007,0.00078,0.00006,0.0023,0.0011,0.0017,0.0013,0.0021,0.0025,0.00089,0.00006,0.0329,0.00027,0.0011,0.00002,0.00004,0.00091,0.00024,0.00038,0.0074,0.01,0.00006,0.00029,0.0017,0.00032,0.00076,0.00013,0.00066,0.0254,0.0413,0.00099,0.0016,0.0027,0.0201,0.0513,0.00004,0.0,0.00004,0.00077
6619955,0.00005,0.00002,0.0037,0.0088,0.0121,0.0048,0.025,0.0015,0.0053,0.00019,0.00002,0.00023,0.00039,0.0023,0.0,0.00071,0.0013,0.00045,0.0165,0.00099,0.00014,0.0079,0.00049,0.0034,0.00002,0.00015,0.00039,0.00024,0.00038,0.0039,0.0024,0.00002,0.0026,0.0017,0.0013,0.00088,0.00022,0.00018,0.0014,0.003,0.0019,0.0077,0.0168,0.0112,0.0474,0.00004,0.0,0.00004,0.0013
32723375,0.0,0.0,0.0,0.1937,0.00016,0.0011,0.0138,0.0016,0.00015,0.0,0.00002,0.00002,0.00006,0.9565,0.0,0.00016,0.0001,0.00015,0.0017,0.00016,0.00002,0.0112,0.00004,0.00026,0.0,0.0,0.00017,0.0,0.0,0.0039,0.00076,0.0,0.00034,0.0532,0.00001,0.0,0.0,0.0,0.0655,0.009,0.00032,0.00058,0.0261,0.0567,0.0013,0.0,0.0,0.00003,0.00023
6141275,0.00003,0.0,0.0016,0.00072,0.0042,0.0048,0.025,0.003,0.00062,0.00036,0.00002,0.00008,0.00007,0.003,0.0,0.0013,0.0141,0.00038,0.0025,0.0004,0.00014,0.0018,0.00049,0.0019,0.0,0.00078,0.00021,0.00004,0.0,0.0018,0.0017,0.00006,0.00071,0.0017,0.0024,0.00076,0.00013,0.00003,0.0056,0.0064,0.0039,0.0056,0.0027,0.0033,0.1331,0.00003,0.0,0.00002,0.00023
3711875,0.00005,0.00002,0.0068,0.0029,0.0459,0.0061,0.0249,0.0073,0.004,0.00021,0.00003,0.0125,0.00026,0.011,0.0,0.0013,0.012,0.0011,0.00065,0.0007,0.00005,0.035,0.00049,0.0101,0.0,0.00004,0.00039,0.00004,0.00006,0.0039,0.0048,0.00006,0.00071,0.0047,0.00032,0.00076,0.00013,0.00018,0.0074,0.0058,0.0039,0.0056,0.0112,0.0201,0.049,0.00003,0.0,0.00014,0.00023
3489155,0.0,0.0,0.0,0.3663,0.00016,0.0027,0.0138,0.00069,0.00015,0.00021,0.00007,0.00002,0.00002,0.0507,0.0,0.0122,0.0013,0.0021,0.0,0.0018,0.00002,0.0099,0.0,0.00026,0.0,0.0,0.00009,0.00004,0.0,0.00039,0.0164,0.0012,0.0042,0.0047,0.00001,0.0,0.0,0.0,0.0152,0.0064,0.0021,0.00084,0.0027,0.2539,0.9179,0.0,0.00005,0.0,0.00006
2759575,0.00003,0.00002,0.0001,0.002,0.0033,0.0011,0.0097,0.0133,0.00015,0.0151,0.0032,0.0012,0.00006,0.0299,0.0,0.0023,0.0012,0.00075,0.0264,0.0015,0.00076,0.0123,0.00036,0.001,0.0,0.00004,0.00092,0.00016,0.0,0.00079,0.0089,0.00006,0.00029,0.0032,0.00015,0.00003,0.00002,0.00004,0.0074,0.003,0.00036,0.0056,0.0027,0.1319,0.024,0.0,0.0,0.00001,0.00022
2764645,0.00003,0.0,0.00007,0.0061,0.0083,0.0011,0.0147,0.0049,0.00023,0.00005,0.00002,0.00023,0.00007,0.0072,0.0,0.00022,0.0012,0.00075,0.0031,0.00024,0.00006,0.0415,0.00036,0.00056,0.00014,0.0,0.0019,0.00024,0.0,0.0039,0.0024,0.00017,0.00034,0.0035,0.00015,0.00005,0.00002,0.00003,0.0056,0.0036,0.0524,0.002,0.0027,0.0099,0.0048,0.0,0.0,0.00008,0.00023
2125805,0.0,0.0,0.00001,0.0028,0.0038,0.0061,0.0175,0.0016,0.00015,0.00001,0.00007,0.00002,0.00007,0.00075,0.0,0.0017,0.0017,0.0013,0.011,0.00099,0.00005,0.0525,0.00017,0.00045,0.0,0.0,0.0003,0.00003,0.0,0.00013,0.00077,0.00003,0.00029,0.00061,0.00001,0.00003,0.00004,0.00004,0.0079,0.0413,0.0065,0.0056,0.002,0.0037,0.0265,0.0,0.0,0.00001,0.00041
2148665,0.0,0.0,0.00006,0.0088,0.0023,0.0008,0.1612,0.00042,0.00015,0.00005,0.00007,0.00008,0.00006,0.00041,0.0,0.0013,0.00021,0.00071,0.0016,0.00057,0.00005,0.0648,0.00005,0.00045,0.0,0.0,0.00009,0.00002,0.0,0.00017,0.00076,0.00006,0.00071,0.0017,0.00001,0.00003,0.00004,0.00004,0.0014,0.0212,0.0072,0.0042,0.002,0.0014,0.0474,0.0,0.0,0.00002,0.00041
32830465,0.0,0.0,0.0,0.00015,0.8583,0.0013,0.0039,0.00042,0.00015,0.0,0.00002,0.00023,0.00002,0.00041,0.0,0.00022,0.00021,0.00017,0.00065,0.00024,0.00002,0.0224,0.00004,0.00045,0.0,0.0,0.00034,0.0,0.0,0.001,0.00077,0.0,0.00071,0.0019,0.00001,0.0,0.0,0.0,0.0182,0.0012,0.00047,0.00009,0.0033,0.0099,0.9179,0.0,0.0029,0.00002,0.00006
2018095,0.0,0.0,0.0,0.0061,0.0127,0.0011,0.0133,0.0012,0.00015,0.00021,0.00002,0.00004,0.00007,0.003,0.0,0.00024,0.00026,0.0011,0.0031,0.00024,0.00002,0.0224,0.00017,0.00045,0.0,0.0,0.00009,0.0,0.0,0.0013,0.00076,0.00002,0.00034,0.0035,0.00001,0.00003,0.00002,0.0,0.0079,0.0179,0.00032,0.0016,0.0074,0.0393,0.0265,0.0,0.0,0.00004,0.0013
1480765,0.0,0.0,0.0,0.0061,0.00025,0.0013,0.00081,0.0012,0.00023,0.0,0.00001,0.00008,0.00006,0.00075,0.0,0.00024,0.00021,0.00019,0.00021,0.00006,0.00002,0.00031,0.00049,0.00045,0.0,0.0,0.00004,0.0,0.0,0.00017,0.00095,0.00002,0.00086,0.0047,0.00001,0.0,0.00004,0.0,0.0013,0.00027,0.0045,0.00009,0.0168,0.0023,0.8239,0.0,0.0,0.00001,0.0
1283445,0.00003,0.0,0.0001,0.2804,0.0023,0.0011,0.0175,0.0054,0.00015,0.00005,0.00003,0.00008,0.00002,0.00091,0.0,0.0017,0.00068,0.00038,0.0,0.00025,0.00002,0.0207,0.00017,0.0003,0.0,0.0,0.00017,0.00001,0.0,0.00054,0.0343,0.00045,0.00023,0.0078,0.00024,0.00006,0.00003,0.00004,0.0112,0.0026,0.0019,0.002,0.0168,0.0023,0.0062,0.0,0.0,0.00001,0.0
1297235,0.0,0.0,0.0,0.0117,0.0043,0.0008,0.0757,0.003,0.00023,0.00005,0.00001,0.00002,0.00007,0.0023,0.00002,0.00018,0.00068,0.00019,0.00056,0.00024,0.00002,0.0899,0.00005,0.00085,0.0,0.0,0.00009,0.00004,0.0,0.00079,0.0013,0.00006,0.00056,0.0292,0.00001,0.0,0.0,0.00004,0.0056,0.8364,0.0012,0.00084,0.00099,0.8888,0.0076,0.0,0.0,0.00002,0.00051
1308085,0.0,0.0,0.0,0.0015,0.00064,0.0011,0.0056,0.0012,0.00015,0.00001,0.00001,0.5179,0.00006,0.0281,0.0,0.00016,0.0047,0.00038,0.0031,0.00024,0.00005,0.009,0.00017,0.00026,0.0,0.0,0.00039,0.00001,0.0,0.00079,0.0024,0.00006,0.0029,0.0018,0.00001,0.0,0.0,0.0,0.0028,0.0026,0.0019,0.00084,0.002,0.0112,0.0942,0.0,0.00063,0.00001,0.0017
7914045,0.00003,0.0,0.0001,0.0015,0.0021,0.0035,0.0175,0.0239,0.00062,0.00005,0.00002,0.0014,0.00039,0.0585,0.0,0.002,0.00026,0.00071,0.0046,0.00099,0.0032,0.0525,0.001,0.0263,0.0,0.0,0.0045,0.00003,0.0,0.00079,0.0048,0.00003,0.00014,0.0063,0.00015,0.00005,0.00004,0.00003,0.0056,0.0179,0.00049,0.0042,0.0167,0.0099,0.0106,0.0,0.0,0.00004,0.00023
7862905,0.0,0.0,0.0,0.0095,0.001,0.0071,0.7908,0.0088,0.00015,0.00005,0.00002,0.00004,0.0011,0.00049,0.0,0.8723,0.00021,0.0013,0.0031,0.00099,0.00002,0.0648,0.00017,0.0003,0.0,0.0,0.00009,0.00003,0.0,0.00017,0.0016,0.00006,0.00071,0.0014,0.00015,0.0,0.0,0.0,0.0014,0.0013,0.0045,0.6875,0.0074,0.0023,0.0025,0.0,0.0,0.00001,0.00041
9372735,0.0,0.0,0.00018,0.002,0.9665,0.00073,0.006,0.0035,0.00023,0.00005,0.00007,0.00008,0.00006,0.0017,0.0,0.0011,0.00021,0.00038,0.0016,0.0004,0.00005,0.0112,0.00027,0.00045,0.0,0.0,0.00017,0.00025,0.0,0.0039,0.0039,0.00006,0.00029,0.0014,0.00015,0.00003,0.00004,0.00004,0.0014,0.0029,0.0021,0.00084,0.0097,0.0059,0.0513,0.00003,0.0,0.00043,0.00051
10174515,0.0,0.0,0.00001,0.0039,0.0026,0.00073,0.0016,0.0024,0.00037,0.00001,0.00001,0.00006,0.00007,0.0072,0.0,0.00016,0.019,0.00071,0.0063,0.00016,0.005,0.0029,0.00004,0.0003,0.0,0.0,0.0079,0.00002,0.00038,0.00039,0.00095,0.00002,0.00029,0.0018,0.00015,0.00003,0.00002,0.0,0.0044,0.02,0.00049,0.0016,0.00099,0.0041,0.678,0.00003,0.0,0.00001,0.00077
32623925,0.0,0.0,0.0,0.0015,0.00049,0.0061,0.0147,0.1853,0.00023,0.00005,0.00002,0.00078,0.0053,0.0202,0.0,0.00024,0.0047,0.00038,0.00095,0.00024,0.00006,0.0123,0.0015,0.003,0.0,0.0,0.00009,0.00004,0.0,0.0039,0.0343,0.00003,0.0708,0.0364,0.00015,0.00003,0.00002,0.00003,0.0608,0.0285,0.0072,0.0032,0.002,0.0316,0.024,0.0,0.00006,0.0002,0.00051
9482185,0.0,0.0,0.0001,0.002,0.0014,0.0008,0.0099,0.0088,0.00015,0.00005,0.00003,0.00023,0.00006,0.00075,0.0,0.00079,0.0001,0.00038,0.0036,0.0005,0.00002,0.0279,0.0,0.0019,0.0,0.0,0.00009,0.00002,0.0,0.00018,0.0024,0.00017,0.00029,0.0047,0.00001,0.0,0.00013,0.00003,0.0074,0.003,0.00099,0.001,0.0027,0.0204,0.0025,0.0,0.0,0.00008,0.00044
32623545,0.0,0.0,0.0001,0.0023,0.0012,0.0017,0.0089,0.082,0.0234,0.00005,0.0021,0.00006,0.00006,0.0097,0.0,0.00022,0.0047,0.00017,0.00056,0.00013,0.00005,0.0079,0.001,0.00067,0.0,0.0,0.0033,0.00004,0.0,0.00039,0.5902,0.00002,0.0029,0.0047,0.00015,0.00003,0.00013,0.0,0.00089,0.4909,0.0012,0.00009,0.00099,0.0013,0.0162,0.0,0.0,0.0976,0.0011
9514295,0.0,0.0,0.0,0.0028,0.00033,0.0027,0.0175,0.0133,0.00015,0.00005,0.00002,0.8581,0.00006,0.0072,0.0,0.00024,0.0,0.00038,0.0031,0.00024,0.00005,0.009,0.00049,0.00045,0.0,0.0,0.00091,0.00001,0.0,0.0004,0.0419,0.0,0.00034,0.0393,0.00001,0.0,0.0,0.0,0.0056,0.003,0.0019,0.0095,0.0168,0.0248,0.0074,0.0,0.0039,0.00004,0.00051
10678495,0.0,0.0,0.00007,0.006,0.0014,0.0022,0.0501,0.0054,0.00015,0.00005,0.00001,0.00002,0.0018,0.00091,0.0,0.00037,0.0012,0.00017,0.00065,0.00016,0.00016,0.0525,0.00017,0.00073,0.0,0.0,0.00009,0.00002,0.0,0.00033,0.0024,0.00006,0.00041,0.0012,0.00015,0.00003,0.00004,0.0,0.0013,0.003,0.004,0.0179,0.005,0.0014,0.0076,0.0,0.0,0.00001,0.00023
10829805,0.0,0.0,0.0,0.1319,0.0012,0.0017,0.0857,0.0063,0.00015,0.0,0.00002,0.00002,0.00006,0.0072,0.0,0.00071,0.00026,0.0013,0.0264,0.0005,0.00006,0.0123,0.00005,0.00045,0.0,0.0,0.00091,0.00001,0.0,0.0,0.00095,0.00003,0.00014,0.0113,0.00001,0.0,0.00004,0.00003,0.0368,0.0179,0.004,0.0032,0.0074,0.0716,0.0121,0.0,0.0,0.0,0.0011
11015815,0.0,0.0,0.0,0.0,0.001,0.0035,0.9967,0.00042,0.00015,0.0,0.00001,0.00078,0.0011,0.0017,0.0,0.9031,0.00021,0.00038,0.00056,0.00006,0.00005,0.0017,0.0,0.00026,0.0,0.0,0.00009,0.00002,0.0,0.00017,0.00095,0.00006,0.00041,0.8864,0.00001,0.0,0.0,0.00018,0.0019,0.009,0.00036,0.9114,0.0071,0.0099,0.0013,0.0,0.0,0.00002,0.0
11142535,0.0,0.0,0.0001,0.0013,0.0023,0.0448,0.9651,0.0016,0.0012,0.00005,0.00003,0.0034,0.00064,0.003,0.0,0.0023,0.00021,0.00071,0.0025,0.0191,0.00003,0.5921,0.00011,0.00026,0.0,0.0,0.00009,0.00001,0.0,0.0039,0.0054,0.0012,0.00029,0.0123,0.00015,0.00003,0.00003,0.0,0.0028,0.009,0.0491,0.5568,0.0057,0.0204,0.0162,0.0,0.0,0.00008,0.00051
11771945,0.0,0.0,0.00001,0.00072,0.00064,0.00094,0.0087,0.0054,0.0011,0.00005,0.00001,0.00006,0.0025,0.0019,0.0,0.00018,0.00021,0.00071,0.00065,0.00006,0.00006,0.00081,0.00004,0.00067,0.0,0.0,0.00009,0.00001,0.0,0.00039,0.00077,0.00002,0.00071,0.0017,0.00001,0.00003,0.0,0.0,0.0013,0.00051,0.0072,0.0066,0.0031,0.0041,0.0039,0.0,0.0,0.00002,0.00013
11909745,0.00003,0.0,0.00049,0.0023,0.0023,0.0048,0.0147,0.0088,0.0236,0.0022,0.00007,0.00004,0.00007,0.00091,0.0,0.00037,0.0013,0.00038,0.007,0.00024,0.00006,0.0123,0.00027,0.001,0.0,0.00004,0.00009,0.00036,0.0,0.0134,0.0016,0.00006,0.00086,0.0047,0.0078,0.00006,0.00013,0.0,0.0105,0.0249,0.00099,0.0015,0.0043,0.0041,0.1851,0.0,0.0,0.00004,0.00051
15538265,0.00003,0.0,0.00007,0.0029,0.001,0.0011,0.7908,0.0088,0.00023,0.0,0.00002,0.00002,0.00026,0.0023,0.0,0.00018,0.00015,0.0021,0.0165,0.0025,0.00002,0.0794,0.00004,0.00027,0.0,0.0,0.00009,0.00025,0.0,0.00013,0.0027,0.0,0.00029,0.0047,0.00001,0.00006,0.00004,0.0,0.0152,0.8664,0.00032,0.001,0.00099,0.0567,0.0013,0.0,0.0,0.00002,0.00054
16195185,0.0,0.0,0.00001,0.00072,0.0033,0.0008,0.0078,0.0016,0.00015,0.3895,0.605,0.00002,0.0025,0.0023,0.0,0.00018,0.00015,0.00017,0.0046,0.0069,0.00057,0.0119,0.00004,0.00045,0.0,0.0,0.00009,0.00001,0.0,0.00039,0.0012,0.00003,0.0,0.0123,0.00001,0.0,0.0,0.3108,0.0015,0.02,0.00026,0.001,0.00099,0.0393,0.9387,0.00037,0.0076,0.00002,0.00013
16267375,0.0,0.00002,0.00007,0.0039,0.0014,0.0071,0.1103,0.0211,0.00023,0.00005,0.00007,0.00008,0.00065,0.0299,0.0,0.00037,0.00021,0.0011,0.0025,0.00022,0.00014,0.0023,0.0,0.00045,0.0,0.0,0.00009,0.00002,0.0,0.00033,0.0016,0.00006,0.00014,0.0029,0.00032,0.00003,0.0,0.00066,0.004,0.0026,0.0706,0.0077,0.0023,0.0025,0.0162,0.00003,0.0,0.00002,0.0013
16279315,0.00003,0.0,0.0001,0.00072,0.0013,0.00095,0.0175,0.0045,0.8,0.0051,0.00002,0.8581,0.00006,0.0072,0.0,0.00024,0.0019,0.00038,0.013,0.0007,0.00006,0.0119,0.00027,0.00045,0.0,0.0,0.00009,0.00001,0.00006,0.0053,0.0016,0.00023,0.00086,0.0028,0.00015,0.00003,0.00004,0.00004,0.0074,0.0026,0.0018,0.0016,0.435,0.0014,0.0025,0.0,0.0,0.00008,0.0018
16291885,0.0,0.0,0.00001,0.0003,0.0021,0.0089,0.7908,0.0016,0.00015,0.00001,0.00001,0.00008,0.0011,0.0039,0.0,0.9587,0.00015,0.00038,0.0046,0.00024,0.00005,0.0123,0.00017,0.00056,0.00002,0.0,0.00055,0.00002,0.0,0.001,0.0066,0.00006,0.0113,0.0364,0.00009,0.0,0.0,0.00003,0.0074,0.0036,0.00012,0.7832,0.0074,0.0167,0.0021,0.0,0.00006,0.00016,0.00054
17011205,0.0,0.0,0.0,0.0123,0.0012,0.0011,0.0147,0.0106,0.004,0.00001,0.00001,0.0,0.0007,0.0017,0.0,0.0011,0.0013,0.00038,0.0041,0.00059,0.00014,0.0052,0.00005,0.0019,0.0,0.0,0.0019,0.00016,0.0,0.001,0.0024,0.00017,0.00029,0.0029,0.00015,0.00003,0.00004,0.0,0.0023,0.007,0.0019,0.002,0.0027,0.0037,0.0225,0.0,0.0,0.00004,0.00023
16850255,0.0,0.0,0.0,0.0203,0.00033,0.0011,0.2162,0.0022,0.00015,0.0,0.0,0.00006,0.00006,0.0015,0.0,0.00016,0.0001,0.0,0.0031,0.00016,0.00003,0.0035,0.00004,0.00045,0.0,0.0,0.00034,0.0,0.0,0.00013,0.0263,0.00006,0.00041,0.0028,0.0,0.0,0.0,0.0,0.0359,0.0026,0.00047,0.0032,0.002,0.0099,0.0162,0.0,0.0,0.00002,0.002
18162015,0.0,0.0,0.0,0.0,0.00064,0.6548,0.0138,0.00042,0.00015,0.0,0.00001,0.00008,0.0,0.0,0.0,0.0554,0.0001,0.00019,0.00021,0.00006,0.00002,0.0101,0.0005,0.00045,0.0,0.0,0.00004,0.00002,0.0,0.00013,0.0039,0.0012,0.9147,0.0047,0.00001,0.0,0.0,0.0,0.0028,0.0058,0.00012,0.0032,0.0027,0.0014,0.9509,0.00004,0.998,0.0,0.00013
19198615,0.00005,0.0,0.00006,0.0061,0.0012,0.0012,0.0078,0.0062,0.0015,0.00005,0.00002,0.00002,0.00006,0.00041,0.0,0.00016,0.0047,0.00017,0.0018,0.00006,0.00002,0.00081,0.0,0.0019,0.0,0.00004,0.00009,0.00025,0.0,0.0039,0.0039,0.00006,0.00071,0.0035,0.014,0.0002,0.00022,0.0,0.00067,0.0029,0.0072,0.0016,0.0046,0.0017,0.4208,0.0,0.00002,0.00002,0.00013
19397425,0.00003,0.0,0.0001,0.0029,0.0038,0.0008,0.0834,0.0062,0.00023,0.00005,0.00001,0.00023,0.00006,0.00049,0.0,0.0017,0.00026,0.00038,0.013,0.00099,0.00005,0.00081,0.00017,0.00045,0.0,0.0,0.00017,0.00002,0.0,0.00079,0.0017,0.00002,0.00071,0.0063,0.00015,0.00003,0.00004,0.00004,0.0194,0.0058,0.0026,0.0018,0.0033,0.0025,0.0795,0.0,0.0,0.00004,0.00022
32507685,0.0,0.00002,0.0,0.0016,0.0012,0.0011,0.025,0.0016,0.0027,0.00001,0.00002,0.00002,0.00006,0.00041,0.0,0.0013,0.00068,0.00038,0.0035,0.00008,0.00006,0.0017,0.0,0.00045,0.0,0.0,0.00017,0.00002,0.0,0.00039,0.00077,0.00003,0.00097,0.0014,0.00024,0.0,0.00004,0.0,0.0028,0.0018,0.0129,0.00084,0.0071,0.0099,0.0858,0.0,0.0,0.00002,0.00054
20300735,0.0,0.0,0.0,0.0379,0.00064,0.0061,0.0686,0.0049,0.00015,0.00001,0.00001,0.0,0.0005,0.0683,0.0,0.0013,0.00026,0.00017,0.007,0.0005,0.00006,0.0099,0.00036,0.00045,0.0,0.0,0.00009,0.00004,0.0,0.00033,0.0059,0.00003,0.00086,0.0014,0.00001,0.0,0.0,0.0,0.0019,0.0133,0.00099,0.0029,0.002,0.0506,0.1981,0.0,0.0,0.00043,0.00023
21157165,0.0,0.0,0.0,0.00072,0.001,0.0061,0.0147,0.00069,0.00015,0.00005,0.00002,0.00002,0.00006,0.0023,0.0,0.00037,0.00021,0.00038,0.0036,0.00033,0.5811,0.0079,0.00005,0.00061,0.0,0.0,0.0003,0.00002,0.0,0.00017,0.00057,0.00003,0.00029,0.0078,0.00001,0.0,0.0,0.00066,0.0044,0.0013,0.00032,0.00058,0.0227,0.0041,0.0039,0.00003,0.0039,0.00001,0.00023
21159055,0.0,0.0,0.0,0.00093,0.8583,0.014,0.7908,0.0133,0.00015,0.00001,0.00002,0.00006,0.0011,0.011,0.0,0.0989,0.0017,0.00039,0.013,0.00093,0.00006,0.0207,0.00017,0.00045,0.0,0.0,0.0033,0.00002,0.00006,0.001,0.0164,0.00003,0.00014,0.0749,0.00015,0.0,0.00004,0.00004,0.0194,0.769,0.00026,0.0042,0.0821,0.0041,0.024,0.00003,0.0,0.00002,0.00023
21220675,0.0,0.0,0.00018,0.0029,0.0121,0.0518,0.7908,0.3493,0.0011,0.00005,0.00002,0.00078,0.00006,0.0072,0.0,0.0023,0.006,0.00038,0.00056,0.0005,0.00002,0.1,0.00049,0.00067,0.0,0.0,0.00039,0.00002,0.0,0.00033,0.0048,0.00006,0.00023,0.5165,0.00015,0.0,0.00013,0.0,0.0509,0.0498,0.00032,0.00084,0.0031,0.0442,0.0013,0.0,0.0,0.00001,0.0031
21156345,0.0,0.0,0.0001,0.00072,0.00064,0.0315,0.1368,0.5938,0.0027,0.00005,0.00001,0.00008,0.00007,0.00049,0.00002,0.00022,0.00026,0.00019,0.0437,0.0015,0.00002,0.2834,0.00027,0.00045,0.0,0.0,0.00034,0.00004,0.0,0.00033,0.0064,0.0,0.00014,0.015,0.00001,0.00003,0.00004,0.0,0.004,0.009,0.00032,0.00027,0.0045,0.0112,0.0942,0.0,0.00006,0.00073,0.00013
21876255,0.0,0.0,0.0001,0.0023,0.7024,0.0022,0.0075,0.0488,0.0053,0.00082,0.00007,0.0001,0.00006,0.003,0.0,0.0013,0.00068,0.00039,0.00095,0.0005,0.00005,0.5921,0.001,0.0011,0.0,0.0,0.00039,0.00003,0.0,0.0039,0.01,0.00017,0.00071,0.0292,0.00024,0.00003,0.00004,0.00003,0.0028,0.0026,0.0019,0.0016,0.0204,0.0059,0.0121,0.00003,0.0,0.00008,0.00051
24238645,0.0,0.0,0.00049,0.00044,0.9833,0.00018,0.0039,0.0088,0.00015,0.00005,0.00003,0.00004,0.00006,0.0014,0.0,0.00024,0.00026,0.00017,0.0,0.0052,0.00003,0.0017,0.00017,0.00073,0.0,0.0,0.00009,0.00004,0.0,0.00079,0.0039,0.00002,0.00034,0.0078,0.00015,0.00006,0.0,0.00004,0.0044,0.0026,0.00047,0.00023,0.002,0.0023,0.0121,0.0,0.0,0.00003,0.00077
23266575,0.0,0.0,0.00001,0.0039,0.0083,0.0061,0.7908,0.0012,0.00023,0.00001,0.00003,0.00078,0.00064,0.011,0.0,0.0013,0.00021,0.00075,0.0025,0.0018,0.0048,0.0715,0.00004,0.00067,0.0,0.0,0.0143,0.0,0.0,0.0002,0.0059,0.00017,0.00022,0.0532,0.00001,0.00003,0.0,0.00003,0.0028,0.0309,0.0019,0.7832,0.0131,0.0014,0.0035,0.0,0.0,0.00008,0.00022
23996345,0.00003,0.0,0.00018,0.0061,0.00064,0.0035,0.0147,0.0049,0.00015,0.00005,0.00001,0.00002,0.00026,0.0023,0.0,0.00022,0.00068,0.00034,0.0017,0.00024,0.00005,0.00081,0.00049,0.00045,0.0,0.00004,0.00009,0.00025,0.0,0.0039,0.00077,0.00006,0.00071,0.0047,0.00015,0.00003,0.00013,0.00003,0.00067,0.0013,0.0039,0.0116,0.0027,0.0054,0.8239,0.0,0.0,0.00004,0.00023
25365615,0.0,0.00002,0.00007,0.0426,0.0043,0.0011,0.0089,0.0185,0.00015,0.0,0.00001,0.00008,0.00006,0.00091,0.0,0.00094,0.00021,0.00019,0.00095,0.00024,0.00003,0.0052,0.00027,0.00045,0.0,0.0,0.00034,0.00001,0.0,0.0013,0.00076,0.00003,0.00029,0.0019,0.00001,0.00003,0.00004,0.00003,0.0056,0.0179,0.00047,0.00084,0.00099,0.0086,0.00086,0.00003,0.0,0.00004,0.00077
24585205,0.0,0.0,0.0,0.00072,0.001,0.0048,0.0531,0.003,0.00015,0.00005,0.00002,0.00023,0.0005,0.00063,0.0,0.00024,0.00021,0.0011,0.0017,0.0005,0.005,0.0207,0.00017,0.00026,0.0,0.0,0.0034,0.00001,0.0,0.00033,0.0024,0.00002,0.00023,0.0428,0.00001,0.0,0.0,0.00003,0.0015,0.0053,0.00099,0.0635,0.002,0.0049,0.0013,0.00003,0.0,0.00002,0.00051
25564105,0.0,0.0,0.0,0.00015,0.00016,0.0835,0.9933,0.0012,0.00015,0.0,0.00002,0.00002,0.0011,0.00063,0.0,0.0989,0.0012,0.00012,0.0018,0.00099,0.00005,0.0419,0.00005,0.0003,0.00002,0.0,0.00009,0.0,0.0,0.0,0.0039,0.00006,0.00029,0.8864,0.00015,0.0,0.0,0.00003,0.0013,0.0201,0.00032,0.7939,0.0012,0.0017,0.0062,0.0,0.0,0.0,0.00051
26940435,0.00003,0.00002,0.00001,0.0046,0.0821,0.0071,0.0282,0.0185,0.00037,0.00021,0.00007,0.00008,0.00006,0.00075,0.0,0.00016,0.0012,0.00038,0.0025,0.00099,0.00076,0.0081,0.0081,0.0011,0.0,0.0,0.0003,0.00024,0.00006,0.0018,0.0024,0.00003,0.0029,0.0078,0.00015,0.00003,0.00002,0.00004,0.0182,0.02,0.00047,0.001,0.0027,0.0041,0.0734,0.00003,0.0,0.00003,0.0031
27314365,0.0,0.0,0.0,0.1406,0.001,0.0011,0.0468,0.0287,0.00015,0.0,0.0,0.00023,0.0007,0.2513,0.0,0.00079,0.00047,0.00019,0.0031,0.00016,0.00006,0.0207,0.00005,0.00045,0.0,0.0,0.00092,0.0,0.0,0.00039,0.0027,0.00023,0.00071,0.0292,0.00001,0.0,0.0,0.0,0.0314,0.024,0.00099,0.0056,0.002,0.0628,0.0021,0.0,0.0,0.00004,0.00077
27309964,0.0,0.0,0.0,0.2404,0.00016,0.00052,0.0133,0.00086,0.00015,0.00005,0.00001,0.00004,0.00002,0.00091,0.0,0.00022,0.00021,0.00038,0.00056,0.00024,0.00002,0.0224,0.0178,0.00044,0.0,0.0,0.00009,0.00004,0.0,0.00079,0.00076,0.00006,0.00029,0.0014,0.00001,0.0,0.0,0.0,0.0032,0.0053,0.00049,0.002,0.00072,0.0054,0.0021,0.0,0.0,0.00008,0.00006
27781424,0.0,0.0,0.00001,0.002,0.0121,0.0011,0.0056,0.0987,0.0027,0.00005,0.00045,0.00002,0.00006,0.011,0.00002,0.00024,0.0047,0.00039,0.0151,0.00093,0.00016,0.0101,0.0037,0.00045,0.0,0.0,0.00035,0.00036,0.0,0.0064,0.00095,0.00003,0.00097,0.0047,0.00015,0.0,0.00013,0.0126,0.0608,0.0064,0.00049,0.0016,0.0071,0.0099,0.1107,0.0,0.0,0.00004,0.0097
27816754,0.0,0.0,0.0001,0.0023,0.0023,0.0011,0.025,0.0016,0.00015,0.00005,0.00002,0.0001,0.00064,0.0019,0.0,0.0011,0.00026,0.00019,0.0025,0.0004,0.00006,0.0029,0.00005,0.0101,0.0,0.0,0.00009,0.00025,0.0,0.00039,0.00077,0.00003,0.00034,0.0028,0.00001,0.00003,0.00013,0.00004,0.00067,0.003,0.00036,0.00084,0.0033,0.0014,0.1851,0.00003,0.0,0.00004,0.0031
29288994,0.0,0.0,0.0,0.0583,0.0083,0.00035,0.0805,0.0062,0.00015,0.00001,0.00002,0.00004,0.00006,0.0017,0.0,0.0013,0.00034,0.00038,0.048,0.00099,0.00003,0.0017,0.00005,0.00045,0.0,0.0,0.0003,0.00004,0.0,0.00033,0.00095,0.00006,0.00029,0.0123,0.00001,0.0,0.0,0.0,0.0509,0.0212,0.0065,0.0018,0.0648,0.0112,0.0048,0.0,0.0,0.00004,0.0011
29390414,0.0,0.0,0.0,0.00015,0.9665,0.00035,0.00084,0.0011,0.0,0.0,0.00001,0.0,0.00002,0.00041,0.0,0.00008,0.00021,0.0,0.0,0.00006,0.00002,0.0268,0.00005,0.00067,0.0,0.0,0.00004,0.00002,0.0,0.00039,0.00057,0.0,0.00029,0.0063,0.00001,0.0,0.0,0.0,0.0056,0.0018,0.00032,0.00006,0.00099,0.0037,0.9179,0.0,0.0061,0.00001,0.0011
29468574,0.0,0.0,0.0,0.1443,0.0012,0.0012,0.0686,0.003,0.00023,0.00005,0.00001,0.00023,0.00007,0.0202,0.0,0.00024,0.00068,0.00038,0.0323,0.00089,0.00014,0.0224,0.00005,0.00045,0.0,0.0,0.00034,0.00002,0.0,0.00039,0.0024,0.00006,0.00071,0.008,0.00001,0.0,0.0,0.0,0.0056,0.0058,0.00049,0.0247,0.0845,0.0204,0.0048,0.0,0.0,0.00016,0.0017
29883694,0.0,0.0,0.0,0.0143,0.00016,0.00052,0.0056,0.003,0.00023,0.00021,0.00001,0.00006,0.00039,0.0034,0.0,0.00071,0.0012,0.00038,0.0063,0.0005,0.00005,0.0062,0.00017,0.00026,0.0,0.0,0.00009,0.00003,0.0,0.00039,0.00077,0.00003,0.00029,0.0014,0.00009,0.0,0.00002,0.0,0.0013,0.0013,0.0012,0.0016,0.002,0.0033,0.0385,0.0,0.0,0.00002,0.00022
30406914,0.0,0.0,0.0,0.0583,0.0013,0.00052,0.0834,0.0088,0.00062,0.00019,0.00002,0.0012,0.00064,0.005,0.0,0.0017,0.00026,0.00034,0.011,0.0007,0.00014,0.0119,0.00036,0.00045,0.0,0.0,0.00091,0.00002,0.0,0.0039,0.0146,0.00006,0.0075,0.015,0.00001,0.0,0.0,0.00004,0.0028,0.009,0.0072,0.0407,0.005,0.0099,0.0035,0.0,0.0,0.00073,0.0037
31067304,0.0,0.0,0.0,0.00072,0.00016,0.0061,0.0,0.003,0.00015,0.0,0.0,0.00006,0.00006,0.0023,0.0,0.00008,0.0,0.00038,0.00095,0.0004,0.00002,0.0029,0.00017,0.00045,0.0,0.0,0.0079,0.0,0.0,0.0001,0.00057,0.00006,0.9739,0.0007,0.00001,0.0,0.0,0.0,0.0014,0.0058,0.00026,0.0,0.0059,0.0023,0.7151,0.0024,0.9961,0.00002,0.00013
30875614,0.0,0.0,0.0,0.0135,0.25,0.0013,0.0138,0.0133,0.00015,0.0,0.00001,0.00008,0.00006,0.1989,0.0,0.00024,0.0001,0.00017,0.0025,0.00024,0.00002,0.0329,0.00049,0.00026,0.0,0.0,0.00034,0.00001,0.0,0.00039,0.009,0.0012,0.00034,0.0035,0.00001,0.0,0.0,0.0,0.077,0.009,0.00032,0.00058,0.015,0.0099,0.0013,0.0,0.0,0.00002,0.00022
31155874,0.0,0.0,0.0,0.0095,0.0026,0.0027,0.0138,0.0054,0.0012,0.00001,0.00002,0.00023,0.00006,0.0023,0.0,0.00024,0.00021,0.00038,0.0025,0.00024,0.00014,0.0123,0.00027,0.00073,0.0,0.0,0.00091,0.0056,0.0,0.00017,0.00076,0.00006,0.0016,0.0047,0.00001,0.0,0.0,0.00004,0.0044,0.003,0.004,0.00084,0.0197,0.0014,0.8239,0.00003,0.00002,0.00008,0.0013
31911024,0.0,0.0,0.0,0.0015,0.001,0.0071,0.0039,0.0063,0.00015,0.0,0.00001,0.00078,0.00007,0.2452,0.0,0.00016,0.00021,0.00038,0.0025,0.0007,0.0016,0.0075,0.00017,0.00026,0.0,0.0,0.2684,0.0,0.0,0.00013,0.003,0.00002,0.00029,0.0047,0.00001,0.0,0.0,0.0,0.0019,0.00084,0.00049,0.001,0.0027,0.0442,0.0076,0.0,0.0,0.00002,0.00077
31945584,0.0,0.0,0.00001,0.0203,0.0026,0.0061,0.0056,0.0049,0.6,0.0,0.00001,0.00004,0.00064,0.00091,0.0426,0.00016,0.0264,0.00038,0.0323,0.2347,0.00002,0.00081,0.00034,0.00045,0.0,0.0,0.0003,0.00024,0.0,0.0081,0.0024,0.00006,0.5294,0.0029,0.00001,0.0,0.0,0.0,0.1201,0.0498,0.00015,0.00023,0.2086,0.0204,0.0162,0.00003,0.0001,0.00002,0.00077
25804195,0.0,0.0,0.00006,0.00072,0.001,0.0011,0.0449,0.0022,0.00015,0.00019,0.00002,0.00002,0.00006,0.00049,0.0,0.00024,0.00021,0.00039,0.0041,0.00024,0.00006,0.0079,0.00005,0.00045,0.0,0.0,0.00091,0.00024,0.0,0.0018,0.00086,0.00003,0.00034,0.0029,0.00001,0.00003,0.00003,0.0,0.004,0.007,0.1339,0.0029,0.0016,0.0023,0.0077,0.0,0.0,0.00002,0.00077
25754495,0.00005,0.0,0.0024,0.002,0.0042,0.0027,0.0147,0.0015,0.0236,0.0014,0.00045,0.00008,0.00026,0.003,0.0,0.00024,0.0047,0.00019,0.0025,0.0005,0.00006,0.0017,0.00049,0.0038,0.00002,0.00053,0.00017,0.0006,0.0,0.0119,0.0017,0.00003,0.00071,0.0047,0.0024,0.00088,0.00022,0.00004,0.0014,0.0013,0.0021,0.001,0.0027,0.0112,0.0217,0.00003,0.0,0.00002,0.00022
25740785,0.0,0.0,0.0,0.0017,0.00016,0.2124,0.0,0.0015,0.0,0.0,0.0,0.00004,0.0,0.00049,0.086,0.0,0.004,0.00017,0.0035,0.00006,0.0,0.0099,0.00004,0.00045,0.0,0.0,0.00009,0.00036,0.0,0.00033,0.0146,0.0,0.9147,0.0007,0.00001,0.0,0.0,0.0,0.2269,0.00027,0.00032,0.0,0.0467,0.0014,0.8239,0.00004,1.0,0.0,0.00022
24225435,0.0,0.0,0.00001,0.0039,0.0023,0.0027,0.025,0.0108,0.00037,0.00005,0.00045,0.0012,0.00006,0.0162,0.00002,0.0013,0.00021,0.00038,0.0187,0.00093,0.00016,0.0207,0.00017,0.008,0.0,0.0,0.0024,0.00002,0.0,0.00079,0.0013,0.00017,0.00056,0.0197,0.00001,0.0,0.0,0.00004,0.0079,0.0413,0.0019,0.0029,0.2265,0.0239,0.0039,0.0,0.0,0.00002,0.0017
18294375,0.0,0.0,0.0,0.00015,0.00033,0.0315,0.9696,0.00069,0.00023,0.0,0.0,0.00002,0.00002,0.00041,0.0,0.0013,0.0,0.00017,0.0025,0.00024,0.00014,0.1379,0.0,0.0,0.0,0.0,0.0024,0.0,0.0,0.00017,0.00013,0.0,0.00029,0.3689,0.0,0.0,0.0,0.0378,0.004,0.0026,0.00032,0.5755,0.0074,0.0017,0.049,0.00044,0.9136,0.0,0.00054
339705,0.00005,0.00002,0.0011,0.006,0.0121,0.014,0.0603,0.0239,0.0027,0.00023,0.00003,0.00023,0.00065,0.003,0.0,0.0065,0.0013,0.00071,0.00065,0.00016,0.00014,0.0419,0.00017,0.0101,0.00002,0.00004,0.00034,0.0006,0.0,0.0015,0.0027,0.00017,0.00029,0.0063,0.004,0.00065,0.00004,0.00018,0.004,0.0088,0.004,0.0407,0.0031,0.0017,0.4579,0.0,0.00002,0.00008,0.00044
418755,0.00005,0.0,0.0037,0.0095,0.6059,0.0061,0.0603,0.003,0.0027,0.00082,0.00043,0.0001,0.00026,0.003,0.0,0.0175,0.0013,0.0013,0.00065,0.0005,0.00005,0.0123,0.00017,0.008,0.00002,0.00004,0.00009,0.0006,0.0,0.0039,0.0017,0.00006,0.00071,0.0047,0.0024,0.00063,0.0018,0.00043,0.0056,0.0309,0.0072,0.0056,0.0062,0.0628,0.0217,0.00004,0.0,0.00004,0.00023
7137085,0.0,0.0,0.00018,0.0023,0.9557,0.0011,0.0175,0.003,0.00023,0.0012,0.00007,0.00002,0.00006,0.0014,0.0,0.00024,0.00021,0.00038,0.0018,0.00022,0.00006,0.0648,0.00005,0.00073,0.0,0.0,0.0034,0.00025,0.0,0.0013,0.0012,0.00002,0.00029,0.0017,0.00009,0.00003,0.00004,0.00004,0.033,0.0026,0.00099,0.00054,0.0055,0.0393,0.0162,0.0,0.0,0.0,0.00041
3962925,0.0,0.0,0.0,0.0379,0.0012,0.0011,0.0147,0.00069,0.00023,0.00001,0.00003,0.00078,0.00006,0.0383,0.0,0.00018,0.00068,0.00071,0.0151,0.00024,0.00014,0.0112,0.00017,0.00045,0.0,0.0,0.00009,0.00002,0.0,0.00033,0.021,0.00003,0.00071,0.0063,0.00001,0.0,0.00002,0.0,0.0079,0.0026,0.00099,0.0012,0.0261,0.0051,0.0025,0.0,0.0,0.00004,0.00041
3346695,0.00005,0.00002,0.0024,0.0061,0.8583,0.0035,0.0154,0.0049,0.00062,0.00011,0.00007,0.00006,0.00006,0.003,0.0,0.0013,0.0026,0.00038,0.0025,0.0004,0.00014,0.0415,0.00017,0.003,0.0,0.00004,0.00091,0.00004,0.00006,0.0018,0.0048,0.00017,0.00029,0.0029,0.00032,0.00076,0.00013,0.00004,0.0152,0.003,0.0021,0.0066,0.0055,0.0316,0.024,0.00003,0.0,0.00004,0.00023
3383095,0.00005,0.00002,0.0001,0.0028,0.1298,0.0315,0.0598,0.0022,0.0027,0.00005,0.00007,0.0015,0.00026,0.0072,0.0,0.00024,0.00068,0.00075,0.0031,0.00024,0.00005,0.0123,0.00011,0.0019,0.0,0.0,0.00009,0.00002,0.0,0.0039,0.0024,0.00003,0.0029,0.0029,0.00015,0.00003,0.00004,0.00066,0.0079,0.0053,0.004,0.0056,0.0131,0.0054,0.6306,0.00003,0.00006,0.00004,0.0017
2972165,0.00005,0.0,0.0001,0.00015,0.001,0.2067,0.8728,0.0088,0.0027,0.00005,0.00003,0.0056,0.00026,0.004,0.0,0.9587,0.00026,0.00071,0.00065,0.00022,0.00005,0.035,0.00005,0.003,0.0,0.0,0.00017,0.00002,0.0,0.0053,0.0024,0.00002,0.0014,0.0907,0.00001,0.00033,0.00002,0.00004,0.004,0.0064,0.0944,0.5614,0.0071,0.0112,0.0077,0.0,0.00002,0.00004,0.00013
3205385,0.00003,0.0,0.00001,0.0023,0.0038,0.0061,0.0385,0.0022,0.0027,0.00019,0.00002,0.00006,0.0007,0.00091,0.0,0.02,0.00068,0.00038,0.0018,0.0005,0.00006,0.0029,0.00005,0.00045,0.0,0.0,0.00009,0.00025,0.0,0.0013,0.0017,0.00006,0.00029,0.0078,0.00032,0.00005,0.00004,0.00003,0.004,0.0088,0.004,0.0176,0.0023,0.007,0.124,0.0,0.0,0.00002,0.00051
3206055,0.0,0.00002,0.00006,0.0034,0.0013,0.0008,0.0165,0.0054,0.00023,0.00001,0.00002,0.00023,0.0115,0.0072,0.0,0.0013,0.00068,0.0021,0.0187,0.00093,0.00006,0.0123,0.00027,0.00073,0.00014,0.0,0.00017,0.00001,0.0,0.0032,0.0048,0.00023,0.00014,0.0022,0.00015,0.00003,0.00003,0.00003,0.0028,0.0088,0.0012,0.0029,0.0071,0.0017,0.0013,0.0,0.0,0.00002,0.0031
2260555,0.0,0.00002,0.00049,0.006,0.4383,0.0035,0.0078,0.0088,0.00015,0.00019,0.00003,0.00008,0.00006,0.0039,0.0,0.00024,0.00068,0.00038,0.00056,0.0007,0.00005,0.0041,0.00008,0.00067,0.0,0.00004,0.00017,0.00002,0.0,0.0053,0.0024,0.00006,0.00086,0.0063,0.00015,0.00003,0.00022,0.00004,0.0019,0.009,0.00047,0.00033,0.0071,0.0204,0.8239,0.00003,0.00063,0.00001,0.00044
1734865,0.00003,0.0,0.0,0.0046,0.0717,0.00094,0.0133,0.00069,0.00015,0.00001,0.00002,0.00006,0.00006,0.0023,0.0,0.00024,0.00034,0.00038,0.0035,0.00057,0.00006,0.00089,0.00004,0.00026,0.0,0.00004,0.00017,0.00001,0.0,0.00079,0.0013,0.00003,0.00014,0.0019,0.00001,0.00003,0.0,0.00004,0.0014,0.0026,0.00032,0.00033,0.0227,0.00083,0.00096,0.0,0.0,0.00008,0.0013
1311725,0.0,0.0,0.0,0.0013,0.7024,0.0011,0.1253,0.0012,0.00015,0.0,0.00001,0.00006,0.00006,0.0019,0.0,0.00022,0.00021,0.1,0.0437,0.0131,0.00005,0.0079,0.00027,0.00018,0.0,0.0,0.00091,0.0,0.0,0.00013,0.0012,0.0012,0.00029,0.0621,0.00001,0.0,0.0,0.00003,0.0509,0.0363,0.0021,0.0016,0.008,0.0112,0.0013,0.0,0.0,0.0,0.00006
1620295,0.00003,0.0,0.0001,0.0017,0.0103,0.0105,0.0385,0.0016,0.00023,0.00005,0.00007,0.00002,0.00006,0.00041,0.0,0.002,0.00021,0.00071,0.0035,0.0005,0.00002,0.0075,0.00004,0.00067,0.0,0.0,0.00009,0.00004,0.0,0.001,0.00077,0.00006,0.00023,0.0047,0.00001,0.00003,0.00004,0.00028,0.0015,0.0013,0.0012,0.00084,0.005,0.0316,0.0062,0.00003,0.0,0.00003,0.00054
8195645,0.0,0.0,0.0001,0.0013,0.9398,0.0012,0.0147,0.0025,0.00023,0.00005,0.00003,0.00023,0.00006,0.0271,0.0,0.00022,0.00068,0.00017,0.0031,0.0005,0.00006,0.0347,0.00005,0.00045,0.0,0.00004,0.00017,0.00004,0.0,0.00039,0.0024,0.00006,0.00034,0.0022,0.00015,0.0,0.00004,0.00018,0.0019,0.0018,0.00047,0.0015,0.0027,0.0059,0.8394,0.00003,0.00002,0.00002,0.00061
8020765,0.00003,0.0,0.00049,0.002,0.0033,0.0054,0.0133,0.0063,0.004,0.00019,0.00002,0.0034,0.00006,0.0072,0.0,0.00024,0.0075,0.00038,0.0018,0.00024,0.00003,0.0123,0.0005,0.00085,0.0,0.00004,0.00091,0.00004,0.0,0.001,0.0136,0.00006,0.00071,0.0113,0.00032,0.00063,0.00022,0.00018,0.0056,0.0115,0.00099,0.0016,0.00099,0.0049,0.9179,0.0,0.0,0.00004,0.0013
8558175,0.0,0.0,0.0,0.0013,0.00033,0.00018,0.0056,0.00069,0.00015,0.00001,0.00001,0.00002,0.00002,0.0023,0.0,0.00008,0.00015,0.00017,0.00065,0.00008,0.00005,0.0029,0.00005,0.00045,0.00002,0.0,0.00004,0.00002,0.0,0.00079,0.00095,0.0,0.00029,0.0017,0.00001,0.0,0.0,0.00004,0.0013,0.0013,0.00037,0.00033,0.0027,0.0099,0.0013,0.0,0.0,0.00004,0.00023
9295055,0.0,0.0,0.0,0.0618,0.00033,0.0017,0.0385,0.0088,0.00015,0.0,0.0,0.00002,0.00026,0.0023,0.0,0.00022,0.00021,0.00017,0.0031,0.00024,0.00005,0.5921,0.0037,0.00027,0.00002,0.0,0.00092,0.00002,0.0,0.00039,0.0024,0.00002,0.0029,0.0364,0.00001,0.0,0.0,0.0,0.0074,0.0084,0.00036,0.002,0.0031,0.0041,0.0039,0.0,0.0,0.00008,0.00013
9834565,0.0,0.00002,0.0001,0.0028,0.0121,0.0022,0.4424,0.0088,0.00062,0.00005,0.00007,0.00006,0.00006,0.0281,0.0,0.0122,0.0019,0.0019,0.007,0.0005,0.00006,0.2989,0.00027,0.00045,0.0,0.0,0.0034,0.00036,0.0,0.0018,0.0054,0.00003,0.00034,0.0113,0.00015,0.00003,0.00013,0.00018,0.2595,0.0647,0.0012,0.0066,0.0071,0.0316,0.0077,0.0,0.0,0.00002,0.00077
9919465,0.00003,0.0,0.00018,0.0016,0.0069,0.0027,0.0598,0.0024,0.00023,0.00019,0.00043,0.00004,0.00006,0.0017,0.0,0.00024,0.0264,0.00039,0.0018,0.00024,0.00005,0.0268,0.00005,0.00045,0.0,0.0,0.00004,0.00002,0.0,0.00039,0.0017,0.00003,0.00029,0.0012,0.00015,0.00003,0.00013,0.00003,0.0254,0.009,0.00099,0.0056,0.0028,0.0112,0.8787,0.0,0.0,0.00002,0.00051
10529515,0.0,0.0,0.00018,0.00015,0.9816,0.00094,0.0039,0.0025,0.00015,0.0,0.00001,0.00006,0.00002,0.00026,0.0,0.00018,0.00021,0.00038,0.00021,0.00024,0.00005,0.0123,0.0005,0.00026,0.0,0.0,0.0015,0.00003,0.0,0.001,0.00057,0.00003,0.00014,0.0029,0.00001,0.00063,0.0018,0.0,0.00067,0.003,0.00032,0.00054,0.0,0.0013,0.0171,0.0,0.0,0.00043,0.00013
11596825,0.00003,0.00002,0.0011,0.0135,0.0042,0.0027,0.0282,0.003,0.0067,0.00005,0.00002,0.00023,0.0007,0.0059,0.0,0.00079,0.00034,0.00038,0.00095,0.00024,0.00006,0.0101,0.00049,0.003,0.0,0.00004,0.00039,0.00002,0.0,0.00079,0.0013,0.00003,0.00097,0.0014,0.00015,0.00006,0.00004,0.00003,0.0013,0.0053,0.0065,0.0095,0.0074,0.0025,0.1107,0.00003,0.0,0.00002,0.00041
11680565,0.0,0.0,0.0001,0.00045,0.0012,0.0035,0.7908,0.0054,0.00073,0.00001,0.00002,0.00004,0.00006,0.00091,0.0,0.0017,0.00026,0.00038,0.0025,0.0031,0.00003,0.0123,0.00027,0.00045,0.0,0.0,0.1861,0.00001,0.0,0.001,0.001,0.00002,0.00014,0.0017,0.00024,0.00003,0.00002,0.0,0.0079,0.009,0.1339,0.5269,0.005,0.0014,0.0021,0.0,0.0,0.00008,0.00022
11725215,0.0,0.0,0.0,0.002,0.0012,0.0017,0.1612,0.0263,0.00015,0.0,0.0,0.00023,0.00006,0.9013,0.0,0.0013,0.00021,0.00017,0.0035,0.00099,0.00014,0.0949,0.0,0.00027,0.0,0.0,0.00009,0.00002,0.0,0.00013,0.0013,0.00023,0.00071,0.0292,0.00001,0.0,0.0,0.0,0.0112,0.007,0.0072,0.001,0.7348,0.0144,0.0096,0.0,0.00002,0.00043,0.0018
12489625,0.0,0.0,0.0,0.0013,0.00049,0.00052,0.0213,0.0133,0.00015,0.0,0.00001,0.00023,0.00006,0.0434,0.0,0.00016,0.0,0.00038,0.0046,0.0015,0.0016,0.009,0.0,0.00045,0.0,0.0,0.00034,0.00002,0.0,0.0001,0.0024,0.00006,0.0026,0.0028,0.00001,0.0,0.0,0.0,0.0014,0.0058,0.00049,0.0012,0.0168,0.0393,0.0858,0.0,0.0,0.00001,0.00013
12611755,0.0,0.0,0.0001,0.0184,0.00049,0.0277,0.9537,0.0022,0.0027,0.00005,0.00007,0.00004,0.0025,0.0073,0.0,0.6825,0.00026,0.00019,0.007,0.00057,0.00014,0.5921,0.00034,0.003,0.00002,0.0,0.00034,0.00003,0.0,0.0039,0.0016,0.00017,0.00034,0.561,0.00032,0.0,0.00003,0.0,0.0028,0.0874,0.004,0.0032,0.0097,0.0014,0.0062,0.0,0.0,0.00003,0.00054
12666465,0.00003,0.0,0.00006,0.0023,0.0043,0.0048,0.025,0.0088,0.0011,0.00005,0.00007,0.00078,0.00026,0.0034,0.0,0.0013,0.00068,0.00038,0.013,0.0005,0.00005,0.5921,0.00027,0.00045,0.0,0.0,0.0033,0.00003,0.0,0.00039,0.8382,0.00003,0.0026,0.008,0.00015,0.00003,0.00004,0.0,0.0079,0.0647,0.0021,0.0015,0.0288,0.0025,0.0076,0.0,0.0,0.00008,0.0017
14673555,0.0,0.0,0.0,0.00072,0.0121,0.6034,0.2162,0.0049,0.00023,0.0,0.00002,0.00002,0.00007,0.0014,0.0,0.0074,0.00026,0.00071,0.0046,0.00022,0.00005,0.0048,0.00005,0.00027,0.0,0.0,0.00017,0.00002,0.0,0.00033,0.0024,0.0,0.0014,0.0063,0.00001,0.0,0.0,0.0,0.0074,0.009,0.0018,0.1372,0.0055,0.9061,0.00096,0.0,0.0,0.00016,0.0017
15010995,0.00003,0.00002,0.00006,0.0061,0.0103,0.00052,0.0089,0.0054,0.00023,0.00021,0.00003,0.00023,0.00006,0.00075,0.0,0.00024,0.00021,0.00017,0.007,0.0005,0.00014,0.0415,0.00004,0.00045,0.0,0.0,0.00034,0.00002,0.0,0.00079,0.0017,0.00003,0.00023,0.0019,0.00001,0.00003,0.00004,0.00004,0.0056,0.009,0.001,0.00084,0.0074,0.0052,0.0942,0.00003,0.0,0.0,0.00013
15794175,0.0,0.0,0.0,0.00015,0.00049,0.0048,0.9909,0.0049,0.00015,0.0,0.00001,0.00002,0.0018,0.097,0.0,0.94,0.00015,0.00019,0.0015,0.00006,0.00002,0.5921,0.0,0.00045,0.0,0.0,0.00009,0.00002,0.0,0.00079,0.0089,0.0,0.0,0.1538,0.00001,0.0,0.0,0.0,0.0152,0.0064,0.0706,0.7939,0.0045,0.0099,0.0013,0.0,0.0,0.00002,0.00077
15897725,0.0,0.0,0.0,0.0,0.0127,0.0277,0.9286,0.00042,0.00037,0.00005,0.00007,0.00078,0.00006,0.0017,0.0,0.0057,0.00021,0.00034,0.00056,0.0005,0.00005,0.0148,0.0,0.00056,0.0,0.0,0.00034,0.00003,0.0,0.00039,0.0077,0.00002,0.00023,0.008,0.00001,0.00003,0.0,0.0,0.0374,0.0053,0.00012,0.7893,0.0027,0.0054,0.0035,0.0,0.0,0.00002,0.0013
16546355,0.0,0.0,0.0,0.1056,0.00033,0.0008,0.103,0.0497,0.00015,0.0,0.0,0.0125,0.00026,0.097,0.0,0.002,0.0001,0.00017,0.0017,0.00057,0.00002,0.0268,0.00005,0.0015,0.0,0.0,0.00009,0.0,0.0,0.00013,0.0048,0.00002,0.00097,0.0733,0.00001,0.0,0.0,0.0,0.0028,0.009,0.0012,0.0247,0.0027,0.0112,0.0013,0.0,0.0,0.0,0.00054
16857575,0.00005,0.00002,0.0001,0.00072,0.0035,0.0325,0.0147,0.0024,0.0027,0.0014,0.0021,0.0125,0.00007,0.0014,0.0,0.00018,0.0047,0.00017,0.00065,0.0005,0.00014,0.0119,0.00017,0.0014,0.00002,0.0,0.00034,0.00024,0.0,0.00018,0.0013,0.0,0.0016,0.0063,0.00024,0.00003,0.00003,0.00018,0.0079,0.009,0.00099,0.0013,0.0108,0.0201,0.9021,0.0,0.0,0.00008,0.00041
17524565,0.0,0.0,0.0,0.002,0.00049,0.0008,0.0686,0.003,0.00023,0.00005,0.0,0.00002,0.00006,0.00049,0.0,0.0023,0.00034,0.00038,0.0018,0.00093,0.00005,0.0048,0.00004,0.00045,0.0,0.0,0.00009,0.00002,0.0,0.00013,0.00086,0.00002,0.00029,0.0012,0.00015,0.0,0.0,0.00004,0.0028,0.0088,0.0019,0.001,0.0074,0.0099,0.0025,0.0,0.0,0.00001,0.00051
19176415,0.0,0.0,0.0,0.006,0.00016,0.0048,0.0177,0.0628,0.00023,0.00005,0.00002,0.00008,0.0156,0.0585,0.00002,0.00018,0.00026,0.00017,0.0025,0.0044,0.00076,0.0207,0.00017,0.00026,0.0,0.0,0.00034,0.00002,0.0,0.00013,0.0146,0.00006,0.00029,0.008,0.00001,0.0,0.0,0.00004,0.0019,0.0498,0.00026,0.0095,0.0071,0.0442,0.0012,0.0,0.0,0.00001,0.0017
19901175,0.0,0.0,0.0,0.00072,0.9741,0.00052,0.0367,0.0269,0.00015,0.0,0.00002,0.00004,0.00007,0.0014,0.0,0.00022,0.00021,0.00017,0.0018,0.00024,0.00002,0.0715,0.00049,0.0015,0.0,0.0,0.00009,0.00002,0.0,0.00079,0.022,0.00002,0.00029,0.025,0.00001,0.00003,0.0,0.0,0.0043,0.0058,0.00032,0.00023,0.0012,0.0041,0.0062,0.0,0.0,0.00003,0.00013
19469685,0.0,0.0,0.00001,0.0583,0.0012,0.00095,0.0147,0.0062,0.00023,0.00019,0.00002,0.00002,0.00007,0.0015,0.0,0.0011,0.00021,0.00034,0.0031,0.00089,0.00002,0.0041,0.00008,0.00045,0.0,0.0,0.00009,0.00002,0.0,0.0004,0.0024,0.00003,0.00029,0.0292,0.00015,0.0,0.00004,0.00043,0.0074,0.0053,0.0171,0.0013,0.002,0.0099,0.0323,0.00003,0.00004,0.00008,0.00013
20058555,0.0,0.0,0.0,0.0088,0.0026,0.0008,0.0039,0.0062,0.00015,0.00001,0.00002,0.00004,0.00007,0.0014,0.0,0.00022,0.00021,0.00071,0.0635,0.00057,0.00005,0.0018,0.00004,0.0003,0.0,0.0,0.00034,0.00002,0.0,0.00033,0.0039,0.00002,0.00071,0.0063,0.00001,0.0,0.0,0.00004,0.0152,0.007,0.0012,0.0016,0.3555,0.0052,0.0076,0.00003,0.0,0.00004,0.0017
20550745,0.0,0.0,0.00006,0.0046,0.0038,0.0448,0.7908,0.00069,0.0027,0.0,0.00003,0.00008,0.0018,0.003,0.0,0.00016,0.0013,0.00034,0.007,0.7732,0.00005,0.5921,0.00011,0.0019,0.0,0.0,0.0024,0.00002,0.0,0.00079,0.009,0.00017,0.00029,0.0113,0.00001,0.0,0.0,0.00004,0.0044,0.0053,0.00047,0.1577,0.0033,0.0023,0.0734,0.0,0.00006,0.00002,0.00013
20831935,0.00003,0.00002,0.0001,0.00093,0.0035,0.0061,0.0175,0.0015,0.0274,0.00005,0.00003,0.00023,0.00039,0.003,0.0,0.00037,0.0166,0.00038,0.00095,0.00089,0.00005,0.0053,0.00049,0.00045,0.0,0.00004,0.00055,0.00001,0.0,0.0032,0.0017,0.00017,0.00086,0.0021,0.004,0.00003,0.00003,0.00004,0.0074,0.0018,0.0021,0.00084,0.002,0.0054,0.8239,0.0,0.0,0.00002,0.00041
21870315,0.0,0.0,0.0011,0.0029,0.0038,0.0027,0.0078,0.0015,0.00015,0.00005,0.00002,0.00008,0.00006,0.0023,0.0,0.00037,0.0017,0.00017,0.00056,0.00006,0.00006,0.0279,0.00027,0.0019,0.0,0.0,0.00009,0.0006,0.0075,0.00013,0.0012,0.00006,0.0016,0.0017,0.00001,0.0,0.00004,0.00004,0.0079,0.0018,0.00047,0.00054,0.0112,0.007,0.8239,0.00003,0.0,0.0,0.00013
21873835,0.0,0.0,0.0,0.0357,0.00016,0.0035,0.5249,0.0049,0.00015,0.00001,0.00007,0.00023,0.0025,0.9013,0.0,0.0013,0.00021,0.00038,0.0063,0.00006,0.00002,0.0123,0.0,0.00026,0.0,0.0,0.0003,0.0,0.0,0.00039,0.3005,0.00002,0.00014,0.0032,0.00001,0.0,0.0,0.0,0.0044,0.0151,0.004,0.0018,0.002,0.1687,0.0013,0.0,0.0,0.00008,0.00013
21876345,0.0,0.0,0.00006,0.00072,0.6688,0.0027,0.0175,0.0016,0.0011,0.00001,0.0,0.00004,0.00006,0.00049,0.0,0.00016,0.00034,0.00039,0.00021,0.00022,0.00005,0.0029,0.00004,0.00067,0.0,0.0,0.00009,0.00024,0.0,0.0064,0.0016,0.00003,0.00029,0.0018,0.00009,0.00003,0.00002,0.0,0.00089,0.003,0.00049,0.00058,0.0033,0.0023,0.0734,0.0,0.0,0.00002,0.00013
22499405,0.0,0.0,0.0,0.0323,0.00016,0.023,0.8213,0.0016,0.00037,0.00005,0.00002,0.00002,0.00006,0.0202,0.0,0.0018,0.00026,0.00071,0.0063,0.00089,0.00002,0.1166,0.00017,0.0003,0.00002,0.0,0.00091,0.0,0.0,0.00039,0.01,0.00023,0.00014,0.0479,0.00015,0.0,0.0,0.0,0.0152,0.0333,0.004,0.0635,0.0098,0.0677,0.0013,0.0,0.0,0.00002,0.00022
23891765,0.0,0.0,0.0,0.00072,0.0023,0.00073,0.0087,0.5938,0.00015,0.00001,0.00002,0.00023,0.00002,0.0059,0.0,0.00008,0.0001,0.00017,0.00065,0.00008,0.00005,0.1675,0.00004,0.00045,0.0,0.0,0.00039,0.00002,0.0,0.00039,0.00057,0.0,0.00014,0.0017,0.00001,0.0,0.0,0.0,0.0152,0.00037,0.00099,0.00023,0.0027,0.845,0.0077,0.0,0.0,0.00002,0.0
24009395,0.00003,0.00002,0.00018,0.015,0.0033,0.0027,0.0175,0.0049,0.0093,0.00001,0.00002,0.00023,0.00007,0.0072,0.0,0.00079,0.0013,0.00038,0.00095,0.00022,0.00006,0.0062,0.0015,0.003,0.0,0.00053,0.00055,0.00002,0.0,0.0039,0.0066,0.00006,0.00071,0.0017,0.0058,0.0002,0.00004,0.0,0.0028,0.0026,0.00049,0.002,0.0045,0.0023,0.124,0.0,0.0,0.00008,0.00022
22978465,0.0,0.0,0.0,0.002,0.9557,0.00052,0.0016,0.0088,0.00015,0.0,0.00007,0.00002,0.00006,0.00063,0.0,0.00016,0.0,0.00017,0.0213,0.0005,0.00002,0.0224,0.0,0.00018,0.0,0.0,0.00009,0.00002,0.0,0.0039,0.0048,0.00017,0.00071,0.00061,0.00001,0.0,0.0,0.0,0.0056,0.00027,0.00032,0.00023,0.0131,0.0025,0.00096,0.0,0.0,0.00002,0.00077
24576675,0.0,0.00002,0.0,0.0046,0.001,0.00052,0.0056,0.0056,0.00015,0.0,0.00001,0.00002,0.00006,0.00075,0.0,0.00022,0.00068,0.00017,0.0046,0.00016,0.00006,0.00031,0.00049,0.00045,0.0,0.0,0.00009,0.00001,0.0,0.0002,0.0012,0.00006,0.00071,0.0012,0.00001,0.0,0.0,0.0,0.0013,0.0013,0.0018,0.00027,0.0043,0.0023,0.3322,0.0,0.0,0.00002,0.00054
24886495,0.0,0.0,0.0,0.0016,0.0014,0.00052,0.1368,0.0016,0.00015,0.00005,0.00002,0.0,0.00006,0.00049,0.0,0.00016,0.0001,0.00038,0.0046,0.00025,0.00002,0.0119,0.00004,0.00026,0.00002,0.0,0.00017,0.00002,0.0,0.0002,0.0016,0.00003,0.00023,0.0047,0.00001,0.0,0.0,0.0,0.0013,0.0058,0.1339,0.016,0.0031,0.0033,0.00086,0.0,0.0,0.00002,0.00077
21232055,0.0,0.0,0.0,0.0034,0.001,0.0008,0.1861,0.0022,0.00023,0.00001,0.00002,0.0001,0.00006,0.0039,0.0,0.0122,0.0001,0.00039,0.007,0.0031,0.00005,0.0731,0.0,0.00026,0.0,0.0,0.00009,0.00002,0.0,0.00013,0.0024,0.00003,0.00029,0.0014,0.00001,0.0,0.0,0.00004,0.0019,0.0053,0.0524,0.2421,0.036,0.0865,0.0039,0.0,0.0,0.00014,0.00023
21255795,0.0,0.0,0.0,0.3802,0.0023,0.0027,0.0039,0.0015,0.00062,0.0,0.00002,0.00008,0.00006,0.0039,0.0,0.00024,0.0001,0.00038,0.0041,0.00024,0.00002,0.0018,0.0044,0.00045,0.0,0.0,0.00009,0.00002,0.0,0.00054,0.0017,0.00006,0.8087,0.0074,0.00001,0.0,0.0,0.0,0.004,0.009,0.00047,0.00033,0.0033,0.0274,0.7151,0.0,0.00006,0.00002,0.00006
22040605,0.0,0.0,0.0,0.1406,0.0035,0.0008,0.7908,0.0016,0.00023,0.0,0.00001,0.0034,0.0238,0.011,0.0,0.0074,0.00021,0.0021,0.0187,0.6015,0.00005,0.16,0.00011,0.0003,0.0,0.0,0.0079,0.0,0.0,0.00033,0.0024,0.00006,0.00034,0.0364,0.00001,0.0,0.0,0.0,0.0374,0.0413,0.00099,0.0056,0.0261,0.0248,0.0013,0.0,0.0,0.00002,0.00013
25080285,0.0,0.0,0.0,0.0061,0.00049,0.0147,0.0175,0.5938,0.00023,0.0,0.00002,0.00002,0.00006,0.0097,0.0,0.00024,0.00015,0.00008,0.00065,0.00008,0.00005,0.0782,0.1111,0.00045,0.0,0.0,0.0021,0.00036,0.0,0.00013,0.8382,0.00017,0.00023,0.0889,0.00001,0.0,0.0,0.0,0.0028,0.0133,0.00047,0.00006,0.0033,0.0201,0.0171,0.0,0.0,0.00003,0.00054
21606375,0.00005,0.00002,0.0011,0.0017,0.0014,0.0012,0.0598,0.0133,0.00015,0.00005,0.00003,0.00006,0.00007,0.0017,0.0,0.00024,0.00034,0.00071,0.0031,0.00024,0.00006,0.00081,0.00027,0.0015,0.0,0.00004,0.00034,0.00004,0.0,0.0018,0.0024,0.00003,0.00071,0.0017,0.00015,0.00063,0.00013,0.00004,0.00067,0.0026,0.0021,0.0042,0.0108,0.0014,0.0162,0.0,0.0,0.00016,0.0018
21410485,0.0,0.0,0.00001,0.0015,0.00016,0.0008,0.0385,0.0488,0.00015,0.00005,0.00001,0.5179,0.00039,0.0592,0.0,0.0023,0.0,0.00038,0.0025,0.00024,0.00016,0.0432,0.00027,0.00026,0.0,0.0,0.119,0.00001,0.0,0.00013,0.003,0.0,0.00097,0.0473,0.00001,0.0,0.0,0.0,0.0028,0.0064,0.0019,0.0032,0.002,0.0167,0.0013,0.0,0.0,0.00008,0.00077
26717645,0.0,0.0,0.0,0.0143,0.001,0.00052,0.025,0.0106,0.00015,0.00001,0.00001,0.00002,0.00039,0.00091,0.0,0.00024,0.0,0.00075,0.0269,0.0005,0.00002,0.2442,0.00005,0.00023,0.0,0.0,0.00009,0.0,0.0,0.001,0.0016,0.00006,0.00014,0.0047,0.00001,0.0,0.0,0.0,0.0074,0.0012,0.00032,0.00033,0.005,0.8888,0.00096,0.0,0.0,0.00001,0.00054
26281485,0.00003,0.0,0.00001,0.0023,0.9808,0.0022,0.0075,0.0016,0.00023,0.00011,0.00007,0.00023,0.00006,0.002,0.0,0.00022,0.00068,0.00034,0.0016,0.00008,0.00014,0.0314,0.00017,0.00045,0.0,0.0,0.00039,0.00024,0.0,0.0039,0.00077,0.00006,0.00071,0.0014,0.00015,0.00005,0.00003,0.00004,0.0019,0.0053,0.00049,0.00084,0.00099,0.0052,0.0121,0.0,0.0,0.00002,0.00022
27040285,0.0,0.0,0.0,0.0013,0.001,0.023,0.00076,0.0049,0.0027,0.3023,0.2526,0.0,0.00002,0.00049,0.0,0.00024,0.0278,0.00008,0.00021,0.00006,0.00003,0.0123,0.0358,0.00073,0.0,0.0,0.00004,0.00036,0.0,0.00017,0.0039,0.00002,0.00023,0.0292,0.00032,0.0,0.0,0.0571,0.004,0.009,0.00032,0.00023,0.002,0.1417,0.8825,0.00003,0.0,0.00001,0.0017
27465265,0.0,0.0,0.00001,0.00045,0.0121,0.0315,0.9063,0.0211,0.00023,0.0,0.00001,0.0,0.00006,0.00041,0.0,0.2879,0.00021,0.00017,0.00065,0.00006,0.00002,0.2107,0.0,0.00067,0.0,0.0,0.0547,0.00002,0.0,0.00013,0.00077,0.00002,0.00029,0.8263,0.00001,0.0,0.0,0.0,0.0014,0.2684,0.00026,0.2903,0.005,0.005,0.0035,0.0,0.0,0.00008,0.0013
27527755,0.0,0.0,0.0,0.0426,0.00016,0.0061,0.0039,0.0386,0.00023,0.0,0.00001,0.0001,0.00006,0.0023,0.0,0.00008,0.0001,0.00019,0.0077,0.0007,0.0,0.0207,0.00008,0.00045,0.0,0.0,0.00055,0.00002,0.0,0.0002,0.00057,0.0,0.00014,0.0123,0.00001,0.0,0.0,0.0,0.1646,0.0133,0.00036,0.00006,0.0648,0.9061,0.0077,0.0,0.0,0.0,0.00054
28382615,0.0,0.0,0.0,0.00072,0.9833,0.00052,0.00081,0.0015,0.00015,0.0,0.00001,0.00008,0.00006,0.00049,0.00002,0.00016,0.0012,0.0,0.0019,0.00016,0.00002,0.0268,0.00005,0.00026,0.0,0.0,0.00039,0.0,0.0,0.0053,0.0039,0.0,0.00097,0.0292,0.00001,0.00003,0.0,0.0,0.0152,0.0013,0.00032,0.00009,0.0045,0.0099,0.0074,0.0,0.00004,0.00002,0.00022
28368495,0.0,0.0,0.00049,0.00044,0.001,0.0017,0.0039,0.00069,0.00015,0.0,0.00002,0.00002,0.00006,0.00091,0.0,0.0013,0.00021,0.00071,0.0165,0.00016,0.00076,0.00031,0.00004,0.0409,0.0,0.0,0.00009,0.00001,0.0,0.00033,0.00077,0.00003,0.00023,0.00061,0.00001,0.0,0.00013,0.00004,0.004,0.0058,0.00032,0.00054,0.00099,0.0248,0.9179,0.0,0.0027,0.0,0.00022
28124585,0.0,0.0,0.0,0.00045,0.00016,0.1248,0.9859,0.003,0.00073,0.00005,0.00007,0.0,0.00002,0.004,0.0,0.9587,0.00021,0.00038,0.00095,0.0005,0.00005,0.0101,0.00004,0.00026,0.0,0.0,0.00009,0.0,0.0,0.0001,0.0419,0.00003,0.00097,0.1148,0.00001,0.0,0.0,0.0,0.0074,0.009,0.00032,0.5169,0.0071,0.0316,0.3353,0.0,0.0,0.00001,0.00041
28744775,0.0,0.00002,0.0037,0.0029,0.0052,0.0119,0.0147,0.0045,0.00062,0.00021,0.00002,0.0015,0.00007,0.0017,0.0,0.00024,0.0215,0.00038,0.0018,0.00099,0.0016,0.0123,0.0037,0.0746,0.00014,0.00015,0.00039,0.002,0.00006,0.001,0.0016,0.00006,0.00034,0.0019,0.00001,0.00003,0.0018,0.00004,0.0152,0.0026,0.001,0.0016,0.0074,0.0099,0.1756,0.00004,0.0,0.00002,0.00044
29030455,0.0,0.0,0.00001,0.002,0.0033,0.0027,0.1889,0.0211,0.00015,0.00005,0.00002,0.0,0.00007,0.00091,0.0,0.0074,0.00015,0.00017,0.0063,0.00006,0.00002,0.16,0.00004,0.00045,0.0,0.0,0.00009,0.0056,0.0,0.00018,0.0024,0.0,0.00029,0.0014,0.00001,0.00003,0.0,0.0,0.0074,0.0026,0.00047,0.002,0.0845,0.1798,0.0121,0.00003,0.0,0.00002,0.00013
29580855,0.0,0.0,0.0,0.0023,0.001,0.0251,0.0039,0.7143,0.00023,0.00005,0.00002,0.00002,0.00006,0.0023,0.0,0.0017,0.0012,0.00071,0.0187,0.0131,0.00002,0.5921,0.00027,0.00026,0.0,0.0,0.00009,0.00016,0.0,0.0018,0.0786,0.00006,0.006,0.3689,0.00001,0.0,0.0,0.0,0.0056,0.0647,0.00032,0.0029,0.005,0.845,0.0077,0.0,0.00002,0.00002,0.0037
29614295,0.0,0.0,0.0,0.0034,0.001,0.0008,0.025,0.0049,0.00015,0.00005,0.00002,0.00008,0.0025,0.00091,0.0,0.0013,0.00021,0.00071,0.0444,0.0025,0.00005,0.0101,0.00005,0.00045,0.0,0.0,0.00039,0.00001,0.0,0.00013,0.0024,0.00006,0.00023,0.0113,0.00015,0.0,0.00002,0.0,0.0014,0.003,0.00037,0.0012,0.0978,0.0099,0.0039,0.0,0.0,0.00008,0.0166
30943885,0.0,0.0,0.0,0.00072,0.0023,0.0147,0.0385,0.0133,0.00023,0.00005,0.00002,0.0,0.00006,0.00063,0.0,0.003,0.0013,0.00039,0.0019,0.0007,0.00014,0.0415,0.00004,0.00026,0.0,0.0,0.00009,0.00004,0.0,0.00079,0.01,0.0012,0.0026,0.0047,0.00009,0.0,0.0,0.00004,0.0013,0.0026,0.0096,0.0169,0.00072,0.0112,0.0323,0.00003,0.00002,0.00008,0.00023
30846275,0.0,0.0,0.00001,0.0667,0.00064,0.0011,0.0361,0.0628,0.00059,0.00001,0.00002,0.00002,0.00064,0.0059,0.0,0.00037,0.00068,0.00019,0.0213,0.0005,0.00002,0.1063,0.00005,0.00026,0.0,0.0,0.0556,0.0,0.0,0.00079,0.022,0.0079,0.00029,0.0113,0.00015,0.00003,0.0,0.0,0.0043,0.0356,0.00032,0.0029,0.0046,0.0393,0.00071,0.0,0.0,0.00004,0.00061
30898445,0.0,0.0,0.00001,0.00093,0.0121,0.023,0.0823,0.0386,0.00023,0.00019,0.00002,0.0034,0.00006,0.00091,0.0,0.0013,0.0047,0.00019,0.00056,0.00089,0.00006,0.0268,0.00011,0.001,0.0,0.0,0.0003,0.00003,0.0,0.0039,0.0136,0.00006,0.00086,0.0292,0.00015,0.00003,0.00003,0.00004,0.6231,0.0371,0.0012,0.001,0.2767,0.1687,0.0035,0.0,0.0,0.00004,0.741
31667735,0.0,0.0,0.0,0.00015,0.00016,0.0027,0.9933,0.00042,0.00015,0.0,0.00007,0.00002,0.9574,0.0018,0.0,0.1059,0.00021,0.00017,0.00021,0.0031,0.00005,0.1469,0.0,0.0101,0.0,0.0,0.00009,0.00002,0.0,0.00013,0.00057,0.00003,0.00071,0.2135,0.00001,0.0,0.0,0.00003,0.0013,0.0736,0.00015,0.7939,0.002,0.00063,0.0013,0.0,0.00004,0.0,0.00051
26118726,0.0,0.00002,0.0,0.0257,0.00016,0.0008,0.025,0.0358,0.00015,0.0,0.00001,0.00004,0.0053,0.0063,0.0,0.00024,0.00021,0.00038,0.00095,0.0005,0.00076,0.0041,0.00005,0.00026,0.00014,0.0,0.00009,0.0,0.0,0.0001,0.0012,0.00017,0.00014,0.0063,0.00001,0.0,0.0,0.0,0.00089,0.0064,0.004,0.033,0.146,0.0037,0.00096,0.0,0.0,0.00002,0.1683
25413246,0.0,0.0,0.0,0.00015,0.00016,0.00052,0.0473,0.00069,0.00023,0.0,0.00001,0.00002,0.00006,0.00049,0.0,0.00008,0.0013,0.00017,0.0015,0.00057,0.00005,0.0099,0.00034,0.0003,0.0,0.0,0.00004,0.00001,0.0,0.00079,0.0016,0.00017,0.00014,0.00061,0.00001,0.0,0.0,0.0,0.00067,0.00051,0.0096,0.00058,0.1121,0.00083,0.00045,0.0,0.0,0.00008,0.0017
25403926,0.0,0.0,0.0,0.00072,0.001,0.00052,0.7908,0.0225,0.00015,0.0,0.00002,0.00002,0.00026,0.003,0.0,0.0122,0.0,0.00017,0.007,0.00057,0.00005,0.274,0.00005,0.001,0.0,0.0,0.00009,0.00016,0.0,0.00013,0.0595,0.00017,0.00023,0.5165,0.00001,0.0,0.00004,0.0,0.0368,0.6735,0.00012,0.0056,0.0071,0.0099,0.0013,0.0,0.0,0.00002,0.0011
25367666,0.0,0.0,0.00045,0.0003,0.9398,0.00052,0.0031,0.0038,0.00015,0.00005,0.00002,0.0,0.00039,0.00063,0.0,0.00024,0.0001,0.0,0.0035,0.00099,0.00002,0.0123,0.0064,0.0003,0.0,0.0,0.00009,0.00001,0.0,0.0032,0.0012,0.0,0.00014,0.00061,0.00009,0.00003,0.00004,0.00018,0.0043,0.0,0.00049,0.00006,0.00099,0.0011,0.0121,0.0,0.0,0.00002,0.00013
25242806,0.0,0.0,0.0,0.0088,0.00049,0.0035,0.9898,0.0016,0.00015,0.00005,0.00002,0.00002,0.00026,0.00091,0.0,0.0013,0.00015,0.00017,0.00065,0.00089,0.00002,0.0224,0.00027,0.00026,0.0,0.0,0.00017,0.0,0.0,0.00033,0.00077,0.0,0.00029,0.0183,0.00001,0.0,0.0,0.0,0.00089,0.0013,0.00047,0.7832,0.0097,0.0942,0.0017,0.0,0.0,0.00004,0.00013
1107116,0.00003,0.0,0.0001,0.00072,0.0103,0.0061,0.0857,0.0073,0.00023,0.00005,0.00002,0.00002,0.00006,0.005,0.0,0.00024,0.0013,0.00038,0.0035,0.00022,0.00003,0.1753,0.00008,0.008,0.0,0.0,0.00034,0.00025,0.0,0.0013,0.0017,0.00023,0.00029,0.0012,0.00015,0.00006,0.00013,0.00003,0.0152,0.0053,0.004,0.001,0.0221,0.1782,0.0225,0.0,0.0,0.00016,0.00023
181996,0.00003,0.0,0.00006,0.0023,0.0052,0.0022,0.0147,0.0049,0.004,0.00005,0.00007,0.0034,0.00007,0.0281,0.0,0.00079,0.0017,0.00045,0.0041,0.0031,0.0016,0.0419,0.00049,0.00067,0.0,0.0,0.00091,0.00002,0.00006,0.00079,0.0146,0.00017,0.00071,0.023,0.00024,0.00005,0.0,0.00004,0.0074,0.0053,0.0039,0.0016,0.0071,0.0316,0.0062,0.0,0.0,0.00004,0.00044
7401856,0.0,0.0,0.0,0.00093,0.0821,0.0008,0.0039,0.0386,0.00015,0.00005,0.00002,0.00065,0.00006,0.0041,0.00066,0.00037,0.0017,0.0013,0.007,0.00024,0.00005,0.0402,0.00005,0.00045,0.0,0.0,0.00009,0.00004,0.0,0.001,0.0012,0.00002,0.00029,0.0017,0.00001,0.0,0.00002,0.00018,0.0079,0.0088,0.00099,0.00033,0.0071,0.2403,0.0265,0.0,0.0,0.00004,0.00051
6777876,0.0,0.00002,0.00018,0.0017,0.2364,0.0022,0.0133,0.0073,0.00023,0.00021,0.00002,0.00008,0.00006,0.0072,0.0,0.00024,0.0013,0.0021,0.00065,0.0005,0.00005,0.0075,0.00017,0.00067,0.0,0.00004,0.0003,0.00025,0.0,0.0111,0.00095,0.00006,0.00029,0.0028,0.00015,0.00003,0.00013,0.00043,0.0182,0.0053,0.0045,0.0016,0.0027,0.0506,0.0385,0.00003,0.0,0.00002,0.00041
3565056,0.00005,0.00002,0.0011,0.0015,0.035,0.0119,0.0361,0.0049,0.0657,0.0022,0.00007,0.0012,0.0007,0.005,0.0,0.002,0.0013,0.0024,0.0015,0.0005,0.00006,0.0062,0.00036,0.0101,0.0,0.00004,0.0079,0.00016,0.0,0.0018,0.0136,0.00006,0.0042,0.0028,0.00015,0.00063,0.00004,0.0,0.0126,0.0064,0.0039,0.0016,0.0261,0.0041,0.1981,0.00003,0.0,0.00002,0.00051
2956306,0.00003,0.0,0.00001,0.0426,0.0023,0.023,0.0757,0.0025,0.00023,0.00082,0.00007,0.00078,0.00006,0.0072,0.0,0.0013,0.0166,0.0021,0.0031,0.00089,0.00005,0.0112,0.00027,0.00073,0.0,0.0,0.00017,0.00004,0.0,0.0018,0.0016,0.00003,0.00034,0.0078,0.00015,0.00005,0.00004,0.00004,0.0194,0.009,0.00099,0.0056,0.0074,0.0204,0.0265,0.0,0.0,0.00004,0.00054
2803826,0.0,0.00002,0.00007,0.00015,0.016,0.0011,0.0147,0.0185,0.00015,0.00005,0.00002,0.00002,0.00006,0.00049,0.0,0.0023,0.00015,0.00038,0.0,0.00024,0.00005,0.0029,0.00004,0.00045,0.0,0.0,0.00017,0.0,0.0,0.00013,0.00095,0.00003,0.00023,0.0035,0.00001,0.00003,0.0,0.00003,0.0043,0.0133,0.0171,0.0032,0.005,0.0033,0.0021,0.00003,0.0,0.00002,0.0
26000815,0.0,0.0,0.0,0.3702,0.00016,0.0022,0.0133,0.0024,0.00015,0.0,0.0,0.00002,0.00006,0.00091,0.0,0.0013,0.0001,0.00014,0.00065,0.00024,0.00002,0.0079,0.00027,0.00026,0.0,0.0,0.00009,0.0,0.0,0.00033,0.00057,0.00003,0.6616,0.0364,0.00001,0.0,0.0,0.0,0.00067,0.009,0.00026,0.00009,0.0033,0.0014,0.3322,0.00003,0.0039,0.00004,0.00023
25359445,0.0,0.0,0.0001,0.0061,0.0035,0.0008,0.0089,0.0015,0.0027,0.00019,0.00002,0.00008,0.00006,0.002,0.0,0.00008,0.00026,0.00017,0.0264,0.00022,0.00002,0.0123,0.00017,0.00085,0.0,0.0,0.00004,0.00002,0.0,0.00013,0.01,0.00017,0.0113,0.015,0.00001,0.0,0.00003,0.0,0.0,0.00027,0.00015,0.00009,0.00099,0.845,0.9741,0.0,0.0012,0.0,0.00054
25179215,0.0,0.0,0.0,0.006,0.001,0.0712,0.7908,0.1132,0.00037,0.0,0.00001,0.00023,0.00006,0.097,0.0,0.002,0.00015,0.00038,0.0164,0.00089,0.00002,0.0715,0.00004,0.00026,0.0,0.0,0.00017,0.00003,0.0,0.00013,0.01,0.00003,0.00086,0.3689,0.00001,0.0,0.0,0.0,0.0194,0.3362,0.00036,0.00058,0.0027,0.0099,0.00045,0.0,0.0,0.00004,0.0248
960155,0.0,0.0,0.0,0.0184,0.0038,0.00087,0.006,0.00069,0.00023,0.0,0.00002,0.00002,0.00006,0.00075,0.00002,0.00016,0.00026,0.0021,0.0025,0.00099,0.00002,0.0415,0.00004,0.0003,0.0,0.0,0.00009,0.00002,0.0,0.00054,0.0027,0.00003,0.00014,0.0007,0.00001,0.0,0.0,0.00003,0.0079,0.0249,0.00049,0.00027,0.008,0.00063,0.0048,0.00003,0.0,0.00001,0.00013
6972995,0.00005,0.00002,0.00007,0.00072,0.0013,0.0022,0.0147,0.0024,0.0012,0.00005,0.00002,0.00004,0.00006,0.00049,0.0,0.00018,0.0012,0.00071,0.0025,0.00057,0.00006,0.0017,0.00017,0.00073,0.00014,0.00004,0.00034,0.00036,0.0,0.001,0.00076,0.00002,0.00029,0.0047,0.00015,0.00006,0.00004,0.00004,0.00089,0.0013,0.0021,0.0018,0.00081,0.0033,0.0162,0.0,0.0,0.00004,0.00054
7305695,0.00005,0.00002,0.0037,0.028,0.4047,0.0089,0.0367,0.0054,0.0047,0.00019,0.00007,0.00023,0.00006,0.003,0.0,0.0013,0.0098,0.0011,0.0025,0.00024,0.00006,0.0224,0.00027,0.0101,0.0,0.00004,0.00091,0.00025,0.0,0.0039,0.0039,0.00006,0.00071,0.0063,0.00032,0.00088,0.00013,0.00004,0.0374,0.02,0.0045,0.0077,0.0071,0.0144,0.0734,0.00003,0.0,0.00002,0.00044
6443185,0.00005,0.00002,0.0011,0.0028,0.016,0.0119,0.0686,0.0185,0.0027,0.00082,0.00007,0.00023,0.0011,0.0072,0.0,0.0122,0.00068,0.00038,0.0025,0.00033,0.00006,0.0123,0.00027,0.0019,0.00002,0.00004,0.00017,0.00025,0.0,0.00079,0.0024,0.00017,0.00071,0.0047,0.00094,0.00033,0.00004,0.00004,0.0028,0.003,0.0171,0.0906,0.0027,0.0054,0.3174,0.0,0.0,0.00016,0.00077
2884555,0.0,0.00002,0.00018,0.00015,0.0052,0.6548,0.7908,0.0011,0.00037,0.0014,0.00002,0.00023,0.00039,0.00063,0.0,0.0013,0.0013,0.0011,0.0015,0.00024,0.00006,0.0018,0.00036,0.0263,0.00002,0.00078,0.00034,0.00036,0.0,0.00033,0.0016,0.00006,0.00023,0.0018,0.00015,0.00003,0.00003,0.00004,0.0014,0.0047,0.0021,0.0064,0.002,0.0013,0.0385,0.0,0.0,0.0,0.00013
2885895,0.00003,0.0,0.0001,0.0034,0.0033,0.0061,0.0213,0.003,0.00023,0.00005,0.00001,0.00004,0.0025,0.011,0.0,0.00022,0.006,0.0013,0.0015,0.00093,0.00016,0.0224,0.00017,0.00045,0.0,0.0,0.00009,0.00004,0.0,0.0025,0.0039,0.00017,0.00023,0.0143,0.00015,0.00005,0.00013,0.00003,0.0152,0.0133,0.0072,0.0077,0.0059,0.0677,0.0795,0.0,0.0,0.00002,0.00023
3608285,0.00005,0.0,0.0001,0.00015,0.9808,0.00052,0.0016,0.003,0.00062,0.00005,0.00002,0.00002,0.00007,0.00049,0.0,0.00037,0.0012,0.00038,0.00021,0.00024,0.00006,0.0207,0.00004,0.00056,0.0,0.00004,0.00055,0.00003,0.0,0.0013,0.0048,0.00003,0.00023,0.0021,0.00015,0.00065,0.00004,0.00004,0.0079,0.0015,0.001,0.00084,0.0023,0.0201,0.0265,0.0,0.0,0.00001,0.00023
2441955,0.0,0.0,0.00001,0.00072,0.0083,0.00052,0.025,0.0088,0.00023,0.00021,0.00002,0.00002,0.00064,0.0023,0.0,0.0013,0.0026,0.00017,0.0016,0.0005,0.00005,0.0123,0.00005,0.00045,0.0,0.0,0.00009,0.00002,0.0,0.00079,0.0024,0.00003,0.00029,0.0014,0.00001,0.00003,0.0,0.00004,0.0013,0.0115,0.00099,0.0179,0.0221,0.0023,0.0039,0.0,0.0,0.00004,0.00013
3674795,0.0,0.0,0.0,0.0,0.0014,0.2632,0.8898,0.0025,0.00015,0.00001,0.00007,0.00002,0.3667,0.0023,0.0,0.8846,0.0,0.00039,0.0018,0.00006,0.00002,0.0017,0.00008,0.00026,0.0,0.0,0.00055,0.0,0.0,0.00079,0.00077,0.00003,0.00071,0.0018,0.00001,0.0,0.0,0.0,0.0044,0.0155,0.0096,0.7832,0.0055,0.0051,0.0162,0.0,0.00004,0.00002,0.00006
2505515,0.0,0.0,0.0,0.00093,0.0298,0.0008,0.0056,0.0133,0.00062,0.00001,0.0,0.00023,0.00002,0.0072,0.0,0.00018,0.00068,0.00071,0.0041,0.0005,0.00005,0.0156,0.00017,0.0003,0.0,0.0,0.00009,0.00002,0.0,0.00039,0.0146,0.00003,0.00071,0.0063,0.00015,0.00003,0.0,0.00066,0.004,0.0088,0.00099,0.00054,0.0499,0.0109,0.0021,0.0,0.0,0.00004,0.008
2597315,0.00003,0.0,0.0001,0.0023,0.0042,0.0061,0.3045,0.0025,0.00037,0.00005,0.00007,0.00006,0.00007,0.0017,0.0,0.0018,0.0017,0.0021,0.007,0.0018,0.00003,0.0419,0.00027,0.0019,0.00002,0.00004,0.00039,0.00004,0.00038,0.0025,0.0048,0.00002,0.00034,0.0047,0.00024,0.00003,0.00003,0.00004,0.0105,0.003,0.0026,0.0064,0.008,0.0099,0.0062,0.00003,0.0,0.00004,0.00022
2625165,0.0,0.0,0.0,0.0061,0.4913,0.0027,0.0039,0.0088,0.00015,0.00005,0.00002,0.00006,0.00006,0.0072,0.0,0.00018,0.00021,0.00038,0.0063,0.00099,0.00002,0.1379,0.00004,0.00045,0.0,0.0,0.00009,0.00036,0.0,0.00017,0.009,0.00003,0.00029,0.0022,0.00001,0.0,0.0,0.00043,0.0182,0.0647,0.0039,0.00054,0.0071,0.9237,0.0106,0.0,0.0,0.00002,0.00022
2562495,0.00003,0.00002,0.00006,0.0028,0.0148,0.0011,0.0603,0.003,0.0027,0.00021,0.00007,0.00023,0.0018,0.0017,0.0,0.0017,0.0407,0.00034,0.0031,0.00099,0.00016,0.0041,0.00027,0.00073,0.0,0.00004,0.00009,0.0006,0.0,0.00079,0.0064,0.00003,0.00014,0.0028,0.00015,0.00003,0.0,0.00066,0.0152,0.0029,0.0021,0.0012,0.0261,0.0054,0.8239,0.0,0.0,0.00002,0.00044
8409195,0.0,0.0,0.0,0.0003,0.9865,0.0008,0.00076,0.00013,0.00015,0.0,0.00001,0.0,0.00002,0.00011,0.0,0.00016,0.00015,0.00017,0.0063,0.00008,0.00002,0.0648,0.0,0.00027,0.0,0.0,0.00009,0.0,0.0,0.00017,0.00095,0.00006,0.00034,0.00061,0.0,0.0,0.0,0.0,0.0014,0.00051,0.00026,0.00009,0.0071,0.0014,0.9573,0.0,0.0087,0.00002,0.00013
32673225,0.0,0.0,0.00006,0.0117,0.00064,0.0027,0.0737,0.0015,0.00015,0.00005,0.00001,0.00078,0.0025,0.0097,0.0,0.00071,0.00068,0.00017,0.0164,0.0005,0.00014,0.0101,0.00004,0.00085,0.0,0.0,0.0015,0.00002,0.0,0.0004,0.0072,0.00017,0.00034,0.0078,0.00015,0.00003,0.0,0.00003,0.00089,0.0053,0.00099,0.0176,0.0204,0.0248,0.00086,0.0,0.00002,0.00008,0.0011
8969775,0.0,0.0,0.0001,0.006,0.0052,0.00095,0.0648,0.082,0.0083,0.00005,0.00007,0.00002,0.00006,0.0023,0.0162,0.00024,0.00068,0.0024,0.013,0.0031,0.00002,0.0415,0.00005,0.00045,0.0,0.0,0.00017,0.00002,0.0,0.0025,0.0012,0.0,0.00023,0.008,0.00001,0.0,0.00004,0.00003,0.2595,0.8364,0.00036,0.0077,0.0071,0.0052,0.0162,0.0,0.0,0.00002,0.00023
8970655,0.0,0.0,0.0,0.00072,0.001,0.00052,0.0175,0.0088,0.00015,0.0,0.00002,0.0015,0.00006,0.1828,0.0,0.00016,0.0001,0.00017,0.0077,0.00016,0.00005,0.0048,0.00005,0.00045,0.0,0.0,0.0003,0.0,0.0,0.00013,0.00086,0.00003,0.00029,0.0063,0.00001,0.0,0.0,0.0,0.0028,0.003,0.004,0.0023,0.0168,0.0156,0.0013,0.0,0.0,0.00004,0.0017
8976505,0.00005,0.0,0.0068,0.0023,0.1178,0.0054,0.0133,0.0088,0.00023,0.1069,0.00002,0.00023,0.00007,0.00091,0.0,0.00022,0.0026,0.00071,0.0025,0.0004,0.00005,0.0075,0.00036,0.0052,0.0,0.00078,0.00009,0.00002,0.0,0.001,0.0039,0.00006,0.00023,0.0063,0.00015,0.00006,0.0018,0.00004,0.0014,0.0026,0.00049,0.0016,0.0028,0.0037,0.0544,0.0,0.0,0.00002,0.00013
9101055,0.00003,0.00002,0.0021,0.0029,0.0035,0.0225,0.0031,0.003,0.00023,0.00005,0.00002,0.00023,0.00006,0.004,0.0,0.00018,0.0026,0.00075,0.007,0.00024,0.00005,0.0123,0.00011,0.0015,0.00014,0.00004,0.00091,0.00024,0.0,0.0018,0.0072,0.00006,0.0196,0.0019,0.00015,0.0002,0.00004,0.0,0.0028,0.003,0.0019,0.00033,0.005,0.0567,0.8239,0.00003,0.0039,0.0,0.00023
10431565,0.0,0.0,0.00006,0.0058,0.0821,0.0027,0.0531,0.0054,0.0015,0.00005,0.00003,0.00078,0.00064,0.0162,0.0,0.0013,0.00068,0.0013,0.013,0.0044,0.00005,0.0119,0.00005,0.00045,0.0,0.0,0.00009,0.00024,0.0,0.001,0.0039,0.00023,0.0014,0.025,0.00015,0.0,0.0,0.00018,0.0028,0.009,0.0012,0.0029,0.0261,0.0054,0.0385,0.0,0.0,0.00008,0.0011
11385005,0.0,0.0,0.0,0.006,0.00064,0.0008,0.0361,0.003,0.00015,0.0,0.0,0.00023,0.00007,0.2452,0.0,0.00016,0.0001,0.00017,0.0016,0.00022,0.00002,0.0099,0.0,0.0003,0.0,0.0,0.00017,0.00003,0.0,0.0001,0.0016,0.00003,0.00014,0.008,0.00001,0.0,0.0,0.0,0.004,0.8364,0.00036,0.00006,0.0097,0.0015,0.0039,0.0,0.0,0.00002,0.00041
11482695,0.0,0.0,0.0001,0.028,0.0148,0.00052,0.0686,0.014,0.00015,0.0,0.00002,0.00006,0.00006,0.00075,0.0,0.00016,0.00021,0.00071,0.0264,0.0018,0.00002,0.0224,0.00004,0.0014,0.0,0.0,0.00004,0.00024,0.0,0.00018,0.003,0.0,0.00014,0.008,0.00001,0.00003,0.00004,0.00003,0.0079,0.0151,0.00049,0.0016,0.0071,0.0167,0.0062,0.0,0.0,0.00002,0.0011
15608095,0.0,0.0,0.00007,0.0058,0.0042,0.0022,0.0089,0.0108,0.00015,0.0,0.0,0.1206,0.00006,0.0281,0.0,0.00037,0.00021,0.00038,0.0018,0.00025,0.0048,0.0101,0.00005,0.00067,0.0,0.0,0.2483,0.00016,0.0,0.00033,0.0039,0.00006,0.00034,0.0123,0.00001,0.00005,0.0,0.0,0.0013,0.0026,0.0012,0.0016,0.0027,0.0112,0.0077,0.0,0.0,0.00002,0.00041
15717335,0.0,0.0,0.00001,0.0023,0.0012,0.00052,0.7908,0.0358,0.00015,0.00001,0.00003,0.00078,0.00026,0.0072,0.0,0.00024,0.00021,0.00017,0.00065,0.8621,0.00002,0.0156,0.00004,0.00026,0.0,0.0,0.00055,0.00001,0.0,0.00013,0.0016,0.00002,0.00071,0.008,0.00001,0.0,0.0,0.00018,0.0079,0.0647,0.00047,0.7832,0.0071,0.0041,0.0162,0.0,0.00006,0.00002,0.00022
17328255,0.00003,0.0,0.0,0.002,0.0012,0.00052,0.0192,0.0063,0.00015,0.0,0.00001,0.00002,0.00006,0.00091,0.0,0.00008,0.0,0.00017,0.0063,0.00057,0.00002,0.1279,0.00027,0.0003,0.0,0.0,0.00004,0.0,0.0,0.00079,0.0146,0.00002,0.00071,0.008,0.00001,0.00003,0.0,0.0,0.0079,0.0053,0.00032,0.00009,0.0027,0.9387,0.0021,0.0,0.0,0.00004,0.00051
16865545,0.00003,0.0,0.0001,0.0426,0.0186,0.0011,0.0834,0.0054,0.00023,0.00011,0.00002,0.00078,0.00026,0.0162,0.0,0.0013,0.00068,0.00039,0.0063,0.0005,0.00006,0.0224,0.00027,0.00073,0.0,0.0,0.00034,0.00002,0.0,0.0039,0.0039,0.00017,0.0014,0.0022,0.00015,0.00003,0.00004,0.00003,0.0152,0.0053,0.0019,0.0042,0.044,0.0112,0.0062,0.0,0.0,0.00016,0.0017
18703815,0.0,0.0,0.0,0.2928,0.0026,0.023,0.0175,0.0045,0.00015,0.00001,0.00002,0.00002,0.00006,0.0072,0.0,0.0017,0.0,0.00038,0.00056,0.00089,0.00006,0.0035,0.00005,0.0011,0.0,0.0,0.0417,0.00002,0.0,0.001,0.0024,0.0,0.00034,0.0364,0.00001,0.0,0.0,0.00003,0.0015,0.02,0.0072,0.00033,0.0027,0.0677,0.0162,0.0,0.0,0.0,0.00013
18797365,0.0,0.0,0.0,0.00072,0.00016,0.00052,0.0757,0.0015,0.00015,0.0,0.0,0.0,0.00006,0.00063,0.0,0.00008,0.0,0.00017,0.0164,0.0005,0.00016,0.0224,0.00004,0.00026,0.0,0.0,0.00004,0.0,0.0,0.00013,0.0012,0.00002,0.006,0.0014,0.0,0.0,0.00004,0.0,0.00053,0.0356,0.0171,0.0032,0.0027,0.0677,0.0121,0.0,0.0,0.00016,0.00061
19521645,0.00003,0.00002,0.0021,0.0029,0.0717,0.0035,0.006,0.0185,0.0027,0.00036,0.00007,0.00002,0.00006,0.0023,0.0,0.0011,0.0066,0.00075,0.0031,0.00024,0.00014,0.0224,0.0015,0.0263,0.00002,0.00015,0.0003,0.00024,0.0,0.0119,0.00077,0.00003,0.00029,0.0047,0.00015,0.00003,0.00022,0.0,0.0079,0.0064,0.004,0.001,0.0027,0.0062,0.3174,0.0,0.0,0.00001,0.00054
20414945,0.0,0.0,0.0,0.0039,0.00016,0.0011,0.0056,0.0088,0.00015,0.0,0.0,0.00004,0.00002,0.9263,0.0,0.00008,0.0001,0.00017,0.0063,0.0005,0.00003,0.0048,0.00004,0.00026,0.0,0.0,0.0055,0.0,0.0,0.00013,0.00013,0.00003,0.0016,0.0014,0.00001,0.0,0.0,0.0,0.0056,0.0012,0.00026,0.00084,0.0027,0.1417,0.00086,0.0,0.0,0.0,0.0394
20394775,0.00003,0.0,0.00001,0.00045,0.00033,0.0008,0.0324,0.0016,0.00015,0.00005,0.00002,0.00002,0.00006,0.0019,0.0,0.00037,0.00021,0.00038,0.0035,0.0005,0.00006,0.00031,0.00004,0.00045,0.0,0.0,0.00009,0.00036,0.0,0.00013,0.00057,0.00002,0.00014,0.0018,0.00001,0.00003,0.00004,0.00003,0.1201,0.0053,0.025,0.00058,0.0648,0.00063,0.0013,0.0,0.0,0.00004,0.0031
20845405,0.0,0.0,0.0,0.2404,0.00049,0.00052,0.0596,0.0108,0.00015,0.0,0.0,0.00078,0.00002,0.0072,0.0,0.00024,0.0,0.0,0.00065,0.00099,0.00002,0.0123,0.00004,0.00023,0.00014,0.0,0.00039,0.0,0.0,0.00017,0.00057,0.00006,0.00023,0.0113,0.00001,0.0,0.0,0.0,0.0374,0.1174,0.00026,0.00009,0.0112,0.0167,0.0013,0.0,0.0,0.00004,0.0013
21561555,0.00003,0.00002,0.00018,0.00072,0.9398,0.0011,0.0039,0.00069,0.00023,0.00019,0.00002,0.00023,0.00006,0.00063,0.0,0.00024,0.00047,0.00038,0.0018,0.00013,0.00005,0.0268,0.00005,0.00067,0.0,0.00004,0.00055,0.00002,0.002,0.0053,0.00057,0.00006,0.00023,0.0007,0.00032,0.00003,0.00003,0.00004,0.0019,0.0013,0.00099,0.00058,0.0027,0.0033,0.0077,0.00003,0.0,0.00008,0.00044
21602685,0.0,0.0,0.0,0.0003,0.00033,0.0027,0.00076,0.0016,0.00023,0.00001,0.00002,0.0688,0.00006,0.0073,0.0,0.00008,0.019,0.00071,0.0041,0.00016,0.00014,0.004,0.001,0.0574,0.0,0.0,0.0079,0.0,0.0,0.0001,0.0016,0.00003,0.00071,0.0007,0.00001,0.0,0.0,0.0,0.0056,0.0012,0.00015,0.00006,0.0074,0.00063,0.9509,0.0,0.00065,0.0,0.00022
21668435,0.0,0.0,0.0,0.0143,0.001,0.0027,0.0089,0.0016,0.00015,0.00005,0.00002,0.00004,0.00006,0.00091,0.0,0.00024,0.00026,0.00038,0.0077,0.00024,0.00002,0.0048,0.00004,0.0003,0.0,0.0,0.00017,0.00001,0.0,0.0013,0.001,0.00045,0.00029,0.0022,0.00001,0.0,0.0,0.00018,0.0013,0.0026,0.00099,0.00033,0.0027,0.0014,0.0323,0.0,0.0,0.00001,0.00023
21801595,0.0,0.0,0.00001,0.0039,0.0042,0.0011,0.0385,0.0016,0.00015,0.0,0.00001,0.00002,0.0053,0.00063,0.0,0.00079,0.00021,0.0013,0.0015,0.00057,0.0032,0.1005,0.00005,0.00045,0.0,0.0,0.00009,0.0,0.0,0.00039,0.00095,0.00002,0.0014,0.015,0.00001,0.0,0.0,0.0,0.0074,0.0064,0.0171,0.0906,0.0033,0.0248,0.00086,0.0,0.0,0.00002,0.00013
22421185,0.0,0.0,0.0,0.00015,0.0035,0.0061,0.9537,0.0054,0.00023,0.00001,0.00007,0.00078,0.0025,0.0014,0.0,0.0017,0.00021,0.00038,0.007,0.0018,0.00002,0.1,0.00008,0.0003,0.0,0.0,0.00009,0.00001,0.0,0.0013,0.0066,0.00002,0.00014,0.1851,0.00001,0.0,0.00003,0.00004,0.0014,0.0885,0.00036,0.0018,0.0027,0.4126,0.0106,0.0,0.0,0.00002,0.00013
21818675,0.00003,0.0,0.0001,0.002,0.9398,0.0035,0.0087,0.0024,0.00059,0.00021,0.00002,0.00023,0.00006,0.005,0.0,0.00016,0.00021,0.00017,0.0016,0.0004,0.00005,0.035,0.00017,0.00045,0.0,0.0,0.0003,0.00002,0.0,0.0018,0.00077,0.00002,0.00022,0.00061,0.00001,0.00003,0.00003,0.00004,0.0019,0.00084,0.00032,0.00054,0.0057,0.0023,0.0385,0.0,0.0,0.00002,0.00022
22757585,0.0,0.0,0.00007,0.006,0.00033,0.0027,0.0031,0.0054,0.00023,0.00005,0.00007,0.00023,0.00007,0.00075,0.0,0.00018,0.0022,0.00017,0.0187,0.00057,0.00003,0.0029,0.0189,0.00026,0.0,0.0,0.00034,0.00025,0.0,0.001,0.0024,0.00006,0.0014,0.0028,0.00015,0.00003,0.00004,0.00003,0.0074,0.0029,0.001,0.00084,0.0204,0.0099,0.0077,0.00037,0.0039,0.00008,0.00077
22909445,0.0,0.0,0.0,0.7592,0.00016,0.00052,0.0478,0.00086,0.00015,0.0,0.0,0.00002,0.00039,0.0271,0.0,0.00024,0.00021,0.00004,0.00056,0.00099,0.00002,0.0017,0.00008,0.0003,0.0,0.0,0.00009,0.00002,0.0,0.00039,0.0089,0.00017,0.00029,0.0143,0.0,0.0,0.0,0.0,0.0013,0.02,0.00032,0.00084,0.005,0.0011,0.0021,0.0,0.0,0.00004,0.00051
23336815,0.0,0.0,0.0001,0.0015,0.0052,0.0012,0.0468,0.003,0.00015,0.0,0.00002,0.00006,0.00006,0.0023,0.0,0.00024,0.00068,0.00019,0.002,0.0005,0.00005,0.0402,0.00017,0.00045,0.0,0.0,0.00017,0.00002,0.0,0.00079,0.0013,0.00006,0.0016,0.0143,0.00001,0.00003,0.00013,0.00004,0.0079,0.007,0.0019,0.0247,0.00099,0.0059,0.0858,0.0,0.0,0.00002,0.00022
23010135,0.00005,0.00002,0.00049,0.0034,0.6166,0.0225,0.0757,0.0133,0.0027,0.0012,0.00007,0.0001,0.0011,0.0023,0.0,0.002,0.0047,0.00017,0.0018,0.00057,0.00005,0.0126,0.00017,0.0101,0.00002,0.00015,0.00034,0.00024,0.00006,0.0018,0.0081,0.00006,0.00034,0.0047,0.00094,0.00076,0.00022,0.00018,0.0079,0.0115,0.00049,0.0656,0.0108,0.0144,0.1706,0.00044,0.0,0.00014,0.00022
22843695,0.0,0.0,0.0,0.0003,0.00016,0.00035,0.0039,0.5938,0.00015,0.00005,0.00002,0.0,0.00006,0.00049,0.0,0.00024,0.0001,0.00017,0.0323,0.00008,0.00006,0.0029,0.0037,0.00023,0.0,0.0,0.0003,0.00002,0.0,0.00033,0.00077,0.00017,0.00071,0.0032,0.00001,0.00003,0.0,0.0,0.0044,0.0026,0.00099,0.00054,0.2584,0.0025,0.00045,0.0,0.0,0.00003,0.0017
24497025,0.0,0.0,0.0,0.0013,0.0023,0.0017,0.1253,0.0016,0.00023,0.00001,0.00003,0.00002,0.00002,0.0015,0.0,0.00018,0.00021,0.00038,0.0025,0.00089,0.00006,0.009,0.00005,0.00045,0.0,0.0,0.00009,0.0,0.0,0.001,0.00077,0.00003,0.00071,0.008,0.00001,0.0,0.00002,0.0,0.0028,0.003,0.0072,0.0169,0.015,0.0033,0.0021,0.00003,0.0,0.00004,0.002
24914335,0.0,0.0,0.00001,0.00045,0.001,0.0027,0.00076,0.00013,0.00023,0.00005,0.00002,0.00002,0.00002,0.00091,0.0,0.00016,0.0968,0.00017,0.0046,0.00024,0.00002,0.00081,0.00005,0.0003,0.0,0.00004,0.00009,0.00001,0.0,0.00079,0.00034,0.00002,0.0026,0.0029,0.00001,0.00003,0.0,0.0,0.0822,0.02,0.00026,0.00006,0.00072,0.0052,0.9573,0.0,0.9895,0.0,0.00006
24994555,0.0,0.0,0.0,0.00015,0.00016,0.0035,0.9909,0.0015,0.0,0.0,0.0,0.0125,0.00006,0.00063,0.0,0.8846,0.0,0.00017,0.0018,0.00008,0.00005,0.1414,0.00005,0.00026,0.0,0.0,0.00004,0.0,0.0,0.0001,0.1305,0.00017,0.00014,0.963,0.00001,0.0,0.0,0.0,0.00067,0.0133,0.00032,0.8186,0.002,0.0393,0.00025,0.0,0.0,0.00002,0.00013
26361065,0.00003,0.0,0.00007,0.002,0.001,0.00052,0.0056,0.0024,0.00023,0.0,0.00002,0.00008,0.00006,0.0507,0.0,0.00022,0.0026,0.00038,0.0031,0.00099,0.00057,0.0268,0.00049,0.0052,0.0,0.0,0.0033,0.00002,0.0,0.00033,0.0024,0.00006,0.00034,0.0113,0.00001,0.00003,0.00004,0.0,0.0079,0.0053,0.0019,0.001,0.008,0.005,0.0035,0.0,0.0,0.0,0.00041
26463925,0.00003,0.0,0.00018,0.00045,0.0052,0.0017,0.0039,0.0035,0.021,0.00005,0.00002,0.0015,0.00006,0.0023,0.0,0.00024,0.0013,0.00071,0.007,0.00057,0.00002,0.0123,0.00005,0.00067,0.0,0.0,0.00009,0.00002,0.0,0.0026,0.0048,0.00006,0.00029,0.0017,0.00015,0.00006,0.00004,0.0,0.0028,0.0015,0.025,0.00084,0.0221,0.0086,0.3322,0.00003,0.0,0.00004,0.00041
27503465,0.0,0.0,0.0,0.028,0.00064,0.0012,0.016,0.0263,0.00037,0.00005,0.00002,0.013,0.00039,0.0072,0.0,0.00037,0.0013,0.00017,0.0529,0.0031,0.00014,0.0101,0.00027,0.00026,0.0,0.0,0.0093,0.0,0.0,0.00079,0.0343,0.00003,0.0026,0.025,0.00001,0.0,0.0,0.00003,0.0028,0.0151,0.0019,0.0032,0.435,0.0959,0.0052,0.0,0.0,0.00073,0.1465
27978785,0.00005,0.00002,0.00018,0.006,0.0033,0.0835,0.0087,0.003,0.0018,0.00005,0.00002,0.00023,0.00006,0.0072,0.0,0.0013,0.0019,0.00019,0.0041,0.00089,0.00051,0.0224,0.0081,0.0043,0.0,0.00004,0.0033,0.0027,0.00038,0.0032,0.0024,0.00017,0.00029,0.0047,0.0013,0.00005,0.00013,0.00004,0.0056,0.007,0.0018,0.00054,0.0023,0.0025,0.407,0.00003,0.0,0.00008,0.00061
28063795,0.0,0.0,0.0,0.00015,0.00049,0.0835,0.9814,0.0,0.00023,0.0,0.00002,0.00002,0.00006,0.00091,0.0015,0.00079,0.00015,0.0,0.0031,0.00057,0.00076,0.0123,0.0,0.00067,0.0,0.0,0.00034,0.0,0.0,0.00039,0.00057,0.0,0.00014,0.4717,0.00001,0.0,0.0,0.0,0.0182,0.0413,0.0019,0.7832,0.002,0.0014,0.0021,0.0,0.0,0.0,0.00006
29160895,0.0,0.00002,0.0,0.0088,0.00064,0.0011,0.0087,0.0088,0.00015,0.0,0.0,0.00002,0.00007,0.00063,0.0,0.0122,0.0001,0.00017,0.00056,0.00006,0.00006,0.0048,0.00027,0.00045,0.0,0.0,0.00034,0.0,0.0,0.00039,0.001,0.00003,0.00029,0.0029,0.00001,0.0,0.0,0.00003,0.00089,0.0088,0.0065,0.0105,0.0286,0.0014,0.0021,0.00004,0.0,0.00008,0.0017
29249505,0.0,0.0,0.0024,0.006,0.0026,0.014,0.0361,0.0386,0.0053,0.00005,0.00002,0.00002,0.00064,0.0018,0.0,0.00018,0.019,0.00038,0.0025,0.0004,0.00063,0.0055,0.0081,0.003,0.0,0.00004,0.00091,0.00036,0.0,0.0053,0.0016,0.00002,0.00041,0.0017,0.00015,0.00003,0.00013,0.00004,0.0074,0.0151,0.0021,0.0016,0.0027,0.0112,0.6905,0.0,0.0,0.00002,0.00022
29299775,0.0,0.0,0.0,0.006,0.00016,0.0008,0.0686,0.0133,0.00015,0.0,0.00001,0.00008,0.00007,0.0141,0.0,0.0013,0.0,0.0013,0.0391,0.0031,0.00002,0.0794,0.00017,0.00045,0.0,0.0,0.00055,0.0,0.0,0.001,0.0016,0.00003,0.0085,0.0532,0.00001,0.0,0.0,0.0,0.0655,0.0647,0.0065,0.0042,0.0131,0.0986,0.0025,0.0,0.00002,0.0,0.00023
29768955,0.0,0.0,0.0,0.0003,0.001,0.014,0.223,0.0056,0.00015,0.00005,0.00003,0.00008,0.00007,0.0271,0.0,0.0122,0.0,0.0,0.0213,0.00016,0.00006,0.0794,0.0,0.00045,0.0,0.0,0.00055,0.00001,0.0,0.00013,0.0089,0.0,0.00029,0.3689,0.00001,0.0,0.0,0.0,0.0014,0.0874,0.00026,0.1577,0.0031,0.0112,0.00086,0.0,0.0,0.00002,0.0031
29699515,0.0,0.0,0.00006,0.00072,0.9808,0.0022,0.0089,0.00042,0.00023,0.00001,0.00003,0.00002,0.00002,0.00041,0.0,0.00016,0.00068,0.00014,0.00056,0.00022,0.00003,0.009,0.00027,0.0003,0.0,0.0,0.00034,0.0,0.0,0.0119,0.00086,0.00002,0.00014,0.0014,0.00015,0.00003,0.00004,0.0,0.0152,0.0013,0.00099,0.00084,0.0027,0.0014,0.5123,0.0,0.0191,0.00002,0.00051
31243575,0.0,0.0,0.0,0.0034,0.0023,0.014,0.4214,0.0287,0.00015,0.00005,0.00007,0.00002,0.00039,0.003,0.0,0.00037,0.0098,0.00019,0.0077,0.00089,0.00076,0.0899,0.00027,0.00026,0.0,0.0,0.00004,0.00001,0.0,0.0039,0.0066,0.00003,0.00029,0.015,0.00001,0.0,0.0,0.00003,0.0014,0.0498,0.00032,0.1151,0.002,0.1798,0.0589,0.0,0.0,0.00004,0.00051
31685285,0.0,0.0,0.00045,0.00015,0.001,0.014,0.9898,0.00069,0.00015,0.00001,0.00002,0.00078,0.0018,0.002,0.0,0.00071,0.00068,0.00017,0.00095,0.0015,0.00014,0.1379,0.00005,0.0025,0.0,0.0,0.00009,0.00002,0.0,0.00079,0.0013,0.00006,0.0016,0.0532,0.00015,0.00003,0.00004,0.0,0.0028,0.003,0.0021,0.7893,0.005,0.0099,0.0039,0.0,0.00002,0.00004,0.00013
32594495,0.0,0.0,0.0,0.2218,0.00049,0.0022,0.0834,0.0022,0.00015,0.0,0.0,0.00006,0.00002,0.0072,0.0,0.0013,0.00034,0.00017,0.013,0.00022,0.00003,0.0052,0.00011,0.00026,0.0,0.0,0.00009,0.00001,0.0,0.00079,0.0012,0.00017,0.00034,0.0063,0.0,0.0,0.0,0.0,0.0019,0.0647,0.0012,0.0032,0.0071,0.0099,0.0035,0.0,0.0,0.00002,0.00054
31705515,0.0,0.0,0.00006,0.00015,0.00016,0.0105,0.0031,0.003,0.00023,0.00001,0.00002,0.00004,0.00006,0.00091,0.0,0.00071,0.0343,0.00038,0.0131,0.00006,0.00006,0.0017,0.0022,0.0011,0.0,0.0,0.0033,0.0027,0.0,0.0018,0.00057,0.00003,0.0026,0.0017,0.00001,0.0,0.00004,0.00003,0.0028,0.0012,0.00032,0.001,0.0638,0.00063,0.9509,0.0,0.00006,0.0,0.00041
31759295,0.0,0.0,0.0,0.00015,0.0052,0.0013,0.9909,0.00042,0.00015,0.00001,0.00003,0.00002,0.0007,0.00049,0.0,0.0013,0.0001,0.00017,0.0,0.00016,0.00006,0.5921,0.00004,0.001,0.0,0.0,0.00009,0.00002,0.0,0.00033,0.009,0.0,0.00029,0.4715,0.00001,0.0,0.0,0.0,0.00053,0.0058,0.00047,0.7893,0.00099,0.0013,0.00096,0.0,0.0,0.00004,0.00013
31852295,0.00005,0.00002,0.00049,0.006,0.016,0.0061,0.025,0.0063,0.0053,0.00019,0.00002,0.00023,0.00064,0.015,0.0,0.0013,0.0024,0.00039,0.0063,0.0005,0.00076,0.0207,0.00017,0.0019,0.00014,0.00004,0.00092,0.00024,0.0024,0.0081,0.0024,0.00017,0.00071,0.0063,0.004,0.00033,0.00013,0.00004,0.0105,0.0133,0.0039,0.0064,0.0074,0.0201,0.0162,0.00004,0.0,0.00008,0.00077
31884895,0.00005,0.0,0.00049,0.0088,0.0246,0.0147,0.1253,0.0088,0.0135,0.00005,0.00002,0.00078,0.0053,0.0097,0.0,0.0058,0.012,0.00071,0.0035,0.0191,0.00076,0.0525,0.00017,0.0019,0.0,0.0,0.0019,0.00024,0.0,0.0119,0.0039,0.00045,0.00071,0.0123,0.00015,0.00065,0.00004,0.00003,0.0152,0.02,0.0039,0.0407,0.0131,0.0316,0.0062,0.0,0.00004,0.00004,0.0013
33172325,0.00003,0.00002,0.0001,0.0268,0.0246,0.0071,0.0473,0.0088,0.00037,0.00005,0.00002,0.00078,0.00007,0.003,0.0,0.0013,0.0047,0.00039,0.011,0.00099,0.00051,0.0123,0.0081,0.0019,0.0,0.0,0.00039,0.00016,0.00038,0.0013,0.0048,0.00006,0.00034,0.0113,0.00024,0.00005,0.00013,0.00004,0.004,0.009,0.0019,0.0032,0.0023,0.0051,0.0385,0.00004,0.0,0.00014,0.00054
25975166,0.00003,0.00002,0.0016,0.00093,0.0519,0.0089,0.0175,0.0024,0.00037,0.00005,0.00002,0.00078,0.00007,0.004,0.0,0.00037,0.0017,0.00038,0.0036,0.00099,0.00014,0.0041,0.00011,0.0025,0.00002,0.00004,0.00091,0.00016,0.00006,0.0004,0.0048,0.00003,0.00071,0.0014,0.00015,0.00006,0.00004,0.00004,0.0074,0.0013,0.0045,0.0012,0.0033,0.0041,0.0265,0.00003,0.0,0.00001,0.0011
25929206,0.0,0.0,0.0,0.0028,0.00016,0.00052,0.3045,0.0386,0.00023,0.0,0.0,0.00006,0.00006,0.0023,0.0,0.00037,0.0001,0.00004,0.007,0.00022,0.0,0.0949,0.0,0.00026,0.0,0.0,0.00009,0.0,0.0,0.00013,0.0066,0.00002,0.0,0.0063,0.0,0.0,0.0,0.0,0.0079,0.0088,0.00012,0.001,0.0213,0.9632,0.0021,0.0,0.0,0.00002,0.00077
24969686,0.0,0.0,0.0,0.0016,0.00016,0.0022,0.00076,0.0016,0.00015,0.00001,0.00002,0.00078,0.00002,0.0017,0.0,0.00008,0.00026,0.00038,0.0019,0.00006,0.00002,0.004,0.0,0.00018,0.00002,0.0,0.00009,0.0,0.0,0.00013,0.00057,0.00002,0.0992,0.0143,0.00001,0.0,0.0,0.00004,0.0028,0.00027,0.00012,0.00006,0.0027,0.0795,0.9671,0.00044,0.9983,0.00001,0.00061
6312596,0.00005,0.00002,0.0037,0.0016,0.0035,0.014,0.0175,0.0016,0.0015,0.00082,0.00007,0.0034,0.00006,0.0023,0.0,0.00037,0.0017,0.0011,0.0046,0.00093,0.00005,0.0112,0.00027,0.0263,0.00014,0.00015,0.00034,0.0006,0.00006,0.0018,0.0013,0.00003,0.00034,0.0035,0.0076,0.00076,0.00013,0.00004,0.004,0.0053,0.0012,0.00084,0.0027,0.0054,0.6306,0.00037,0.0,0.00003,0.00013
32759986,0.0,0.0,0.0,0.0426,0.00016,0.0012,0.0478,0.0628,0.00015,0.0,0.0,0.00002,0.00006,0.0023,0.0,0.00024,0.00015,0.00017,0.0063,0.00016,0.00002,0.0207,0.00027,0.00067,0.0,0.0,0.00009,0.00003,0.0,0.00033,0.00057,0.00017,0.00014,0.025,0.00001,0.0,0.0,0.0,0.077,0.1662,0.00012,0.033,0.0167,0.9086,0.0021,0.0,0.0,0.00002,0.00051
3748456,0.0,0.0,0.0,0.015,0.00049,0.0008,0.1485,0.0088,0.00023,0.00001,0.00001,0.00008,0.00006,0.00091,0.0,0.0013,0.00021,0.00019,0.0036,0.00024,0.00005,0.00081,0.0,0.00045,0.0,0.0,0.00039,0.00001,0.0,0.00079,0.0024,0.00017,0.00097,0.0029,0.00001,0.0,0.0,0.0,0.0056,0.0026,0.0065,0.0077,0.002,0.0059,0.0013,0.0,0.0,0.00004,0.00023
2909676,0.00027,0.0,0.0068,0.0023,0.0246,0.0061,0.0147,0.0063,0.0083,0.00019,0.00007,0.00008,0.00006,0.002,0.0,0.00071,0.00068,0.0021,0.0041,0.0031,0.00005,0.035,0.00027,0.0043,0.0,0.00004,0.00009,0.00016,0.0,0.0013,0.0024,0.00006,0.00097,0.008,0.00032,0.00076,0.0018,0.00004,0.0112,0.0521,0.0019,0.0016,0.0146,0.0239,0.0225,0.00003,0.0,0.00004,0.00023
8483066,0.0,0.0,0.0,0.0023,0.0014,0.0022,0.0282,0.0088,0.00023,0.00019,0.00002,0.00002,0.00002,0.003,0.0,0.00071,0.00021,0.00071,0.00065,0.00024,0.00006,0.0329,0.00027,0.00045,0.0,0.0,0.00009,0.0,0.0,0.00017,0.00095,0.00006,0.00029,0.0078,0.00001,0.0,0.0,0.0,0.0028,0.0647,0.0019,0.0042,0.002,0.2539,0.0021,0.0,0.0,0.00001,0.0
8497646,0.0,0.0,0.0001,0.015,0.001,0.0022,0.0175,0.003,0.00023,0.0,0.0,0.00002,0.00002,0.0014,0.0,0.00024,0.00021,0.0013,0.0046,0.00089,0.00005,0.0052,0.00027,0.0014,0.0,0.0,0.00017,0.00016,0.0,0.00017,0.0016,0.00006,0.00014,0.0047,0.00015,0.00003,0.00004,0.00003,0.0254,0.1378,0.0039,0.00033,0.0033,0.845,0.0121,0.00003,0.00027,0.00016,0.00023
8102036,0.00005,0.00002,0.00007,0.0095,0.001,0.0035,0.0468,0.003,0.0011,0.00011,0.00001,0.00023,0.00006,0.0014,0.0,0.00024,0.0047,0.00071,0.00065,0.00022,0.00014,0.004,0.00027,0.003,0.0,0.00004,0.00034,0.0006,0.0,0.0026,0.00095,0.00017,0.00034,0.00061,0.00094,0.00006,0.00004,0.00004,0.0028,0.0058,0.00099,0.0279,0.0033,0.0014,0.391,0.0,0.00002,0.00001,0.0037
7813676,0.00005,0.0,0.0011,0.00045,0.0023,0.0048,0.2712,0.0016,0.00023,0.00011,0.00001,0.0001,0.0007,0.0014,0.0,0.00037,0.00047,0.00019,0.0025,0.0004,0.00005,0.0023,0.00049,0.00067,0.0,0.0,0.0015,0.00025,0.0,0.0039,0.0013,0.00006,0.00097,0.0063,0.0064,0.00065,0.00013,0.0,0.0112,0.0013,0.0236,0.0247,0.0108,0.0014,0.0062,0.0,0.0,0.00002,0.00041
7892356,0.0,0.0,0.0,0.0028,0.001,0.0022,0.0282,0.5938,0.00023,0.00001,0.00002,0.00008,0.00006,0.097,0.0,0.8,0.0001,0.00038,0.00065,0.00089,0.00002,0.5921,0.0,0.00067,0.0,0.0,0.00009,0.00001,0.0,0.0013,0.8382,0.0,0.00029,0.008,0.00001,0.0,0.0,0.00004,0.0182,0.0647,0.00026,0.00033,0.0499,0.0204,0.00096,0.0,0.0,0.00004,0.00022
7802126,0.0,0.0,0.00001,0.0029,0.00064,0.0089,0.7908,0.0024,0.00015,0.00001,0.00002,0.00002,0.9178,0.0023,0.0,0.8846,0.00026,0.00038,0.00056,0.00016,0.00003,0.0537,0.00004,0.00045,0.0,0.0,0.0003,0.0,0.0,0.00033,0.00077,0.00003,0.00034,0.0019,0.00001,0.0,0.0,0.0,0.0105,0.003,0.0072,0.6875,0.0027,0.0204,0.0021,0.0,0.0,0.00004,0.00006
7886266,0.00003,0.0,0.00018,0.0013,0.8591,0.0103,0.0089,0.0045,0.0015,0.00005,0.00002,0.00065,0.00006,0.0097,0.0,0.00094,0.0047,0.0011,0.0017,0.00024,0.00006,0.0123,0.00036,0.0014,0.0,0.0,0.00009,0.00002,0.0,0.0081,0.0024,0.00017,0.00023,0.0078,0.00015,0.00003,0.00013,0.00004,0.0028,0.007,0.004,0.0029,0.0027,0.0033,0.3322,0.0,0.00002,0.00002,0.00023
8773796,0.0,0.0,0.00006,0.0023,0.0033,0.0057,0.0147,0.0016,0.0015,0.00005,0.00002,0.00078,0.00007,0.0093,0.0,0.00094,0.0047,0.0021,0.0151,0.00099,0.00016,0.0782,0.00049,0.00045,0.0,0.0,0.00017,0.00024,0.0,0.001,0.0016,0.00003,0.0026,0.0233,0.00015,0.00003,0.00013,0.00003,0.00067,0.0372,0.0171,0.0179,0.0261,0.0112,0.0217,0.00003,0.00002,0.00008,0.0087
8894956,0.00003,0.0,0.0,0.006,0.00016,0.00073,0.025,0.0185,0.00015,0.00005,0.00002,0.00065,0.00006,0.0281,0.0,0.00022,0.00068,0.0013,0.0151,0.00022,0.00005,0.2534,0.00034,0.00045,0.0,0.0,0.0021,0.00004,0.0,0.00033,0.8382,0.00002,0.00029,0.023,0.00001,0.00005,0.00002,0.0,0.0194,0.0133,0.0012,0.0056,0.0074,0.0025,0.0052,0.0,0.0,0.00003,0.00006
11242936,0.0,0.0,0.00001,0.00072,0.0042,0.0089,0.0175,0.0056,0.00023,0.00023,0.00003,0.00002,0.00006,0.0585,0.0,0.00018,0.0047,0.00038,0.0035,0.00089,0.00002,0.5304,0.00005,0.0003,0.0,0.0,0.00009,0.00016,0.0,0.00079,0.0089,0.00002,0.00029,0.0032,0.00001,0.00003,0.0,0.0,0.00039,0.0151,0.00036,0.00058,0.00081,0.845,0.3322,0.0,0.0,0.0,0.00013
12126226,0.0,0.0,0.0001,0.00072,0.9497,0.0089,0.0147,0.0211,0.00015,0.0,0.00002,0.00002,0.00006,0.0014,0.0,0.002,0.0001,0.00017,0.00065,0.00008,0.00002,0.0099,0.00011,0.0014,0.0,0.0,0.00017,0.0,0.0,0.00079,0.00057,0.00006,0.00086,0.0014,0.00001,0.0,0.00002,0.0,0.00053,0.0018,0.00047,0.0032,0.00081,0.0109,0.673,0.0,0.0001,0.00002,0.0
12206066,0.0,0.00002,0.00001,0.0088,0.0042,0.0022,0.025,0.0133,0.00015,0.00005,0.00001,0.0012,0.00006,0.0202,0.0,0.0013,0.0024,0.00075,0.007,0.00024,0.00006,0.0224,0.00017,0.00045,0.0,0.0,0.0079,0.00001,0.0,0.00033,0.0146,0.00006,0.00071,0.0428,0.00015,0.00003,0.00002,0.0,0.0152,0.0026,0.0019,0.0056,0.0227,0.0054,0.0048,0.0,0.0,0.00008,0.00061
12244316,0.00005,0.0,0.00006,0.006,0.0397,0.00052,0.0056,0.0088,0.00062,0.00021,0.00003,0.00002,0.00006,0.00091,0.0,0.00022,0.0012,0.00017,0.002,0.00016,0.00005,0.0029,0.0239,0.0003,0.0,0.00004,0.00055,0.00004,0.0,0.0111,0.0012,0.00002,0.0014,0.0017,0.00015,0.0002,0.00003,0.00004,0.0056,0.00084,0.00049,0.0013,0.0062,0.0013,0.0025,0.00003,0.0,0.00016,0.00022
12748896,0.0,0.0,0.0,0.0029,0.00016,0.0011,0.0056,0.5938,0.00015,0.0,0.00001,0.00006,0.00002,0.9609,0.0,0.00018,0.0,0.00017,0.00056,0.00006,0.00002,0.0123,0.00005,0.00045,0.0,0.0,0.0981,0.00002,0.0,0.0001,0.8382,0.00002,0.00034,0.0014,0.0,0.0,0.00004,0.0,0.0194,0.7619,0.0072,0.00006,0.0027,0.0201,0.0171,0.0,0.0,0.8815,0.00013
15582836,0.0,0.0,0.0,0.00045,0.0052,0.023,0.7908,0.0225,0.00023,0.00001,0.00007,0.00008,0.00064,0.0271,0.0,0.0074,0.00015,0.00038,0.0035,0.0005,0.00002,0.5921,0.00011,0.0003,0.0,0.0,0.00039,0.00002,0.0,0.0018,0.0419,0.0,0.00014,0.0292,0.00001,0.0,0.0,0.00018,0.0028,0.0647,0.00032,0.001,0.0074,0.2403,0.049,0.0,0.0,0.00003,0.00013
15580376,0.0,0.0,0.00001,0.006,0.0052,0.014,0.0385,0.0133,0.00023,0.0022,0.00001,0.00002,0.0025,0.00063,0.0,0.0013,0.0047,0.0093,0.0323,0.0031,0.00014,0.0119,0.00017,0.00067,0.0,0.0,0.00009,0.00036,0.0,0.0039,0.001,0.00003,0.0014,0.0123,0.00001,0.0,0.0,0.0,0.00089,0.003,0.004,0.002,0.1604,0.0112,0.0062,0.0,0.0,0.00002,0.0248
15707276,0.00003,0.00002,0.0001,0.0357,0.0023,0.0054,0.0757,0.003,0.0135,0.00019,0.00002,0.00004,0.0005,0.003,0.0,0.00094,0.0019,0.00071,0.0046,0.00099,0.00016,0.0123,0.00017,0.00067,0.0,0.00004,0.00009,0.00024,0.0,0.0081,0.0012,0.00017,0.00034,0.0029,0.014,0.00006,0.00004,0.00003,0.004,0.0053,0.0045,0.0066,0.0074,0.0099,0.1576,0.0,0.0,0.00004,0.00077
15642876,0.0,0.0,0.0,0.0143,0.00016,0.0071,0.0138,0.5938,0.00015,0.0,0.00001,0.0,0.00002,0.00063,0.0,0.00016,0.00021,0.00017,0.0025,0.00008,0.00002,0.0525,0.00034,0.00045,0.0,0.0,0.00004,0.0,0.0,0.00033,0.00095,0.00017,0.0196,0.0014,0.00001,0.0,0.0,0.0,0.0019,0.00027,0.00032,0.0015,0.00072,0.9387,0.0013,0.0,0.00005,0.00001,0.00022
16260706,0.0,0.0,0.00007,0.0023,0.0012,0.0022,0.0087,0.0133,0.00015,0.00005,0.00002,0.00078,0.00007,0.0491,0.0,0.00024,0.00068,0.00038,0.0035,0.00024,0.00006,0.1649,0.0015,0.0012,0.0,0.0,0.0251,0.00001,0.0,0.00039,0.0712,0.00002,0.00029,0.0029,0.00001,0.00003,0.00003,0.0,0.0611,0.0212,0.00032,0.00033,0.0055,0.0054,0.0062,0.0,0.0,0.00004,0.00013
16311156,0.0,0.0,0.0001,0.0029,0.8583,0.0027,0.0225,0.0133,0.00023,0.00005,0.00003,0.00023,0.00007,0.004,0.0,0.0013,0.00068,0.00019,0.0031,0.00024,0.00005,0.217,0.00027,0.00067,0.0,0.0,0.0003,0.00024,0.0,0.00033,0.0024,0.00006,0.0026,0.0029,0.00015,0.00003,0.00013,0.00004,0.007,0.009,0.00099,0.002,0.0071,0.0959,0.0474,0.0,0.00002,0.00001,0.00041
16353756,0.00005,0.0,0.00049,0.0029,0.9557,0.0008,0.0075,0.0088,0.00023,0.00005,0.00002,0.00078,0.00007,0.0023,0.0,0.00022,0.00026,0.00038,0.0025,0.00022,0.00014,0.0648,0.00005,0.0014,0.0,0.0,0.00017,0.00024,0.00006,0.001,0.0146,0.00006,0.00029,0.0017,0.00009,0.00076,0.00013,0.00004,0.0079,0.0088,0.0018,0.00027,0.0033,0.0099,0.0021,0.0,0.0,0.00016,0.00054
16249006,0.0,0.0,0.0,0.00093,0.9398,0.00052,0.0056,0.0016,0.00023,0.00001,0.00001,0.00002,0.00002,0.00011,0.0,0.00018,0.00021,0.00019,0.0018,0.00006,0.00002,0.0112,0.0,0.003,0.0,0.0,0.00004,0.00002,0.0,0.0013,0.0017,0.00002,0.00029,0.0017,0.00001,0.00003,0.0,0.0,0.004,0.00084,0.00047,0.00033,0.00099,0.0051,0.9387,0.0,0.0364,0.00002,0.00006
17254426,0.0,0.0,0.00006,0.0015,0.0026,0.0011,0.0039,0.0073,0.00015,0.0,0.00001,0.00023,0.00006,0.0039,0.0,0.00016,0.0,0.00004,0.0063,0.00024,0.00005,0.0648,0.00005,0.0019,0.0,0.0,0.0019,0.0,0.0,0.00039,0.01,0.0012,0.00034,0.0143,0.00001,0.0,0.0,0.0,0.0056,0.00084,0.00049,0.00033,0.00099,0.0316,0.0013,0.0,0.0,0.8815,0.00054
18776066,0.0,0.0,0.0,0.0123,0.00064,0.0027,0.7908,0.0133,0.00015,0.00005,0.0,0.00023,0.0115,0.0072,0.0,0.0185,0.00021,0.00038,0.0063,0.0131,0.00016,0.1166,0.00004,0.00045,0.00002,0.0,0.00034,0.00002,0.0,0.00079,0.0016,0.00006,0.00029,0.008,0.00001,0.0,0.0,0.00003,0.0608,0.0151,0.001,0.002,0.7868,0.0013,0.0025,0.0,0.0,0.00014,0.244
18955726,0.0,0.0,0.0,0.0023,0.0083,0.0022,0.4926,0.0024,0.00037,0.00001,0.00002,0.0034,0.00007,0.015,0.0,0.00024,0.00021,0.00071,0.0437,0.00089,0.0047,0.5921,0.00017,0.00026,0.0,0.0,0.0079,0.0,0.0,0.0032,0.00077,0.00002,0.00029,0.008,0.00015,0.0,0.0,0.0,0.0194,0.0064,0.0039,0.0906,0.0033,0.0274,0.0021,0.0,0.0,0.00002,0.0011
19225366,0.0,0.0,0.0,0.002,0.0012,0.00094,0.0056,0.0056,0.00015,0.00001,0.00003,0.00023,0.00007,0.0307,0.0,0.00008,0.0075,0.00017,0.0035,0.00016,0.00002,0.0119,0.00004,0.00045,0.0,0.0,0.00004,0.0006,0.0,0.001,0.0024,0.0,0.00014,0.0029,0.00001,0.0,0.00004,0.00004,0.0028,0.0018,0.00047,0.00033,0.00099,0.0014,0.8825,0.0,0.00027,0.0,0.00054
18392746,0.0,0.0,0.00001,0.0015,0.016,0.0011,0.0165,0.0038,0.00015,0.00005,0.00003,0.00002,0.00006,0.0017,0.0,0.0013,0.0013,0.00015,0.0016,0.0018,0.00005,0.0079,0.00004,0.0003,0.0,0.0,0.00091,0.00002,0.0,0.001,0.00095,0.00003,0.00029,0.0047,0.00001,0.0,0.00002,0.00004,0.0028,0.0029,0.00049,0.00054,0.0062,0.0062,0.9021,0.00003,0.00006,0.0,0.00023
19630956,0.00003,0.00002,0.00018,0.002,0.0035,0.0089,0.0078,0.0038,0.00015,0.00019,0.00045,0.00078,0.00006,0.0039,0.0,0.00024,0.00026,0.00038,0.0018,0.0005,0.00006,0.0055,0.0005,0.0021,0.00002,0.00004,0.0033,0.00024,0.00006,0.0018,0.0016,0.00003,0.00097,0.0063,0.00015,0.0002,0.00013,0.00004,0.00067,0.0026,0.00049,0.002,0.0168,0.0099,0.0062,0.00004,0.0,0.00004,0.0017
32487276,0.0,0.0,0.00001,0.2804,0.0012,0.00052,0.0598,0.3305,0.00015,0.0,0.00001,0.00008,0.00007,0.0162,0.0,0.00018,0.00021,0.00038,0.0187,0.0025,0.0016,0.0224,0.0037,0.008,0.0,0.0,0.0003,0.00002,0.0,0.00039,0.0024,0.00002,0.0014,0.0078,0.00001,0.0,0.00002,0.00003,0.0247,0.0371,0.00099,0.0016,0.0288,0.0099,0.0025,0.0,0.0,0.00008,0.0166
20488196,0.0,0.00002,0.00007,0.2928,0.0121,0.0011,0.0757,0.0025,0.00023,0.00001,0.00001,0.00078,0.00007,0.0023,0.0,0.00018,0.00026,0.00038,0.00065,0.00033,0.00006,0.0207,0.00027,0.00067,0.0,0.0,0.00091,0.00024,0.0,0.001,0.0016,0.0012,0.00041,0.0007,0.00015,0.00003,0.00004,0.00003,0.004,0.0053,0.0039,0.0042,0.0031,0.0248,0.0121,0.0,0.0,0.00002,0.00022
23094836,0.0,0.0,0.0,0.0046,0.00016,0.00035,0.001,0.003,0.00015,0.00001,0.0,0.00002,0.00006,0.00091,0.0,0.002,0.0001,0.00038,0.0035,0.00016,0.00014,0.0017,0.00005,0.0003,0.0,0.0,0.00039,0.00003,0.0,0.00013,0.00095,0.00006,0.00014,0.0063,0.00001,0.0,0.00002,0.0,0.00068,0.0026,0.0524,0.00054,0.0031,0.0014,0.0265,0.0,0.0,0.00008,0.00013
23133906,0.00003,0.0,0.00007,0.0023,0.7024,0.0315,0.0175,0.0088,0.0012,0.0,0.00002,0.00023,0.00006,0.0017,0.00002,0.0013,0.0047,0.0011,0.0017,0.0031,0.00005,0.0066,0.00027,0.001,0.0,0.00004,0.0003,0.00004,0.0,0.001,0.0146,0.00017,0.00071,0.0018,0.00032,0.00033,0.00004,0.00066,0.004,0.007,0.00099,0.002,0.0071,0.0204,0.5654,0.0,0.00002,0.00004,0.00054
23157096,0.00003,0.0,0.0001,0.00045,0.9008,0.0008,0.006,0.0088,0.00037,0.00005,0.00002,0.00008,0.00006,0.00063,0.0,0.00037,0.00026,0.00038,0.0041,0.0005,0.00005,0.0048,0.00004,0.00067,0.0,0.00004,0.00009,0.00004,0.0,0.0039,0.0024,0.00006,0.00029,0.0022,0.00015,0.00003,0.00002,0.00004,0.0,0.0013,0.00047,0.00084,0.00099,0.0316,0.0039,0.0,0.0,0.00002,0.00044
22898296,0.0,0.0,0.0,0.0357,0.00049,0.00052,0.025,0.0024,0.00015,0.0,0.0,0.00002,0.0018,0.0023,0.0,0.00022,0.00021,0.00017,0.0041,0.00024,0.00005,0.0029,0.0,0.00023,0.0,0.0,0.00009,0.0,0.0,0.0032,0.0017,0.00023,0.00029,0.0063,0.00094,0.0,0.0,0.0,0.00067,0.0053,0.0171,0.00054,0.0108,0.0015,0.0062,0.0,0.0,0.00008,0.0054
23240066,0.0,0.00002,0.00007,0.0061,0.00049,0.00087,0.0056,0.0012,0.00015,0.00005,0.00002,0.00002,0.00006,0.0072,0.0,0.00008,0.00026,0.00017,0.0063,0.0015,0.00002,0.0017,0.00017,0.00056,0.0,0.0,0.00009,0.00004,0.0,0.0039,0.0013,0.0,0.00034,0.0014,0.00001,0.00005,0.0,0.00004,0.00067,0.0013,0.0019,0.00009,0.0112,0.0014,0.0013,0.0,0.0,0.00002,0.00022
22910836,0.0,0.0,0.0,0.00015,0.00016,0.0061,0.00081,0.0088,0.00015,0.0145,0.0021,0.0,0.00002,0.0097,0.0,0.00016,0.0001,0.00071,0.00095,0.00024,0.00002,0.0123,0.00005,0.0003,0.0,0.0,0.00009,0.00025,0.0,0.00033,0.00057,0.00002,0.0494,0.0035,0.00001,0.0,0.0,0.3788,0.0079,0.0012,0.00026,0.00009,0.0045,0.0014,0.5014,0.0139,0.9663,0.0,0.0
21954106,0.0,0.0,0.0,0.0203,0.001,0.00052,0.0175,0.0185,0.00015,0.00001,0.00001,0.00004,0.00039,0.0383,0.0,0.00024,0.00015,0.00038,0.00021,0.00024,0.00005,0.0126,0.00017,0.00026,0.0,0.0,0.00009,0.0,0.0,0.00013,0.0343,0.00006,0.00029,0.008,0.00001,0.0,0.0,0.0,0.077,0.0155,0.00099,0.0105,0.0112,0.039,0.00045,0.0,0.0,0.00004,0.00041
24131736,0.0,0.0,0.00007,0.00015,0.0014,0.00052,0.9814,0.0088,0.00015,0.00011,0.00002,0.0,0.0537,0.0017,0.0,0.8949,0.00021,0.00017,0.0018,0.00016,0.00002,0.1,0.0,0.00045,0.00002,0.0,0.00017,0.00001,0.0,0.00013,0.00095,0.00017,0.00014,0.8263,0.00001,0.0,0.0,0.0,0.00053,0.0013,0.00015,0.7832,0.002,0.0037,0.0013,0.0,0.0,0.00001,0.00023
26704255,0.0,0.0,0.0,0.006,0.001,0.0061,0.4014,0.0073,0.00015,0.00005,0.00001,0.00078,0.00039,0.00049,0.0,0.1256,0.00021,0.00034,0.0187,0.00022,0.00076,0.0123,0.0,0.00023,0.0,0.0,0.00009,0.00001,0.0,0.0002,0.00095,0.00017,0.0042,0.0078,0.00001,0.0,0.0,0.0,0.0074,0.0498,0.00047,0.2197,0.005,0.0054,0.0077,0.0,0.00006,0.00003,0.0013
28089985,0.0,0.0,0.0,0.3702,0.0246,0.00018,0.0326,0.0269,0.00015,0.0,0.0,0.0,0.00007,0.002,0.0,0.00024,0.0,0.00004,0.0016,0.00022,0.00002,0.0029,0.00004,0.00067,0.0,0.0,0.00091,0.00001,0.0,0.0002,0.0066,0.00002,0.00029,0.8864,0.00001,0.0,0.00003,0.0,0.0608,0.003,0.00032,0.0029,0.0227,0.9237,0.00096,0.0,0.0,0.00002,0.00041
28224345,0.0,0.0,0.0,0.2404,0.0012,0.004,0.0255,0.0045,0.00037,0.00005,0.00001,0.00023,0.00006,0.0162,0.0,0.00024,0.00021,0.00038,0.0213,0.00089,0.00005,0.0099,0.00017,0.00026,0.0,0.0,0.00055,0.00002,0.0,0.00039,0.0024,0.0043,0.006,0.0269,0.00001,0.0,0.0,0.00003,0.0314,0.003,0.0021,0.0064,0.0168,0.0201,0.0021,0.0,0.0,0.00016,0.008
27520275,0.0,0.0,0.0,0.00072,0.00064,0.0027,0.0385,0.0024,0.00023,0.00001,0.00001,0.00002,0.00006,0.00041,0.0,0.0023,0.00021,0.00017,0.0025,0.00024,0.00002,0.00031,0.00005,0.00023,0.0,0.0,0.00017,0.0,0.0,0.0039,0.0039,0.00003,0.00023,0.008,0.00009,0.0,0.0,0.00003,0.0019,0.00084,0.0065,0.0105,0.00099,0.0099,0.0074,0.0,0.0,0.00004,0.00051
28710845,0.0,0.0,0.00001,0.006,0.001,0.00067,0.2162,0.0358,0.00073,0.00001,0.00002,0.00078,0.00006,0.002,0.0,0.00024,0.00026,0.00019,0.0688,0.7732,0.00016,0.035,0.00005,0.00056,0.0,0.0,0.0003,0.00002,0.0,0.00079,0.00057,0.00003,0.0011,0.0292,0.00001,0.0,0.00004,0.0,0.0019,0.8364,0.00012,0.002,0.0071,0.0059,0.0021,0.0,0.0,0.00004,0.0011
28701075,0.0,0.0,0.00001,0.0015,0.0012,0.0008,0.0175,0.0049,0.00023,0.0,0.00001,0.00008,0.00064,0.005,0.0,0.00018,0.00021,0.00038,0.0151,0.00024,0.00002,0.0079,0.00005,0.00067,0.0,0.0,0.00017,0.0,0.0,0.00033,0.0146,0.00006,0.00097,0.0029,0.00001,0.0,0.00013,0.0,0.004,0.0088,0.0065,0.00062,0.0027,0.0062,0.0035,0.0,0.0,0.00001,0.00023
28627925,0.0,0.0,0.0,0.0046,0.00016,0.0011,0.1612,0.00069,0.00015,0.0,0.00002,0.00078,0.00006,0.651,0.0,0.0013,0.0013,0.00038,0.00065,0.00016,0.00006,0.0329,0.0015,0.00026,0.0,0.0,0.00021,0.00002,0.0,0.00033,0.0048,0.00003,0.006,0.0163,0.00001,0.0,0.0,0.0,0.0374,0.0029,0.00099,0.0323,0.0168,0.0567,0.0039,0.0,0.00027,0.00002,0.00041
29405145,0.0,0.0,0.0,0.0143,0.001,0.00052,0.0147,0.0088,0.00015,0.0,0.00003,0.0,0.00006,0.0072,0.0,0.00016,0.00021,0.0,0.078,0.00022,0.00006,0.035,0.00004,0.00026,0.0,0.0,0.00009,0.00002,0.0,0.00013,0.01,0.00002,0.00014,0.0364,0.00001,0.0,0.0,0.00003,0.0194,0.0151,0.00099,0.00033,0.0031,0.0054,0.0035,0.0,0.0,0.00001,0.00013
29429985,0.0,0.0,0.0,0.0017,0.9833,0.00052,0.0039,0.0038,0.00015,0.0,0.00001,0.0,0.00002,0.00011,0.00026,0.00008,0.0,0.00017,0.00056,0.00008,0.00002,0.0268,0.00005,0.00045,0.0,0.0,0.00009,0.00001,0.0,0.0039,0.00076,0.00006,0.00071,0.00061,0.00001,0.00003,0.0,0.0,0.046,0.0026,0.00026,0.00009,0.0027,0.0014,0.0162,0.0,0.0,0.00004,0.00054
29462105,0.0,0.0,0.0,0.0029,0.9865,0.0011,0.0089,0.0012,0.00015,0.0,0.00001,0.00002,0.00006,0.00063,0.0,0.00016,0.00021,0.00038,0.0015,0.00057,0.00002,0.1115,0.00004,0.00026,0.0,0.0,0.00009,0.0,0.0,0.00079,0.0013,0.00002,0.00071,0.013,0.00001,0.0,0.0,0.0,0.0079,0.0212,0.00032,0.00084,0.002,0.0167,0.6213,0.0,0.0076,0.00002,0.00013
29436695,0.0,0.0,0.0,0.0023,0.00049,0.0147,0.0468,0.0015,0.00015,0.0,0.00001,0.00006,0.00002,0.0041,0.0,0.0018,0.0001,0.00071,0.00056,0.0005,0.00076,0.0055,0.00004,0.00027,0.0,0.0,0.0055,0.00001,0.0,0.00054,0.0017,0.00017,0.00014,0.00061,0.00001,0.0,0.0,0.0,0.004,0.0058,0.0706,0.0906,0.0055,0.0112,0.00096,0.00003,0.0,0.00043,0.0011
29362445,0.00005,0.00002,0.00018,0.0039,0.0821,0.006,0.0147,0.0133,0.0155,0.00021,0.00007,0.00023,0.00007,0.0059,0.0,0.0017,0.012,0.00038,0.007,0.0005,0.00006,0.0268,0.0037,0.00056,0.0,0.00078,0.00091,0.00025,0.00038,0.0081,0.0016,0.00003,0.0042,0.015,0.014,0.00065,0.00004,0.00004,0.0028,0.009,0.004,0.0029,0.0071,0.0156,0.1706,0.00004,0.00002,0.00043,0.00054
30059725,0.0,0.0,0.0,0.00072,0.00033,0.0105,0.0031,0.0045,0.0274,0.00005,0.00003,0.00002,0.00006,0.00063,0.0,0.00008,0.0047,0.00017,0.00021,0.00016,0.00002,0.0329,0.00004,0.0003,0.0,0.0,0.00009,0.00002,0.0,0.0013,0.00057,0.00002,0.00029,0.0022,0.00015,0.00003,0.0,0.0,0.0019,0.0026,0.00015,0.001,0.0012,0.0112,0.9741,0.0,0.00006,0.00002,0.00023
30597295,0.0,0.0,0.00001,0.028,0.001,0.0017,0.0361,0.0386,0.00023,0.00021,0.00007,0.00002,0.00006,0.0935,0.0,0.0013,0.00068,0.00004,0.0031,0.00022,0.00002,0.0329,0.0037,0.00045,0.0,0.0,0.00009,0.00002,0.0,0.00033,0.0017,0.0,0.00034,0.8263,0.00001,0.0,0.0,0.00003,0.0028,0.8364,0.00047,0.00084,0.0648,0.1738,0.0323,0.0,0.0012,0.00002,0.0037
30611915,0.0,0.0,0.0,0.0028,0.0013,0.023,0.8393,0.0108,0.00015,0.00001,0.00001,0.00002,0.00006,0.0039,0.0,0.00018,0.00021,0.00017,0.00065,0.0052,0.00006,0.0731,0.00005,0.00026,0.0,0.0,0.00009,0.00002,0.0,0.00033,0.0496,0.00006,0.0026,0.008,0.00001,0.0,0.0,0.0,0.0028,0.0152,0.00032,0.1372,0.044,0.0099,0.00096,0.0,0.0,0.00002,0.00022
30700595,0.0,0.0,0.00001,0.0061,0.0033,0.0008,0.025,0.0287,0.00015,0.00001,0.00002,0.0,0.00006,0.0023,0.0,0.00018,0.00015,0.00017,0.0063,0.00024,0.00005,0.0075,0.001,0.00056,0.00002,0.0,0.00039,0.00002,0.0,0.00033,0.0146,0.00017,0.00029,0.0063,0.00001,0.0,0.00002,0.0,0.1201,0.0647,0.00099,0.0064,0.1121,0.039,0.0021,0.0,0.0,0.00016,0.00041
30732635,0.0,0.0,0.0,0.0023,0.00016,0.0225,0.0089,0.0185,0.00015,0.0,0.0,0.00002,0.0007,0.1989,0.0,0.00016,0.00021,0.00017,0.0046,0.0347,0.00003,0.5304,0.0,0.00018,0.0,0.0,0.00009,0.0,0.0,0.0002,0.00095,0.00002,0.00056,0.0018,0.00001,0.0,0.0,0.0,0.0254,0.0212,0.00026,0.001,0.0638,0.0959,0.0013,0.0,0.0,0.00002,0.0011
30842305,0.0,0.0,0.0,0.002,0.4005,0.1057,0.0478,0.0012,0.00015,0.00001,0.00003,0.00078,0.00006,0.0014,0.0,0.00022,0.00034,0.00017,0.0107,0.6015,0.00003,0.0119,0.0,0.0003,0.0,0.0,0.00092,0.00001,0.0,0.0002,0.003,0.00003,0.0196,0.0124,0.00001,0.0,0.0,0.00004,0.004,0.007,0.0012,0.0013,0.00099,0.0393,0.8385,0.0,0.114,0.00002,0.00013
31404565,0.00003,0.0,0.0011,0.0016,0.0014,0.0225,0.0473,0.0073,0.0011,0.00019,0.00002,0.00023,0.00007,0.003,0.0,0.0023,0.0013,0.00038,0.0035,0.0005,0.00016,0.0053,0.0015,0.0019,0.0,0.00004,0.00009,0.00016,0.0,0.0013,0.0048,0.00006,0.00071,0.0029,0.00032,0.00005,0.00013,0.00004,0.0028,0.0088,0.0039,0.0077,0.0057,0.0041,0.1851,0.0,0.0,0.00014,0.00041
31414355,0.0,0.0,0.0,0.00044,0.001,0.0012,0.0823,0.0054,0.00015,0.0,0.00002,0.00006,0.00007,0.011,0.0,0.00037,0.00021,0.00071,0.0264,0.0018,0.8414,0.0029,0.00005,0.0,0.0,0.0,0.682,0.00001,0.0,0.00079,0.0089,0.0,0.00029,0.3964,0.0,0.0,0.0,0.0,0.00089,0.0026,0.00037,0.0485,0.0097,0.0014,0.0121,0.0,0.0029,0.00001,0.00041
31423955,0.0,0.0,0.0001,0.0046,0.00033,0.0315,0.7908,0.0197,0.00037,0.0,0.0,0.00006,0.00006,0.9013,0.0,0.0023,0.00026,0.00017,0.0017,0.00022,0.00005,0.0148,0.00004,0.001,0.0,0.0,0.0045,0.00002,0.0,0.001,0.01,0.00006,0.00029,0.2655,0.00001,0.0,0.0,0.0,0.0079,0.1087,0.00099,0.1681,0.00081,0.0014,0.00096,0.00003,0.0,0.00008,0.00013
31421155,0.0,0.0,0.0,0.1114,0.0035,0.00052,0.0147,0.0133,0.021,0.00001,0.00002,0.00008,0.00006,0.0039,0.0,0.00079,0.0022,0.00038,0.00095,0.00016,0.00057,0.0029,0.0037,0.0003,0.0,0.0,0.00034,0.00025,0.0,0.0018,0.022,0.00006,0.00034,0.0035,0.00015,0.0,0.0,0.0,0.0023,0.003,0.0021,0.00054,0.00099,0.0014,0.0162,0.0,0.0,0.00002,0.00041
31926295,0.00003,0.0,0.0001,0.00093,0.0023,0.0012,0.0087,0.0054,0.0274,0.00005,0.00002,0.00023,0.00006,0.0023,0.0,0.00024,0.0123,0.00038,0.00065,0.00022,0.00016,0.0079,0.00036,0.00067,0.0,0.00004,0.00091,0.00003,0.0,0.0081,0.00095,0.00003,0.00029,0.0047,0.00094,0.00033,0.00013,0.00003,0.0056,0.02,0.004,0.002,0.0031,0.0041,0.124,0.0,0.0,0.00002,0.00006
32068975,0.0,0.0,0.00018,0.0015,0.0042,0.023,0.7908,0.003,0.00062,0.00005,0.00002,0.00008,0.3965,0.00049,0.0,0.00018,0.00026,0.00071,0.013,0.0031,0.00003,0.0731,0.00034,0.0019,0.00014,0.0,0.0079,0.0056,0.0,0.00079,0.0059,0.00002,0.00071,0.0364,0.00015,0.00003,0.00013,0.0,0.0079,0.1087,0.00032,0.3284,0.0027,0.0013,0.0021,0.00003,0.0,0.00016,0.00023
31023125,0.00005,0.00002,0.00049,0.0061,0.0033,0.014,0.0147,0.0088,0.004,0.00021,0.00002,0.00023,0.00039,0.036,0.0,0.00037,0.0017,0.00075,0.0046,0.00057,0.00016,0.0329,0.00034,0.0038,0.00014,0.0,0.00091,0.00024,0.00038,0.0053,0.2351,0.00003,0.00071,0.0078,0.00032,0.00006,0.00013,0.00004,0.0112,0.0064,0.0019,0.0032,0.0108,0.0248,0.0162,0.00003,0.0,0.00008,0.00077
32317025,0.0,0.0,0.0,0.0203,0.00033,0.0027,0.0056,0.0016,0.00023,0.00001,0.00002,0.00002,0.00007,0.00049,0.0,0.00071,0.00021,0.00017,0.00065,0.00022,0.00005,0.0017,0.00017,0.00023,0.0,0.0,0.00091,0.0,0.0,0.00013,0.00077,0.00002,0.00029,0.0047,0.00015,0.0,0.0,0.0,0.00089,0.009,0.0072,0.0042,0.0168,0.0014,0.00045,0.0,0.0001,0.00002,0.00051
32360155,0.0,0.0,0.0,0.0003,0.00049,0.1057,0.0031,0.003,0.00015,0.00005,0.00002,0.00002,0.00006,0.00091,0.0,0.00016,0.00034,0.00004,0.0077,0.00016,0.00002,0.0029,0.0037,0.00018,0.0,0.0,0.00009,0.0,0.0,0.00013,0.032,0.00002,0.006,0.0007,0.00001,0.0,0.0,0.0,0.0152,0.00027,0.00032,0.00009,0.0055,0.0014,0.982,0.0,0.0045,0.0,0.00044
25710916,0.0,0.0,0.0164,0.0667,0.001,0.0008,0.1368,0.0024,0.00015,0.00001,0.00002,0.00002,0.00006,0.00049,0.0,0.00094,0.0013,0.00015,0.007,0.0004,0.00061,0.0029,0.00034,0.0012,0.0,0.00078,0.0739,0.00002,0.0,0.0032,0.0039,0.001,0.00029,0.0364,0.00009,0.00003,0.00004,0.0017,0.0112,0.0309,0.00049,0.0105,0.0368,0.0049,0.0039,0.00044,0.0,0.00008,0.0017
25604206,0.0,0.0,0.0,0.00015,0.00064,0.0668,0.9898,0.00042,0.00023,0.00005,0.00045,0.00002,0.0053,0.00026,0.0,0.1444,0.006,0.00038,0.0077,0.00089,0.0167,0.5921,0.00004,0.00045,0.0,0.0,0.0143,0.0,0.0,0.0002,0.0039,0.00002,0.00029,0.0292,0.00015,0.0,0.0,0.00003,0.0013,0.1662,0.0021,0.8341,0.0071,0.00083,0.00096,0.0,0.0,0.00002,0.00013
25548266,0.0,0.0,0.00001,0.318,0.0013,0.0147,0.0138,0.003,0.00023,0.00005,0.00002,0.00078,0.00007,0.003,0.0,0.0013,0.00026,0.00038,0.0019,0.00024,0.00003,0.0052,0.00034,0.0014,0.00002,0.0,0.0024,0.00002,0.0,0.001,0.0089,0.0079,0.00071,0.0022,0.00001,0.0,0.0,0.0,0.0028,0.0026,0.00099,0.002,0.0074,0.0051,0.0021,0.0,0.00002,0.00004,0.00041
25544506,0.0,0.0,0.0,0.4713,0.0013,0.0022,0.0175,0.0063,0.00015,0.00005,0.00002,0.0125,0.00006,0.0281,0.0,0.00018,0.00021,0.00019,0.00095,0.00024,0.00014,0.0525,0.00017,0.00045,0.0,0.0,0.0024,0.00002,0.0,0.001,0.00095,0.00003,0.00029,0.0078,0.00001,0.0,0.0,0.00004,0.0254,0.0309,0.0019,0.0105,0.0288,0.0112,0.0039,0.0,0.0,0.00004,0.00077
7064906,0.0,0.0,0.00006,0.0203,0.0033,0.0119,0.0757,0.003,0.00037,0.00005,0.00002,0.00006,0.00039,0.0017,0.0,0.00016,0.00021,0.00071,0.0015,0.00016,0.00005,0.0119,0.00005,0.0019,0.0,0.0,0.00009,0.0006,0.0,0.0023,0.0017,0.00002,0.00029,0.0018,0.00024,0.0,0.00002,0.00004,0.0056,0.009,0.1339,0.0335,0.002,0.0112,0.0025,0.0,0.0,0.00002,0.00013
7049116,0.0,0.0,0.0,0.0203,0.001,0.00095,0.0039,0.003,0.00023,0.0,0.00002,0.00004,0.00006,0.00091,0.0,0.00016,0.0,0.0013,0.0063,0.0025,0.00005,0.0123,0.00005,0.00045,0.0,0.0,0.00009,0.00016,0.0,0.0002,0.001,0.00003,0.00029,0.0007,0.00001,0.0,0.0,0.0,0.0056,0.0058,0.00032,0.00009,0.0027,0.0014,0.0025,0.0,0.0,0.0,0.00061
7117826,0.0,0.0,0.0,0.0017,0.1178,0.0119,0.0147,0.0063,0.00023,0.00005,0.00007,0.00023,0.00006,0.0394,0.0,0.0011,0.00021,0.013,0.0269,0.00057,0.00006,0.0075,0.00005,0.0003,0.0,0.0,0.00034,0.00002,0.0,0.00033,0.00076,0.00003,0.00034,0.0074,0.00001,0.0,0.0,0.0017,0.0152,0.003,0.0045,0.002,0.1326,0.0037,0.0162,0.0,0.0,0.00003,0.0013
32563266,0.0,0.0,0.0,0.0357,0.00016,0.00052,0.0175,0.0133,0.00015,0.0,0.00001,0.00023,0.00007,0.014,0.0,0.00016,0.0001,0.00008,0.00065,0.0018,0.00014,0.0079,0.0,0.00045,0.0,0.0,0.0079,0.0,0.0,0.00018,0.0146,0.00006,0.00014,0.00061,0.00015,0.0,0.0,0.0,0.0013,0.003,0.00099,0.001,0.0012,0.0062,0.0025,0.0,0.0,0.00001,0.00077
3426206,0.00005,0.0,0.0024,0.0013,0.0127,0.0015,0.0056,0.0045,0.0015,0.0,0.00003,0.00023,0.00006,0.00049,0.0,0.00016,0.00026,0.00038,0.0015,0.00016,0.0016,0.0017,0.00005,0.0132,0.0,0.00078,0.0359,0.00002,0.00006,0.00013,0.0048,0.00003,0.00029,0.0012,0.00015,0.00006,0.0,0.00003,0.0056,0.0058,0.00047,0.00054,0.0027,0.0037,0.0096,0.0,0.0,0.00001,0.00022
3346686,0.00003,0.00002,0.0001,0.006,0.8378,0.0027,0.0468,0.0211,0.0027,0.00021,0.00007,0.00006,0.00006,0.0097,0.0,0.00024,0.00068,0.0013,0.0035,0.00089,0.00014,0.0268,0.00034,0.00067,0.00014,0.00004,0.00091,0.00024,0.0024,0.0018,0.0024,0.00017,0.00034,0.0047,0.00032,0.00005,0.00004,0.00018,0.0028,0.0115,0.0019,0.002,0.0039,0.0183,0.0121,0.00003,0.0,0.00004,0.0031
2397086,0.0,0.0,0.00001,0.3702,0.0023,0.0015,0.075,0.0015,0.00015,0.0,0.0,0.00002,0.00006,0.0017,0.0,0.00022,0.00021,0.00038,0.00065,0.00024,0.00002,0.0112,0.00036,0.00045,0.0,0.0,0.00017,0.00024,0.0,0.001,0.0016,0.00045,0.00023,0.0029,0.00001,0.0,0.00004,0.0,0.0079,0.0133,0.004,0.00033,0.00099,0.0041,0.0013,0.0,0.0,0.00002,0.0013
2282616,0.0,0.0,0.0,0.00045,0.8583,0.0035,0.0075,0.0049,0.00015,0.00011,0.00007,0.00078,0.00002,0.0017,0.0,0.00037,0.0012,0.00019,0.00021,0.00024,0.00003,0.0148,0.00049,0.00045,0.0,0.0,0.00034,0.00004,0.0,0.00079,0.0012,0.00002,0.00041,0.00061,0.00001,0.00003,0.00003,0.00004,0.0014,0.00084,0.00099,0.001,0.0033,0.0023,0.9387,0.0,0.0087,0.0,0.00013
1965796,0.0,0.0,0.0011,0.00072,0.9557,0.0027,0.0078,0.0015,0.00015,0.00005,0.00002,0.00006,0.00006,0.0017,0.0,0.00024,0.0012,0.00038,0.0018,0.00013,0.00005,0.0035,0.00017,0.00067,0.0,0.00004,0.00017,0.00024,0.0,0.0004,0.0016,0.00003,0.00029,0.0017,0.00015,0.00003,0.00013,0.00003,0.0019,0.0026,0.00099,0.001,0.00099,0.0049,0.0077,0.0,0.0,0.00001,0.00041
1617266,0.00005,0.0,0.0001,0.0058,0.8583,0.0027,0.0282,0.0015,0.00037,0.00019,0.00007,0.00004,0.00006,0.0017,0.0,0.00022,0.0047,0.00038,0.0046,0.00022,0.00016,0.0018,0.00017,0.0014,0.0,0.00004,0.0033,0.00002,0.00006,0.00039,0.0024,0.00006,0.0016,0.0113,0.00032,0.0122,0.0,0.00004,0.00067,0.0064,0.00049,0.022,0.0108,0.0037,0.0077,0.0,0.00002,0.0,0.00013
1523976,0.00005,0.00002,0.00049,0.0034,0.8583,0.00095,0.0039,0.0133,0.00073,0.00082,0.00043,0.00006,0.00006,0.011,0.0,0.00024,0.00026,0.00017,0.0035,0.00024,0.00005,0.0029,0.0015,0.00067,0.0,0.00004,0.00091,0.00004,0.0,0.0025,0.00057,0.0,0.00071,0.0028,0.00072,0.00033,0.00022,0.00018,0.0079,0.0013,0.0018,0.0016,0.0027,0.0052,0.0513,0.00003,0.0,0.00004,0.0011
1474886,0.00005,0.00002,0.0001,0.0029,0.0246,0.0035,0.016,0.0062,0.0027,0.00005,0.00001,0.0012,0.00007,0.005,0.0,0.00024,0.0026,0.0013,0.0025,0.00099,0.00016,0.0123,0.00017,0.0019,0.0,0.00004,0.0019,0.00024,0.0,0.0039,0.0048,0.00006,0.0029,0.0047,0.00001,0.00003,0.00004,0.00003,0.0112,0.0647,0.001,0.0013,0.0108,0.0099,0.678,0.0,0.00006,0.00002,0.00054
8091756,0.00003,0.0,0.00045,0.0003,0.0042,0.0027,0.0138,0.0035,0.00015,0.00005,0.00007,0.00004,0.00007,0.00049,0.0,0.0265,0.00068,0.0011,0.0046,0.00093,0.00014,0.0018,0.00004,0.00067,0.00014,0.00004,0.00039,0.00002,0.0,0.00033,0.001,0.00003,0.00023,0.0233,0.00015,0.00005,0.00013,0.00004,0.0014,0.0115,0.0524,0.0105,0.0137,0.0023,0.0544,0.0,0.0,0.00004,0.00054
8637946,0.0,0.0,0.00007,0.0023,0.0023,0.0061,0.0598,0.2253,0.00062,0.00005,0.00002,0.0015,0.0005,0.0017,0.0,0.003,0.0026,0.0021,0.0019,0.00024,0.00005,0.6811,0.00017,0.00026,0.0,0.0,0.00034,0.0,0.0,0.0018,0.01,0.00023,0.00029,0.0063,0.00015,0.00005,0.00003,0.0,0.0152,0.8364,0.0021,0.00009,0.00099,0.0014,0.0039,0.0,0.0,0.00014,0.00013
8825886,0.0,0.0,0.0001,0.002,0.0186,0.0011,0.0385,0.0263,0.00023,0.00005,0.00002,0.00004,0.0032,0.00091,0.0,0.0013,0.0013,0.00038,0.00065,0.0004,0.00006,0.0018,0.00027,0.00073,0.0,0.00004,0.00009,0.00002,0.0,0.0018,0.00076,0.0043,0.00071,0.0012,0.00015,0.00003,0.00004,0.00003,0.0014,0.0026,0.0019,0.0023,0.0027,0.0099,0.0077,0.0,0.0,0.00001,0.00054
8764376,0.00003,0.0,0.0001,0.00072,0.0038,0.0061,0.0175,0.0015,0.00023,0.00082,0.00007,0.00002,0.00006,0.00091,0.0,0.0013,0.00034,0.00071,0.0151,0.00024,0.00057,0.0075,0.00004,0.003,0.00002,0.0,0.00017,0.00003,0.0,0.00079,0.00057,0.00006,0.00023,0.0113,0.00015,0.00003,0.00004,0.00043,0.00067,0.0012,0.0045,0.0032,0.002,0.0037,0.0171,0.0,0.00004,0.00001,0.0017
8707516,0.0,0.0,0.0,0.002,0.035,0.0013,0.0147,0.0049,0.00015,0.00005,0.00002,0.0034,0.00006,0.0072,0.0,0.00024,0.004,0.00071,0.0046,0.0007,0.00057,0.0525,0.00049,0.00067,0.0,0.0,0.0019,0.00003,0.0,0.0039,0.0016,0.00002,0.00034,0.0063,0.00001,0.0,0.0,0.00018,0.00067,0.02,0.0039,0.00058,0.0031,0.0099,0.0021,0.0,0.0,0.00002,0.0013
9255596,0.00003,0.00002,0.00001,0.00072,0.0033,0.0225,0.0138,0.0016,0.0027,0.0014,0.00043,0.0001,0.00039,0.002,0.0,0.0168,0.00026,0.00038,0.0151,0.00099,0.00016,0.0017,0.00036,0.008,0.0,0.00004,0.00009,0.00004,0.0,0.00033,0.00057,0.00006,0.00086,0.0029,0.00015,0.00003,0.00004,0.00004,0.0019,0.0064,0.0902,0.0029,0.002,0.0015,0.407,0.00003,0.0,0.00003,0.0099
9390696,0.0,0.0,0.00001,0.0046,0.8583,0.0061,0.7908,0.0088,0.0027,0.00005,0.00003,0.00002,0.00006,0.00075,0.0,0.00037,0.00021,0.00017,0.0025,0.0052,0.00005,0.5921,0.00004,0.00045,0.0,0.0,0.00009,0.00002,0.0,0.0111,0.0017,0.00003,0.00029,0.0018,0.00001,0.0,0.0,0.0,0.0182,0.0026,0.0065,0.0013,0.00099,0.1738,0.0121,0.0,0.0,0.00001,0.00022
10937606,0.0,0.0,0.0,0.0017,0.0013,0.6548,0.4926,0.0015,0.00015,0.00005,0.00045,0.00078,0.0053,0.0023,0.0,0.1059,0.0001,0.0011,0.0063,0.00013,0.00002,0.1862,0.00027,0.0003,0.0,0.0,0.00009,0.0,0.0,0.00039,0.0993,0.00045,0.00034,0.013,0.00001,0.0,0.0,0.0,0.0079,0.0088,0.00032,0.0906,0.0097,0.0677,0.0021,0.0,0.0,0.00002,0.0013
11030806,0.0,0.0,0.0,0.0426,0.0042,0.00052,0.0598,0.0088,0.00015,0.0,0.00001,0.00008,0.00065,0.00091,0.0,0.00016,0.00021,0.00038,0.002,0.00024,0.00002,0.0079,0.00049,0.00045,0.0,0.0,0.00055,0.00002,0.0,0.00013,0.0048,0.0,0.00029,0.0113,0.00001,0.0,0.0,0.00003,0.0152,0.003,0.00049,0.0056,0.0055,0.0023,0.0021,0.0,0.0,0.00004,0.00013
11186596,0.0,0.0,0.00001,0.0003,0.0035,0.0022,0.9814,0.0045,0.00023,0.00005,0.00007,0.00078,0.00006,0.00075,0.0,0.0023,0.00068,0.00038,0.00056,0.0018,0.00076,0.16,0.0015,0.00067,0.0,0.0,0.00009,0.00001,0.0,0.00013,0.01,0.0012,0.00029,0.0775,0.00001,0.0,0.0,0.0,0.0028,0.0179,0.0401,0.7832,0.015,0.0112,0.0265,0.0,0.00005,0.00001,0.0013
11891506,0.0,0.0,0.00001,0.00093,0.0012,0.0011,0.0031,0.0016,0.00015,0.00011,0.00001,0.00002,0.00006,0.00063,0.0,0.00016,0.00021,0.00019,0.00065,0.00024,0.00003,0.004,0.001,0.00045,0.0,0.0,0.00004,0.00016,0.0,0.00033,0.00062,0.00003,0.0016,0.0047,0.00015,0.0,0.00004,0.0,0.0014,0.0026,0.00099,0.00033,0.0027,0.0041,0.9094,0.0,0.00006,0.00073,0.00061
11905606,0.00003,0.0,0.0016,0.00045,0.0012,0.0011,0.0039,0.0185,0.00073,0.00019,0.00007,0.00002,0.00002,0.00049,0.0,0.00018,0.0013,0.00015,0.0018,0.0108,0.00005,0.0017,0.00005,0.00067,0.00002,0.0,0.00009,0.00002,0.0,0.001,0.00086,0.00006,0.00029,0.0063,0.00024,0.00003,0.00022,0.00004,0.0015,0.003,0.0072,0.00033,0.0027,0.0054,0.5262,0.0,0.0001,0.00002,0.002
12707046,0.0,0.0,0.0,0.0123,0.001,0.0027,0.0056,0.003,0.00015,0.00001,0.00001,0.00004,0.00006,0.0017,0.0,0.0013,0.00021,0.00038,0.0046,0.00006,0.00006,0.00081,0.0037,0.00045,0.0,0.0,0.00055,0.00002,0.0,0.0025,0.00057,0.00006,0.00071,0.0028,0.00015,0.0,0.0,0.0,0.0014,0.0018,0.0012,0.0032,0.0027,0.0442,0.0048,0.0,0.0,0.00002,0.00022
12799786,0.0,0.0,0.0068,0.0013,0.0617,0.6548,0.0857,0.0024,0.0015,0.00005,0.00002,0.0034,0.00006,0.0072,0.0,0.00022,0.0215,0.0013,0.0041,0.00006,0.00005,0.0415,0.00036,0.0101,0.0,0.0,0.00009,0.0006,0.0,0.001,0.0039,0.00003,0.6942,0.3079,0.00015,0.0,0.00022,0.00004,0.004,0.0498,0.00047,0.002,0.0074,0.039,0.3322,0.0,0.00027,0.00002,0.00013
12854756,0.0,0.0,0.0,0.00072,0.001,0.0011,0.1861,0.003,0.00015,0.0,0.00001,0.00002,0.00006,0.0162,0.0,0.0469,0.0001,0.00071,0.00095,0.00016,0.00005,0.0018,0.00027,0.00073,0.0,0.0,0.00009,0.00004,0.0,0.00033,0.00095,0.00003,0.0042,0.0532,0.00001,0.0,0.00003,0.00003,0.00089,0.0356,0.0524,0.1577,0.0031,0.0033,0.0062,0.0,0.00002,0.00002,0.00023
15169706,0.0,0.0,0.0,0.0039,0.0186,0.0022,0.7908,0.0386,0.00023,0.00005,0.00002,0.00023,0.00039,0.0041,0.0,0.0023,0.00026,0.00017,0.00095,0.00016,0.00002,0.0419,0.0,0.00045,0.0,0.0,0.00009,0.00001,0.0,0.00039,0.0146,0.00045,0.00071,0.0183,0.00001,0.00003,0.0,0.00003,0.0152,0.8364,0.0019,0.0018,0.0261,0.0054,0.0013,0.0,0.0,0.00008,0.00006
15334696,0.0,0.0,0.00001,0.0061,0.001,0.0022,0.0089,0.00042,0.00023,0.00011,0.00007,0.00002,0.00006,0.00075,0.0,0.00024,0.012,0.00038,0.0165,0.00016,0.00005,0.0081,0.00004,0.00045,0.00002,0.0,0.00039,0.00002,0.0,0.0119,0.00095,0.00003,0.00029,0.0018,0.00015,0.0,0.00004,0.0,0.0079,0.02,0.125,0.0023,0.0027,0.0041,0.0077,0.0,0.0,0.00001,0.00051
15731966,0.0,0.0,0.0,0.00072,0.0052,0.0013,0.0213,0.0596,0.00037,0.00005,0.00002,0.0125,0.00064,0.0271,0.0,0.00022,0.00021,0.00071,0.011,0.0018,0.00006,0.5921,0.00004,0.00045,0.0,0.0,0.00034,0.00002,0.0,0.00079,0.01,0.00006,0.00071,0.0047,0.00001,0.0,0.0,0.3788,0.077,0.0647,0.0021,0.00084,0.0978,0.0204,0.0077,0.0,0.0,0.00004,0.00077
15926646,0.0,0.0,0.0,0.0017,0.00016,0.0325,0.7908,0.0088,0.00015,0.0,0.0,0.00008,0.00007,0.9013,0.0,0.0017,0.00026,0.00015,0.007,0.0005,0.00005,0.0041,0.00005,0.00026,0.0,0.0,0.00091,0.0,0.0,0.0002,0.0024,0.00023,0.00029,0.0824,0.00001,0.0,0.0,0.0,0.0254,0.0133,0.0096,0.2703,0.0062,0.0248,0.0013,0.0,0.0,0.0,0.00051
16676776,0.0,0.0,0.0,0.00045,0.00016,0.00052,0.936,0.0015,0.00023,0.0,0.0,0.00002,0.0863,0.002,0.0,0.8846,0.0001,0.00017,0.0019,0.00016,0.00005,0.0123,0.0,0.00045,0.0,0.0,0.00009,0.0,0.0,0.0001,0.00095,0.00017,0.00029,0.008,0.00001,0.0,0.0,0.0,0.00089,0.0084,0.0019,0.5875,0.005,0.0023,0.0025,0.0,0.0,0.00002,0.00022
18314446,0.0,0.0,0.0,0.7592,0.001,0.00094,0.0175,0.003,0.00015,0.00001,0.00001,0.00002,0.00006,0.0014,0.0,0.00016,0.00021,0.00038,0.00056,0.00016,0.00005,0.004,0.0081,0.00018,0.00002,0.0,0.00009,0.00024,0.0,0.0023,0.00077,0.00017,0.0059,0.008,0.00015,0.0,0.0,0.0,0.0013,0.0058,0.0019,0.0012,0.0027,0.0054,0.0013,0.0,0.0,0.00043,0.0013
18379746,0.00005,0.00002,0.00049,0.0023,0.0069,0.004,0.0089,0.0045,0.0012,0.00005,0.00001,0.00078,0.00006,0.003,0.0,0.00079,0.0013,0.00038,0.0018,0.00099,0.00005,0.0123,0.00005,0.0019,0.00002,0.00015,0.00091,0.0006,0.00006,0.0013,0.01,0.00003,0.00071,0.0019,0.0024,0.00033,0.00013,0.00004,0.0074,0.0088,0.00099,0.00058,0.0227,0.0052,0.8239,0.00003,0.00002,0.00003,0.00023
19330596,0.0,0.0,0.0,0.006,0.001,0.0022,0.5447,0.0024,0.00015,0.00005,0.00007,0.00004,0.0007,0.0072,0.0,0.0074,0.0001,0.00017,0.007,0.0025,0.00006,0.0123,0.00004,0.00045,0.0,0.0,0.00055,0.0,0.0,0.00033,0.0013,0.00003,0.00029,0.0143,0.00001,0.0,0.0,0.00043,0.077,0.0115,0.0019,0.0032,0.2701,0.0014,0.0013,0.00003,0.0,0.00002,0.0031
19768366,0.0,0.0,0.0001,0.00045,0.0033,0.0013,0.223,0.0041,0.00062,0.00005,0.00002,0.00002,0.00064,0.0014,0.0,0.0023,0.00068,0.0013,0.007,0.0131,0.00003,0.1063,0.00036,0.00056,0.0,0.0,0.00009,0.00002,0.0,0.0013,0.0039,0.00017,0.00029,0.0047,0.00015,0.00003,0.00004,0.0,0.0044,0.0053,0.0019,0.0169,0.0023,0.0112,0.0225,0.0,0.0,0.00002,0.00023
20214136,0.00005,0.0,0.00007,0.006,0.0038,0.0027,0.0385,0.003,0.00023,0.00005,0.00002,0.00023,0.00006,0.0585,0.0,0.00022,0.0047,0.00017,0.0437,0.00024,0.00014,0.0052,0.00005,0.0014,0.0,0.0,0.00055,0.00024,0.00038,0.00033,0.00057,0.00006,0.00023,0.0183,0.004,0.0002,0.00004,0.00004,0.0152,0.02,0.00099,0.0013,0.0071,0.085,0.0323,0.0,0.0,0.0,0.0037
32446556,0.00003,0.00002,0.0011,0.006,0.0246,0.0103,0.0138,0.0133,0.0027,0.0012,0.00007,0.00078,0.00006,0.0072,0.0,0.00037,0.00094,0.0021,0.0063,0.00099,0.00076,0.0099,0.00049,0.0052,0.00002,0.00004,0.00009,0.00004,0.00006,0.0018,0.0024,0.00017,0.00071,0.0123,0.00015,0.00003,0.00013,0.00066,0.0074,0.0064,0.0012,0.001,0.002,0.0167,0.0162,0.00003,0.0,0.00004,0.00061
22094386,0.00003,0.0,0.0001,0.0379,0.0033,0.0017,0.0385,0.0049,0.0274,0.00019,0.00002,0.00006,0.00006,0.0014,0.0,0.00024,0.012,0.00038,0.0015,0.00024,0.00014,0.0029,0.01,0.0014,0.0,0.0,0.00091,0.00036,0.0,0.0053,0.0024,0.00003,0.00071,0.0022,0.0101,0.00006,0.00004,0.00003,0.0074,0.009,0.0012,0.0032,0.00081,0.0156,0.0265,0.0,0.0,0.00002,0.00023
22954836,0.0,0.0,0.0,0.7592,0.001,0.0011,0.0089,0.0062,0.00015,0.0,0.0,0.00023,0.00006,0.014,0.0,0.00018,0.00021,0.0028,0.0063,0.0544,0.00002,0.0079,0.00004,0.00026,0.0,0.0,0.00034,0.00001,0.0,0.00017,0.0012,0.00003,0.00029,0.0078,0.00001,0.0,0.0,0.0,0.00067,0.0152,0.00049,0.00084,0.0074,0.0023,0.0013,0.0,0.0,0.00014,0.0017
22810096,0.0,0.0,0.00001,0.0123,0.00033,0.00094,0.0138,0.0424,0.00023,0.00005,0.00003,0.00065,0.00006,0.0072,0.0,0.00018,0.00068,0.00017,0.00056,0.00099,0.00005,0.0224,0.001,0.0003,0.00002,0.0,0.00017,0.00002,0.0,0.00033,0.01,0.00006,0.00056,0.0035,0.00001,0.00003,0.00003,0.00003,0.0155,0.0018,0.0046,0.001,0.0028,0.0201,0.00096,0.00003,0.0,0.00016,0.00013
23287986,0.0,0.0,0.0,0.0661,0.00016,0.0017,0.075,0.0744,0.00015,0.0,0.0,0.0,0.00006,0.011,0.0,0.00037,0.00026,0.00004,0.0018,0.0004,0.00002,0.0156,0.0,0.00045,0.0,0.0,0.00034,0.00002,0.0,0.00079,0.032,0.0,0.00071,0.0532,0.00001,0.0,0.0,0.0,0.0079,0.6735,0.00032,0.00054,0.0027,0.0099,0.00096,0.0,0.0,0.00004,0.00051
23337006,0.00005,0.0,0.00018,0.0023,0.9008,0.0061,0.006,0.0073,0.0014,0.00019,0.00007,0.00008,0.00006,0.0023,0.0,0.00037,0.00094,0.00039,0.00021,0.00024,0.00006,0.1379,0.00034,0.00073,0.0,0.00004,0.00017,0.00016,0.0,0.0039,0.01,0.00006,0.00041,0.0029,0.00015,0.00003,0.00004,0.00004,0.003,0.0053,0.0019,0.00058,0.002,0.0059,0.0484,0.00003,0.0,0.00004,0.00013
22120256,0.0,0.0,0.00001,0.00015,0.0821,0.014,0.0075,0.00042,0.00023,0.0,0.00002,0.00002,0.00006,0.00063,0.0,0.00016,0.0019,0.00034,0.0046,0.00089,0.00002,0.0029,0.00017,0.00045,0.0,0.0,0.00009,0.00002,0.0,0.0018,0.0017,0.00002,0.0345,0.0,0.00001,0.0,0.0,0.0,0.077,0.0053,0.00015,0.00006,0.0074,0.0239,0.9767,0.00044,0.9956,0.00001,0.00054
22713426,0.0,0.0,0.0,0.0058,0.0014,0.0119,0.0075,0.0024,0.0012,0.00005,0.00003,0.00002,0.00007,0.00041,0.0,0.002,0.0022,0.00019,0.0095,0.0031,0.00005,0.009,0.00027,0.00056,0.0,0.0,0.00009,0.00024,0.0,0.00054,0.0024,0.00091,0.00097,0.0029,0.00001,0.0,0.0,0.00003,0.00089,0.0036,0.00047,0.00058,0.0027,0.0049,0.9671,0.00003,0.0013,0.00001,0.00022
25037206,0.0,0.0,0.0,0.00072,0.00016,0.0147,0.936,0.0024,0.00015,0.00001,0.00001,0.0,0.0053,0.00091,0.0,0.94,0.0,0.0,0.0025,0.00008,0.00014,0.0101,0.00017,0.00027,0.0,0.0,0.00009,0.0,0.0,0.00013,0.0048,0.0,0.006,0.1148,0.0,0.0,0.0,0.0,0.0019,0.0133,0.00012,0.7893,0.0055,0.0014,0.0021,0.0,0.00063,0.00004,0.00006
32530426,0.0,0.0,0.0,0.00015,0.00016,0.0035,0.9909,0.0,0.0027,0.0,0.0,0.0,0.00064,0.00011,0.0,0.0122,0.00021,0.00004,0.00095,0.00057,0.00006,0.0525,0.0,0.003,0.0,0.0,0.00034,0.00002,0.0,0.0039,0.00057,0.00002,0.0026,0.2135,0.00015,0.0,0.0,0.0,0.00089,0.0778,0.0021,0.6875,0.002,0.0014,0.0039,0.0,0.00006,0.00001,0.0018
25470096,0.0,0.0,0.0,0.0015,0.001,0.0061,0.9814,0.017,0.00015,0.00011,0.00007,0.00078,0.0011,0.0023,0.0,0.1981,0.0001,0.00038,0.0,0.00008,0.00005,0.0268,0.00004,0.00026,0.0,0.0,0.00009,0.0,0.0,0.00079,0.0048,0.00003,0.00014,0.5165,0.00001,0.0,0.0,0.0,0.0013,0.8539,0.00049,0.6667,0.0055,0.0156,0.00096,0.0,0.0,0.00001,0.0099
26786546,0.0,0.0,0.00001,0.00015,0.00049,0.083,0.0,0.0987,0.00015,0.0,0.00002,0.00002,0.00002,0.0,0.0,0.00008,0.00021,0.00017,0.0019,0.00006,0.00002,0.009,0.00004,0.00045,0.00002,0.0,0.00009,0.00001,0.0,0.00013,0.0039,0.00023,0.9739,0.0014,0.00015,0.0,0.0,0.0,0.0019,0.027,0.00049,0.00009,0.0146,0.0013,0.9146,0.00003,0.9956,0.00004,0.00006
26790566,0.0,0.0,0.0,0.0203,0.0014,0.00052,0.1368,0.0054,0.00023,0.0,0.0,0.00002,0.0025,0.011,0.0,0.00018,0.0001,0.00017,0.0391,0.0107,0.00005,0.0268,0.00005,0.00026,0.0,0.0,0.0093,0.0,0.0,0.00079,0.0024,0.00017,0.00034,0.0018,0.00001,0.0,0.0,0.0,0.004,0.0053,0.00036,0.1577,0.015,0.0049,0.0039,0.0,0.00027,0.00002,0.0054
27311246,0.0,0.0,0.00007,0.002,0.0717,0.014,0.0175,0.003,0.00062,0.00021,0.00007,0.0034,0.00007,0.011,0.0,0.0013,0.019,0.00038,0.0016,0.00024,0.0016,0.0119,0.00027,0.00056,0.0,0.0,0.00039,0.00002,0.0,0.00033,0.0066,0.00002,0.00097,0.0029,0.00001,0.00003,0.00003,0.00018,0.0028,0.0026,0.0018,0.00033,0.00099,0.0037,0.678,0.0,0.0,0.00002,0.00013
26419196,0.0,0.0,0.00001,0.0034,0.0026,0.0035,0.0473,0.5938,0.0011,0.00005,0.00007,0.00002,0.00026,0.0014,0.0,0.002,0.00021,0.00017,0.00065,0.00024,0.00005,0.5921,0.00027,0.0014,0.0,0.0,0.0055,0.00004,0.0,0.00033,0.0066,0.0,0.0708,0.3079,0.00015,0.00003,0.00004,0.00003,0.004,0.8539,0.00099,0.00054,0.0261,0.00083,0.0615,0.0,0.0,0.00004,0.00041
26340346,0.0,0.0,0.0001,0.0017,0.00049,0.0035,0.1105,0.0024,0.00015,0.0,0.00001,0.0,0.00006,0.00063,0.0,0.00024,0.00026,0.00017,0.0213,0.0031,0.1098,0.0224,0.00004,0.0019,0.0,0.0,0.2684,0.00002,0.0,0.0002,0.00062,0.00002,0.00097,0.0621,0.00001,0.00065,0.0,0.0,0.00067,0.0249,0.0012,0.0906,0.0027,0.0112,0.0021,0.0,0.0,0.0,0.00006
26301526,0.0,0.0,0.0,0.00045,0.00049,0.7982,0.00076,0.0,0.00015,0.0,0.00002,0.0,0.0,0.00011,0.0,0.0,0.00026,0.0,0.0018,0.00006,0.0,0.0017,0.0,0.00026,0.0,0.0,0.00017,0.0,0.0,0.00033,0.00013,0.0,0.9739,0.0014,0.00001,0.0,0.0,0.00003,0.0014,0.0013,0.00012,0.00006,0.0057,0.00063,0.9671,0.0,0.9956,0.00001,0.00022
26419846,0.0,0.0,0.00006,0.002,0.0021,0.0012,0.00076,0.003,0.00023,0.00005,0.00002,0.00078,0.00006,0.00041,0.0,0.00018,0.0019,0.00017,0.0015,0.00025,0.00006,0.0029,0.0358,0.00026,0.0,0.00004,0.00017,0.00002,0.0,0.00039,0.00057,0.00003,0.00029,0.0017,0.00001,0.00003,0.00002,0.00003,0.004,0.0013,0.00032,0.00033,0.0031,0.0041,0.9573,0.0,0.0045,0.00004,0.00013
26431806,0.00003,0.0,0.0,0.0117,0.0052,0.0012,0.0367,0.0045,0.0015,0.00005,0.00002,0.0014,0.00007,0.0271,0.0,0.00018,0.0026,0.00019,0.0187,0.0031,0.00006,0.0123,0.00017,0.00045,0.0,0.0,0.0143,0.00002,0.0,0.001,0.0048,0.00017,0.00029,0.0292,0.00001,0.00006,0.0,0.0,0.077,0.0016,0.00047,0.00058,0.0499,0.039,0.0121,0.0,0.00002,0.00004,0.0097
28153456,0.0,0.0,0.0,0.002,0.00049,0.00052,0.0175,0.003,0.00015,0.00005,0.00001,0.00006,0.0011,0.0019,0.0,0.00024,0.00026,0.00017,0.007,0.00022,0.00006,0.009,0.00005,0.0003,0.0,0.0,0.00009,0.0,0.0,0.00079,0.00076,0.00003,0.00086,0.0014,0.00001,0.0,0.0,0.0,0.00089,0.0115,0.0944,0.0029,0.0062,0.0041,0.0025,0.0,0.0,0.00008,0.00022
28606766,0.00003,0.0,0.0011,0.0029,0.0121,0.0027,0.0147,0.0024,0.00037,0.00082,0.00002,0.00023,0.00006,0.003,0.0,0.0013,0.0017,0.00038,0.0025,0.0005,0.00014,0.0048,0.00049,0.0015,0.0,0.00053,0.0003,0.00002,0.0,0.0018,0.0017,0.00003,0.00029,0.0022,0.0078,0.00005,0.00022,0.00004,0.0056,0.003,0.0021,0.0013,0.0168,0.0037,0.1331,0.0,0.00002,0.00002,0.0013
28698926,0.0,0.0,0.0,0.0046,0.00033,0.00035,0.025,0.0223,0.00015,0.00001,0.00002,0.0512,0.00006,0.1305,0.00082,0.00016,0.00021,0.00038,0.0213,0.0025,0.00016,0.0352,0.00095,0.00023,0.0,0.0,0.00092,0.0,0.0,0.00013,0.0048,0.0,0.00014,0.0733,0.00001,0.0,0.0,0.00028,0.0105,0.0053,0.004,0.00084,0.1326,0.0037,0.0021,0.0,0.0,0.00002,0.0687
28728096,0.0,0.0,0.0,0.7592,0.0012,0.00073,0.0089,0.0049,0.00015,0.00005,0.00002,0.00078,0.00006,0.003,0.0,0.00024,0.0012,0.00017,0.0025,0.00099,0.00002,0.0329,0.00005,0.00045,0.00002,0.0,0.00017,0.00003,0.0,0.0002,0.0048,0.0043,0.0075,0.0123,0.00001,0.0,0.0,0.00004,0.0044,0.0013,0.00099,0.0116,0.0097,0.0316,0.0025,0.0,0.00002,0.00004,0.00044
29450726,0.00003,0.0,0.0001,0.002,0.001,0.0035,0.0031,0.0054,0.00023,0.00019,0.00001,0.00006,0.00006,0.00075,0.0,0.00016,0.00026,0.00038,0.0018,0.00024,0.00006,0.0017,0.00027,0.0101,0.0,0.00004,0.00055,0.0,0.0,0.00079,0.0012,0.00003,0.006,0.0014,0.00015,0.00005,0.00048,0.00003,0.0152,0.0018,0.00099,0.0012,0.002,0.0025,0.9021,0.0,0.0012,0.00002,0.00023
29541946,0.0,0.00002,0.0,0.00045,0.001,0.0119,0.0039,0.00069,0.00015,0.00005,0.00001,0.0012,0.00007,0.00041,0.0,0.00094,0.00034,0.00017,0.00056,0.00022,0.00002,0.00081,0.00017,0.0003,0.0,0.0,0.00009,0.0,0.0,0.00039,0.00077,0.00003,0.0026,0.0029,0.00001,0.0,0.0,0.0,0.0152,0.0018,0.00047,0.001,0.0027,0.0041,0.9509,0.0,0.00027,0.00003,0.00013
30035586,0.0,0.0,0.00007,0.0028,0.0043,0.0057,0.3045,0.0073,0.00015,0.00001,0.00001,0.00008,0.00006,0.0299,0.0,0.00094,0.00034,0.00038,0.0391,0.00057,0.00002,0.0715,0.00049,0.001,0.0,0.0,0.00009,0.0,0.0,0.001,0.0993,0.00006,0.0029,0.0183,0.00015,0.0,0.0,0.0,0.0374,0.0556,0.00047,0.0635,0.0112,0.0239,0.0056,0.0,0.0,0.00003,0.00051
30630956,0.0,0.0,0.0,0.0003,0.001,0.0061,0.9454,0.00069,0.00037,0.0,0.00001,0.00004,0.00007,0.0023,0.0,0.0357,0.0012,0.00019,0.00065,0.00024,0.00002,0.1,0.00005,0.00067,0.0,0.0,0.00034,0.00003,0.0,0.0032,0.0039,0.00002,0.00014,0.8824,0.00024,0.0,0.00002,0.0,0.0044,0.4277,0.00015,0.2004,0.00099,0.0054,0.0025,0.00003,0.00002,0.00008,0.0
31985496,0.0,0.0,0.00007,0.0058,0.0014,0.0027,0.0282,0.014,0.0047,0.00005,0.00003,0.00023,0.0018,0.003,0.0,0.0013,0.00034,0.0011,0.0187,0.00057,0.00005,0.0101,0.00017,0.00045,0.0,0.0,0.00039,0.00004,0.0,0.001,0.0016,0.00003,0.00071,0.0078,0.00015,0.00003,0.00004,0.0,0.0655,0.02,0.0019,0.0016,0.0638,0.0393,0.0162,0.0,0.0,0.00004,0.002
33123596,0.0,0.0,0.0,0.006,0.00025,0.0015,0.0326,0.0185,0.00015,0.0,0.00002,0.0012,0.00006,0.3185,0.0,0.00037,0.00021,0.00004,0.0019,0.00093,0.00005,0.0715,0.00036,0.0014,0.0,0.0,0.0159,0.00001,0.0,0.00079,0.0048,0.00002,0.00071,0.0292,0.00001,0.0,0.0,0.0,0.0013,0.0115,0.00047,0.001,0.0131,0.0716,0.0052,0.0,0.0,0.00003,0.00077
25807477,0.0,0.0,0.0,0.1319,0.00064,0.00035,0.1395,0.0133,0.00015,0.0,0.0,0.00002,0.00006,0.9013,0.0,0.00016,0.0001,0.00012,0.0031,0.0007,0.00002,0.0731,0.00005,0.00045,0.0,0.0,0.00004,0.0,0.0,0.0001,0.021,0.00091,0.00014,0.0063,0.00001,0.0,0.0,0.0,0.004,0.1068,0.00047,0.00054,0.0112,0.0677,0.0013,0.0,0.0,0.00002,0.0
623507,0.00003,0.0,0.0001,0.0023,0.0023,0.0022,0.0805,0.0596,0.00062,0.00005,0.00002,0.00078,0.00006,0.0072,0.0,0.00024,0.0047,0.00038,0.0019,0.00024,0.00005,0.5921,0.00027,0.0176,0.00002,0.0,0.0019,0.00016,0.0,0.00079,0.0263,0.00002,0.00071,0.0028,0.00015,0.00005,0.0,0.0,0.0182,0.6346,0.0045,0.00054,0.0221,0.0037,0.0062,0.0,0.0,0.00073,0.00061
2940377,0.0,0.0,0.0,0.0017,0.00049,0.0008,0.0757,0.00069,0.00062,0.0,0.00001,0.00004,0.0,0.0202,0.00066,0.0023,0.00021,0.0093,0.0,0.0108,0.00002,0.009,0.0,0.00026,0.0,0.0,0.00039,0.0,0.0,0.00039,0.00013,0.00017,0.00029,0.0292,0.00001,0.0,0.0,0.00003,0.0194,0.024,0.0171,0.0105,0.0286,0.0442,0.0076,0.0,0.0,0.00001,0.00013
7591356,0.0,0.0,0.0,0.0111,0.0038,0.0071,0.4746,0.0358,0.00037,0.00005,0.00002,0.0012,0.0018,0.0072,0.0,0.0013,0.00034,0.0013,0.0025,0.0031,0.00014,0.0123,0.00008,0.00045,0.0,0.0,0.0024,0.00001,0.0,0.001,0.0016,0.00017,0.00071,0.008,0.00015,0.0,0.0,0.00004,0.0044,0.007,0.004,0.5875,0.0027,0.0112,0.0589,0.0,0.0,0.00008,0.00054
10771926,0.00003,0.0,0.0001,0.0029,0.0083,0.0089,0.0385,0.0088,0.00062,0.00019,0.00003,0.00078,0.00007,0.0592,0.0,0.0013,0.0141,0.0011,0.0063,0.0015,0.00005,0.0419,0.00049,0.00045,0.0,0.0,0.00092,0.00036,0.0,0.0039,0.0012,0.00006,0.00023,0.0029,0.00015,0.00003,0.00004,0.00066,0.0152,0.0333,0.0019,0.0064,0.0045,0.0112,0.8239,0.0,0.00002,0.00002,0.00023
9881546,0.0,0.0,0.0,0.00072,0.00033,0.0035,0.0834,0.0106,0.00015,0.0,0.00002,0.00078,0.00006,0.2452,0.0,0.00071,0.00015,0.00038,0.0018,0.00024,0.00002,0.0123,0.00027,0.00045,0.0,0.0,0.00009,0.00002,0.0,0.0039,0.0072,0.00006,0.006,0.0428,0.00001,0.0,0.0,0.0,0.0044,0.02,0.0171,0.0029,0.0108,0.1531,0.0013,0.0,0.0,0.00016,0.00051
10725856,0.0,0.0,0.0,0.0034,0.00016,0.0071,0.1612,0.0211,0.00015,0.0,0.0,0.00004,0.00006,0.0014,0.0,0.00018,0.0,0.00034,0.0046,0.00016,0.00002,0.0648,0.00005,0.00027,0.0,0.0,0.00091,0.0,0.0,0.00033,0.0039,0.001,0.0016,0.0733,0.00001,0.0,0.0,0.0,0.0044,0.8364,0.0018,0.2421,0.00072,0.0156,0.0077,0.0,0.0,0.00002,0.00006
10749516,0.0,0.0,0.0,0.00072,0.0083,0.0035,0.0686,0.0015,0.0011,0.00005,0.00001,0.00002,0.00007,0.0017,0.0,0.00022,0.00026,0.00017,0.0025,0.00024,0.00002,0.0123,0.00008,0.00067,0.0,0.0,0.00009,0.00024,0.0,0.0018,0.00057,0.00003,0.00014,0.0029,0.00015,0.0,0.0,0.00004,0.0152,0.0736,0.00099,0.0032,0.0074,0.0716,0.9021,0.0,0.0,0.00004,0.00023
10796586,0.0,0.0,0.0,0.00015,0.00016,0.7982,0.006,0.0015,0.00015,0.0,0.00001,0.0,0.0,0.00041,0.0,0.00018,0.00021,0.00017,0.002,0.00008,0.0,0.0017,0.00011,0.00023,0.0,0.0,0.00009,0.00016,0.0,0.0018,0.00057,0.0,0.00097,0.0014,0.00032,0.0,0.0,0.0,0.00067,0.00051,0.00032,0.00009,0.0346,0.0,0.879,0.0,0.9983,0.0,0.0
10809936,0.0,0.0,0.0001,0.0013,0.00033,0.0668,0.9286,0.0016,0.00015,0.0,0.00001,0.00002,0.00006,0.0023,0.0,0.2879,0.00026,0.00038,0.0025,0.00024,0.00002,0.0899,0.0,0.0019,0.00002,0.0,0.00017,0.00002,0.0,0.0015,0.0048,0.00017,0.008,0.1159,0.0,0.0,0.00002,0.00066,0.0374,0.1262,0.0129,0.7939,0.002,0.0112,0.0025,0.0,0.00006,0.00002,0.00051
11552726,0.0,0.0,0.0,0.0023,0.035,0.0061,0.0468,0.003,0.00015,0.0,0.00002,0.00002,0.00006,0.00049,0.0,0.00018,0.00026,0.00017,0.007,0.00024,0.00002,0.5921,0.00005,0.00026,0.0,0.0,0.00004,0.00003,0.0,0.00013,0.0013,0.00002,0.0014,0.0078,0.00001,0.0,0.00004,0.0,0.004,0.0372,0.00026,0.00054,0.002,0.0167,0.2383,0.00004,0.0001,0.0,0.00006
12679596,0.0,0.0,0.0001,0.0203,0.00064,0.0011,0.1105,0.0133,0.00015,0.00005,0.00007,0.00002,0.00006,0.0017,0.0,0.00024,0.00015,0.00038,0.0015,0.0005,0.00016,0.0029,0.00004,0.00045,0.0,0.0,0.0033,0.00002,0.0,0.0002,0.0039,0.00003,0.00097,0.0017,0.00001,0.0,0.00004,0.0,0.0079,0.0058,0.0021,0.0032,0.0288,0.0156,0.0025,0.0,0.0,0.00008,0.00077
12556356,0.0,0.0,0.0,0.0426,0.00064,0.00095,0.2162,0.0088,0.0027,0.00005,0.00001,0.00002,0.00006,0.0023,0.0,0.00071,0.00026,0.00034,0.0107,0.00024,0.00005,0.0018,0.00004,0.00045,0.0,0.0,0.00009,0.00016,0.0,0.0032,0.0016,0.00003,0.00014,0.0018,0.00015,0.0,0.00004,0.0,0.0015,0.0088,0.0171,0.0179,0.00099,0.0099,0.0025,0.0,0.0,0.00004,0.0011
14689176,0.0,0.0,0.0,0.00072,0.0023,0.00094,0.0255,0.0225,0.00015,0.0,0.0,0.0218,0.00006,0.0928,0.0,0.00016,0.0001,0.00019,0.00065,0.0018,0.00076,0.0329,0.00027,0.00027,0.0,0.0,0.0597,0.0,0.0,0.00013,0.00077,0.0012,0.0016,0.0012,0.00001,0.0,0.0,0.0,0.0056,0.0018,0.00099,0.00084,0.0027,0.0017,0.0039,0.0,0.0,0.00004,0.00041
14710666,0.0,0.0,0.0,0.0029,0.001,0.0027,0.0175,0.0024,0.00015,0.00005,0.00001,0.0034,0.00007,0.011,0.0,0.00008,0.00026,0.0093,0.0529,0.0025,0.00006,0.0329,0.00005,0.00045,0.0,0.0,0.0045,0.00002,0.0,0.0002,0.003,0.00006,0.00014,0.0063,0.00001,0.0,0.0,0.00003,0.0023,0.0309,0.00049,0.0015,0.0112,0.0037,0.0734,0.0,0.0,0.0,0.00077
14733976,0.0,0.0,0.0,0.0023,0.0617,0.0011,0.0249,0.0056,0.0135,0.00005,0.00002,0.00004,0.00064,0.0017,0.00002,0.0017,0.00068,0.00017,0.0077,0.00024,0.00002,0.0613,0.00005,0.00027,0.0,0.0,0.00017,0.00004,0.0,0.00079,0.0146,0.00006,0.00071,0.00061,0.00009,0.00003,0.0,0.0,0.0205,0.0018,0.00047,0.0169,0.0978,0.0112,0.0077,0.00003,0.00006,0.00073,0.0017
16044216,0.0,0.0,0.0,0.0013,0.0298,0.6548,0.0056,0.0038,0.0,0.00005,0.0021,0.0,0.00006,0.00049,0.0,0.00008,0.00026,0.0,0.1971,0.00057,0.00002,0.0123,0.00005,0.00045,0.0,0.0,0.00034,0.00002,0.0,0.00013,0.00013,0.00002,0.0029,0.00061,0.0,0.0,0.0,0.00066,0.0152,0.8364,0.00032,0.00009,0.0499,0.0033,0.9387,0.0,0.0135,0.00002,0.0536
16086036,0.00003,0.00002,0.00001,0.00072,0.001,0.00052,0.0043,0.00069,0.0012,0.00005,0.00002,0.00008,0.00006,0.0023,0.0,0.00037,0.00034,0.00038,0.0016,0.00006,0.00005,0.0018,0.00049,0.00067,0.0,0.0,0.00009,0.00002,0.0,0.0013,0.00095,0.00002,0.00034,0.0017,0.00015,0.00003,0.0,0.0,0.00089,0.00037,0.0706,0.00084,0.002,0.0037,0.0385,0.0,0.0,0.00002,0.00023
16413666,0.0,0.0,0.0,0.006,0.00064,0.0119,0.0282,0.0263,0.00015,0.00001,0.00002,0.00078,0.00006,0.00063,0.0,0.00094,0.00021,0.00017,0.011,0.00024,0.00002,0.0404,0.00005,0.00026,0.0,0.0,0.00017,0.00002,0.0,0.0004,0.0081,0.00002,0.00014,0.0047,0.00001,0.0,0.0,0.00004,0.0194,0.0778,0.00032,0.0032,0.0168,0.0112,0.0017,0.0,0.00002,0.0,0.0037
16728716,0.0,0.0,0.0,0.0019,0.00033,0.0048,0.9333,0.0197,0.00037,0.0,0.0,0.0,0.00007,0.00063,0.0,0.8846,0.0001,0.00038,0.00056,0.0015,0.00002,0.1115,0.0,0.00027,0.0,0.0,0.00034,0.0,0.0,0.0001,0.00057,0.00003,0.00014,0.0113,0.0,0.0,0.0,0.00003,0.0013,0.0058,0.0065,0.6228,0.002,0.0099,0.0106,0.0,0.00002,0.00001,0.00022
17011126,0.00003,0.0,0.00001,0.002,0.0013,0.0008,0.0175,0.003,0.00062,0.00005,0.00002,0.00023,0.00039,0.003,0.0,0.0017,0.0013,0.00017,0.0164,0.0005,0.00014,0.0029,0.00017,0.0003,0.0,0.0,0.0019,0.00004,0.0,0.0081,0.00057,0.00006,0.0011,0.0078,0.00094,0.00003,0.00002,0.00004,0.0019,0.0013,0.0368,0.002,0.0027,0.0025,0.0076,0.0,0.0,0.00002,0.00041
17469116,0.0,0.0,0.0,0.0029,0.0162,0.0011,0.0468,0.0185,0.00023,0.00011,0.0072,0.00023,0.00006,0.0271,0.0,0.00079,0.00026,0.00017,0.00056,0.00024,0.00005,0.0018,0.00027,0.00045,0.0,0.0,0.00039,0.00004,0.0,0.00079,0.0146,0.00002,0.00023,0.0143,0.00001,0.0,0.00013,0.0,0.0079,0.0333,0.0045,0.0032,0.0031,0.0017,0.024,0.0,0.0,0.0002,0.00022
17581446,0.0,0.0,0.0,0.00093,0.0519,0.0013,0.7908,0.0403,0.00023,0.00019,0.00045,0.0034,0.00006,0.0048,0.0,0.00016,0.0001,0.0021,0.00056,0.3195,0.00005,0.5921,0.00034,0.00026,0.0,0.0,0.00009,0.00002,0.0,0.00017,0.0039,0.0012,0.00023,0.0379,0.00001,0.0,0.0,0.0,0.00089,0.027,0.00032,0.00033,0.002,0.0112,0.0013,0.0,0.0,0.00002,0.00051
17284616,0.0,0.0,0.0,0.00045,0.0042,0.023,0.0147,0.0045,0.00023,0.00019,0.00002,0.0,0.00006,0.00011,0.0,0.00016,0.0047,0.00017,0.0187,0.0005,0.00002,0.0112,0.0,0.00018,0.0,0.0,0.00004,0.0,0.0,0.00033,0.0017,0.00002,0.0075,0.0197,0.00001,0.0,0.0,0.00003,0.0019,0.0151,0.00032,0.00006,0.0227,0.0041,0.9806,0.0,0.9956,0.0,0.00013
17678496,0.00005,0.00002,0.00001,0.00072,0.001,0.0518,0.0039,0.0088,0.00015,0.00019,0.00045,0.00006,0.00007,0.0023,0.0,0.00016,0.0047,0.00012,0.0017,0.00022,0.00006,0.0041,0.00049,0.003,0.0,0.00004,0.00009,0.00004,0.0,0.00013,0.0048,0.00006,0.00029,0.0014,0.00001,0.0002,0.00003,0.00004,0.00089,0.009,0.0019,0.00054,0.0055,0.0033,0.8239,0.0,0.0,0.00002,0.00013
17762736,0.0,0.0,0.0,0.00045,0.0021,0.0022,0.5447,0.0386,0.00015,0.0,0.00001,0.00002,0.00002,0.00063,0.0,0.00016,0.0,0.00071,0.0187,0.0018,0.00002,0.5921,0.00004,0.00026,0.0,0.0,0.00004,0.00003,0.0,0.0,0.0024,0.00006,0.00029,0.0022,0.00001,0.0,0.0,0.00003,0.0254,0.0413,0.00026,0.00033,0.0033,0.3367,0.0013,0.0,0.0,0.00001,0.00022
17765746,0.00003,0.0,0.00001,0.00072,0.0013,0.0022,0.016,0.0012,0.00023,0.00019,0.00003,0.00004,0.00002,0.0014,0.0,0.00037,0.00068,0.00038,0.00095,0.00016,0.00003,0.0279,0.0015,0.0043,0.0,0.0,0.00009,0.00025,0.0,0.0002,0.003,0.00006,0.00029,0.0017,0.00024,0.00005,0.00003,0.00003,0.004,0.0026,0.0021,0.002,0.002,0.0023,0.8239,0.0,0.00006,0.00004,0.00041
17766726,0.00003,0.00002,0.0001,0.00072,0.001,0.0048,0.0016,0.003,0.00015,0.00005,0.00002,0.00023,0.00007,0.0072,0.0,0.00018,0.0001,0.00071,0.0035,0.0005,0.00076,0.0035,0.00005,0.00045,0.0,0.00004,0.1796,0.0,0.0,0.001,0.0039,0.00003,0.0042,0.0017,0.00001,0.00065,0.0,0.00003,0.0014,0.0018,0.0012,0.00033,0.0027,0.0112,0.0021,0.0,0.0,0.00003,0.00054
18525286,0.0,0.0,0.0,0.0357,0.001,0.0089,0.1253,0.0628,0.00023,0.00005,0.00007,0.0034,0.0007,0.0592,0.0,0.00079,0.00068,0.00038,0.0046,0.0052,0.00005,0.0329,0.00027,0.00067,0.0,0.0,0.119,0.00002,0.0,0.00079,0.0039,0.00006,0.00029,0.0532,0.00009,0.00003,0.0,0.0,0.0043,0.0152,0.00047,0.002,0.0131,0.0506,0.0323,0.0,0.0,0.00002,0.0031
18674396,0.00003,0.0,0.0001,0.0013,0.0522,0.0061,0.025,0.0073,0.0015,0.00005,0.00007,0.0015,0.00039,0.0202,0.0,0.0175,0.0012,0.00038,0.0063,0.00024,0.00006,0.0123,0.00034,0.0019,0.0,0.0,0.0015,0.00002,0.0,0.00039,0.0016,0.00003,0.0016,0.0018,0.00001,0.0002,0.00004,0.00003,0.0019,0.0058,0.00099,0.0169,0.0074,0.0099,0.6213,0.0,0.0,0.00002,0.00041
18580596,0.0,0.0,0.0,0.0426,0.0052,0.0315,0.025,0.0108,0.0012,0.0,0.00002,0.0012,0.00064,0.0451,0.0,0.00037,0.00034,0.00019,0.013,0.0069,0.00014,0.0525,0.00027,0.00045,0.0,0.0,0.00017,0.00001,0.0,0.00079,0.0024,0.00006,0.00029,0.0733,0.00015,0.0,0.00003,0.0,0.077,0.0155,0.00099,0.0012,0.7348,0.0204,0.0062,0.0,0.0,0.00004,0.0894
19419286,0.0,0.0,0.0001,0.0061,0.0246,0.0277,0.0087,0.00069,0.0011,0.00036,0.00007,0.00002,0.00007,0.0017,0.0,0.0013,0.0047,0.00038,0.0035,0.00089,0.00005,0.0224,0.00017,0.00045,0.0,0.00004,0.00009,0.00025,0.0,0.00039,0.0024,0.0,0.00029,0.0028,0.00015,0.0,0.00013,0.00003,0.00089,0.0026,0.0096,0.0016,0.0074,0.0041,0.8286,0.00003,0.0,0.00002,0.002
19432386,0.0,0.0,0.0,0.00093,0.0033,0.0035,0.0147,0.0035,0.0027,0.00005,0.00002,0.00002,0.00006,0.00049,0.0,0.00018,0.0022,0.00038,0.0,0.0005,0.00002,0.0123,0.18,0.00026,0.0,0.0,0.00017,0.00002,0.0,0.00033,0.0024,0.00003,0.00071,0.008,0.00001,0.0,0.0,0.0,0.0079,0.00037,0.00032,0.00054,0.015,0.00083,0.9671,0.0,0.0135,0.0,0.00013
19482236,0.0,0.0,0.0,0.002,0.00049,0.0013,0.103,0.0247,0.00023,0.0,0.00002,0.0,0.00006,0.0348,0.0,0.0013,0.00015,0.0013,0.0074,0.00099,0.00002,0.0899,0.00004,0.00045,0.00002,0.0,0.00017,0.0,0.0,0.00018,0.0993,0.00003,0.00029,0.0364,0.00001,0.0,0.0,0.00004,0.0079,0.003,0.0019,0.1151,0.0071,0.039,0.0025,0.0,0.0,0.00003,0.00023
19416336,0.0,0.0,0.0,0.0583,0.0035,0.0011,0.0175,0.5938,0.0053,0.00001,0.00002,0.00008,0.0007,0.011,0.0,0.00024,0.00021,0.00017,0.011,0.00057,0.00002,0.5921,0.00027,0.0003,0.0,0.0,0.00009,0.00002,0.0,0.00039,0.0039,0.00006,0.00034,0.0364,0.00001,0.0,0.0,0.00066,0.0152,0.1174,0.00026,0.0012,0.0108,0.1199,0.0035,0.0,0.00002,0.00014,0.002
19561526,0.0,0.0,0.0,0.0029,0.0012,0.1198,0.00081,0.003,0.00023,0.00005,0.00003,0.00002,0.00006,0.00049,0.0,0.00037,0.00094,0.00019,0.0046,0.00099,0.00006,0.0017,0.00027,0.00045,0.0,0.0,0.00004,0.0006,0.0,0.0025,0.00095,0.00002,0.0029,0.0047,0.00015,0.0,0.0,0.00034,0.0056,0.0064,0.00047,0.00054,0.0031,0.0023,0.6306,0.0,0.0012,0.0,0.00041
19592446,0.0,0.0,0.0,0.0029,0.001,0.00095,0.0039,0.0049,0.00015,0.0,0.00001,0.0012,0.00006,0.1551,0.0,0.00016,0.0,0.00075,0.0025,0.00016,0.00006,0.0314,0.00049,0.00045,0.0,0.0,0.1136,0.00004,0.0,0.00033,0.0024,0.0,0.00071,0.0375,0.00001,0.0,0.0,0.0,0.004,0.0026,0.00049,0.00058,0.005,0.0054,0.0077,0.0,0.0,0.00002,0.00013
20305306,0.0,0.0,0.0001,0.0229,0.0042,0.0027,0.0031,0.003,0.00015,0.00001,0.00001,0.00002,0.00006,0.0097,0.0,0.00024,0.00068,0.00071,0.007,0.00016,0.00002,0.0099,0.00004,0.00067,0.0,0.0,0.00034,0.0,0.0,0.00079,0.00076,0.00003,0.00014,0.0014,0.0,0.0,0.0,0.00004,0.00039,0.00051,0.0045,0.00054,0.0071,0.0033,0.0076,0.0,0.0,0.00003,0.00013
18998206,0.0,0.0,0.0,0.00045,0.0083,0.0518,0.0598,0.0024,0.00023,0.0,0.0,0.00002,0.00002,0.0039,0.0,0.00018,0.00021,0.00017,0.0031,0.0031,0.00016,0.00081,0.0313,0.00045,0.0,0.00004,0.00009,0.00025,0.0,0.0119,0.0024,0.00006,0.00014,0.0032,0.00001,0.00003,0.0,0.00004,0.0152,0.0152,0.00015,0.00058,0.0045,0.0099,0.9387,0.0,0.0,0.00002,0.00054
22363216,0.00003,0.00002,0.0,0.0135,0.00033,0.0022,0.006,0.0088,0.00015,0.00011,0.00001,0.00004,0.00006,0.00075,0.0,0.00018,0.00026,0.00017,0.00056,0.00033,0.00005,0.00031,0.00004,0.00026,0.0,0.00004,0.00009,0.00016,0.0,0.0026,0.0024,0.00002,0.00014,0.0029,0.00015,0.00005,0.0,0.0,0.00089,0.0012,0.0026,0.001,0.0027,0.00083,0.0225,0.00003,0.0,0.00002,0.00022
23312396,0.0,0.0,0.00001,0.7592,0.00016,0.0017,0.0834,0.0185,0.00015,0.0,0.0,0.00078,0.00039,0.0023,0.0,0.00024,0.0,0.00071,0.00095,0.00022,0.00002,0.1862,0.0,0.00073,0.0,0.0,0.0079,0.0,0.0,0.00013,0.1305,0.001,0.00071,0.0012,0.0,0.0,0.0,0.0,0.0028,0.0647,0.0045,0.0179,0.0059,0.039,0.0021,0.0,0.0,0.00043,0.00051
23461676,0.00003,0.0,0.0001,0.0135,0.00033,0.00052,0.0056,0.0015,0.00062,0.00005,0.00002,0.00008,0.00006,0.00091,0.0,0.00016,0.0047,0.00017,0.00021,0.00008,0.00005,0.0017,0.00017,0.00045,0.0,0.00004,0.00004,0.00024,0.0,0.00013,0.00013,0.00003,0.00014,0.0047,0.00015,0.00065,0.00002,0.0,0.00089,0.0026,0.0021,0.00054,0.0062,0.0014,0.6042,0.0,0.00002,0.00004,0.00023
23635966,0.0,0.0,0.00007,0.0095,0.4005,0.0008,0.0175,0.0088,0.00023,0.00019,0.00007,0.00002,0.00006,0.0023,0.0,0.0023,0.00021,0.00017,0.0041,0.00024,0.00005,0.0066,0.00027,0.0021,0.00002,0.0,0.00017,0.00016,0.0,0.001,0.0016,0.00003,0.00034,0.0047,0.00015,0.00003,0.00022,0.00004,0.0056,0.0151,0.00032,0.00084,0.0074,0.2349,0.0121,0.00003,0.0,0.00002,0.00077
22470806,0.00005,0.00002,0.00049,0.0039,0.6717,0.0147,0.075,0.0133,0.00062,0.00005,0.00002,0.00004,0.00007,0.0039,0.0,0.00024,0.004,0.00071,0.0025,0.00057,0.00006,0.0224,0.00027,0.0019,0.0,0.00015,0.00039,0.00004,0.00038,0.0013,0.0017,0.00017,0.00029,0.0078,0.00032,0.00033,0.00004,0.00004,0.0194,0.02,0.0019,0.001,0.0131,0.0442,0.043,0.00004,0.0,0.00008,0.00051
22051176,0.00003,0.0,0.00007,0.006,0.0014,0.0022,0.0147,0.0015,0.00023,0.00005,0.00002,0.00002,0.00006,0.00063,0.0,0.0013,0.00068,0.00038,0.0025,0.00013,0.00003,0.0119,0.00017,0.00073,0.0,0.0,0.00009,0.00003,0.0,0.00079,0.00077,0.00003,0.00029,0.0063,0.00032,0.00003,0.0,0.00004,0.0056,0.0018,0.025,0.00084,0.0638,0.0099,0.0121,0.0,0.0,0.00002,0.00006
22880116,0.0,0.0,0.0,0.4713,0.00016,0.0022,0.0531,0.0088,0.00015,0.0014,0.00007,0.0,0.00007,0.0683,0.0,0.00018,0.0001,0.00019,0.0018,0.00016,0.00002,0.1414,0.00027,0.00056,0.0,0.0,0.00091,0.0,0.0,0.00017,0.0048,0.00006,0.00014,0.0532,0.00001,0.0,0.0,0.00004,0.0079,0.0053,0.0096,0.0042,0.0638,0.0239,0.00045,0.0,0.0,0.00004,0.00077
24491606,0.0,0.0,0.0,0.0061,0.00033,0.00052,0.0089,0.0062,0.00015,0.0,0.0,0.0,0.00002,0.0072,0.0,0.00008,0.0001,0.00038,0.0391,0.0018,0.00002,0.0048,0.00004,0.00026,0.0,0.0,0.00091,0.00001,0.0,0.00013,0.0017,0.00017,0.00014,0.0292,0.00001,0.0,0.0,0.00004,0.0044,0.0026,0.00047,0.00084,0.0062,0.9387,0.0013,0.0,0.0,0.0,0.0017
24512596,0.0,0.0,0.0,0.2117,0.00049,0.0008,0.0385,0.0225,0.00023,0.0,0.00007,0.00006,0.00007,0.6331,0.0,0.00018,0.00015,0.00017,0.00065,0.00024,0.00003,0.0419,0.00005,0.00067,0.0,0.0,0.00009,0.00002,0.0,0.00013,0.01,0.00002,0.00071,0.0364,0.00001,0.0,0.0,0.00003,0.00068,0.0016,0.0012,0.0635,0.00081,0.0183,0.0013,0.0,0.0,0.00004,0.00023
24753136,0.0,0.0,0.0001,0.002,0.9816,0.0012,0.0056,0.0024,0.00023,0.00005,0.00002,0.00065,0.00006,0.0017,0.0,0.00016,0.00026,0.00017,0.0025,0.00024,0.00005,0.0352,0.00049,0.00085,0.0,0.0,0.00017,0.00002,0.0,0.0013,0.00095,0.00006,0.00029,0.0012,0.00001,0.0,0.0,0.0,0.0028,0.00084,0.00049,0.00054,0.0031,0.0052,0.1851,0.0,0.0,0.00002,0.00077
25690086,0.00003,0.0,0.0011,0.0029,0.00064,0.023,0.0056,0.0045,0.0012,0.00036,0.00043,0.00023,0.00006,0.00091,0.0,0.0023,0.0066,0.00038,0.00056,0.00016,0.00006,0.0079,0.00017,0.0043,0.0,0.00015,0.0003,0.00025,0.0,0.00039,0.0024,0.00006,0.00023,0.0033,0.00001,0.00003,0.00048,0.00004,0.0079,0.0058,0.0021,0.0032,0.0027,0.0112,0.9179,0.00003,0.00063,0.00004,0.00054
26274986,0.00003,0.0,0.0037,0.0023,0.0148,0.0012,0.0361,0.0025,0.0015,0.00005,0.00007,0.00023,0.00007,0.0072,0.0,0.0013,0.00068,0.00071,0.0016,0.0069,0.00005,0.0156,0.00027,0.0132,0.0,0.0,0.00017,0.00024,0.0,0.0039,0.0016,0.00006,0.0026,0.015,0.00015,0.00003,0.00022,0.00003,0.0074,0.009,0.0045,0.00084,0.0031,0.1798,0.0225,0.00003,0.0,0.00004,0.0011
26867166,0.0,0.0,0.00049,0.00015,0.0021,0.0277,0.0031,0.00069,0.00015,0.0,0.00001,0.00023,0.00006,0.0014,0.0,0.00008,0.0013,0.00038,0.0016,0.00024,0.00002,0.0017,0.00036,0.00045,0.0,0.0,0.00004,0.00002,0.0,0.001,0.0017,0.00003,0.00034,0.0012,0.00001,0.00003,0.00003,0.0,0.0028,0.0053,0.0012,0.00009,0.005,0.0014,0.9179,0.00003,0.0039,0.00002,0.00006
26190166,0.00003,0.0,0.00001,0.0023,0.0042,0.0011,0.0147,0.0088,0.00015,0.00019,0.00007,0.0034,0.00007,0.00075,0.0,0.00024,0.0013,0.00038,0.0063,0.0005,0.00076,0.0224,0.00017,0.00027,0.0,0.0,0.0359,0.00024,0.0,0.00039,0.0012,0.00006,0.00097,0.0292,0.00001,0.00003,0.00002,0.00003,0.0074,0.0151,0.0019,0.00084,0.0108,0.0041,0.0734,0.0,0.0,0.00004,0.00051
27158936,0.0,0.0,0.00007,0.0013,0.00016,0.0027,0.00081,0.0016,0.00015,0.00005,0.00007,0.00002,0.00002,0.00049,0.0,0.00016,0.00026,0.00017,0.0107,0.00008,0.00003,0.0029,0.0015,0.0003,0.0,0.00004,0.00009,0.00001,0.0,0.00013,0.00095,0.00002,0.00029,0.0007,0.00015,0.00003,0.00004,0.00003,0.0015,0.0018,0.004,0.00009,0.005,0.0054,0.0013,0.0,0.0,0.00004,0.0031
26362046,0.0,0.0,0.0,0.0013,0.00049,0.0035,0.7908,0.0247,0.00015,0.00005,0.00007,0.00023,0.00006,0.00049,0.0,0.00008,0.0001,0.00017,0.0635,0.00057,0.00003,0.2107,0.00005,0.00045,0.0,0.0,0.00004,0.00002,0.0,0.0001,0.0343,0.00006,0.00014,0.0012,0.0,0.0,0.0,0.00003,0.0056,0.0778,0.00047,0.0018,0.0027,0.0059,0.0025,0.0,0.0,0.0,0.00013
26520066,0.0,0.0,0.0,0.0023,0.0052,0.0325,0.0175,0.0225,0.00015,0.00005,0.00002,0.00002,0.00007,0.0162,0.0,0.0057,0.0,0.00038,0.0031,0.00099,0.00005,0.0156,0.00004,0.00056,0.0,0.0,0.00034,0.00002,0.0,0.0032,0.0024,0.00002,0.00041,0.0292,0.00001,0.0,0.0,0.00018,0.0028,0.003,0.0012,0.0032,0.0055,0.0014,0.0021,0.0,0.0,0.00004,0.0073
27596026,0.0,0.0,0.00001,0.0016,0.001,0.0048,0.006,0.0386,0.00062,0.00001,0.00043,0.00023,0.00002,0.00091,0.0,0.00008,0.0022,0.00038,0.0063,0.00016,0.00002,0.5921,0.00034,0.0003,0.0,0.0,0.00009,0.00024,0.0,0.00079,0.0013,0.00006,0.0042,0.0017,0.00001,0.0,0.00004,0.00003,0.0152,0.0013,0.00099,0.00027,0.0062,0.8888,0.0021,0.0,0.0,0.00001,0.00041
27838936,0.0,0.0,0.0001,0.00015,0.0023,0.6548,0.0174,0.0024,0.00015,0.00005,0.00002,0.0001,0.00006,0.00011,0.0,0.00016,0.0407,0.00038,0.0041,0.0015,0.0,0.0101,0.00034,0.00045,0.0,0.0,0.00004,0.00004,0.0,0.00013,0.0066,0.00003,0.9684,0.0032,0.00001,0.00003,0.0,0.0,0.0056,0.0018,0.00036,0.0012,0.044,0.0041,0.4624,0.00004,0.9923,0.00002,0.0
28031406,0.0,0.0,0.00007,0.00015,0.0023,0.0448,0.00081,0.0088,0.0144,0.00005,0.00002,0.00006,0.00002,0.00041,0.0,0.00024,0.0114,0.00019,0.00021,0.0004,0.00002,0.0101,0.00017,0.00045,0.0,0.0,0.00009,0.00002,0.0,0.001,0.00076,0.0,0.008,0.0017,0.00015,0.00003,0.00013,0.0,0.0152,0.0115,0.00099,0.00006,0.0055,0.0014,0.968,0.00044,0.998,0.00002,0.00013
28528196,0.0,0.0,0.0,0.00093,0.0013,0.014,0.0031,0.0045,0.00023,0.00001,0.0,0.00008,0.00006,0.0017,0.0,0.00024,0.00068,0.00017,0.0031,0.0005,0.00005,0.035,0.0,0.00045,0.0,0.0,0.00009,0.00001,0.0,0.00013,0.00057,0.00002,0.0059,0.008,0.00015,0.0,0.00003,0.00003,0.0019,0.0088,0.00099,0.0013,0.0097,0.00083,0.9767,0.0,0.0191,0.00004,0.0
28481536,0.0,0.0,0.00006,0.006,0.0033,0.0017,0.00081,0.0016,0.00062,0.0051,0.00045,0.00023,0.00026,0.005,0.0,0.00018,0.00068,0.00017,0.007,0.00024,0.00003,0.0029,0.0005,0.00027,0.00002,0.00015,0.00009,0.00024,0.0,0.0018,0.001,0.00002,0.00029,0.0047,0.00032,0.00005,0.00002,0.00004,0.00089,0.003,0.0026,0.0029,0.0033,0.0099,0.0021,0.0,0.0,0.00008,0.00061
28594056,0.0,0.0,0.0,0.00015,0.00016,0.0518,0.9859,0.0,0.00015,0.0,0.0,0.00002,0.00007,0.0072,0.0,0.2074,0.0,0.00017,0.00065,0.00022,0.00002,0.16,0.0,0.0003,0.0,0.0,0.00009,0.0,0.0,0.00079,0.00076,0.00003,0.00071,0.1357,0.0,0.0,0.0,0.00003,0.0013,0.02,0.00047,0.8341,0.002,0.0017,0.00096,0.0,0.0,0.00001,0.00013
29105546,0.0,0.0,0.0,0.002,0.001,0.0015,0.223,0.0015,0.00015,0.0,0.00002,0.00008,0.00007,0.0072,0.0,0.0314,0.0001,0.00014,0.013,0.00024,0.00003,0.0544,0.00005,0.00027,0.0,0.0,0.00004,0.0,0.0,0.00013,0.0017,0.0,0.00023,0.0233,0.00001,0.0,0.0,0.0,0.0152,0.0013,0.00012,0.022,0.0027,0.0099,0.0217,0.0,0.00002,0.00001,0.00041
29737196,0.0,0.0,0.00001,0.0017,0.0012,0.0013,0.0097,0.003,0.00023,0.0,0.0,0.00023,0.00039,0.0162,0.0,0.00024,0.00047,0.0021,0.0187,0.0031,0.00002,0.6811,0.00005,0.001,0.0,0.0,0.00009,0.0,0.0,0.001,0.0048,0.00017,0.00014,0.0143,0.00001,0.0,0.0,0.0,0.0019,0.0026,0.0019,0.00009,0.002,0.1319,0.00096,0.0,0.0,0.00002,0.00054
29648976,0.0,0.0,0.00007,0.00015,0.00016,0.023,0.00081,0.0088,0.00015,0.00005,0.00007,0.00002,0.00006,0.00011,0.0,0.00016,0.00026,0.00038,0.0035,0.00006,0.00002,0.0123,0.00005,0.00018,0.0,0.0,0.00004,0.00003,0.0,0.00054,0.00057,0.00003,0.0113,0.0113,0.00009,0.00003,0.00004,0.0571,0.077,0.1662,0.00015,0.0,0.005,0.0112,0.9741,0.00004,0.9895,0.0,0.00013
30337626,0.0,0.0,0.0,0.0143,0.0012,0.0103,0.0078,0.0133,0.00015,0.00001,0.00002,0.00006,0.00039,0.005,0.0,0.0074,0.00026,0.00075,0.007,0.00022,0.00005,0.0099,0.00008,0.00045,0.00002,0.0,0.00009,0.00024,0.0,0.00033,0.00095,0.00006,0.0029,0.0029,0.00001,0.0,0.00004,0.00004,0.0247,0.0012,0.00099,0.002,0.0845,0.0274,0.0077,0.00003,0.0,0.00016,0.0018
30322756,0.0,0.0,0.0,0.0039,0.00064,0.0022,0.0596,0.5938,0.00015,0.0,0.00001,0.00004,0.00006,0.0017,0.0,0.0122,0.0001,0.00019,0.0264,0.0005,0.00003,0.1649,0.00017,0.00045,0.0,0.0,0.0024,0.0,0.0,0.0013,0.00057,0.00002,0.00056,0.0183,0.00001,0.00003,0.0,0.0,0.0254,0.0064,0.00099,0.0032,0.0071,0.9061,0.0025,0.0,0.0,0.0,0.00077
30336106,0.00005,0.00002,0.0011,0.002,0.016,0.0035,0.006,0.0056,0.0083,0.00001,0.00001,0.00078,0.00006,0.0023,0.0,0.00024,0.0047,0.0011,0.0031,0.00024,0.00014,0.0119,0.00005,0.0021,0.00014,0.00004,0.0079,0.00016,0.0075,0.0013,0.0066,0.00017,0.00097,0.0014,0.00015,0.0122,0.00004,0.0,0.0019,0.0018,0.0019,0.0016,0.00099,0.0054,0.1576,0.0,0.0,0.00001,0.00022
30468246,0.0,0.0,0.0,0.1319,0.00049,0.00018,0.0361,0.0063,0.00015,0.0,0.0,0.00002,0.00002,0.5981,0.0,0.00018,0.0001,0.00014,0.0017,0.00093,0.00002,0.0055,0.00004,0.00045,0.0,0.0,0.00055,0.00003,0.0,0.0002,0.0024,0.00017,0.00023,0.0047,0.0,0.0,0.0,0.0,0.0028,0.0736,0.00015,0.001,0.00072,0.0716,0.0013,0.0,0.0,0.00004,0.00041
31012856,0.0,0.0,0.0,0.00015,0.00049,0.00052,0.006,0.00069,0.00015,0.0,0.0,0.00002,0.00006,0.00011,0.0,0.00018,0.0,0.00017,0.0095,0.00089,0.5811,0.0017,0.00017,0.00045,0.0,0.0,0.0251,0.0,0.0,0.00017,0.00095,0.00006,0.0708,0.00061,0.0,0.0,0.0,0.0,0.00067,0.00027,0.00032,0.00027,0.0033,0.0014,0.5349,0.0,0.5351,0.00002,0.0
30864466,0.0,0.0,0.00001,0.00045,0.00064,0.3515,0.00084,0.00042,0.00023,0.0,0.00001,0.00002,0.00002,0.0,0.0,0.0065,0.00026,0.00019,0.0025,0.00089,0.00002,0.0119,0.0037,0.00045,0.00002,0.0,0.00009,0.0,0.0,0.00039,0.00077,0.00006,0.9615,0.0022,0.00001,0.0,0.0,0.0,0.0152,0.0249,0.00036,0.00009,0.0071,0.0316,0.9671,0.00044,0.998,0.00002,0.00013
31747776,0.0,0.00002,0.0,0.002,0.0021,0.0027,0.0133,0.003,0.00037,0.00001,0.00001,0.0015,0.00007,0.0281,0.0,0.00022,0.00021,0.00071,0.0077,0.0007,0.00014,0.0123,0.00005,0.0003,0.0,0.0,0.0019,0.0,0.0,0.0013,0.0017,0.00006,0.00097,0.0063,0.00001,0.0,0.0,0.00004,0.0019,0.0013,0.00032,0.0064,0.0168,0.0112,0.0323,0.0,0.0383,0.00002,0.0087
25956897,0.0,0.0,0.0,0.2404,0.0035,0.0011,0.0385,0.0088,0.00023,0.00005,0.00002,0.0012,0.0011,0.0023,0.0,0.0013,0.00021,0.00038,0.0025,0.00099,0.00002,0.0156,0.00017,0.0003,0.0,0.0,0.00017,0.0,0.0,0.0004,0.0039,0.00017,0.0016,0.0063,0.00015,0.0,0.0,0.0,0.0019,0.009,0.00099,0.00084,0.015,0.0183,0.0035,0.0,0.0,0.00002,0.00023
950457,0.0,0.0,0.0001,0.0034,0.0012,0.0017,0.7908,0.0015,0.004,0.00001,0.00002,0.00078,0.00006,0.0039,0.0,0.00037,0.00026,0.0013,0.0016,0.00024,0.00076,0.0123,0.00017,0.003,0.0,0.0,0.00009,0.0,0.0,0.0025,0.0146,0.0043,0.00029,0.0014,0.00001,0.0002,0.00003,0.00003,0.0152,0.0356,0.0524,0.387,0.0131,0.0062,0.0013,0.0,0.0,0.00016,0.0017
7193787,0.0,0.0,0.00006,0.0039,0.0519,0.0054,0.025,0.0056,0.00023,0.00005,0.00007,0.0,0.00006,0.0014,0.0,0.00024,0.00021,0.00038,0.0031,0.0005,0.00005,0.0055,0.00005,0.003,0.0,0.0,0.0003,0.00003,0.0,0.00033,0.00057,0.00003,0.00014,0.0074,0.00001,0.00003,0.00004,0.00043,0.0152,0.0053,0.0039,0.0029,0.0027,0.119,0.0942,0.0,0.0,0.00002,0.00013
6802657,0.0,0.0,0.00007,0.0013,0.0617,0.0315,0.7908,0.0049,0.0018,0.00011,0.00002,0.00002,0.0053,0.0017,0.0,0.8846,0.0047,0.0011,0.0077,0.0005,0.00005,0.0112,0.00004,0.0019,0.0,0.0,0.00091,0.00024,0.0,0.001,0.0059,0.00017,0.00023,0.0112,0.00015,0.00003,0.00004,0.00004,0.0074,0.0036,0.0045,0.3284,0.00099,0.0112,0.0217,0.0,0.0,0.0,0.00013
6332427,0.00003,0.0,0.0426,0.00045,0.9557,0.0054,0.0056,0.0015,0.00015,0.00021,0.00002,0.00078,0.00006,0.0023,0.0,0.00016,0.00026,0.00038,0.00065,0.00034,0.00002,0.0544,0.00017,0.0132,0.0,0.0,0.00009,0.00004,0.0,0.0018,0.0024,0.00003,0.00029,0.0029,0.00015,0.00033,0.00013,0.00003,0.0028,0.0026,0.00047,0.00084,0.0031,0.0017,0.0225,0.0,0.0,0.00002,0.00022
32799337,0.0,0.0,0.0,0.006,0.0043,0.00052,0.0385,0.0596,0.00015,0.00001,0.00001,0.00023,0.00026,0.9013,0.0,0.00022,0.0,0.00004,0.0025,0.00057,0.00002,0.16,0.0015,0.00045,0.0,0.0,0.0359,0.0,0.0,0.0013,0.0146,0.00002,0.00014,0.0292,0.00001,0.0,0.0,0.0,0.0254,0.009,0.00099,0.00084,0.0286,0.1121,0.0013,0.0,0.0,0.00002,0.00051
2901077,0.00003,0.0,0.0001,0.00072,0.6786,0.0668,0.0175,0.0015,0.00023,0.00005,0.00007,0.00078,0.00006,0.002,0.0,0.00024,0.00026,0.00075,0.00056,0.00024,0.00003,0.004,0.00005,0.00045,0.0,0.00004,0.00092,0.00002,0.0,0.0018,0.0054,0.00002,0.0014,0.0047,0.00015,0.00003,0.00004,0.0,0.0074,0.0013,0.00099,0.0016,0.0027,0.0677,0.0062,0.0,0.0,0.0,0.00013
2847077,0.0,0.0,0.0001,0.0229,0.001,0.0053,0.0324,0.0045,0.00023,0.00005,0.00002,0.00008,0.0007,0.2452,0.00002,0.0017,0.00068,0.00038,0.0031,0.00099,0.00003,0.0268,0.00004,0.00085,0.0,0.0,0.00009,0.00003,0.0,0.00039,0.0048,0.00017,0.00086,0.0078,0.00009,0.0,0.00003,0.00004,0.0056,0.0053,0.0039,0.0032,0.0027,0.0099,0.0025,0.0,0.0,0.00002,0.00077
32797987,0.0,0.0,0.0,0.0015,0.1178,0.00095,0.0468,0.0022,0.00023,0.0,0.00002,0.00023,0.00002,0.00011,0.0,0.00008,0.0001,0.00071,0.0046,0.00099,0.00002,0.2534,0.00027,0.00026,0.0,0.0,0.00017,0.0,0.0,0.00039,0.0039,0.0,0.00029,0.0532,0.00001,0.0,0.0,0.0,0.027,0.0013,0.00012,0.00023,0.0031,0.2234,0.2383,0.00004,0.00027,0.00001,0.00077
2115207,0.0,0.0,0.0,0.0029,0.00016,0.0008,0.0468,0.0016,0.0,0.0,0.00002,0.00023,0.00002,0.00091,0.0,0.0185,0.0,0.0021,0.0,0.00006,0.00002,0.16,0.00004,0.00018,0.0,0.0,0.00004,0.0,0.0,0.0001,0.009,0.00002,0.00029,0.0018,0.00001,0.0,0.0,0.0,0.0014,0.8364,0.0012,0.00009,0.0108,0.0201,0.049,0.0,0.0,0.0,0.0
1506887,0.0,0.0,0.00049,0.0034,0.0042,0.00052,0.0213,0.0133,0.00023,0.00005,0.00002,0.00002,0.00039,0.005,0.0,0.0989,0.00021,0.00038,0.0025,0.0025,0.00006,0.0268,0.00004,0.0019,0.0,0.0,0.00034,0.00004,0.0,0.00033,0.00077,0.00002,0.00014,0.0032,0.00001,0.00003,0.00022,0.00003,0.00089,0.0356,0.004,0.0032,0.0071,0.0054,0.0025,0.00003,0.0,0.00002,0.00013
1396427,0.00003,0.0,0.0001,0.0003,0.0069,0.0013,0.8728,0.0024,0.00015,0.00001,0.00002,0.0015,0.275,0.0014,0.0,0.7115,0.0001,0.00071,0.0213,0.6015,0.00005,0.0148,0.00005,0.00067,0.0,0.0,0.00009,0.0,0.0,0.00079,0.00095,0.00017,0.00034,0.0123,0.00001,0.00065,0.00004,0.0,0.0013,0.0151,0.00099,0.1307,0.015,0.0014,0.0025,0.0,0.0,0.00001,0.00041
8026947,0.00003,0.0,0.0011,0.00072,0.9398,0.0011,0.0133,0.0025,0.00023,0.00019,0.00007,0.00023,0.00006,0.00091,0.0,0.00024,0.00034,0.00038,0.0015,0.00022,0.00005,0.5921,0.00049,0.00045,0.0,0.0,0.00017,0.00003,0.0,0.0039,0.0024,0.00003,0.00029,0.0028,0.00015,0.00063,0.00004,0.00004,0.003,0.02,0.0045,0.0016,0.00099,0.0014,0.0162,0.0,0.0,0.00002,0.00023
8594167,0.0,0.0,0.0001,0.0017,0.0038,0.0061,0.0177,0.0049,0.00015,0.0,0.00003,0.00008,0.00006,0.0039,0.0,0.00022,0.0013,0.00017,0.0046,0.00057,0.0032,0.00081,0.00049,0.0132,0.0,0.00004,0.0079,0.00002,0.0,0.00033,0.0089,0.00003,0.00071,0.0017,0.00015,0.00003,0.0,0.00004,0.0079,0.0018,0.00015,0.0077,0.00072,0.0025,0.8239,0.0,0.0,0.00002,0.00013
9193127,0.00005,0.00002,0.00018,0.0135,0.0052,0.0017,0.025,0.0022,0.0015,0.00023,0.00007,0.0012,0.00007,0.0299,0.00066,0.00018,0.0047,0.00038,0.0031,0.00089,0.00006,0.0055,0.00049,0.0019,0.0,0.0,0.00009,0.00004,0.0,0.0032,0.0024,0.00006,0.00071,0.008,0.00024,0.00076,0.00004,0.00034,0.0079,0.009,0.00099,0.0077,0.435,0.0023,0.2791,0.0,0.0,0.00004,0.002
9292187,0.0,0.0,0.0,0.1937,0.0023,0.00052,0.0501,0.0015,0.0,0.00005,0.0,0.0015,0.00006,0.002,0.0,0.00018,0.00021,0.00017,0.00065,0.0005,0.00006,0.0079,0.00005,0.0003,0.0,0.0,0.00009,0.00002,0.0,0.00013,0.0024,0.0012,0.00029,0.015,0.00001,0.0,0.0,0.0,0.0509,0.8364,0.0026,0.0077,0.0168,0.0014,0.0013,0.0,0.0,0.00002,0.00041
10596247,0.0,0.0,0.00007,0.0015,0.0083,0.0061,0.9696,0.0016,0.00015,0.0012,0.00007,0.0015,0.00065,0.002,0.0,0.00024,0.00015,0.00038,0.0025,0.00022,0.00005,0.5921,0.0005,0.00045,0.0,0.0,0.00034,0.00001,0.0,0.0002,0.0089,0.00006,0.0026,0.0645,0.00001,0.0,0.0,0.00004,0.0028,0.0115,0.0072,0.4713,0.0074,0.0051,0.0217,0.0,0.0,0.00004,0.002
10753687,0.0,0.0,0.0,0.002,0.2057,0.0061,0.0175,0.0035,0.00015,0.00001,0.00001,0.00002,0.00039,0.00091,0.0,0.00018,0.0012,0.00017,0.0046,0.00099,0.00005,0.0648,0.00005,0.0019,0.0,0.0,0.00034,0.00024,0.0,0.0032,0.0048,0.0,0.00071,0.0197,0.00001,0.0,0.0,0.0,0.0074,0.769,0.00099,0.00054,0.0027,0.845,0.0077,0.0,0.0013,0.00003,0.00023
10767747,0.0,0.0,0.0,0.006,0.271,0.0022,0.0174,0.0133,0.0027,0.00023,0.00007,0.0034,0.00064,0.003,0.0,0.00008,0.0019,0.00038,0.00065,0.0025,0.00014,0.0112,0.00005,0.00026,0.0,0.0,0.00017,0.0,0.00006,0.0039,0.0146,0.00017,0.00034,0.0078,0.00015,0.00003,0.0,0.00066,0.0079,0.0064,0.00099,0.0029,0.0071,0.0041,0.6935,0.00003,0.0,0.00002,0.0018
10883547,0.0,0.0,0.00001,0.0029,0.8583,0.00095,0.0165,0.0073,0.0144,0.00082,0.00043,0.00023,0.00007,0.00075,0.0,0.00024,0.00068,0.00038,0.0063,0.00033,0.0048,0.0224,0.00017,0.00056,0.0,0.0,0.00017,0.00002,0.0,0.0025,0.0066,0.00006,0.00029,0.0074,0.00001,0.00005,0.0,0.00004,0.004,0.0064,0.00099,0.0012,0.0027,0.0033,0.6615,0.0,0.0,0.00002,0.00013
10979267,0.0,0.0,0.0001,0.0016,0.9741,0.0011,0.0,0.0024,0.00015,0.00005,0.00002,0.00002,0.00006,0.00041,0.0,0.00008,0.00021,0.00034,0.00056,0.0005,0.00005,0.0347,0.00004,0.0003,0.0,0.0,0.00009,0.00002,0.0,0.0018,0.0024,0.00002,0.00029,0.0014,0.00001,0.00003,0.00002,0.00003,0.0194,0.0018,0.00099,0.00009,0.00099,0.0052,0.0076,0.0,0.0,0.00002,0.00006
11510567,0.00003,0.0,0.00001,0.00072,0.00016,0.0012,0.0056,0.00069,0.00015,0.00001,0.00001,0.00002,0.00002,0.00049,0.0,0.00024,0.00021,0.00019,0.0131,0.00006,0.00003,0.0003,0.001,0.00045,0.0,0.00004,0.00009,0.002,0.0,0.00013,0.0017,0.00002,0.0016,0.0018,0.00015,0.00003,0.00004,0.0,0.00089,0.00084,0.00099,0.00054,0.0027,0.0014,0.9179,0.0,0.0012,0.00002,0.00051
11572527,0.0,0.00002,0.00001,0.0023,0.00064,0.0225,0.00081,0.00069,0.00023,0.00005,0.00001,0.0012,0.00002,0.0281,0.0,0.00022,0.00026,0.00017,0.0063,0.00016,0.00005,0.0224,0.0,0.00027,0.0,0.0,0.00004,0.0,0.0,0.00017,0.0089,0.0,0.2143,0.0017,0.00001,0.0,0.0,0.00004,0.0019,0.0026,0.00026,0.00009,0.0027,0.0014,0.9741,0.0,0.5306,0.00002,0.0
11580007,0.00003,0.0,0.0001,0.0023,0.0522,0.0027,0.0097,0.0211,0.00015,0.0,0.00001,0.00023,0.00006,0.0023,0.0,0.00016,0.00021,0.00075,0.0046,0.00013,0.00003,0.2989,0.00005,0.00045,0.0,0.0,0.0033,0.00002,0.0,0.00013,0.021,0.00002,0.0029,0.0428,0.00001,0.00005,0.0,0.00004,0.007,0.0151,0.00099,0.0032,0.002,0.1738,0.0025,0.0,0.0,0.00002,0.00022
31563227,0.00005,0.00002,0.0037,0.00072,0.1123,0.0061,0.0175,0.0045,0.0067,0.00036,0.00007,0.00006,0.00007,0.0072,0.0,0.0013,0.0013,0.00038,0.0018,0.00024,0.00005,0.0156,0.00049,0.00073,0.0,0.00004,0.00091,0.00004,0.0,0.0015,0.0017,0.00006,0.00071,0.0028,0.00024,0.00033,0.0018,0.00004,0.004,0.007,0.0019,0.002,0.0074,0.0059,0.8239,0.00003,0.0,0.00002,0.00041
32541457,0.0,0.0,0.0001,0.00015,0.0121,0.0147,0.0,0.00013,0.0012,0.0,0.0,0.00023,0.0,0.00011,0.0,0.00016,0.0012,0.00038,0.00056,0.00016,0.0,0.00089,0.0081,0.0011,0.0,0.0,0.00009,0.00002,0.0,0.0018,0.00057,0.00006,0.6616,0.0007,0.00001,0.00003,0.00004,0.00004,0.0079,0.0012,0.00032,0.00006,0.0074,0.0049,0.9573,0.0221,0.9956,0.00001,0.00022
12590367,0.0,0.0,0.0,0.0135,0.0013,0.0008,0.025,0.0025,0.00015,0.0,0.00001,0.0034,0.00064,0.0141,0.0,0.00022,0.00021,0.00075,0.0437,0.00057,0.00005,0.0079,0.00017,0.00045,0.0,0.0,0.0079,0.0,0.0,0.0013,0.00057,0.00006,0.00014,0.0197,0.0,0.0,0.0,0.0,0.0152,0.0412,0.00099,0.00084,0.7348,0.0041,0.0013,0.0,0.0,0.00008,0.741
15957677,0.0,0.0,0.0,0.0661,0.00049,0.0008,0.0834,0.0358,0.00062,0.00001,0.00002,0.00078,0.00026,0.1305,0.0,0.00024,0.0,0.00075,0.00056,0.00034,0.00002,0.0415,0.00005,0.00026,0.0,0.0,0.00092,0.00001,0.0,0.00033,0.0164,0.00006,0.0016,0.0047,0.00001,0.0,0.0,0.00004,0.0074,0.0058,0.0065,0.0064,0.0168,0.0442,0.00096,0.0,0.0,0.00073,0.00051
16690997,0.0,0.0,0.0,0.0039,0.00016,0.0017,0.0175,0.0108,0.00015,0.00001,0.0,0.00078,0.00006,0.0281,0.0,0.00071,0.0001,0.00038,0.0031,0.00022,0.00006,0.0066,0.0022,0.00045,0.0,0.0,0.00017,0.0,0.0,0.0039,0.021,0.00006,0.00014,0.0047,0.00001,0.0,0.0,0.0,0.077,0.02,0.00047,0.00084,0.002,0.0112,0.0013,0.0,0.0,0.00002,0.0017
16696567,0.0,0.0,0.0,0.0016,0.00016,0.00073,0.0056,0.00069,0.00015,0.00005,0.00002,0.00002,0.00006,0.00091,0.0,0.00024,0.00021,0.00015,0.00065,0.00006,0.00005,0.0018,0.00004,0.00026,0.0,0.0,0.00009,0.00002,0.0,0.00039,0.0012,0.00006,0.00029,0.0014,0.00001,0.0,0.0,0.0,0.00067,0.0026,0.00099,0.001,0.0071,0.0014,0.0162,0.0,0.0,0.00001,0.00054
16756227,0.0,0.0,0.0011,0.00072,0.9291,0.0022,0.001,0.003,0.0093,0.0014,0.00007,0.00004,0.00006,0.00091,0.0,0.00024,0.00068,0.00038,0.00056,0.00016,0.00002,0.0029,0.00034,0.00067,0.0,0.00004,0.00039,0.00002,0.0,0.0018,0.0012,0.00006,0.00023,0.0014,0.00015,0.00003,0.00013,0.00043,0.00053,0.0053,0.00032,0.00054,0.00099,0.0037,0.0734,0.0,0.0,0.00002,0.00022
17510507,0.0,0.0,0.0,0.0095,0.00064,0.00052,0.0147,0.0045,0.00015,0.00005,0.00002,0.00002,0.0007,0.00091,0.0,0.0017,0.00015,0.00017,0.0025,0.0005,0.00005,0.0041,0.0,0.0012,0.0,0.0,0.00004,0.00002,0.0,0.00033,0.00057,0.00006,0.00071,0.0014,0.00001,0.0,0.00004,0.0,0.0028,0.009,0.0072,0.0323,0.0027,0.0014,0.0121,0.0,0.0,0.00002,0.00022
18040277,0.0,0.0,0.0,0.0661,0.0717,0.0022,0.0133,0.0223,0.0011,0.0,0.00002,0.00004,0.0011,0.011,0.0,0.00024,0.0013,0.00017,0.0015,0.00024,0.00003,0.0123,0.00004,0.00027,0.00002,0.0,0.00034,0.00002,0.0,0.00079,0.0016,0.00006,0.00029,0.0035,0.00001,0.0,0.0,0.00004,0.0074,0.009,0.0021,0.001,0.0023,0.0942,0.0013,0.0,0.00002,0.00016,0.00054
18426567,0.0,0.0,0.00001,0.0023,0.00064,0.2067,0.4424,0.0133,0.00015,0.0022,0.00007,0.0034,0.00006,0.00063,0.0,0.00024,0.00034,0.00038,0.0046,0.00099,0.00002,0.5921,0.00017,0.00067,0.0,0.0,0.00009,0.00004,0.0,0.001,0.0048,0.00003,0.0026,0.8416,0.00001,0.0,0.00004,0.0017,0.0079,0.6221,0.0129,0.0032,0.0027,0.0156,0.0056,0.0,0.0,0.00003,0.0011
18568787,0.0,0.0,0.0,0.0583,0.001,0.0013,0.0175,0.0056,0.00037,0.00005,0.00007,0.00023,0.0053,0.0072,0.0,0.002,0.00021,0.00038,0.0437,0.00057,0.00016,0.0123,0.00027,0.00026,0.0,0.0,0.00039,0.0,0.0,0.00033,0.0146,0.00017,0.00014,0.008,0.00001,0.0,0.0,0.0,0.0152,0.009,0.00099,0.0247,0.00099,0.0099,0.0025,0.0,0.0,0.00004,0.00023
18832427,0.0,0.0,0.00001,0.00072,0.0021,0.2067,0.9333,0.0024,0.00023,0.00019,0.00007,0.00008,0.2517,0.00049,0.0,0.7115,0.0012,0.00038,0.0035,0.00057,0.00003,0.0525,0.0005,0.00045,0.00014,0.0,0.00009,0.00001,0.0,0.0053,0.0016,0.00003,0.0026,0.8263,0.00001,0.0,0.0,0.00004,0.0014,0.0212,0.00026,0.5875,0.0071,0.0204,0.0385,0.0,0.00006,0.00001,0.0054
23399896,0.00003,0.0,0.0,0.00093,0.0013,0.00035,0.0078,0.00086,0.00023,0.00005,0.00001,0.00002,0.00006,0.0034,0.0,0.00008,0.00021,0.00019,0.0025,0.00016,0.00005,0.00089,0.00008,0.00067,0.0,0.0,0.00017,0.00001,0.0,0.0004,0.00013,0.00002,0.00029,0.0063,0.00015,0.00003,0.00003,0.00004,0.00067,0.0012,0.0026,0.0015,0.00099,0.0013,0.0077,0.0,0.0,0.00002,0.00077
23888326,0.00003,0.00002,0.0,0.2804,0.0014,0.0022,0.0078,0.0088,0.00037,0.00011,0.00003,0.00078,0.00007,0.0394,0.0,0.00022,0.00068,0.00014,0.00065,0.00057,0.00006,0.0207,0.00017,0.00045,0.0,0.0,0.00009,0.00016,0.0,0.001,0.0039,0.00003,0.00029,0.0124,0.00015,0.00005,0.0,0.00004,0.0112,0.02,0.00032,0.0056,0.0027,0.0112,0.0162,0.00003,0.0,0.00073,0.00013
23398776,0.0,0.0,0.0,0.00072,0.00049,0.00052,0.0282,0.0063,0.00015,0.00001,0.00002,0.00002,0.00006,0.875,0.0,0.00016,0.0,0.0011,0.0077,0.00057,0.0032,0.0123,0.00027,0.00045,0.0,0.0,0.0159,0.00003,0.0,0.00039,0.00057,0.00002,0.00022,0.0907,0.00001,0.0,0.0,0.0,0.0019,0.0053,0.00032,0.0016,0.002,0.0014,0.0076,0.0,0.0,0.00004,0.00022
24673616,0.0,0.0,0.0,0.4713,0.00016,0.0027,0.7908,0.0488,0.00059,0.0,0.0,0.0,0.00006,0.097,0.0,0.00024,0.0001,0.00012,0.00065,0.0005,0.00002,0.5921,0.00049,0.00018,0.0,0.0,0.00034,0.0,0.0,0.0002,0.0419,0.00006,0.00034,0.5462,0.00001,0.0,0.00004,0.0,0.0105,0.8364,0.00012,0.00009,0.00072,0.0442,0.00096,0.0,0.0,0.00002,0.00006
23909246,0.0,0.0,0.0001,0.0023,0.0573,0.00052,0.0087,0.0239,0.00015,0.0,0.0,0.0,0.00002,0.00063,0.0,0.00022,0.0,0.0011,0.0213,0.0005,0.00002,0.2834,0.00005,0.0034,0.0,0.0,0.00017,0.0,0.0,0.00013,0.8382,0.0,0.00023,0.0014,0.00001,0.0,0.00013,0.0,0.0374,0.0201,0.00032,0.00027,0.0031,0.8888,0.00096,0.0,0.0,0.00004,0.00061
25149026,0.0,0.0,0.0,0.0426,0.00064,0.00035,0.0056,0.0088,0.00015,0.0,0.0,0.00008,0.0007,0.6778,0.0,0.00008,0.00015,0.00004,0.0025,0.0005,0.00002,0.16,0.00017,0.001,0.0,0.0,0.00091,0.0,0.0,0.0004,0.021,0.00003,0.0042,0.0078,0.00001,0.0,0.0,0.0,0.0013,0.0249,0.00099,0.001,0.0346,0.0112,0.0025,0.0,0.0,0.00014,0.0013
21506146,0.0,0.0,0.0001,0.0029,0.0083,0.023,0.7908,0.0063,0.0012,0.00021,0.00003,0.00002,0.0025,0.00091,0.0,0.6504,0.0047,0.00017,0.007,0.00024,0.00005,0.1279,0.00027,0.0052,0.0,0.0,0.00009,0.00024,0.0,0.0039,0.0059,0.0,0.0029,0.0113,0.00001,0.00003,0.00004,0.00003,0.0056,0.0088,0.0045,0.3617,0.0071,0.0274,0.0217,0.0,0.00002,0.00002,0.0011
21523606,0.0,0.0,0.0001,0.00072,0.0083,0.0089,0.0056,0.0049,0.00015,0.00001,0.0,0.00006,0.00006,0.002,0.0,0.00024,0.00026,0.00038,0.0025,0.0945,0.00005,0.0525,0.00027,0.001,0.0,0.00004,0.0003,0.00024,0.0,0.0002,0.003,0.00006,0.006,0.0028,0.00001,0.00003,0.00004,0.00004,0.0013,0.0018,0.0019,0.00054,0.0108,0.0023,0.9179,0.00003,0.0039,0.00001,0.00013
26171666,0.0,0.0,0.00001,0.00072,0.00016,0.00052,0.0147,0.0073,0.0012,0.0,0.00002,0.00002,0.00039,0.00049,0.0,0.00037,0.0017,0.00038,0.00065,0.00008,0.00005,0.0035,0.00005,0.00045,0.0,0.0,0.00009,0.00002,0.0,0.001,0.0013,0.00002,0.00071,0.0018,0.00001,0.0,0.00003,0.0,0.0056,0.00037,0.0012,0.0029,0.0978,0.00063,0.0021,0.0,0.0,0.00002,0.00061
27973536,0.0,0.0,0.0,0.00072,0.001,0.0011,0.0598,0.0024,0.0027,0.00082,0.00003,0.00002,0.00006,0.00063,0.0,0.00024,0.00068,0.00019,0.0035,0.00057,0.00016,0.0029,0.00005,0.0003,0.0,0.00004,0.00009,0.00002,0.0,0.0081,0.001,0.00006,0.00056,0.0393,0.00094,0.00003,0.0,0.0,0.0079,0.0018,0.0171,0.0032,0.00072,0.0099,0.0385,0.0,0.0,0.00002,0.00077
26818096,0.0,0.0,0.0,0.00045,0.00049,0.0022,0.9814,0.00042,0.00023,0.00001,0.00002,0.00002,0.0025,0.00049,0.0,0.9587,0.0001,0.00038,0.0025,0.0005,0.00005,0.1396,0.0,0.0014,0.0,0.0,0.00034,0.00002,0.0,0.001,0.0072,0.00006,0.00014,0.0645,0.00001,0.0,0.0,0.0,0.004,0.009,0.0021,0.7832,0.0074,0.0144,0.0121,0.0,0.0,0.00004,0.00054
27638306,0.0,0.0,0.0,0.00045,0.00033,0.0008,0.0039,0.00042,0.00015,0.0,0.00002,0.00004,0.00006,0.00091,0.0,0.00037,0.00021,0.00004,0.0015,0.00016,0.00014,0.00081,0.00005,0.00026,0.0,0.0,0.00009,0.00002,0.0,0.0001,0.001,0.0,0.00071,0.0047,0.00001,0.0,0.0,0.0,0.00089,0.0013,0.00049,0.001,0.0407,0.00063,0.6306,0.00003,0.1646,0.00001,0.00051
28179806,0.00003,0.00002,0.0001,0.0015,0.0038,0.0022,0.0138,0.0185,0.0027,0.00021,0.00003,0.0034,0.00006,0.015,0.0,0.00071,0.0047,0.00017,0.00065,0.00024,0.00005,0.0112,0.001,0.00045,0.0,0.00004,0.00034,0.00004,0.0,0.0013,0.001,0.00003,0.00029,0.0113,0.00015,0.00006,0.00004,0.0,0.0079,0.003,0.00099,0.001,0.0071,0.0347,0.8613,0.0,0.0,0.00004,0.00054
28805936,0.0,0.00002,0.0001,0.0039,0.0052,0.0022,0.0857,0.0054,0.0011,0.0014,0.00002,0.00002,0.00006,0.0023,0.0,0.00037,0.0013,0.00039,0.0187,0.0018,0.00005,0.0329,0.00017,0.00073,0.0,0.0,0.00055,0.0,0.0,0.0013,0.0048,0.00003,0.00029,0.0012,0.00001,0.00003,0.00004,0.0,0.0152,0.0084,0.00099,0.00058,0.1326,0.0049,0.0385,0.0,0.0,0.00002,0.0097
28805576,0.00003,0.0,0.0001,0.0023,0.0033,0.0071,0.0089,0.0133,0.0011,0.00005,0.00002,0.00023,0.00006,0.0023,0.00002,0.00079,0.0013,0.00071,0.0025,0.00099,0.00014,0.0119,0.0037,0.0263,0.0,0.0,0.00009,0.00004,0.0,0.00039,0.01,0.00006,0.00071,0.0019,0.00015,0.00003,0.00013,0.00004,0.0074,0.0026,0.004,0.002,0.0168,0.0054,0.8239,0.00003,0.00005,0.00002,0.00023
28836826,0.0,0.0,0.0,0.0003,0.00049,0.0027,0.936,0.0012,0.00015,0.0,0.0,0.00078,0.00007,0.0335,0.0,0.8846,0.00021,0.00019,0.00021,0.00099,0.00016,0.0329,0.0,0.00067,0.0,0.0,0.0015,0.0,0.0,0.00039,0.00077,0.00023,0.00071,0.0907,0.00001,0.0,0.0,0.0,0.0028,0.0151,0.025,0.5556,0.0031,0.0037,0.0013,0.0,0.00002,0.0,0.00013
29415676,0.0,0.0,0.0,0.00072,0.9865,0.0008,0.0056,0.0038,0.00015,0.0,0.00002,0.00002,0.00006,0.00011,0.0,0.00008,0.0001,0.00038,0.00056,0.00016,0.00005,0.1,0.0,0.00045,0.0,0.0,0.00009,0.00004,0.0,0.0039,0.0017,0.0,0.00029,0.0007,0.00001,0.0,0.0,0.0,0.1644,0.00027,0.00026,0.00033,0.0204,0.00063,0.9094,0.0,0.0039,0.00003,0.00013
30205256,0.0,0.0,0.00001,0.00045,0.00016,0.4045,0.00081,0.00013,0.00015,0.0,0.00001,0.00006,0.0,0.00091,0.0,0.00016,0.00026,0.00038,0.0016,0.00008,0.00003,0.0119,0.00027,0.00026,0.0,0.0,0.00004,0.0,0.0,0.0001,0.00057,0.0,0.1856,0.0017,0.00001,0.0,0.0,0.0,0.0182,0.00037,0.00099,0.00009,0.00099,0.0017,0.9741,0.0,0.9895,0.00008,0.00006
30677716,0.0,0.0,0.0,0.0268,0.00064,0.00052,0.0385,0.0133,0.00015,0.0,0.00002,0.0015,0.00006,0.0837,0.0,0.0013,0.00021,0.00017,0.0025,0.0007,0.00005,0.6811,0.00027,0.00027,0.0,0.0,0.0019,0.00001,0.0,0.00033,0.0909,0.00017,0.00014,0.0143,0.00009,0.0,0.0,0.00003,0.004,0.0088,0.00026,0.00027,0.0112,0.0049,0.0035,0.0,0.0,0.00043,0.0013
30788136,0.0,0.0,0.0,0.00072,0.00049,0.0119,0.9814,0.0015,0.00015,0.00023,0.00043,0.00008,0.00006,0.003,0.0,0.0013,0.00021,0.0011,0.0031,0.0131,0.0073,0.0112,0.00027,0.00026,0.0,0.0,0.00091,0.00024,0.0,0.00033,0.0016,0.0,0.0029,0.0113,0.00015,0.0,0.0,0.00003,0.0194,0.0016,0.0021,0.7832,0.002,0.00083,0.0074,0.00004,0.00002,0.00004,0.00061
30181106,0.0,0.0,0.0,0.00093,0.00064,0.00035,0.0175,0.0016,0.00015,0.0,0.00001,0.00008,0.00006,0.00049,0.0,0.00016,0.00015,0.00017,0.0019,0.00057,0.00051,0.004,0.0,0.00045,0.00014,0.0,0.00034,0.00036,0.0,0.00039,0.0048,0.00002,0.00029,0.0028,0.00001,0.00003,0.0,0.0,0.0019,0.0018,0.0171,0.0056,0.0062,0.0041,0.0013,0.00003,0.00002,0.00004,0.00023
31446316,0.0,0.0,0.0,0.0938,0.001,0.0027,0.0361,0.0056,0.00023,0.00001,0.00002,0.00002,0.00007,0.0017,0.0,0.00016,0.00021,0.00019,0.0046,0.00089,0.00016,0.009,0.00004,0.00027,0.0,0.0,0.00017,0.00002,0.0,0.00033,0.0164,0.0012,0.00029,0.0028,0.00001,0.0,0.0,0.00003,0.004,0.0413,0.0021,0.0077,0.0288,0.0014,0.0013,0.0,0.0,0.00002,0.00022
32071126,0.0,0.0,0.00007,0.0058,0.9808,0.00052,0.0039,0.0185,0.0067,0.00005,0.00007,0.00008,0.00006,0.0014,0.0,0.00016,0.00034,0.0,0.00021,0.00013,0.00005,0.0329,0.00017,0.0003,0.0,0.0,0.00034,0.00016,0.00006,0.0018,0.00086,0.00006,0.00014,0.00061,0.00015,0.00003,0.0,0.00018,0.0194,0.0013,0.00047,0.00023,0.0033,0.0023,0.024,0.00003,0.0,0.00002,0.00051
32103506,0.0,0.0,0.0001,0.0664,0.0617,0.0017,0.0531,0.0063,0.0015,0.00005,0.00003,0.00004,0.00007,0.0023,0.0,0.00024,0.0047,0.00038,0.0025,0.00024,0.00006,0.0949,0.00036,0.003,0.00002,0.00004,0.00092,0.00002,0.0,0.0177,0.0016,0.00006,0.00023,0.0292,0.00015,0.00003,0.00004,0.0015,0.0056,0.0249,0.00049,0.0169,0.0027,0.0274,0.0474,0.0,0.00002,0.00002,0.00041
32183776,0.0,0.0,0.00001,0.0042,0.9865,0.00052,0.0147,0.00069,0.00023,0.0,0.00001,0.00004,0.00006,0.00075,0.0,0.00016,0.0047,0.00019,0.0017,0.0005,0.00003,0.0419,0.001,0.00027,0.0,0.0,0.00039,0.00002,0.00006,0.00039,0.00077,0.00002,0.00014,0.0113,0.00001,0.00005,0.0,0.00003,0.0019,0.0013,0.00015,0.001,0.00099,0.00083,0.0035,0.0,0.00002,0.00003,0.00013
33228586,0.0,0.0,0.00006,0.0003,0.9865,0.00018,0.0031,0.00069,0.00015,0.00005,0.00002,0.00002,0.00006,0.00091,0.0,0.00022,0.00021,0.00004,0.0018,0.0031,0.00002,0.0029,0.0,0.00045,0.0,0.0,0.00009,0.00004,0.0,0.00033,0.00057,0.00002,0.00014,0.0017,0.00001,0.0,0.0,0.0,0.0043,0.0013,0.00032,0.0016,0.00072,0.0033,0.0013,0.0,0.0,0.00002,0.00022
25637797,0.0,0.0,0.0,0.0013,0.00049,0.0012,0.0075,0.0024,0.0027,0.00011,0.00002,0.00002,0.00002,0.00091,0.0,0.00018,0.00021,0.00017,0.0018,0.00008,0.00005,0.0018,0.00017,0.00045,0.0,0.0,0.0003,0.00024,0.0,0.001,0.0016,0.00017,0.00029,0.0113,0.00015,0.0,0.0,0.00003,0.0028,0.0026,0.00032,0.0016,0.002,0.0023,0.0013,0.0,0.0,0.00002,0.00023
25486177,0.0,0.0,0.0,0.0135,0.0012,0.0011,0.0282,0.0239,0.00015,0.00005,0.00001,0.00078,0.00006,0.00091,0.0,0.00024,0.00021,0.00034,0.0035,0.00024,0.00005,0.00081,0.00008,0.00026,0.0,0.0,0.00009,0.00001,0.0,0.00013,0.00057,0.00045,0.00023,0.0047,0.00009,0.0,0.0,0.0,0.0028,0.00051,0.0019,0.0105,0.0062,0.0049,0.0615,0.0,0.0,0.00016,0.0087
25403567,0.0,0.0,0.00001,0.00072,0.0023,0.00052,0.025,0.0987,0.00023,0.00005,0.00001,0.0034,0.00002,0.651,0.0,0.00024,0.0001,0.00017,0.0063,0.00089,0.00005,0.0099,0.00027,0.0019,0.0,0.0,0.0739,0.0,0.0,0.0001,0.01,0.0012,0.00071,0.0014,0.00001,0.0,0.0,0.00003,0.0152,0.024,0.00047,0.0013,0.0027,0.0204,0.00096,0.0,0.0,0.00002,0.00006
25386957,0.0,0.0,0.0,0.0061,0.001,0.2067,0.0598,0.0054,0.004,0.00001,0.00003,0.00002,0.0053,0.00041,0.0,0.0357,0.00068,0.00038,0.0019,0.0004,0.00014,0.0419,0.00036,0.0003,0.0,0.0,0.00091,0.0006,0.0,0.001,0.0013,0.0,0.00071,0.025,0.00001,0.0,0.0,0.00004,0.0015,0.0036,0.004,0.0105,0.0045,0.0037,0.0513,0.0,0.00006,0.00016,0.00077
1122897,0.00003,0.00002,0.0001,0.0034,0.0043,0.0008,0.0596,0.003,0.00023,0.00036,0.00045,0.00078,0.00039,0.0202,0.00002,0.0013,0.00068,0.0013,0.0046,0.00099,0.00005,0.0268,0.00049,0.0014,0.0,0.00004,0.0003,0.00003,0.0,0.001,0.003,0.00003,0.00029,0.0047,0.00024,0.0002,0.00004,0.00003,0.0079,0.0151,0.0129,0.0032,0.015,0.0248,0.0265,0.0,0.0,0.00004,0.00022
169687,0.00003,0.0,0.00018,0.0015,0.0083,0.0022,0.0603,0.0054,0.004,0.00011,0.00045,0.0012,0.00007,0.005,0.0,0.002,0.0012,0.00075,0.0151,0.00057,0.0032,0.0715,0.00049,0.003,0.0,0.0,0.0093,0.00002,0.0,0.00079,0.022,0.00017,0.0042,0.025,0.00001,0.00063,0.00002,0.00004,0.0074,0.009,0.0129,0.0176,0.005,0.0204,0.0052,0.0,0.00004,0.00002,0.00023
7002247,0.00005,0.0,0.0001,0.0015,0.0717,0.0277,0.3813,0.003,0.0274,0.00005,0.00007,0.00023,0.00026,0.0023,0.0,0.0013,0.0278,0.00075,0.0077,0.00024,0.00006,0.0654,0.00005,0.00067,0.0,0.0,0.00009,0.00004,0.0,0.0039,0.0012,0.00006,0.00086,0.0047,0.00015,0.00006,0.00013,0.00004,0.0056,0.0058,0.001,0.2197,0.0059,0.0112,0.0062,0.0,0.0,0.00002,0.00022
6324347,0.00005,0.00002,0.0021,0.002,0.0052,0.0089,0.0686,0.0088,0.0067,0.00005,0.00002,0.00008,0.00007,0.003,0.0,0.0017,0.0022,0.00017,0.0018,0.00016,0.00006,0.0101,0.00049,0.0101,0.00002,0.00078,0.00034,0.00002,0.0,0.0039,0.0072,0.00003,0.00034,0.0063,0.0076,0.00088,0.00022,0.0,0.0152,0.003,0.0096,0.0176,0.0043,0.0023,0.3779,0.00003,0.0,0.00016,0.00051
2980517,0.00003,0.00002,0.0001,0.002,0.035,0.0048,0.025,0.00069,0.00037,0.0,0.0,0.00008,0.00006,0.0023,0.0,0.00018,0.00026,0.0019,0.0025,0.00024,0.00005,0.0613,0.00005,0.00056,0.0,0.00004,0.00009,0.00025,0.0,0.001,0.0012,0.00003,0.00029,0.0017,0.00015,0.00033,0.00013,0.00004,0.0112,0.003,0.00099,0.0029,0.0074,0.0112,0.0323,0.00003,0.0,0.00002,0.00022
32794657,0.0,0.0,0.0,0.7592,0.001,0.0022,0.0147,0.0683,0.00015,0.0,0.0,0.00004,0.00006,0.00091,0.0,0.00016,0.0,0.00017,0.0025,0.00089,0.00005,0.009,0.037,0.00026,0.0,0.0,0.00039,0.00002,0.0,0.00039,0.00057,0.00006,0.0196,0.008,0.00001,0.0,0.0,0.0,0.0014,0.0115,0.00032,0.00009,0.0323,0.039,0.0039,0.0,0.0364,0.00004,0.00077
3268267,0.0,0.0,0.00001,0.0135,0.8583,0.0251,0.0175,0.0035,0.00023,0.00001,0.00002,0.00078,0.00006,0.002,0.0,0.0013,0.00068,0.0011,0.00065,0.00089,0.00005,0.0207,0.00027,0.00073,0.0,0.0,0.00009,0.00003,0.0,0.00039,0.0146,0.00017,0.0026,0.0014,0.00015,0.0,0.00002,0.0,0.00089,0.0058,0.0039,0.002,0.0098,0.0014,0.0062,0.0,0.0,0.00004,0.00013
2908897,0.00003,0.0,0.00006,0.00072,0.2292,0.0022,0.0089,0.00069,0.00023,0.00005,0.00002,0.00002,0.00007,0.00091,0.0,0.00024,0.00026,0.00038,0.0019,0.0052,0.00002,0.0018,0.00049,0.00067,0.0,0.00004,0.00009,0.00002,0.0,0.0002,0.00057,0.00003,0.00029,0.0033,0.00015,0.00003,0.00004,0.00018,0.0015,0.0026,0.0236,0.00084,0.00081,0.00083,0.0385,0.0,0.0,0.00002,0.00041
1359657,0.0,0.0,0.0,0.00072,0.0042,0.00018,0.0056,0.0016,0.00015,0.0,0.00001,0.0,0.00002,0.011,0.0,0.0,0.0001,0.00038,0.00056,0.00006,0.00002,0.0279,0.0,0.00045,0.0,0.0,0.00004,0.0,0.0,0.0001,0.00057,0.0,0.00014,0.0018,0.0,0.0,0.0,0.0,0.004,0.003,0.00032,0.00006,0.002,0.8888,0.8239,0.0,0.0,0.0,0.00013
32665027,0.00003,0.00002,0.0001,0.0061,0.00064,0.0017,0.006,0.0088,0.00037,0.00005,0.00002,0.00023,0.00007,0.00063,0.0,0.00024,0.0084,0.00038,0.0016,0.0005,0.00014,0.0123,0.00027,0.0014,0.0,0.00004,0.00017,0.00002,0.00006,0.001,0.01,0.00003,0.00041,0.0113,0.00032,0.00003,0.00048,0.00004,0.0374,0.02,0.0019,0.0032,0.00099,0.0014,0.0121,0.00004,0.0,0.00002,0.00022
7999347,0.0,0.00002,0.00045,0.0015,0.0052,0.0061,0.0147,0.0054,0.0027,0.00021,0.00002,0.0012,0.00007,0.003,0.0,0.0017,0.0012,0.00038,0.0018,0.00057,0.00005,0.0055,0.00017,0.003,0.0,0.00004,0.00091,0.00002,0.0,0.00079,0.0024,0.00006,0.00071,0.0029,0.00024,0.00003,0.00004,0.00034,0.0043,0.009,0.0012,0.0012,0.0261,0.0052,0.8239,0.00004,0.00002,0.00004,0.00022
7803117,0.00005,0.0,0.0011,0.006,0.8583,0.0017,0.0598,0.0185,0.0144,0.00005,0.00007,0.00008,0.00006,0.0015,0.0,0.0013,0.0047,0.00071,0.0046,0.00024,0.00005,0.1063,0.00027,0.003,0.0,0.00004,0.00009,0.00036,0.0,0.0039,0.0012,0.00003,0.00034,0.0078,0.00015,0.00065,0.00022,0.0,0.0079,0.0285,0.004,0.0056,0.0074,0.085,0.0025,0.0,0.00002,0.00004,0.00061
8669927,0.00003,0.0,0.0001,0.0143,0.001,0.0017,0.2162,0.0197,0.00023,0.00005,0.00003,0.0012,0.00007,0.0281,0.0,0.0017,0.0012,0.00045,0.0031,0.00024,0.00006,0.0314,0.00017,0.00045,0.0,0.00004,0.00009,0.00016,0.0,0.0018,0.00057,0.00002,0.00029,0.0123,0.00001,0.00003,0.00003,0.00004,0.0056,0.8364,0.00099,0.0505,0.0033,0.007,0.0021,0.0,0.00004,0.00003,0.00006
9339867,0.0,0.0,0.00006,0.00093,0.0083,0.0315,0.7908,0.0035,0.00059,0.00005,0.00002,0.00023,0.00006,0.0017,0.0,0.00024,0.00021,0.0013,0.007,0.00016,0.00003,0.1877,0.00004,0.00045,0.0,0.0,0.0021,0.00025,0.0,0.0039,0.01,0.00003,0.00034,0.008,0.00009,0.00003,0.00002,0.00004,0.0152,0.0133,0.0045,0.0016,0.0012,0.0442,0.0171,0.0,0.00002,0.00002,0.00013
9396307,0.00005,0.00002,0.0001,0.0039,0.0033,0.014,0.0138,0.0088,0.00062,0.0014,0.00045,0.00006,0.00006,0.0072,0.0,0.00024,0.0019,0.00038,0.0063,0.00033,0.00005,0.0023,0.00017,0.00067,0.0,0.00004,0.00039,0.00024,0.0,0.00079,0.0016,0.00017,0.0026,0.0007,0.00032,0.00063,0.00004,0.0,0.0013,0.007,0.0026,0.001,0.0168,0.0025,0.8239,0.00003,0.0,0.00002,0.00022
9490907,0.0,0.00002,0.0,0.0015,0.9741,0.00035,0.0075,0.0015,0.00015,0.00001,0.00002,0.0,0.00002,0.00091,0.0,0.00016,0.00015,0.0042,0.0107,0.00024,0.00002,0.5921,0.00004,0.00023,0.0,0.0,0.00009,0.00002,0.0,0.00079,0.0024,0.00006,0.00034,0.00061,0.00001,0.0,0.00004,0.0,0.0014,0.0013,0.0039,0.001,0.00072,0.0052,0.0035,0.0,0.0,0.0,0.00054
9865667,0.0,0.0,0.0,0.006,0.00016,0.0027,0.0468,0.2347,0.00015,0.00005,0.00001,0.00078,0.00006,0.0072,0.0,0.00016,0.00068,0.00038,0.011,0.0004,0.00006,0.16,0.00004,0.0,0.0,0.0,0.0024,0.00002,0.0,0.00013,0.1305,0.00006,0.00086,0.0143,0.00001,0.0,0.0,0.0,0.2506,0.8849,0.0019,0.00027,0.00072,0.0054,0.124,0.0,0.00004,0.00002,0.00023
10026387,0.0,0.0,0.00006,0.0135,0.0021,0.00095,0.7908,0.033,0.0012,0.00005,0.00001,0.00023,0.00006,0.0394,0.0,0.00037,0.00021,0.00071,0.0031,0.00057,0.00005,0.0062,0.00034,0.00045,0.0,0.0,0.00017,0.00004,0.0,0.0025,0.0419,0.00017,0.00097,0.0197,0.00015,0.0,0.00002,0.00003,0.0105,0.0088,0.00099,0.001,0.0168,0.0054,0.0323,0.00003,0.0,0.00016,0.0018
11018077,0.00003,0.0,0.00001,0.0015,0.0042,0.0011,0.0361,0.0022,0.0144,0.00005,0.00007,0.00002,0.00006,0.00091,0.0,0.00024,0.0047,0.00017,0.00095,0.0005,0.00016,0.0123,0.00005,0.0019,0.0,0.00004,0.00021,0.00004,0.0,0.0032,0.0017,0.00006,0.00023,0.0017,0.00024,0.00003,0.00003,0.00004,0.00067,0.0064,0.0039,0.0032,0.0074,0.0041,0.0162,0.0,0.00002,0.00004,0.00054
11063257,0.0,0.0,0.00001,0.0034,0.001,0.00052,0.0031,0.0185,0.00015,0.00005,0.00002,0.00006,0.00007,0.0023,0.0,0.00024,0.0012,0.00034,0.0035,0.00024,0.00005,0.0048,0.0037,0.00045,0.0,0.0,0.00055,0.00002,0.0,0.0018,0.0016,0.00017,0.00086,0.0078,0.00015,0.00003,0.00003,0.0,0.0015,0.0026,0.00036,0.0015,0.0027,0.0086,0.0035,0.0,0.00002,0.00003,0.00044
11149287,0.0,0.0,0.00001,0.0061,0.0069,0.1198,0.025,0.00069,0.00015,0.00005,0.00007,0.00002,0.00006,0.003,0.0,0.00022,0.00068,0.00071,0.0035,0.0108,0.00002,0.1469,0.00004,0.00056,0.0,0.0,0.00034,0.00025,0.0,0.001,0.00095,0.00006,0.00029,0.0014,0.00015,0.00003,0.00003,0.00004,0.0074,0.0036,0.0012,0.0056,0.005,0.1687,0.2278,0.0,0.0,0.0,0.00041
11153807,0.0,0.0,0.0,0.0016,0.0121,0.0668,0.0089,0.0358,0.00023,0.00011,0.00002,0.0015,0.00006,0.0023,0.0,0.00079,0.00039,0.00004,0.00065,0.00024,0.00002,0.0279,0.00011,0.00045,0.0,0.0,0.00004,0.00002,0.0,0.001,0.00077,0.00003,0.00022,0.0017,0.00015,0.00003,0.0,0.00003,0.00068,0.0013,0.00015,0.0016,0.002,0.0156,0.8394,0.0,0.00002,0.00001,0.00013
11520467,0.0,0.00002,0.0001,0.00072,0.0052,0.0089,0.8213,0.0025,0.0015,0.00005,0.00007,0.0015,0.00064,0.0017,0.0,0.0013,0.0013,0.0021,0.00065,0.00089,0.00003,0.1753,0.00017,0.0019,0.0,0.0,0.00035,0.00004,0.0,0.0074,0.001,0.00003,0.0014,0.5165,0.00001,0.00003,0.00004,0.00004,0.0015,0.0088,0.0012,0.5909,0.0031,0.0144,0.0021,0.0,0.00002,0.00004,0.00041
11222467,0.0,0.0,0.0,0.0029,0.00016,0.0011,0.0147,0.2633,0.00023,0.00005,0.00003,0.0,0.00006,0.0394,0.0,0.0013,0.00021,0.00019,0.0636,0.00016,0.00002,0.1379,0.0,0.00045,0.00002,0.0,0.00039,0.00002,0.0,0.0025,0.021,0.00002,0.00097,0.008,0.00001,0.0,0.0,0.0,0.2001,0.8364,0.0019,0.00027,0.0062,0.0013,0.0025,0.0,0.0,0.00008,0.00077
11781147,0.00003,0.00002,0.0001,0.0015,0.0042,0.0061,0.0089,0.0024,0.00023,0.00001,0.00002,0.00004,0.00007,0.00075,0.0,0.00018,0.0012,0.00017,0.0016,0.00016,0.00006,0.00031,0.00017,0.00045,0.0,0.00004,0.00009,0.0,0.0,0.001,0.0016,0.00003,0.00071,0.0018,0.00001,0.00005,0.00004,0.0,0.00039,0.0013,0.00032,0.0013,0.0027,0.0011,0.0035,0.0,0.0,0.00004,0.00041
11919447,0.0,0.0,0.0,0.006,0.0042,0.0057,0.1612,0.0185,0.00015,0.0,0.00007,0.00008,0.00007,0.003,0.0,0.00016,0.0001,0.00071,0.011,0.0018,0.00002,0.5921,0.0,0.00026,0.0,0.0,0.00009,0.00001,0.0,0.00013,0.0024,0.00045,0.0011,0.015,0.0,0.0,0.0,0.0,0.077,0.0133,0.00047,0.00084,0.0288,0.0144,0.0074,0.0,0.0,0.0,0.741
12072827,0.0,0.0,0.0001,0.0017,0.0033,0.0057,0.0175,0.3211,0.00023,0.00019,0.00007,0.00023,0.00007,0.0072,0.0,0.0017,0.0012,0.0019,0.0031,0.0005,0.00002,0.1228,0.00004,0.003,0.0,0.0,0.00039,0.00001,0.0,0.0013,0.00057,0.00002,0.00034,0.0035,0.00009,0.0,0.00004,0.0,0.0019,0.8364,0.0129,0.00054,0.0097,0.0037,0.0121,0.0,0.0,0.00001,0.00054
12764287,0.00003,0.0,0.0001,0.006,0.6717,0.0022,0.025,0.0073,0.0027,0.00021,0.00007,0.0001,0.00007,0.0015,0.0,0.00024,0.0024,0.00038,0.0031,0.00099,0.00005,0.0156,0.00011,0.00045,0.00002,0.00004,0.00009,0.00004,0.0,0.0013,0.0012,0.00006,0.00071,0.0063,0.00015,0.00006,0.00004,0.0017,0.0079,0.007,0.0039,0.0032,0.0027,0.0037,0.0096,0.00003,0.00002,0.00002,0.00044
12941437,0.00003,0.0,0.0001,0.0015,0.00064,0.00094,0.0056,0.0022,0.00015,0.00001,0.00001,0.0,0.00039,0.00091,0.0,0.0013,0.00026,0.00017,0.0031,0.00024,0.00006,0.0018,0.00004,0.001,0.0,0.00004,0.00009,0.00004,0.0,0.00039,0.00077,0.00003,0.00086,0.0192,0.00024,0.00003,0.0,0.00003,0.0015,0.0058,0.0012,0.0042,0.0167,0.0059,0.1576,0.0,0.00002,0.0,0.00041
15252287,0.0,0.0,0.0,0.0016,0.00064,0.0048,0.0282,0.0035,0.00023,0.00005,0.00007,0.00023,0.00006,0.0041,0.0,0.0013,0.00021,0.00008,0.013,0.00093,0.00002,0.0648,0.00008,0.00045,0.0,0.0,0.00055,0.00002,0.0,0.0004,0.009,0.00006,0.0029,0.0047,0.00009,0.0,0.0,0.0,0.0079,0.0413,0.004,0.0018,0.0074,0.0316,0.0942,0.0,0.0,0.00008,0.00077
15369417,0.0,0.0,0.0,0.0203,0.001,0.0011,0.0147,0.5938,0.00015,0.00023,0.00045,0.0,0.0018,0.0299,0.0,0.00022,0.00021,0.00071,0.0391,0.0031,0.00002,0.0066,0.00011,0.00026,0.0,0.0,0.00039,0.0,0.0,0.00033,0.0012,0.00003,0.00071,0.0018,0.00001,0.0,0.0,0.00018,0.0013,0.1087,0.0019,0.001,0.0071,0.0052,0.00086,0.0,0.0,0.00043,0.00077
15544577,0.0,0.00002,0.0001,0.0203,0.0362,0.0027,0.00084,0.0062,0.0027,0.00005,0.00007,0.00065,0.00039,0.003,0.0,0.00018,0.00021,0.00017,0.00095,0.00033,0.00003,0.0048,0.00034,0.00067,0.00002,0.0,0.00009,0.00036,0.0,0.00039,0.0016,0.00002,0.00029,0.0014,0.00015,0.00065,0.00004,0.0,0.004,0.0036,0.00047,0.0016,0.00072,0.0041,0.0858,0.0,0.0,0.00004,0.00013
16177597,0.0,0.0,0.0,0.0061,0.0014,0.00073,0.4746,0.0628,0.00015,0.0,0.0,0.00006,0.0238,0.0072,0.0,0.00016,0.0,0.0021,0.0165,0.00099,0.00005,0.0123,0.0,0.0003,0.0,0.0,0.00091,0.00001,0.0,0.00013,0.01,0.00002,0.0026,0.008,0.00001,0.0,0.0,0.0,0.033,0.1378,0.00047,0.0013,0.4135,0.0112,0.00096,0.0,0.0,0.00004,0.4791
16190917,0.0,0.0,0.0,0.0203,0.0033,0.0012,0.7908,0.0022,0.00015,0.0,0.00002,0.0,0.0053,0.0072,0.0,0.00071,0.0,0.00017,0.0063,0.0052,0.00002,0.0207,0.0,0.00026,0.0,0.0,0.00004,0.00003,0.0,0.00033,0.0017,0.0012,0.00014,0.0113,0.00001,0.0,0.0,0.00003,0.0015,0.0058,0.00099,0.0169,0.0227,0.0041,0.00025,0.0,0.0,0.00001,0.00013
16236167,0.0,0.0,0.0,0.0095,0.0026,0.023,0.0087,0.00069,0.00015,0.0,0.00001,0.00008,0.00007,0.0023,0.0,0.0023,0.00021,0.00019,0.0041,0.0025,0.00005,0.0268,0.00034,0.0003,0.0,0.0,0.0019,0.00002,0.0,0.0039,0.00057,0.00006,0.6942,0.0018,0.00001,0.0,0.0,0.0,0.00067,0.0026,0.00032,0.0064,0.0168,0.00083,0.0589,0.0,0.00004,0.00002,0.00013
16318827,0.0,0.0,0.00001,0.0028,0.0092,0.0251,0.0175,0.0133,0.00062,0.0,0.00001,0.00078,0.00006,0.0039,0.0,0.00037,0.0013,0.00038,0.00056,0.00022,0.00006,0.0099,0.00034,0.0019,0.0,0.0,0.00009,0.00004,0.002,0.00039,0.0039,0.00017,0.00056,0.0078,0.00015,0.00003,0.0,0.00003,0.0374,0.0026,0.0012,0.0016,0.0112,0.0167,0.5517,0.0,0.00004,0.00002,0.00054
16955437,0.0,0.0,0.0,0.8061,0.0013,0.00052,0.0175,0.00042,0.00015,0.00001,0.00002,0.00002,0.00007,0.0023,0.0,0.00071,0.0,0.00017,0.007,0.00099,0.00005,0.0066,0.00017,0.0003,0.0,0.0,0.00009,0.0,0.0,0.00079,0.00057,0.0012,0.00034,0.0078,0.00001,0.0,0.0,0.0,0.0374,0.0151,0.00049,0.00054,0.0074,0.0112,0.00096,0.0,0.0,0.00004,0.0017
17728427,0.0,0.0,0.0,0.0013,0.0042,0.0012,0.7908,0.0049,0.00015,0.0,0.00001,0.00006,0.00039,0.011,0.0,0.0023,0.0001,0.00038,0.0015,0.00022,0.00002,0.0419,0.00049,0.00045,0.0,0.0,0.00091,0.0,0.0,0.00039,0.00057,0.00006,0.00014,0.0621,0.00001,0.0,0.0,0.00003,0.00067,0.1869,0.0072,0.5568,0.002,0.0037,0.0035,0.0,0.0,0.00002,0.00006
17630257,0.0,0.0,0.0,0.2804,0.0014,0.0011,0.0056,0.0016,0.00015,0.00005,0.00001,0.00023,0.00007,0.0041,0.0,0.00024,0.00068,0.00017,0.00056,0.00008,0.00002,0.0018,0.0,0.00045,0.0,0.0,0.00091,0.0,0.0,0.00033,0.0059,0.00045,0.00029,0.0028,0.00001,0.0,0.0,0.0,0.0074,0.6735,0.0019,0.00084,0.015,0.6496,0.0162,0.0,0.0,0.00001,0.0018
17876387,0.0,0.0,0.0,0.0029,0.9808,0.0012,0.0039,0.0015,0.00023,0.00036,0.00045,0.0,0.00006,0.00091,0.0,0.00008,0.00021,0.00017,0.00056,0.00006,0.00002,0.0123,0.00004,0.00026,0.0,0.0,0.00009,0.00002,0.0,0.0053,0.00057,0.0,0.00071,0.00061,0.00001,0.0,0.0,0.0029,0.0105,0.00084,0.00099,0.00023,0.00081,0.0023,0.6306,0.0,0.0383,0.0,0.00006
18066467,0.0,0.0,0.0,0.0095,0.0013,0.0008,0.0449,0.0015,0.00015,0.0,0.0,0.00078,0.00006,0.014,0.0,0.00008,0.0,0.00071,0.0323,0.00022,0.00014,0.0018,0.0,0.00018,0.0,0.0,0.00009,0.0,0.0,0.001,0.0013,0.00017,0.00029,0.0119,0.00001,0.0,0.0,0.0,0.0028,0.009,0.0019,0.001,0.0027,0.0025,0.00086,0.0,0.0,0.00002,0.0536
18664057,0.0,0.0,0.0,0.0143,0.001,0.0011,0.025,0.0987,0.00023,0.0,0.00007,0.00023,0.00039,0.0072,0.0,0.00024,0.00021,0.0011,0.0041,0.0005,0.00002,0.5921,0.00004,0.00026,0.00002,0.0,0.0055,0.0,0.0,0.00013,0.01,0.00002,0.00014,0.025,0.00001,0.0,0.0,0.00003,0.0368,0.009,0.00032,0.00054,0.0027,0.0167,0.00096,0.0,0.0,0.0,0.00022
18488127,0.0,0.0,0.0,0.0029,0.0033,0.0048,0.0075,0.0263,0.00023,0.00001,0.00002,0.0034,0.00006,0.9184,0.0,0.00008,0.00026,0.00014,0.007,0.00024,0.00002,0.0099,0.00034,0.00045,0.0,0.0,0.00017,0.00004,0.0,0.00079,0.00057,0.00017,0.00023,0.0047,0.00001,0.00003,0.0,0.00018,0.0509,0.0015,0.0021,0.001,0.0027,0.6481,0.0021,0.0,0.0,0.00004,0.0017
18987207,0.00003,0.0,0.00001,0.0016,0.00049,0.0008,0.0175,0.003,0.0274,0.00005,0.00002,0.0001,0.00026,0.00075,0.0,0.00016,0.0114,0.00038,0.0025,0.00016,0.00057,0.0017,0.00034,0.00085,0.0,0.0,0.00039,0.00016,0.0,0.0018,0.0017,0.00006,0.00029,0.0014,0.00001,0.00003,0.00002,0.0,0.0079,0.0058,0.0021,0.0105,0.0027,0.0099,0.0035,0.0,0.0,0.00008,0.00077
18760507,0.0,0.0,0.0,0.028,0.001,0.0022,0.0147,0.0185,0.00015,0.00001,0.00002,0.0034,0.00002,0.0023,0.97,0.00024,0.0022,0.00008,0.007,0.00057,0.00002,0.0123,0.001,0.00026,0.0,0.0,0.00034,0.00024,0.0,0.00017,0.0048,0.00045,0.00097,0.0063,0.00001,0.00003,0.0,0.00003,0.124,0.0088,0.00099,0.00058,0.7348,0.039,0.0077,0.0,0.0,0.00002,0.0536
21922877,0.0,0.0,0.0,0.00015,0.00064,0.0061,0.9909,0.00013,0.00023,0.0,0.00001,0.00002,0.0018,0.0023,0.0,0.9587,0.00047,0.00017,0.0,0.00057,0.00002,0.0123,0.00004,0.00045,0.0,0.0,0.00009,0.00024,0.0,0.0013,0.0016,0.00006,0.00014,0.0123,0.00001,0.0,0.0,0.0,0.0152,0.1869,0.0045,0.7832,0.0071,0.00083,0.00086,0.0,0.0,0.00002,0.00041
21796107,0.0,0.0,0.0,0.0029,0.001,0.0012,0.0089,0.017,0.00015,0.00001,0.0,0.00004,0.0025,0.0017,0.0,0.0122,0.00026,0.00017,0.0025,0.00024,0.00014,0.0101,0.00011,0.00067,0.0,0.0,0.00004,0.00002,0.0,0.0026,0.00095,0.00006,0.00023,0.0014,0.00001,0.0,0.0,0.0,0.0019,0.0013,0.004,0.0105,0.00072,0.0248,0.0484,0.0,0.0,0.00008,0.00022
22733427,0.0,0.0,0.0,0.0203,0.00033,0.00052,0.0175,0.3493,0.00015,0.0,0.0,0.00023,0.0156,0.1305,0.0,0.00024,0.0001,0.00004,0.007,0.00016,0.00002,0.0119,0.00049,0.00045,0.0,0.0,0.0079,0.0,0.0,0.00033,0.003,0.00002,0.00071,0.008,0.00001,0.0,0.0,0.0,0.1646,0.0784,0.00047,0.0042,0.0097,0.2035,0.0013,0.0,0.0,0.00002,0.00077
23176747,0.0,0.0,0.00001,0.0061,0.001,0.0013,0.0147,0.003,0.00015,0.00001,0.00001,0.00002,0.00007,0.00091,0.0,0.00071,0.0047,0.00019,0.00065,0.00033,0.00005,0.004,0.0022,0.003,0.00002,0.0,0.00017,0.00001,0.0,0.0177,0.00057,0.0043,0.00086,0.0012,0.00001,0.0,0.0,0.00003,0.0028,0.0026,0.0018,0.00058,0.0043,0.0144,0.0171,0.0,0.00006,0.00002,0.00022
22173147,0.0,0.0,0.0,0.0034,0.0042,0.0013,0.0075,0.0062,0.00023,0.0,0.00001,0.00023,0.00006,0.0141,0.0,0.00071,0.00021,0.00071,0.0491,0.00089,0.00051,0.0112,0.00027,0.00045,0.0,0.0,0.00034,0.0,0.0,0.0018,0.0017,0.00017,0.00086,0.0479,0.00001,0.0,0.0,0.0,0.0374,0.0053,0.0019,0.001,0.1326,0.039,0.0021,0.0,0.0,0.00002,0.002
24068437,0.0,0.0,0.00007,0.00072,0.001,0.00094,0.4926,0.0054,0.00015,0.0,0.00002,0.00078,0.00006,0.0039,0.0,0.00016,0.00026,0.00038,0.00056,0.0025,0.00006,0.004,0.00027,0.00045,0.0,0.0,0.0251,0.00002,0.0,0.001,0.00095,0.00002,0.00029,0.0364,0.00001,0.00003,0.0,0.0,0.004,0.0064,0.0072,0.5614,0.0027,0.0014,0.0385,0.0,0.0,0.00008,0.00054
26615717,0.0,0.0,0.00007,0.0003,0.0043,0.0027,0.0147,0.0015,0.0047,0.00001,0.00002,0.00002,0.00007,0.00063,0.0,0.0017,0.00034,0.00071,0.0107,0.00024,0.00006,0.0525,0.00034,0.00045,0.0,0.0,0.00091,0.00002,0.0,0.0039,0.0017,0.00002,0.0042,0.0047,0.00001,0.0,0.00004,0.00004,0.0044,0.0013,0.0096,0.002,0.0204,0.0051,0.0021,0.0,0.0,0.00016,0.00041
27447727,0.00003,0.0,0.0,0.0583,0.0033,0.0013,0.0087,0.0054,0.0657,0.00005,0.00001,0.00008,0.00006,0.0017,0.0,0.00022,0.0014,0.00019,0.0016,0.00024,0.00003,0.0017,0.00095,0.00027,0.0,0.00004,0.00017,0.00002,0.0,0.001,0.00057,0.00017,0.00023,0.0035,0.00072,0.00003,0.0,0.0,0.004,0.0016,0.00099,0.00054,0.005,0.0054,0.0062,0.00003,0.0,0.00002,0.00041
27396907,0.0,0.0,0.0,0.0013,0.0014,0.0013,0.2712,0.0054,0.00015,0.00005,0.00002,0.00002,0.00007,0.0162,0.0,0.0074,0.00026,0.00071,0.0025,0.0031,0.00006,0.0018,0.00027,0.00045,0.0,0.0,0.00039,0.00004,0.0,0.001,0.01,0.0012,0.00071,0.0364,0.00009,0.0,0.0,0.0,0.004,0.0018,0.0026,0.033,0.0027,0.0041,0.0858,0.0,0.00002,0.00002,0.00051
27459437,0.0,0.0,0.0,0.0029,0.00064,0.00052,0.0147,0.0185,0.00015,0.00005,0.00001,0.00006,0.00026,0.0015,0.0,0.00024,0.00021,0.00038,0.0529,0.0191,0.00051,0.0055,0.00005,0.00023,0.0,0.0,0.00091,0.0,0.0,0.00013,0.00077,0.00006,0.00071,0.0123,0.00001,0.0,0.0,0.0,0.0023,0.0053,0.0021,0.0169,0.0168,0.0274,0.0035,0.0,0.0,0.0,0.00022
28707407,0.0,0.0,0.0,0.0015,0.00064,0.023,0.1105,0.0049,0.00015,0.0,0.00002,0.00008,0.0053,0.0271,0.0,0.0053,0.00026,0.00038,0.0187,0.0004,0.00005,0.0099,0.0,0.00026,0.0,0.0,0.00092,0.00002,0.0,0.00033,0.5902,0.00006,0.00029,0.008,0.00001,0.0,0.0,0.0,0.0112,0.4498,0.0012,0.0056,0.015,0.0025,0.0013,0.0,0.0,0.00004,0.00041
28645717,0.0,0.0,0.00006,0.0268,0.00033,0.00073,0.0686,0.0108,0.00023,0.00005,0.00002,0.00002,0.00006,0.0097,0.0,0.00018,0.00026,0.00038,0.0264,0.00016,0.00005,0.0035,0.00004,0.0498,0.00002,0.0,0.00009,0.00024,0.0,0.0002,0.0012,0.00006,0.00022,0.0292,0.00015,0.0,0.00004,0.0,0.0023,0.0026,0.0012,0.0032,0.005,0.0054,0.0077,0.0,0.0,0.00008,0.00051
28764897,0.0,0.0,0.0,0.00072,0.001,0.0225,0.1368,0.017,0.00062,0.0014,0.00045,0.00023,0.00002,0.4688,0.0,0.00022,0.00021,0.00017,0.0187,0.00006,0.00003,0.0268,0.00004,0.00045,0.0,0.0,0.00017,0.00001,0.0,0.00054,0.0048,0.00003,0.00071,0.8263,0.00015,0.0,0.0,0.0,0.00089,0.0151,0.00032,0.022,0.0043,0.1319,0.1576,0.0,0.0,0.00001,0.00051
28760387,0.00005,0.0,0.0068,0.0061,0.0014,0.0035,0.025,0.0088,0.0274,0.00021,0.00002,0.00004,0.00006,0.00049,0.0,0.0013,0.0407,0.00034,0.0016,0.00022,0.00057,0.0029,0.00027,0.0263,0.0,0.00004,0.00009,0.0006,0.0,0.0119,0.0017,0.00003,0.00034,0.0029,0.00015,0.00076,0.0018,0.00003,0.0019,0.0018,0.00099,0.0029,0.0055,0.0506,0.8825,0.0,0.00027,0.00001,0.00022
28783147,0.0,0.0,0.00001,0.0123,0.0092,0.0575,0.7908,0.0088,0.00023,0.0014,0.00007,0.00004,0.00006,0.003,0.0,0.00037,0.00068,0.00038,0.0077,0.0193,0.00016,0.0537,0.00017,0.00026,0.0,0.00004,0.00039,0.00001,0.0,0.0004,0.00077,0.00006,0.00014,0.0479,0.00015,0.0,0.0,0.0,0.0079,0.0371,0.00032,0.0077,0.0027,0.2349,0.0162,0.0,0.0,0.00004,0.00041
28867587,0.0,0.0,0.0001,0.2117,0.0012,0.0048,0.0598,0.0088,0.0053,0.00005,0.00001,0.00023,0.00006,0.0023,0.0,0.00022,0.0017,0.00039,0.00056,0.00089,0.00014,0.0055,0.00049,0.00045,0.0,0.0,0.00009,0.00016,0.0,0.001,0.0017,0.0012,0.00071,0.0014,0.00015,0.00003,0.00002,0.0,0.0074,0.003,0.0019,0.0042,0.002,0.0393,0.0121,0.0,0.0,0.00004,0.00013
28845537,0.0,0.0,0.00007,0.0268,0.001,0.00052,0.0598,0.0185,0.00015,0.0,0.00001,0.00002,0.00064,0.0837,0.0,0.0053,0.00068,0.0,0.013,0.0015,0.00005,0.0112,0.00005,0.00067,0.00002,0.0,0.0003,0.0,0.0,0.00013,0.01,0.00003,0.00014,0.0063,0.00001,0.0,0.00002,0.0,0.0056,0.2652,0.00026,0.0169,0.0978,0.0506,0.0021,0.0,0.0,0.00016,0.00051
28684367,0.00003,0.0,0.0,0.00045,0.9398,0.0015,0.0031,0.00069,0.00015,0.00005,0.00002,0.00078,0.00002,0.00091,0.0,0.00008,0.0001,0.00017,0.0025,0.0015,0.00005,0.0075,0.00017,0.00026,0.0,0.0,0.0003,0.00002,0.0,0.0018,0.00057,0.00003,0.00029,0.0014,0.00009,0.00006,0.0,0.00004,0.0152,0.0026,0.00032,0.00023,0.0027,0.0014,0.024,0.0,0.0,0.00004,0.00041
29474507,0.0,0.0,0.0,0.8446,0.00049,0.0022,0.0175,0.2868,0.00015,0.00005,0.00001,0.00008,0.00006,0.0023,0.0,0.00016,0.0,0.00008,0.0025,0.00008,0.00002,0.1115,0.2812,0.0003,0.00002,0.0,0.00009,0.00002,0.0,0.00017,0.00077,0.00006,0.00023,0.0532,0.00001,0.0,0.0,0.0,0.0079,0.0212,0.00049,0.00058,0.0027,0.1504,0.0052,0.0,0.0,0.00008,0.00023
29408857,0.0,0.0,0.00001,0.0023,0.0012,0.0008,0.0834,0.0133,0.00015,0.00005,0.00002,0.00002,0.00007,0.0023,0.0,0.00079,0.00026,0.00017,0.0063,0.00099,0.00002,0.004,0.00004,0.00045,0.0,0.0,0.00055,0.0,0.0,0.0018,0.00095,0.00002,0.00071,0.0143,0.00001,0.00003,0.00002,0.0,0.0028,0.009,0.00032,0.0042,0.0368,0.0274,0.0013,0.0,0.0,0.00004,0.00077
30049327,0.0,0.0,0.0,0.0039,0.00033,0.0012,0.0501,0.0358,0.00023,0.0,0.00002,0.00006,0.00002,0.00091,0.0,0.00018,0.00021,0.00075,0.0063,0.0052,0.00002,0.0123,0.00005,0.00045,0.0,0.0,0.00009,0.00002,0.0,0.00033,0.0263,0.00006,0.00029,0.015,0.00001,0.0,0.00003,0.0,0.0655,0.0356,0.00012,0.0016,0.0043,0.3575,0.0077,0.0,0.00002,0.00002,0.00041
30094777,0.0,0.0,0.0,0.0023,0.0026,0.0315,0.0473,0.003,0.00015,0.00005,0.00001,0.00002,0.00007,0.2452,0.0,0.0017,0.0012,0.00004,0.0213,0.00057,0.00005,0.0415,0.00005,0.00026,0.0,0.0,0.00055,0.0,0.0,0.0039,0.0136,0.0,0.00023,0.0047,0.00001,0.0,0.0,0.0,0.2506,0.0015,0.001,0.002,0.0638,0.085,0.0021,0.0,0.0,0.00002,0.741
31308197,0.0,0.0,0.00006,0.0028,0.0033,0.0448,0.8213,0.00042,0.00023,0.00001,0.00002,0.00002,0.00006,0.0041,0.0,0.00018,0.00015,0.00017,0.0264,0.00099,0.00002,0.274,0.00005,0.00045,0.0,0.0,0.0003,0.00002,0.0,0.00039,0.0263,0.00003,0.00029,0.8263,0.00015,0.0,0.00002,0.0,0.004,0.8364,0.00012,0.00054,0.015,0.0201,0.0048,0.0,0.0,0.00004,0.0017
31707107,0.0,0.0,0.0,0.00045,0.00016,0.0012,0.8393,0.003,0.00023,0.00005,0.00002,0.00002,0.00039,0.0014,0.0,0.2879,0.00015,0.00017,0.013,0.0015,0.00006,0.0715,0.00004,0.00045,0.0,0.0,0.0051,0.00002,0.0,0.00033,0.0039,0.00002,0.00023,0.0047,0.00001,0.0,0.0,0.0,0.0074,0.009,0.00099,0.3284,0.015,0.1119,0.0013,0.0,0.0,0.00002,0.00013
31778847,0.0,0.0,0.0,0.0013,0.00064,0.0022,0.0823,0.0185,0.00015,0.0,0.00002,0.00078,0.0018,0.004,0.0,0.002,0.00015,0.00017,0.078,0.7732,0.00005,0.0268,0.00004,0.0003,0.0,0.0,0.0739,0.0,0.0,0.00013,0.0024,0.0012,0.0075,0.0292,0.00001,0.0,0.0,0.0,0.00089,0.0521,0.00026,0.0042,0.0108,0.0041,0.0025,0.0,0.0,0.00008,0.0018
25960208,0.0,0.0,0.0,0.0135,0.001,0.0022,0.0175,0.0024,0.00015,0.00005,0.00003,0.00002,0.00006,0.00091,0.0,0.00024,0.00047,0.00019,0.007,0.0005,0.00014,0.0123,0.00005,0.00045,0.0,0.0,0.00009,0.00002,0.0,0.00079,0.00076,0.00003,0.00097,0.0035,0.00001,0.00003,0.0,0.0,0.003,0.0013,0.0026,0.0029,0.0027,0.0054,0.0162,0.0,0.0,0.00002,0.00051
25892508,0.0,0.0,0.0,0.1406,0.00016,0.00052,0.0147,0.003,0.00015,0.0,0.00001,0.00002,0.00002,0.011,0.0,0.0017,0.00021,0.00019,0.0107,0.00008,0.00002,0.0055,0.00004,0.0003,0.0,0.0,0.00004,0.00002,0.0,0.00013,0.0048,0.00002,0.00014,0.0292,0.00001,0.0,0.0,0.0,0.0152,0.0026,0.0026,0.00033,0.00072,0.0041,0.0039,0.0,0.0,0.0,0.00013
25241758,0.0,0.0,0.0,0.0,0.001,0.0089,0.9909,0.00042,0.00015,0.00001,0.00002,0.00002,0.9178,0.004,0.0,0.9073,0.0001,0.00039,0.0046,0.0007,0.00002,0.0099,0.00004,0.00045,0.0,0.0,0.00017,0.00002,0.0,0.00013,0.0066,0.00003,0.00029,0.1538,0.00001,0.0,0.0,0.0,0.0013,0.0498,0.0236,0.7893,0.00099,0.0054,0.0021,0.0,0.00002,0.00002,0.00041
24090228,0.0,0.0,0.00001,0.00015,0.00049,0.6548,0.9696,0.00042,0.00023,0.00005,0.00002,0.00002,0.00026,0.00049,0.0,0.9073,0.00034,0.00017,0.0025,0.0007,0.00002,0.0648,0.00027,0.0019,0.00002,0.0,0.00039,0.00025,0.0,0.00039,0.0017,0.0,0.00086,0.8263,0.0,0.0,0.0,0.0,0.0194,0.0064,0.00099,0.7832,0.0071,0.0052,0.0385,0.00044,0.0012,0.00002,0.00023
16312938,0.0,0.0,0.0001,0.0061,0.0026,0.0375,0.0804,0.003,0.00015,0.00005,0.00002,0.00006,0.00007,0.0014,0.0,0.0013,0.00026,0.00045,0.0035,0.0004,0.00005,0.0119,0.00027,0.003,0.0,0.0,0.00039,0.0006,0.0,0.00039,0.0039,0.00017,0.008,0.0017,0.00001,0.0,0.00003,0.00003,0.004,0.0018,0.0012,0.0029,0.002,0.0239,0.678,0.00003,0.0012,0.00002,0.0013
6789348,0.00003,0.0,0.00018,0.00045,0.001,0.0061,0.2862,0.0016,0.0083,0.00005,0.00002,0.00023,0.0005,0.0072,0.0,0.1444,0.0047,0.00038,0.007,0.0005,0.00006,0.0055,0.00017,0.008,0.0,0.0,0.00009,0.00004,0.0,0.0004,0.0024,0.00017,0.00071,0.0063,0.00024,0.00003,0.00004,0.0,0.00089,0.0058,0.0065,0.3128,0.0027,0.0099,0.0162,0.0,0.0,0.00008,0.00022
3575577,0.00005,0.00002,0.0001,0.0426,0.0083,0.0048,0.0367,0.0185,0.0018,0.00019,0.00002,0.0015,0.00007,0.0271,0.0,0.0053,0.0013,0.00038,0.0015,0.00057,0.00006,0.0156,0.00017,0.00045,0.0,0.0,0.00009,0.00004,0.0,0.001,0.0024,0.00017,0.0016,0.0028,0.0064,0.0002,0.00004,0.00004,0.0043,0.0152,0.004,0.0016,0.0108,0.0041,0.0385,0.0,0.0,0.00043,0.00051
3625187,0.0,0.0,0.0,0.00045,0.0052,0.0027,0.0133,0.0016,0.00023,0.00005,0.00002,0.0558,0.00006,0.004,0.0,0.00008,0.0047,0.0021,0.00065,0.00024,0.00005,0.0207,0.00005,0.00044,0.0,0.0,0.00034,0.00001,0.0,0.0013,0.00057,0.00006,0.00034,0.00061,0.00001,0.00003,0.0,0.00004,0.0028,0.0012,0.004,0.002,0.0074,0.0099,0.0265,0.0,0.0,0.0,0.00013
3502447,0.00003,0.0,0.0001,0.00093,0.001,0.0147,0.7908,0.0054,0.00023,0.00001,0.00002,0.00002,0.00007,0.00091,0.0,0.8,0.00015,0.0042,0.0164,0.0007,0.00005,0.0329,0.00005,0.00045,0.0,0.0,0.00034,0.00001,0.0,0.0004,0.0017,0.00017,0.00029,0.0047,0.00001,0.00003,0.00013,0.00003,0.0019,0.0249,0.0021,0.0042,0.0027,0.0316,0.0062,0.0,0.0,0.00004,0.00041
2634817,0.0,0.0,0.00001,0.0268,0.0052,0.023,0.0598,0.003,0.00023,0.00005,0.00002,0.00002,0.00007,0.002,0.00002,0.00018,0.00094,0.00034,0.0151,0.0005,0.00006,0.0715,0.00017,0.00045,0.0,0.0,0.00055,0.00003,0.0,0.00033,0.0012,0.00017,0.00029,0.0047,0.00009,0.00003,0.00002,0.00004,0.0182,0.0647,0.0171,0.00054,0.0055,0.0942,0.1331,0.00003,0.00002,0.00008,0.00006
2153897,0.00003,0.0,0.0001,0.0135,0.001,0.0022,0.0175,0.0015,0.00015,0.00005,0.00003,0.00008,0.00006,0.00063,0.0,0.00022,0.00021,0.00038,0.0031,0.00024,0.00005,0.0066,0.00034,0.00045,0.0,0.0,0.00009,0.00002,0.0,0.00013,0.01,0.00003,0.00071,0.00061,0.00015,0.00003,0.00004,0.00004,0.0019,0.0047,0.0039,0.0012,0.002,0.0054,0.0025,0.0,0.0,0.00004,0.00054
1968717,0.0,0.0,0.00001,0.0034,0.001,0.0225,0.0175,0.0015,0.00015,0.00019,0.0032,0.00002,0.00006,0.014,0.0,0.0175,0.0141,0.0013,0.0015,0.00024,0.00005,0.0075,0.00049,0.0019,0.00002,0.0,0.0159,0.00004,0.0,0.00018,0.00062,0.00017,0.00029,0.0191,0.00015,0.0002,0.00004,0.00004,0.0105,0.0151,0.004,0.0042,0.0027,0.0442,0.8385,0.0,0.0,0.00001,0.0013
1720637,0.00003,0.00002,0.0001,0.0028,0.0246,0.0013,0.0473,0.0185,0.00037,0.00005,0.00002,0.00078,0.00006,0.014,0.0,0.00037,0.00034,0.0013,0.0063,0.0005,0.00006,0.0052,0.00027,0.0052,0.0,0.0,0.00039,0.00016,0.0,0.0053,0.001,0.00003,0.00029,0.0047,0.00032,0.00005,0.00022,0.0,0.0194,0.0053,0.0021,0.0016,0.0033,0.0112,0.0062,0.0,0.0,0.00004,0.00051
1687857,0.00003,0.00002,0.00018,0.0015,0.0083,0.0022,0.0192,0.0015,0.00023,0.0014,0.00003,0.00002,0.00007,0.00091,0.0,0.003,0.0013,0.0011,0.0018,0.00024,0.00005,0.004,0.00017,0.00056,0.0,0.00004,0.0003,0.00003,0.0,0.0018,0.0016,0.00006,0.00086,0.0018,0.00032,0.00003,0.00013,0.00018,0.0019,0.009,0.0171,0.016,0.0027,0.0054,0.0074,0.0,0.0,0.00002,0.00061
1822317,0.0,0.0,0.0,0.00015,0.001,0.0061,0.9814,0.00042,0.0011,0.00001,0.00002,0.00002,0.00007,0.0017,0.0,0.9259,0.00068,0.00038,0.00021,0.00008,0.00002,0.0782,0.0,0.00027,0.0,0.0,0.00009,0.0,0.0,0.0081,0.0066,0.00002,0.00071,0.8263,0.00001,0.0,0.0,0.0,0.00067,0.009,0.0171,0.7832,0.005,0.0037,0.0077,0.0,0.0001,0.0,0.00022
8634037,0.0,0.0,0.00018,0.0023,0.0617,0.0061,0.0175,0.0185,0.00023,0.00082,0.00007,0.00023,0.00064,0.014,0.0,0.00024,0.00026,0.0042,0.0213,0.00016,0.00006,0.0123,0.00005,0.0019,0.0,0.00004,0.00039,0.00036,0.00006,0.0018,0.0016,0.00006,0.00014,0.0017,0.00009,0.00003,0.0,0.00003,0.0074,0.009,0.004,0.0077,0.0027,0.0248,0.0048,0.0,0.0,0.00002,0.00061
8345657,0.0,0.0,0.0001,0.0357,0.00049,0.0008,0.0147,0.0088,0.00015,0.00001,0.00001,0.00008,0.00006,0.00075,0.0,0.00008,0.00021,0.0011,0.0036,0.00024,0.00005,0.0279,0.00004,0.00056,0.0,0.0,0.00009,0.0,0.0,0.00033,0.00057,0.00017,0.00029,0.0047,0.00001,0.0,0.00002,0.00004,0.004,0.0013,0.00026,0.00084,0.0033,0.6496,0.0162,0.0,0.0,0.0,0.00022
7694167,0.0,0.0,0.0,0.002,0.0012,0.0027,0.0757,0.0049,0.0027,0.00005,0.00003,0.00006,0.00007,0.0023,0.0,0.00024,0.0022,0.00038,0.007,0.0005,0.00006,0.0017,0.00027,0.00045,0.0,0.0,0.0079,0.00002,0.0,0.0053,0.0024,0.00006,0.00071,0.0139,0.00024,0.00003,0.00004,0.00003,0.0079,0.8364,0.0019,0.0056,0.0204,0.0167,0.0076,0.0,0.0,0.00004,0.0013
7775177,0.00003,0.0,0.0024,0.0013,0.8583,0.0027,0.1485,0.0088,0.0027,0.00005,0.00003,0.0014,0.00039,0.0039,0.0,0.0017,0.0098,0.00038,0.0018,0.0007,0.00006,0.009,0.00027,0.00073,0.0,0.0,0.0034,0.00024,0.0,0.0053,0.0024,0.00017,0.0014,0.015,0.00094,0.00006,0.00048,0.00004,0.0194,0.6735,0.0021,0.0016,0.0097,0.0059,0.0121,0.0,0.0,0.00004,0.0017
10494527,0.00005,0.0,0.00018,0.0029,0.0052,0.0035,0.0097,0.0049,0.0015,0.0,0.00001,0.00023,0.00006,0.00075,0.0,0.00037,0.0012,0.0013,0.0077,0.00024,0.00006,0.0079,0.00008,0.00056,0.0,0.00004,0.00035,0.00002,0.0,0.00033,0.0024,0.00017,0.00029,0.0019,0.00015,0.0002,0.00013,0.00004,0.0028,0.0064,0.0012,0.0012,0.0071,0.0099,0.8239,0.00003,0.0001,0.00002,0.00041
10663517,0.00003,0.0,0.00001,0.0023,0.9313,0.00052,0.0385,0.0108,0.00015,0.00005,0.00001,0.00023,0.00006,0.00091,0.0,0.00024,0.00068,0.00071,0.0019,0.00089,0.00006,0.0525,0.00017,0.00045,0.0,0.00015,0.00017,0.00004,0.0,0.00017,0.0048,0.00003,0.00029,0.0014,0.00015,0.00033,0.0,0.00066,0.004,0.009,0.00099,0.0013,0.015,0.0099,0.0077,0.0,0.0,0.00002,0.00013
11276037,0.00003,0.00002,0.0016,0.0029,0.0042,0.0668,0.0175,0.0133,0.0027,0.00005,0.00003,0.00078,0.00039,0.0041,0.0,0.002,0.0047,0.0013,0.0025,0.0005,0.00006,0.0123,0.00027,0.0043,0.00002,0.0,0.00055,0.00001,0.0,0.00033,0.01,0.00017,0.00029,0.0017,0.00015,0.00033,0.00013,0.0,0.0079,0.009,0.0045,0.002,0.0074,0.0059,0.0062,0.00003,0.0,0.00002,0.00022
11367967,0.0,0.0,0.00001,0.00072,0.0014,0.0103,0.00084,0.003,0.00015,0.00005,0.00002,0.0012,0.00006,0.015,0.0,0.002,0.00021,0.00017,0.00021,0.00024,0.00006,0.0018,0.01,0.00056,0.0,0.0,0.00009,0.0,0.0,0.00033,0.0013,0.0012,0.00014,0.0007,0.00009,0.0,0.0,0.0076,0.0028,0.0018,0.00099,0.001,0.0027,0.0156,0.9509,0.0,0.0,0.00003,0.0
11390547,0.0,0.0,0.00001,0.0135,0.00016,0.00035,0.0147,0.003,0.00015,0.0,0.0,0.00002,0.00007,0.0023,0.0,0.00008,0.00021,0.00038,0.0063,0.0018,0.00005,0.0537,0.001,0.00045,0.0,0.0,0.00004,0.00001,0.0,0.00079,0.0017,0.00002,0.00023,0.015,0.00009,0.0,0.00002,0.00004,0.00089,0.0201,0.00026,0.0016,0.0261,0.845,0.0076,0.00003,0.0,0.00001,0.0018
11429087,0.0,0.0,0.00001,0.006,0.0052,0.0103,0.0282,0.0133,0.00015,0.00005,0.00045,0.00008,0.0011,0.0072,0.0,0.003,0.00034,0.0019,0.7835,0.0007,0.00006,0.0052,0.00027,0.00045,0.0,0.0,0.00034,0.00024,0.0,0.0025,0.0048,0.00023,0.00029,0.023,0.00001,0.0,0.0,0.00066,0.027,0.0249,0.0045,0.0032,0.1924,0.0052,0.0077,0.0,0.0,0.00008,0.0054
12243487,0.0,0.00002,0.00018,0.0229,0.001,0.0022,0.0087,0.0035,0.00015,0.00005,0.00002,0.0015,0.00007,0.0281,0.0,0.00018,0.00026,0.00038,0.00065,0.00099,0.00014,0.009,0.00017,0.003,0.0,0.0,0.0045,0.00004,0.00006,0.001,0.0016,0.00017,0.00086,0.0269,0.00015,0.00003,0.00004,0.00004,0.0079,0.0036,0.0026,0.0013,0.0055,0.0033,0.0074,0.0,0.0,0.00004,0.00077
14572957,0.0,0.0,0.0,0.0667,0.00064,0.00088,0.0757,0.0088,0.00015,0.0,0.00001,0.00002,0.00006,0.0072,0.0,0.002,0.0,0.00017,0.0017,0.0025,0.00002,0.0404,0.0044,0.00045,0.0,0.0,0.00004,0.0,0.0,0.00013,0.0024,0.00017,0.00086,0.008,0.00001,0.0,0.0,0.00003,0.077,0.009,0.00015,0.0012,0.0027,0.3575,0.0039,0.0,0.0,0.00001,0.00041
14715977,0.0,0.0,0.0,0.0015,0.0121,0.0012,0.5249,0.0133,0.00037,0.00019,0.00002,0.00002,0.00006,0.00063,0.0,0.00079,0.0001,0.00038,0.013,0.0108,0.00002,0.5921,0.00017,0.00023,0.0,0.0,0.00091,0.0,0.0,0.0018,0.0146,0.00002,0.00023,0.0047,0.00001,0.0,0.00002,0.0,0.1394,0.9392,0.0012,0.00009,0.015,0.0059,0.0025,0.0,0.0039,0.00001,0.0087
15383747,0.0,0.0,0.0,0.0061,0.00016,0.0071,0.9859,0.0022,0.00023,0.0,0.00001,0.0,0.00006,0.0394,0.0,0.3177,0.0001,0.0019,0.0025,0.0015,0.00002,0.5921,0.0,0.00045,0.0,0.0,0.0143,0.0,0.0,0.00018,0.0542,0.0079,0.00086,0.0428,0.00001,0.0,0.0,0.0,0.0194,0.1174,0.00032,0.387,0.0033,0.0201,0.0013,0.0,0.0,0.00002,0.00022
16226047,0.0,0.0,0.00006,0.0029,0.0012,0.00052,0.00081,0.00069,0.00015,0.0,0.00001,0.00002,0.00006,0.097,0.0,0.00016,0.0,0.00014,0.0041,0.6015,0.00005,0.0017,0.00017,0.0003,0.0,0.0,0.682,0.00002,0.00006,0.0018,0.00057,0.00017,0.00023,0.0047,0.0,0.0,0.0,0.0,0.00039,0.0151,0.00032,0.0016,0.005,0.845,0.0025,0.0,0.0,0.00002,0.0013
16537997,0.0,0.0,0.0,0.0023,0.00049,0.00052,0.0031,0.00042,0.00015,0.00005,0.00007,0.00002,0.00039,0.00075,0.0,0.00018,0.00021,0.00008,0.0187,0.0025,0.00005,0.0018,0.00017,0.00026,0.0,0.0,0.00017,0.00001,0.0,0.0039,0.0024,0.00003,0.00034,0.0063,0.00001,0.0,0.0,0.00004,0.0014,0.0013,0.004,0.00033,0.0108,0.0023,0.0013,0.0,0.00002,0.00002,0.00054
17207127,0.0,0.0,0.0,0.00072,0.00033,0.0022,0.0138,0.0133,0.00015,0.00001,0.00002,0.00078,0.00006,0.0202,0.00002,0.0074,0.0001,0.00017,0.0017,0.00022,0.00002,0.0224,0.00036,0.00026,0.0,0.0,0.0003,0.0,0.0,0.0002,0.0066,0.00002,0.00029,0.0017,0.00001,0.0,0.0,0.0,0.004,0.0015,0.00099,0.0012,0.0074,0.0112,0.0077,0.0,0.0,0.00016,0.002
17364777,0.0,0.0,0.0,0.00072,0.0023,0.0035,0.0031,0.0015,0.00023,0.0,0.00001,0.0,0.00006,0.0261,0.0,0.00016,0.00039,0.00075,0.0025,0.0005,0.00014,0.0715,0.00005,0.00073,0.0,0.0,0.0034,0.00002,0.0,0.0018,0.0048,0.00017,0.0016,0.0014,0.00001,0.0,0.00002,0.00004,0.046,0.0133,0.00099,0.00006,0.005,0.0099,0.8239,0.0,0.0029,0.00001,0.00041
17967187,0.0,0.0,0.0,0.2218,0.001,0.00095,0.0985,0.3493,0.00062,0.00005,0.00001,0.00006,0.00006,0.0585,0.0,0.00016,0.00015,0.00071,0.0019,0.00093,0.00005,0.0899,0.00005,0.00045,0.00014,0.0,0.00009,0.00002,0.0,0.0002,0.003,0.00002,0.00029,0.0621,0.00015,0.0,0.0,0.0,0.1644,0.0179,0.00032,0.0016,0.0062,0.0201,0.0013,0.0,0.0,0.00003,0.00061
18245417,0.0,0.0,0.0,0.0095,0.001,0.0048,0.7772,0.0063,0.00062,0.00005,0.00007,0.00002,0.0025,0.0072,0.0,0.0017,0.0013,0.0021,0.0213,0.0025,0.00016,0.5921,0.00011,0.00026,0.0,0.0,0.0079,0.00025,0.0,0.0032,0.00057,0.0,0.00029,0.223,0.00015,0.0,0.0,0.00004,0.004,0.0249,0.0019,0.5875,0.0288,0.0013,0.0048,0.0,0.0,0.00002,0.00013
17825077,0.0,0.0,0.00001,0.002,0.001,0.0035,0.7772,0.0088,0.00015,0.00005,0.00002,0.0012,0.0115,0.005,0.0,0.0989,0.00015,0.00017,0.0031,0.00099,0.00061,0.0101,0.00011,0.00045,0.0,0.0,0.00017,0.00001,0.0,0.00033,0.0048,0.00023,0.00086,0.5462,0.00001,0.0,0.00002,0.0,0.004,0.2652,0.00047,0.1372,0.0033,0.0986,0.0039,0.0,0.00002,0.00004,0.00022
18008327,0.0,0.0,0.00006,0.0034,0.0021,0.0022,0.0097,0.0185,0.00023,0.00001,0.00003,0.00078,0.00026,0.005,0.0,0.00016,0.0026,0.00038,0.007,0.00089,0.00005,0.0123,0.00036,0.00056,0.0,0.0,0.00034,0.00002,0.0,0.0004,0.6626,0.00003,0.00014,0.008,0.00001,0.0,0.00004,0.0,0.0152,0.0133,0.001,0.00033,0.0131,0.0017,0.0021,0.0,0.0,0.3056,0.0011
18316457,0.0,0.0,0.0,0.00045,0.0012,0.7192,0.7908,0.0045,0.00062,0.00001,0.00001,0.00023,0.00006,0.0261,0.0,0.8846,0.0017,0.00019,0.00056,0.0005,0.00016,0.0075,0.00005,0.00045,0.1216,0.0,0.0143,0.00002,0.0,0.0002,0.00077,0.0,0.00014,0.0889,0.00001,0.0,0.0,0.0,0.003,0.009,0.00047,0.7832,0.005,0.0014,0.1331,0.00003,0.00063,0.00001,0.00006
19040767,0.0,0.0,0.0,0.0029,0.0014,0.0011,0.8215,0.0015,0.0012,0.00005,0.00003,0.00002,0.00006,0.0072,0.0,0.00016,0.00026,0.00071,0.007,0.00099,0.00005,0.1228,0.00004,0.00045,0.0,0.0,0.0159,0.00001,0.0,0.00013,0.0024,0.00003,0.00097,0.8263,0.00001,0.0,0.0,0.0,0.0074,0.0084,0.00026,0.0105,0.002,0.0023,0.0062,0.0,0.0,0.00004,0.00023
18983627,0.0,0.0,0.00006,0.0135,0.00064,0.6548,0.0039,0.0015,0.00023,0.0,0.00002,0.0012,0.00006,0.011,0.0,0.00018,0.00015,0.00038,0.013,0.00024,0.00002,0.0123,0.00004,0.00045,0.0,0.0,0.00009,0.0,0.0,0.00013,0.00077,0.00002,0.9147,0.0113,0.00001,0.0,0.0,0.0,0.0074,0.00051,0.00036,0.001,0.0027,0.0099,0.9021,0.00004,0.9913,0.00001,0.00013
19146787,0.0,0.0,0.00018,0.0095,0.0246,0.00052,0.0056,0.0049,0.00015,0.0,0.00001,0.00023,0.00006,0.0023,0.0,0.00022,0.00068,0.00038,0.013,0.00099,0.00076,0.0029,0.00017,0.00045,0.0,0.0,0.00091,0.00002,0.0,0.00013,0.00095,0.00003,0.00014,0.0017,0.00009,0.00003,0.0,0.0,0.0019,0.0018,0.004,0.00009,0.005,0.8571,0.0171,0.0,0.0,0.00001,0.00013
20598917,0.0,0.0,0.0001,0.0029,0.0083,0.0022,0.0385,0.0056,0.00062,0.00021,0.00045,0.00023,0.00006,0.005,0.0,0.00037,0.0012,0.00019,0.0035,0.00024,0.00006,0.0099,0.00017,0.001,0.00002,0.0,0.00009,0.00016,0.0,0.0018,0.00077,0.00006,0.00029,0.025,0.00001,0.0,0.00003,0.00003,0.0079,0.02,0.0021,0.001,0.0031,0.0052,0.0062,0.0,0.0,0.00002,0.0011
20860567,0.0,0.0,0.0,0.0023,0.00064,0.00052,0.0133,0.0054,0.00015,0.0,0.00001,0.00078,0.00039,0.0072,0.0,0.00024,0.00021,0.00039,0.0323,0.0005,0.00005,0.0099,0.0,0.00018,0.0,0.0,0.00034,0.00001,0.0,0.0002,0.0048,0.00017,0.0014,0.0428,0.00001,0.0,0.0,0.0,0.0079,0.0036,0.00049,0.0323,0.0108,0.00063,0.0077,0.0,0.00002,0.00016,0.0017
21114367,0.0,0.0,0.0,0.0029,0.00064,0.0048,0.0834,0.0088,0.00023,0.00036,0.00002,0.00002,0.0005,0.0017,0.0,0.002,0.00034,0.00038,0.0031,0.0069,0.00005,0.0224,0.00027,0.00067,0.0,0.0,0.00009,0.00001,0.0,0.0119,0.00095,0.0012,0.0026,0.0047,0.00015,0.0,0.0,0.0,0.0014,0.0088,0.00047,0.0505,0.0071,0.0025,0.0385,0.00003,0.00006,0.00002,0.00061
22157547,0.0,0.0,0.00045,0.00093,0.0042,0.0022,0.0078,0.026,0.00015,0.00001,0.00003,0.00008,0.00006,0.015,0.0,0.0013,0.00021,0.00038,0.0636,0.8621,0.00005,0.0525,0.00004,0.0019,0.0,0.0,0.00009,0.00002,0.0,0.00079,0.0039,0.00006,0.00029,0.0047,0.00001,0.0,0.00022,0.00004,0.00067,0.0249,0.0012,0.00084,0.0108,0.0052,0.0025,0.0,0.0,0.00016,0.0037
22560407,0.0,0.0,0.0,0.0061,0.0419,0.0008,0.0078,0.0054,0.00062,0.0,0.00001,0.00006,0.00006,0.0072,0.0,0.00018,0.00026,0.00034,0.0036,0.00093,0.00014,0.004,0.00005,0.0003,0.0,0.0,0.0079,0.00004,0.00038,0.0053,0.0016,0.00006,0.00071,0.0029,0.00009,0.0,0.0,0.00028,0.0019,0.0064,0.0039,0.0016,0.0031,0.1319,0.0021,0.0,0.0,0.00004,0.00054
22706417,0.0,0.0,0.0,0.0088,0.001,0.0035,0.0175,0.0045,0.00015,0.0,0.00007,0.0014,0.00007,0.0097,0.0,0.0017,0.00021,0.00015,0.0323,0.00057,0.00016,0.0119,0.00004,0.00045,0.0,0.0,0.00091,0.00001,0.0,0.00013,0.01,0.00003,0.00014,0.0063,0.00001,0.0,0.0,0.00066,0.0013,0.0058,0.00047,0.0012,0.0027,0.0041,0.0013,0.0,0.0,0.00001,0.00061
23583327,0.0,0.0,0.00001,0.00093,0.00064,0.0061,0.9909,0.00069,0.00015,0.00005,0.00002,0.00023,0.0156,0.00041,0.0,0.7115,0.00068,0.00034,0.0,0.00024,0.00076,0.1279,0.00034,0.00026,0.0,0.0,0.00009,0.0,0.0,0.00013,0.01,0.00003,0.00014,0.8263,0.00001,0.0,0.0,0.0,0.0019,0.0498,0.00015,0.7832,0.0131,0.0015,0.00096,0.0,0.0,0.00002,0.00061
23266997,0.0,0.0,0.0,0.0034,0.0042,0.0071,0.0213,0.0133,0.00023,0.0,0.00003,0.00002,0.00039,0.0748,0.0,0.00024,0.00026,0.00019,0.0213,0.0025,0.005,0.0123,0.00004,0.0003,0.0,0.0,0.0034,0.0,0.0,0.00079,0.0146,0.00003,0.00029,0.0123,0.00001,0.00065,0.0,0.00003,0.0194,0.003,0.0019,0.0066,0.0098,0.0112,0.0062,0.0,0.0,0.00003,0.0017
24727717,0.00003,0.0,0.00006,0.0046,0.035,0.0022,0.1368,0.0062,0.00023,0.00005,0.00001,0.0015,0.00007,0.0072,0.0,0.00037,0.00034,0.0011,0.0041,0.00099,0.00014,0.0402,0.00027,0.003,0.0,0.0,0.0015,0.00002,0.0,0.0018,0.0039,0.00006,0.00029,0.008,0.00001,0.00003,0.0,0.00004,0.004,0.0309,0.004,0.0105,0.0204,0.0442,0.0062,0.0,0.0,0.00004,0.00013
25182407,0.00003,0.0,0.0014,0.0046,0.0042,0.0089,0.0089,0.009,0.00062,0.00005,0.00002,0.00004,0.00007,0.015,0.0,0.0053,0.00026,0.00038,0.0025,0.0015,0.00016,0.0731,0.00034,0.008,0.0,0.00004,0.00091,0.00016,0.0,0.0013,0.0059,0.00003,0.00023,0.0063,0.00032,0.00003,0.0018,0.00018,0.004,0.0088,0.0039,0.002,0.0074,0.0274,0.8385,0.00003,0.00002,0.00008,0.00061
25237937,0.00005,0.0,0.0833,0.0039,0.0121,0.0061,0.0097,0.0386,0.00023,0.00021,0.0021,0.00008,0.00006,0.014,0.0,0.00037,0.0013,0.00019,0.00056,0.00024,0.00002,0.0066,0.0358,0.0746,0.0,0.0,0.00009,0.00024,0.0,0.0004,0.0016,0.00003,0.0026,0.0018,0.00001,0.00063,0.0058,0.00004,0.0112,0.0064,0.001,0.001,0.0031,0.0049,0.8787,0.00003,0.00004,0.00008,0.00041
21280167,0.0,0.0,0.0,0.0088,0.001,0.0011,0.0147,0.0015,0.00015,0.0,0.00002,0.0014,0.00006,0.9473,0.0,0.00016,0.00026,0.00038,0.0164,0.00024,0.00002,0.0075,0.0,0.00045,0.0,0.0,0.0143,0.00024,0.0,0.00039,0.0048,0.00017,0.00014,0.025,0.00001,0.0,0.0,0.0,0.1045,0.0018,0.0019,0.002,0.0648,0.0112,0.0021,0.0,0.0,0.00002,0.00054
22889137,0.0,0.0,0.0,0.0061,0.001,0.0277,0.0598,0.0045,0.00023,0.00005,0.00007,0.00004,0.00026,0.0039,0.0,0.002,0.00026,0.00038,0.0063,0.0007,0.00002,0.0648,0.00004,0.00045,0.0,0.0,0.0033,0.00003,0.00038,0.0018,0.0164,0.00006,0.0042,0.0621,0.00024,0.0,0.00002,0.00018,0.0374,0.007,0.0012,0.0279,0.0204,0.0248,0.8239,0.00004,0.0,0.00008,0.0011
22907187,0.0,0.0,0.0,0.0203,0.0012,0.0022,0.0031,0.0287,0.00023,0.00001,0.00002,0.00002,0.00006,0.0023,0.0,0.00008,0.0013,0.00038,0.0323,0.00089,0.00003,0.0029,0.0005,0.00026,0.0,0.0,0.00039,0.00002,0.0,0.00033,0.0024,0.0043,0.0026,0.0078,0.00001,0.0,0.0,0.0,0.0044,0.0018,0.00047,0.0018,0.005,0.0033,0.0121,0.0,0.0,0.00002,0.00051
23703687,0.0,0.0,0.00007,0.0017,0.0023,0.0035,0.7908,0.0022,0.00015,0.0,0.00007,0.00002,0.00064,0.00063,0.0,0.00018,0.0001,0.00019,0.0901,0.6015,0.0032,0.0048,0.0,0.00067,0.0,0.0,0.682,0.0,0.0,0.00033,0.021,0.00006,0.00071,0.0183,0.00001,0.0,0.0,0.0,0.0028,0.009,0.0065,0.7832,0.0468,0.0017,0.0121,0.0,0.0,0.00001,0.0166
24506877,0.00003,0.0,0.0001,0.0029,0.0069,0.0119,0.025,0.003,0.8,0.00021,0.00002,0.00004,0.00006,0.003,0.0,0.00024,0.0215,0.00038,0.0025,0.00089,0.00005,0.0079,0.00017,0.00045,0.0,0.00015,0.00009,0.00001,0.0,0.0119,0.0017,0.00006,0.00023,0.0017,0.00032,0.00003,0.0,0.0,0.004,0.0018,0.00099,0.0012,0.0131,0.0041,0.0076,0.0,0.0,0.00004,0.00077
26223187,0.0,0.0,0.0,0.1056,0.00064,0.0035,0.107,0.0185,0.00023,0.00005,0.00043,0.00008,0.00007,0.0162,0.00066,0.0074,0.00068,0.00004,0.007,0.00089,0.00005,0.0329,0.00004,0.00026,0.0,0.0,0.0019,0.00002,0.0,0.0053,0.003,0.00002,0.00071,0.0063,0.00015,0.00003,0.00002,0.00004,0.0015,0.4277,0.00015,0.0012,0.005,0.0099,0.0052,0.0,0.00002,0.00001,0.00041
26835857,0.0,0.0,0.0001,0.0046,0.0103,0.0027,0.0857,0.0054,0.00015,0.0,0.00001,0.0,0.00006,0.0072,0.0,0.0013,0.0001,0.00038,0.0025,0.00089,0.0167,0.0794,0.00034,0.0003,0.0,0.0,0.0547,0.0,0.0,0.0013,0.01,0.00003,0.00071,0.1148,0.0,0.00063,0.0,0.0,0.00089,0.02,0.00032,0.00058,0.0074,0.0442,0.0013,0.0,0.0,0.00001,0.00041
27143117,0.0,0.0,0.0001,0.00072,0.8583,0.0008,0.00081,0.00069,0.00015,0.0,0.0,0.0001,0.00006,0.00075,0.0,0.00008,0.00015,0.00008,0.00056,0.00024,0.00003,0.0123,0.00027,0.003,0.0,0.0,0.00009,0.00002,0.0075,0.0039,0.0077,0.00003,0.00086,0.0047,0.00001,0.0,0.00002,0.00004,0.0019,0.0026,0.00099,0.00006,0.0027,0.0033,0.0077,0.0,0.0,0.00016,0.00022
27184287,0.0,0.0,0.0,0.0013,0.00049,0.0315,0.0,0.00069,0.0053,0.00005,0.00003,0.00023,0.00007,0.00041,0.0,0.00022,0.0013,0.00019,0.0025,0.00099,0.00002,0.0112,0.00004,0.00018,0.00002,0.0,0.00004,0.00001,0.00006,0.00033,0.0048,0.00006,0.0494,0.00061,0.00001,0.0,0.0,0.0,0.0509,0.0012,0.0012,0.00033,0.0131,0.0054,0.9767,0.0126,0.9956,0.00002,0.00044
27191407,0.0,0.00002,0.0001,0.0023,0.0069,0.0008,0.0468,0.0024,0.00015,0.00005,0.00007,0.00006,0.00064,0.0072,0.0,0.0013,0.00021,0.00075,0.0041,0.00099,0.00063,0.0075,0.00017,0.00067,0.00002,0.0,0.0034,0.00016,0.0,0.00079,0.0017,0.00006,0.00029,0.0035,0.00015,0.00003,0.00004,0.00003,0.0152,0.0036,0.0129,0.0169,0.0204,0.0033,0.0039,0.0,0.0,0.00004,0.0037
28142397,0.0,0.0,0.0,0.00015,0.00016,0.0061,0.8728,0.00013,0.00015,0.00001,0.00001,0.00002,0.0018,0.00091,0.0,0.00079,0.00015,0.00019,0.013,0.0044,0.00006,0.0029,0.0,0.00023,0.0,0.0,0.00017,0.0,0.0,0.00013,0.0027,0.00002,0.00014,0.2655,0.00001,0.0,0.0,0.0,0.0014,0.0088,0.00015,0.7832,0.0071,0.0013,0.00086,0.0,0.00002,0.00002,0.0054
27138817,0.0,0.0,0.0,0.0135,0.0012,0.0022,0.0282,0.0108,0.00015,0.00001,0.00002,0.0041,0.00007,0.5981,0.0,0.00016,0.00026,0.00017,0.0016,0.00024,0.00005,0.0062,0.00036,0.00056,0.0,0.0,0.00091,0.0,0.0,0.00079,0.0712,0.00003,0.0014,0.0017,0.00001,0.0,0.0,0.00004,0.0056,0.0413,0.0021,0.0029,0.005,0.0316,0.0025,0.0,0.0,0.00073,0.00077
27965787,0.0,0.0,0.0833,0.0034,0.00049,0.0325,0.9651,0.00042,0.00015,0.0,0.00002,0.00004,0.0053,0.00041,0.0,0.0732,0.00021,0.00017,0.0035,0.8182,0.00014,0.0794,0.00005,0.0498,0.0,0.00015,0.3049,0.00002,0.0,0.0002,0.00057,0.00006,0.00097,0.5165,0.0,0.00003,0.00004,0.0,0.0015,0.0647,0.00012,0.5269,0.002,0.0716,0.0025,0.00037,0.0,0.00043,0.0011
28552947,0.0,0.00002,0.0,0.006,0.00049,0.00052,0.0175,0.0016,0.00015,0.00019,0.00002,0.00002,0.00006,0.0019,0.0,0.00018,0.0019,0.00019,0.0025,0.00022,0.00005,0.0112,0.001,0.00023,0.0,0.0,0.00009,0.00002,0.0,0.00013,0.0136,0.00003,0.00014,0.0047,0.00015,0.0,0.0,0.0,0.0013,0.0133,0.00099,0.00084,0.0978,0.0156,0.0013,0.0,0.0,0.00001,0.00077
28457587,0.0,0.0,0.0,0.028,0.0035,0.00018,0.0468,0.0711,0.00015,0.00019,0.00045,0.00002,0.00006,0.00063,0.0,0.00008,0.00026,0.00017,0.0019,0.0031,0.0,0.0759,0.0015,0.00018,0.0,0.0,0.0015,0.00024,0.0,0.0004,0.0146,0.00003,0.0026,0.0197,0.00001,0.0,0.0,0.00004,0.0028,0.009,0.00099,0.0042,0.0071,0.039,0.6306,0.0,0.00006,0.00004,0.0097
29126277,0.0,0.0,0.0,0.0426,0.0083,0.00052,0.1485,0.0642,0.00015,0.0,0.00001,0.00002,0.00007,0.0585,0.6706,0.00018,0.0,0.00034,0.1623,0.0025,0.00014,0.0516,0.00005,0.00045,0.0,0.0,0.00091,0.00001,0.0,0.00013,0.0016,0.00006,0.00029,0.0233,0.00001,0.0,0.0,0.00003,0.1644,0.0885,0.001,0.001,0.0407,0.5657,0.00045,0.0,0.0,0.00008,0.0166
29349727,0.0,0.0,0.0,0.0088,0.00064,0.0011,0.0056,0.0596,0.00023,0.0,0.00007,0.0034,0.00006,0.3968,0.0,0.00018,0.00026,0.00017,0.0063,0.00099,0.00014,0.0123,0.00027,0.00067,0.0,0.0,0.0079,0.0,0.0,0.001,0.0016,0.00023,0.00034,0.0124,0.00001,0.0,0.0,0.0331,0.00089,0.0026,0.0021,0.0016,0.0168,0.0442,0.0039,0.0,0.0,0.00004,0.00022
30304477,0.0,0.0,0.0,0.00072,0.0246,0.014,0.2831,0.0015,0.00015,0.0,0.00003,0.00023,0.00039,0.0023,0.0,0.00024,0.0,0.00017,0.0187,0.0025,0.005,0.2442,0.00004,0.00026,0.0,0.0,0.0033,0.00002,0.0,0.0001,0.0016,0.00003,0.00014,0.0292,0.00001,0.0,0.0,0.00004,0.0013,0.0309,0.00032,0.0064,0.0027,0.0014,0.0265,0.0,0.0,0.00002,0.00013
31132877,0.0,0.0,0.0,0.0061,0.00016,0.00073,0.0857,0.5938,0.00062,0.00005,0.00001,0.0,0.0011,0.00041,0.0,0.00024,0.00021,0.00017,0.0151,0.00008,0.00002,0.0404,0.00004,0.0003,0.0,0.0,0.00017,0.00002,0.0,0.00013,0.0059,0.00006,0.00014,0.025,0.0,0.0,0.0,0.0,0.00067,0.0058,0.00036,0.001,0.0074,0.8888,0.00086,0.0,0.0,0.00002,0.00013
31951767,0.00005,0.00002,0.0037,0.0029,0.0639,0.0048,0.0367,0.0063,0.0135,0.0012,0.00007,0.00078,0.00007,0.0034,0.0,0.0013,0.0114,0.00071,0.0025,0.0005,0.00014,0.0101,0.00049,0.003,0.0,0.00015,0.00039,0.00025,0.0,0.0111,0.003,0.00006,0.00097,0.0029,0.0064,0.00076,0.00048,0.00043,0.0079,0.009,0.004,0.0029,0.0074,0.0201,0.0982,0.00003,0.00002,0.00004,0.00061
32045917,0.0,0.0,0.0,0.0095,0.001,0.0017,0.0367,0.0628,0.00015,0.00082,0.00045,0.00008,0.00007,0.0014,0.0,0.0013,0.0013,0.00019,0.0018,0.00022,0.00014,0.0029,0.00036,0.00045,0.0,0.0,0.00009,0.00002,0.0,0.00013,0.00057,0.00023,0.00023,0.0047,0.00001,0.0,0.0,0.00003,0.0254,0.003,0.0039,0.0029,0.0071,0.0167,0.1331,0.0,0.00002,0.00001,0.00013
32047067,0.0,0.0,0.00006,0.00015,0.0052,0.0022,0.00076,0.0073,0.004,0.0,0.00002,0.00002,0.00006,0.0019,0.0,0.00016,0.00068,0.00004,0.0025,0.00006,0.00002,0.0066,0.0037,0.00067,0.0,0.0,0.00009,0.002,0.0,0.00013,0.01,0.00002,0.9199,0.0014,0.00001,0.0,0.00013,0.0,0.0651,0.0058,0.00032,0.00006,0.0167,0.0033,0.9573,0.00004,0.9956,0.0,0.0011
32100127,0.0,0.0,0.0,0.028,0.00064,0.0147,0.006,0.0056,0.00015,0.00001,0.00002,0.00002,0.00006,0.00049,0.0,0.0011,0.00021,0.00014,0.0323,0.0347,0.00003,0.0075,0.0,0.00026,0.0,0.0,0.00004,0.0,0.0,0.00018,0.00057,0.00002,0.00029,0.00061,0.0,0.0,0.0,0.0,0.00039,0.0013,0.0021,0.0042,0.0168,0.00083,0.0013,0.0,0.0,0.00001,0.00022
25660618,0.0,0.0,0.0,0.7592,0.00064,0.0013,0.0249,0.0088,0.00037,0.00005,0.00002,0.00078,0.00006,0.0023,0.0,0.00018,0.00047,0.00038,0.0017,0.00024,0.00002,0.0055,0.0358,0.00045,0.0,0.0,0.00039,0.00004,0.0,0.001,0.0017,0.0012,0.0016,0.015,0.00001,0.0,0.0,0.00004,0.0079,0.0016,0.0072,0.0016,0.0027,0.0112,0.0013,0.0,0.0,0.00002,0.00023
25649308,0.0,0.0,0.0,0.0003,0.00016,0.6548,0.0147,0.0016,0.00015,0.00019,0.00007,0.00002,0.00007,0.0039,0.0,0.00024,0.0047,0.00038,0.0025,0.00089,0.00005,0.0079,0.0037,0.003,0.0,0.0,0.00009,0.00003,0.0,0.00017,0.00077,0.00003,0.00071,0.0007,0.00001,0.00003,0.00004,0.00003,0.0043,0.0053,0.00049,0.00058,0.0204,0.0041,0.9767,0.0,0.00002,0.00001,0.00013
24893798,0.0,0.0,0.0,0.0003,0.00016,0.00035,0.0056,0.00013,0.00023,0.0,0.0,0.00002,0.00006,0.00075,0.0,0.00037,0.00021,0.00038,0.0016,0.00016,0.00003,0.0029,0.0,0.00026,0.0,0.0,0.00009,0.00001,0.0,0.00033,0.0017,0.00006,0.00029,0.0035,0.00001,0.0,0.00003,0.0,0.0014,0.00084,0.9396,0.0042,0.0108,0.0013,0.0021,0.0,0.0,0.00001,0.00023
125578,0.00005,0.0,0.0011,0.0003,0.0127,0.2886,0.8728,0.0015,0.00062,0.0,0.00002,0.00078,0.0863,0.00049,0.0,0.94,0.00034,0.00017,0.00095,0.00024,0.00002,0.1414,0.00027,0.0019,0.0,0.0,0.00009,0.00025,0.0,0.001,0.001,0.00003,0.0014,0.0018,0.00015,0.00006,0.00013,0.00003,0.0019,0.0026,0.0706,0.2197,0.0028,0.0204,0.0121,0.0,0.00006,0.00002,0.00022
159848,0.0,0.0,0.0,0.0017,0.00016,0.1198,0.936,0.0016,0.00015,0.00021,0.00002,0.00023,0.00007,0.0023,0.0,0.0017,0.00026,0.00019,0.00065,0.00099,0.00005,0.2049,0.00005,0.0015,0.0,0.0,0.00004,0.00036,0.0,0.0002,0.5073,0.00003,0.00014,0.1,0.00001,0.0,0.0,0.00004,0.0079,0.1662,0.0171,0.0505,0.0031,0.0201,0.0013,0.0,0.0,0.00004,0.00023
6475578,0.00005,0.0,0.0014,0.0023,0.0639,0.0027,0.0449,0.0062,0.0015,0.00021,0.00045,0.00023,0.00039,0.0072,0.0,0.00094,0.0024,0.0013,0.0077,0.00089,0.00005,0.0268,0.00049,0.0019,0.00002,0.0,0.00009,0.00024,0.0,0.0013,0.0024,0.00006,0.00034,0.0078,0.00015,0.00033,0.0018,0.00066,0.0079,0.0058,0.0019,0.002,0.0062,0.0201,0.05,0.0,0.0,0.00004,0.00041
6524198,0.0,0.0,0.0001,0.0019,0.0246,0.0027,0.0078,0.003,0.00015,0.00021,0.00007,0.00008,0.00006,0.003,0.0,0.00016,0.00068,0.00038,0.0031,0.00089,0.00006,0.0018,0.00004,0.0011,0.0,0.0,0.00017,0.00024,0.0,0.0004,0.00095,0.00006,0.00029,0.0029,0.00015,0.00003,0.00003,0.00004,0.0014,0.0026,0.0171,0.001,0.0074,0.039,0.0162,0.00003,0.0,0.00002,0.00023
3617108,0.0,0.0,0.0,0.0034,0.0038,0.0012,0.0039,0.0056,0.00062,0.00005,0.00002,0.00023,0.00007,0.0072,0.0,0.00037,0.00034,0.00075,0.0063,0.00024,0.00005,0.0099,0.00005,0.00045,0.00002,0.0,0.00039,0.00016,0.0,0.0013,0.0017,0.00017,0.0016,0.0012,0.00001,0.0,0.0,0.00003,0.0056,0.0018,0.0401,0.0056,0.0108,0.0201,0.0162,0.0,0.0,0.00008,0.00041
3476958,0.00005,0.0,0.0011,0.0046,0.163,0.0008,0.0087,0.0016,0.00015,0.00005,0.00002,0.00002,0.00007,0.0023,0.0,0.00024,0.0013,0.00017,0.00065,0.00024,0.00002,0.0029,0.00017,0.00056,0.0,0.00004,0.00009,0.00002,0.0,0.0013,0.01,0.00002,0.00034,0.0017,0.00032,0.00065,0.00004,0.00003,0.00089,0.0026,0.00049,0.001,0.002,0.0049,0.0039,0.00003,0.0,0.00016,0.00022
3478668,0.0,0.00002,0.00018,0.0023,0.6717,0.0048,0.0367,0.0015,0.00062,0.00005,0.00002,0.00023,0.00006,0.0041,0.0,0.0013,0.00068,0.00038,0.0035,0.0005,0.00003,0.0224,0.00011,0.00045,0.0,0.00004,0.00009,0.00002,0.0,0.00054,0.00057,0.00003,0.00029,0.0017,0.00072,0.00006,0.00013,0.00028,0.0044,0.0064,0.0019,0.001,0.0031,0.0986,0.6935,0.0,0.0,0.00001,0.00041
2791758,0.0,0.00002,0.0001,0.0015,0.0043,0.0022,0.0089,0.0024,0.00023,0.00005,0.00001,0.00078,0.00006,0.0019,0.0,0.0013,0.00026,0.00071,0.0015,0.0025,0.00014,0.0123,0.00017,0.00067,0.0,0.0,0.00091,0.00016,0.0,0.0013,0.0017,0.00006,0.00086,0.0029,0.00001,0.0,0.00004,0.00003,0.0079,0.0013,0.0019,0.0032,0.005,0.0248,0.0062,0.0,0.0,0.00002,0.00013
2044398,0.0,0.0,0.0,0.0003,0.00064,0.1603,0.9909,0.0016,0.00023,0.00005,0.00003,0.00002,0.00006,0.00049,0.0,0.9031,0.0001,0.00038,0.0035,0.00033,0.00003,0.0156,0.0,0.00026,0.00002,0.0,0.00034,0.00016,0.0,0.00013,0.00057,0.00006,0.00029,0.2135,0.00001,0.0,0.0,0.00003,0.00089,0.0333,0.0833,0.7893,0.0012,0.0239,0.0025,0.0,0.0,0.00001,0.0013
32818528,0.0,0.0,0.0,0.2404,0.00016,0.00018,0.0133,0.0185,0.00015,0.0,0.00001,0.0,0.00006,0.005,0.0,0.00022,0.0001,0.00015,0.00095,0.00016,0.00002,0.0029,0.00004,0.0,0.0,0.0,0.00017,0.0,0.0,0.00017,0.021,0.00006,0.00029,0.0824,0.00001,0.0,0.0,0.0,0.0182,0.007,0.00047,0.0016,0.0027,0.0033,0.0013,0.0,0.0,0.00002,0.00022
8428898,0.0,0.0,0.0,0.00015,0.001,0.1198,0.025,0.0024,0.00023,0.0,0.00001,0.00004,0.00006,0.0023,0.0,0.4375,0.00021,0.00038,0.00056,0.00008,0.00002,0.0314,0.0,0.00044,0.0,0.0,0.00004,0.0,0.0,0.00033,0.0017,0.00003,0.9147,0.0029,0.00001,0.0,0.0,0.0,0.0028,0.0064,0.00099,0.0169,0.0146,0.0041,0.9094,0.0,0.0364,0.00002,0.00013
7684468,0.00003,0.0,0.0,0.00045,0.0012,0.00052,0.0361,0.0025,0.00023,0.00011,0.00007,0.00002,0.00006,0.00049,0.0,0.00018,0.00034,0.00038,0.0046,0.00024,0.00076,0.0029,0.00004,0.00026,0.00002,0.0,0.0003,0.00002,0.0,0.00013,0.0013,0.00003,0.00071,0.0018,0.00001,0.0002,0.0,0.00004,0.00089,0.00037,0.004,0.001,0.0031,0.0014,0.0013,0.0,0.0,0.00004,0.00022
8510058,0.00003,0.0,0.0016,0.0667,0.0012,0.0027,0.0175,0.0088,0.0015,0.00005,0.00002,0.00008,0.00006,0.015,0.0,0.00024,0.00026,0.0021,0.007,0.0015,0.00002,0.1414,0.00005,0.0014,0.0,0.00004,0.00091,0.0,0.0,0.0018,0.0048,0.00023,0.00034,0.0017,0.00009,0.0,0.0018,0.00004,0.00089,0.009,0.0012,0.0042,0.0045,0.0054,0.0074,0.0,0.0,0.00008,0.0011
7531668,0.0,0.0,0.0001,0.00093,0.0162,0.0011,0.0133,0.0185,0.00015,0.00005,0.00003,0.00002,0.00039,0.0072,0.0,0.0013,0.00068,0.0011,0.0041,0.00099,0.00005,0.2834,0.0,0.00045,0.0,0.0,0.00009,0.00002,0.0,0.001,0.0048,0.0,0.00086,0.0014,0.00001,0.0,0.00003,0.0,0.0655,0.8364,0.0019,0.0056,0.00072,0.0167,0.0013,0.0,0.0,0.00002,0.00013
8727138,0.0,0.0,0.00049,0.00015,0.0092,0.0035,0.2429,0.003,0.00015,0.0,0.00002,0.00002,0.00002,0.00041,0.0,0.0013,0.00015,0.00071,0.0025,0.0052,0.00002,0.274,0.0,0.00026,0.0,0.0,0.00004,0.00001,0.0,0.00013,0.0024,0.00002,0.00029,0.0078,0.00001,0.00003,0.00022,0.0,0.0013,0.0133,0.00047,0.001,0.0027,0.0183,0.0077,0.0,0.0,0.00004,0.00022
9666878,0.0,0.0,0.00001,0.0357,0.0023,0.0011,0.006,0.0088,0.00015,0.00005,0.00007,0.00006,0.00007,0.005,0.0,0.00024,0.00094,0.00017,0.0035,0.00089,0.00014,0.0101,0.00017,0.00045,0.0,0.0,0.00055,0.00004,0.0,0.0025,0.00095,0.00017,0.00029,0.0028,0.00015,0.0,0.00004,0.00003,0.0028,0.0053,0.0012,0.0077,0.0131,0.0239,0.0162,0.0,0.0,0.00004,0.00061
10230138,0.00003,0.0,0.0001,0.0034,0.0042,0.0027,0.0478,0.0056,0.00037,0.00021,0.00002,0.00002,0.00006,0.0023,0.0,0.00024,0.0013,0.0013,0.0187,0.00099,0.00006,0.0048,0.00017,0.00073,0.00002,0.0,0.0024,0.00024,0.00038,0.00079,0.0024,0.00006,0.00041,0.0029,0.00015,0.00003,0.00004,0.00004,0.0056,0.0053,0.0021,0.0056,0.4135,0.0086,0.0035,0.0,0.0,0.00004,0.0097
10396888,0.0,0.00002,0.00001,0.00072,0.001,0.0061,0.9063,0.0011,0.0012,0.00021,0.00007,0.00023,0.0053,0.011,0.0,0.0013,0.00026,0.0013,0.0063,0.0005,0.00076,0.0224,0.00005,0.00045,0.00002,0.0,0.00017,0.00002,0.0,0.00033,0.0343,0.00006,0.00086,0.0292,0.00015,0.0,0.0,0.00004,0.0014,0.007,0.025,0.7939,0.0131,0.0054,0.0162,0.0,0.0,0.00002,0.00051
10410848,0.00003,0.00002,0.0001,0.0023,0.0127,0.0061,0.006,0.0024,0.0011,0.00005,0.00002,0.00006,0.00007,0.0039,0.0,0.0017,0.00034,0.00071,0.0025,0.00024,0.00003,0.0066,0.00005,0.0014,0.0,0.0,0.00034,0.00016,0.0,0.0039,0.00076,0.00002,0.0029,0.0017,0.00015,0.00003,0.00004,0.00004,0.0019,0.0018,0.00047,0.00084,0.0071,0.0167,0.8286,0.0,0.0039,0.0,0.00023
10511388,0.00003,0.00002,0.0016,0.00072,0.0026,0.0035,0.0213,0.003,0.00062,0.00005,0.00001,0.00008,0.00026,0.0017,0.0,0.00016,0.00068,0.00039,0.0025,0.00024,0.00014,0.0017,0.00004,0.008,0.0,0.00004,0.00009,0.00024,0.0,0.0013,0.0012,0.00003,0.00034,0.0063,0.00015,0.00033,0.00004,0.0,0.0074,0.0013,0.0039,0.0066,0.0057,0.0041,0.8613,0.0,0.0,0.0,0.00054
11246648,0.0,0.0,0.0,0.00072,0.001,0.0061,0.7908,0.0012,0.00015,0.0,0.00002,0.00006,0.0007,0.00091,0.0,0.0017,0.00021,0.00075,0.7835,0.00057,0.00014,0.0715,0.00004,0.00027,0.0,0.0,0.00039,0.00024,0.0,0.0002,0.0017,0.00003,0.00071,0.0123,0.00001,0.00003,0.0,0.0,0.0019,0.0064,0.0021,0.7832,0.005,0.0054,0.0077,0.0,0.00002,0.00003,0.00023
11320278,0.00003,0.00002,0.0001,0.00072,0.8837,0.0027,0.0039,0.0015,0.00037,0.00036,0.00007,0.00065,0.00007,0.003,0.0,0.00037,0.00068,0.00038,0.0018,0.00022,0.00005,0.0123,0.00011,0.001,0.0,0.0,0.00091,0.0006,0.0,0.0026,0.00076,0.00006,0.00029,0.0017,0.00015,0.00005,0.00022,0.00018,0.0014,0.0088,0.00099,0.0016,0.0012,0.0023,0.8239,0.0,0.0,0.00002,0.00041
12133068,0.0,0.0,0.00001,0.4713,0.00016,0.0034,0.0213,0.0108,0.00015,0.0,0.00001,0.0,0.0007,0.00091,0.0,0.002,0.00015,0.00075,0.0213,0.0069,0.00002,0.0329,0.00004,0.00026,0.0,0.0,0.00009,0.00002,0.0,0.00013,0.00057,0.00006,0.00014,0.0379,0.00001,0.0,0.0,0.0,0.0028,0.0133,0.00032,0.0906,0.0027,0.0041,0.00071,0.0,0.0,0.0,0.00077
14617718,0.0,0.0,0.00006,0.006,0.00064,0.0668,0.9859,0.00069,0.0011,0.00001,0.00001,0.00002,0.00006,0.003,0.0,0.9587,0.0001,0.00038,0.0035,0.00099,0.00003,0.0123,0.00005,0.00056,0.00002,0.0,0.00034,0.00002,0.0,0.00033,0.0024,0.00017,0.00029,0.0078,0.00001,0.0,0.00002,0.0,0.0152,0.02,0.004,0.7832,0.0071,0.0049,0.00086,0.0,0.00002,0.00008,0.00023
14710468,0.0,0.0,0.0,0.0061,0.0038,0.0035,0.0175,0.0225,0.00015,0.0,0.00001,0.00008,0.00039,0.0748,0.00066,0.00016,0.00026,0.00071,0.011,0.00089,0.00005,0.1379,0.00027,0.00045,0.0,0.0,0.0033,0.0,0.0,0.00013,0.8964,0.0012,0.00023,0.0532,0.00001,0.0,0.0,0.00003,0.0509,0.0309,0.0045,0.0018,0.0108,0.039,0.0013,0.0,0.0,0.00073,0.008
15606908,0.00003,0.0,0.00001,0.002,0.00064,0.00052,0.0016,0.003,0.00023,0.00019,0.00001,0.00002,0.00006,0.00091,0.0,0.00016,0.00047,0.00017,0.0036,0.00057,0.00016,0.0077,0.00034,0.0012,0.0,0.0,0.00017,0.00004,0.0,0.00013,0.0024,0.00003,0.00034,0.0014,0.00015,0.00005,0.0,0.0,0.00089,0.0088,0.00099,0.00058,0.00099,0.0014,0.0615,0.0,0.0,0.00002,0.00013
17290208,0.0,0.0,0.00007,0.0023,0.9816,0.00052,0.0031,0.0015,0.00015,0.00001,0.00002,0.00004,0.00006,0.0023,0.0,0.00016,0.00021,0.00017,0.0019,0.00016,0.00002,0.0123,0.00005,0.00045,0.0,0.0,0.00009,0.00004,0.0,0.0039,0.00076,0.00003,0.00014,0.0078,0.00001,0.00003,0.0,0.0,0.00067,0.00051,0.00047,0.00058,0.0074,0.7321,0.0039,0.0,0.0,0.00008,0.00013
18021928,0.0,0.0,0.00049,0.0029,0.9398,0.0027,0.0138,0.0035,0.00037,0.00005,0.00002,0.00078,0.00006,0.003,0.0,0.00024,0.00047,0.00038,0.00056,0.00016,0.00005,0.1166,0.00049,0.0021,0.0,0.0,0.00009,0.00003,0.0,0.0177,0.0024,0.00006,0.00041,0.0017,0.00009,0.00003,0.00013,0.00004,0.0079,0.003,0.00049,0.00033,0.002,0.0393,0.0062,0.0,0.0,0.00002,0.00041
17996378,0.0,0.0,0.0,0.0203,0.00016,0.0012,0.1103,0.0049,0.00023,0.00001,0.00001,0.00008,0.00006,0.0014,0.0,0.00018,0.00021,0.0011,0.0025,0.00022,0.00002,0.0537,0.00027,0.00023,0.0,0.0,0.0003,0.0,0.0,0.00018,0.0656,0.00003,0.00086,0.0123,0.00024,0.0,0.0,0.0,0.6231,0.0058,0.00047,0.002,0.0027,0.0239,0.0077,0.0,0.0,0.00001,0.0013
18227418,0.0,0.0,0.0011,0.0023,0.7024,0.0027,0.016,0.0041,0.00037,0.00021,0.00007,0.00002,0.00006,0.011,0.0,0.00024,0.0013,0.00039,0.0046,0.0005,0.00003,0.0794,0.00004,0.003,0.0,0.0,0.00009,0.00016,0.0,0.00033,0.0024,0.00006,0.00014,0.0063,0.00009,0.0,0.00004,0.00003,0.0155,0.0026,0.0012,0.001,0.0045,0.1531,0.0513,0.0,0.0,0.00008,0.00023
18991888,0.00003,0.00002,0.0001,0.006,0.001,0.0053,0.0147,0.0088,0.00015,0.00019,0.00002,0.00008,0.0007,0.00063,0.0,0.0065,0.00068,0.00034,0.013,0.0004,0.00005,0.0052,0.00005,0.00056,0.0,0.00004,0.00009,0.0,0.0,0.0002,0.0016,0.00006,0.00097,0.0047,0.00015,0.00006,0.00002,0.0,0.00067,0.00084,0.0039,0.0029,0.0027,0.0054,0.6306,0.0,0.0,0.00001,0.00023
19060588,0.0,0.0,0.0,0.0023,0.00016,0.0011,0.0078,0.5938,0.00015,0.0,0.0,0.00002,0.00002,0.00063,0.0,0.00008,0.00021,0.00019,0.0213,0.00089,0.00002,0.0207,0.0,0.00026,0.0,0.0,0.00004,0.0,0.0,0.00013,0.0146,0.00017,0.00023,0.0063,0.00001,0.0,0.0,0.0,0.0013,0.0088,0.00049,0.00006,0.0027,0.2899,0.0013,0.0,0.00006,0.0,0.0013
18777227,0.0,0.0,0.00007,0.0023,0.0023,0.0048,0.025,0.0185,0.00015,0.0,0.0,0.00078,0.00064,0.0072,0.0,0.0017,0.00021,0.0024,0.007,0.00093,0.0032,0.0207,0.00027,0.00026,0.0,0.0,0.2266,0.00001,0.0,0.00033,0.00095,0.00017,0.00071,0.008,0.00001,0.00003,0.0,0.0,0.00067,0.02,0.00036,0.0042,0.005,0.0316,0.0013,0.0,0.0,0.00002,0.00022
20430517,0.0,0.0,0.00001,0.00015,0.9865,0.00052,0.0016,0.00069,0.00023,0.00001,0.00002,0.00023,0.00002,0.0,0.0,0.00008,0.0001,0.00017,0.0,0.00006,0.00002,0.0123,0.00049,0.00045,0.0,0.0,0.00009,0.00002,0.0,0.0053,0.00057,0.0,0.0026,0.00061,0.00001,0.00003,0.00004,0.0,0.0374,0.0012,0.00032,0.00006,0.0027,0.0099,0.9573,0.0,0.1368,0.00002,0.00013
20550947,0.0,0.00002,0.00001,0.00072,0.0012,0.0022,0.0147,0.0016,0.00023,0.00005,0.00007,0.00008,0.00039,0.00091,0.0,0.0013,0.0047,0.00038,0.00056,0.00022,0.00014,0.0048,0.00027,0.00045,0.0,0.0,0.0003,0.00002,0.0,0.001,0.00076,0.00003,0.00071,0.0018,0.00015,0.00003,0.00002,0.0,0.00067,0.0013,0.0039,0.0032,0.005,0.0014,0.4624,0.0,0.0,0.00004,0.00022
20801087,0.00003,0.0,0.00045,0.0034,0.0148,0.0071,0.0147,0.0016,0.0011,0.00036,0.00045,0.00023,0.0011,0.003,0.0,0.002,0.0019,0.00038,0.00095,0.00024,0.00006,0.0123,0.00027,0.0021,0.0,0.0,0.00034,0.00004,0.0,0.00079,0.021,0.00003,0.00029,0.0047,0.00001,0.00003,0.00013,0.00043,0.0028,0.003,0.025,0.0077,0.0027,0.0112,0.049,0.00003,0.0,0.00008,0.0054
21171977,0.0,0.0,0.0,0.00072,0.0042,0.00052,0.016,0.0133,0.00015,0.00001,0.00002,0.00002,0.00006,0.00063,0.0,0.00018,0.0001,0.00004,0.00065,0.00006,0.00002,0.0119,0.00027,0.00045,0.0,0.0,0.00009,0.0,0.0,0.00013,0.00057,0.0,0.00014,0.0012,0.00001,0.0,0.0,0.00003,0.004,0.00037,0.00015,0.00009,0.0071,0.0112,0.9573,0.0,0.00063,0.00001,0.00013
20969897,0.0,0.0,0.0,0.00045,0.00016,0.00052,0.0039,0.0015,0.00015,0.0,0.0,0.00002,0.00007,0.00091,0.0,0.00008,0.0,0.00019,0.0015,0.00006,0.00002,0.0017,0.0,0.00027,0.0,0.0,0.00009,0.00001,0.0,0.00013,0.0017,0.00003,0.00023,0.0028,0.00001,0.0,0.0,0.00003,0.0152,0.0036,0.0524,0.00084,0.0112,0.0023,0.0021,0.0,0.0,0.00004,0.0031
22420547,0.00003,0.0,0.0,0.0016,0.0012,0.0011,0.0039,0.00042,0.00015,0.00005,0.00002,0.0015,0.00006,0.00063,0.0,0.00016,0.00021,0.00038,0.00065,0.0052,0.00016,0.0029,0.00005,0.00027,0.0,0.00004,0.00009,0.00004,0.0,0.0018,0.00095,0.0,0.00029,0.0012,0.00015,0.00003,0.0,0.0,0.0056,0.009,0.00049,0.00023,0.002,0.0041,0.0062,0.0,0.0,0.0,0.00061
23161537,0.0,0.0,0.0001,0.1937,0.001,0.0008,0.0075,0.003,0.00015,0.00001,0.00001,0.0,0.00002,0.00041,0.0,0.00018,0.00021,0.00039,0.0391,0.0005,0.00014,0.00031,0.00011,0.00045,0.0,0.0,0.00039,0.00004,0.0,0.0119,0.00057,0.00002,0.00029,0.0018,0.00001,0.0,0.0,0.0,0.00089,0.007,0.0039,0.00009,0.2701,0.0014,0.0039,0.00003,0.0,0.00002,0.0754
23520737,0.0,0.00002,0.0,0.0023,0.0014,0.0048,0.0056,0.0024,0.00023,0.00021,0.00003,0.0012,0.00006,0.0015,0.0,0.00016,0.00068,0.00038,0.0019,0.00013,0.0032,0.00031,0.00049,0.00045,0.00014,0.0,0.0079,0.00004,0.0,0.0018,0.003,0.00002,0.0014,0.0029,0.00024,0.00003,0.0,0.00004,0.0112,0.0053,0.00049,0.00058,0.0031,0.0204,0.9671,0.0,0.00063,0.00004,0.00051
32421607,0.0,0.0,0.0,0.0095,0.00049,0.0035,0.0686,0.0056,0.00015,0.00005,0.00002,0.0014,0.00007,0.9013,0.0,0.0017,0.00015,0.00017,0.0017,0.0005,0.00002,0.0404,0.00095,0.00045,0.0,0.0,0.00017,0.0,0.0,0.00017,0.0146,0.00017,0.00071,0.0078,0.00001,0.0,0.0,0.0,0.0015,0.0151,0.00036,0.001,0.015,0.0201,0.0013,0.0,0.0,0.00016,0.008
24145687,0.0,0.0,0.0,0.7592,0.0033,0.00095,0.223,0.1853,0.00015,0.00005,0.00001,0.00002,0.00006,0.0072,0.0,0.00008,0.0001,0.00008,0.0041,0.00016,0.00005,0.1469,0.0,0.0003,0.0,0.0,0.00009,0.00004,0.0,0.0002,0.0059,0.00006,0.00029,0.0035,0.00001,0.0,0.00003,0.0,0.0014,0.0026,0.00049,0.0042,0.0648,0.9061,0.0162,0.0,0.00002,0.00008,0.00077
24439647,0.0,0.00002,0.00007,0.0028,0.0014,0.6548,0.025,0.014,0.00059,0.00005,0.00002,0.00023,0.00039,0.00091,0.0,0.0057,0.0017,0.00039,0.0063,0.00089,0.00014,0.0029,0.00027,0.0019,0.0,0.00004,0.00034,0.00002,0.0,0.001,0.0016,0.00006,0.0016,0.0019,0.00015,0.00003,0.0,0.00028,0.00067,0.007,0.0026,0.0032,0.0112,0.0099,0.4496,0.0,0.0,0.00002,0.00041
24047427,0.0,0.0,0.0,0.0203,0.0012,0.0027,0.7908,0.0185,0.00023,0.0,0.00002,0.0034,0.00064,0.0097,0.0,0.00037,0.00021,0.00038,0.0437,0.0015,0.00003,0.0899,0.00008,0.00067,0.0,0.0,0.00039,0.0,0.0,0.0004,0.0089,0.00003,0.00071,0.0473,0.00015,0.0,0.00003,0.00003,0.0028,0.1174,0.00012,0.0169,0.0168,0.0054,0.0013,0.0,0.0,0.00008,0.00041
23834377,0.0,0.0,0.0,0.0029,0.00016,0.0008,0.0367,0.0054,0.00015,0.00001,0.0,0.00008,0.0011,0.036,0.0,0.00008,0.0,0.00038,0.0323,0.00099,0.00051,0.0537,0.00011,0.00026,0.0,0.0,0.00039,0.0,0.0,0.0002,0.0024,0.00006,0.00014,0.0022,0.00001,0.0,0.0,0.0,0.0056,0.0498,0.00012,0.0012,0.0027,0.0156,0.0025,0.00003,0.0,0.00004,0.0031
24444827,0.0,0.0,0.0,0.0013,0.00016,0.0008,0.0039,0.0016,0.00023,0.0,0.00001,0.00002,0.00006,0.00075,0.0,0.00024,0.00015,0.00017,0.0323,0.00008,0.00003,0.0017,0.0,0.00023,0.0,0.0,0.00009,0.00003,0.0,0.0004,0.00057,0.00006,0.00014,0.0007,0.00001,0.0,0.0,0.0,0.0028,0.00037,0.0368,0.00084,0.0112,0.0041,0.0025,0.0,0.00002,0.00002,0.00022
24041177,0.0,0.0,0.00001,0.0015,0.001,0.00073,0.025,0.003,0.00023,0.0,0.00002,0.00078,0.00007,0.0434,0.0,0.00024,0.00068,0.00038,0.0077,0.00099,0.0167,0.0314,0.00027,0.003,0.0,0.0,0.207,0.00002,0.0,0.001,0.0039,0.00006,0.00034,0.0179,0.00001,0.00003,0.0,0.0,0.0014,0.0151,0.0045,0.0056,0.0027,0.0054,0.0021,0.0,0.0,0.00002,0.00077
23727837,0.0,0.0,0.00001,0.002,0.0035,0.0008,0.0056,0.0035,0.00062,0.00005,0.00002,0.00004,0.00006,0.0015,0.0,0.00018,0.00026,0.00017,0.0025,0.00013,0.00005,0.00081,0.00005,0.00027,0.0,0.00004,0.00017,0.00024,0.0,0.0039,0.00095,0.00002,0.00023,0.0029,0.00015,0.00003,0.00002,0.00003,0.0019,0.0058,0.00026,0.00033,0.0027,0.00083,0.05,0.0,0.0,0.00004,0.00054
24072057,0.0,0.0,0.0021,0.0016,0.0083,0.00095,0.006,0.003,0.0027,0.00021,0.00007,0.00006,0.00006,0.0023,0.0,0.0013,0.019,0.00071,0.0025,0.00016,0.00006,0.0525,0.00036,0.003,0.0,0.0,0.00091,0.00024,0.0,0.0013,0.0024,0.00002,0.00029,0.0014,0.00001,0.00003,0.00048,0.00066,0.0015,0.0151,0.00099,0.00033,0.00099,0.005,0.879,0.0,0.0,0.00001,0.00077
23747017,0.0,0.0,0.00001,0.0016,0.0121,0.1057,0.0468,0.0049,0.00023,0.00021,0.0026,0.00006,0.00007,0.00075,0.0,0.0017,0.0098,0.00038,0.0046,0.00099,0.00002,0.0432,0.00034,0.003,0.0,0.00004,0.0003,0.00016,0.0,0.0053,0.00095,0.00006,0.00034,0.0292,0.0013,0.0,0.00002,0.00034,0.0019,0.0151,0.00099,0.0554,0.0074,0.0041,0.6213,0.0,0.00002,0.00001,0.00023
24032437,0.0,0.0,0.0,0.00015,0.0013,0.5319,0.0,0.00069,0.00015,0.0,0.00002,0.0034,0.00002,0.0,0.0,0.00008,0.0496,0.00038,0.00095,0.00008,0.0,0.0123,0.00017,0.00067,0.0,0.0,0.00004,0.0,0.0,0.0001,0.00057,0.00003,0.218,0.00061,0.00001,0.0,0.0,0.0,0.0074,0.0053,0.00026,0.0,0.0027,0.0014,0.9864,0.0126,1.0,0.0,0.0
25857177,0.00003,0.00002,0.0001,0.0203,0.0012,0.00073,0.0468,0.0073,0.00015,0.00019,0.00001,0.00023,0.00006,0.0023,0.0,0.00071,0.00021,0.00038,0.0031,0.00099,0.00005,0.0081,0.00005,0.0019,0.0,0.0,0.00017,0.00002,0.0,0.001,0.0164,0.00017,0.00023,0.0063,0.00015,0.00003,0.00004,0.00004,0.0056,0.009,0.0019,0.0016,0.0112,0.0025,0.0025,0.0,0.0,0.00003,0.0097
26738967,0.0,0.0,0.00001,0.0046,0.00016,0.0061,0.006,0.0024,0.00062,0.00005,0.00002,0.00008,0.00007,0.0014,0.0,0.00071,0.0013,0.00071,0.0035,0.00022,0.00005,0.0017,0.00034,0.00045,0.0,0.00004,0.00009,0.00002,0.0,0.00039,0.00077,0.00017,0.0016,0.0014,0.00024,0.00003,0.0,0.00003,0.0013,0.0013,0.0019,0.00058,0.0027,0.0014,0.8613,0.0,0.0012,0.00002,0.00023
26732957,0.0,0.0,0.0001,0.00072,0.9769,0.0011,0.0133,0.00069,0.00015,0.00005,0.00003,0.00023,0.00006,0.00063,0.0,0.00037,0.00021,0.00012,0.0041,0.00016,0.00005,0.2534,0.00017,0.00067,0.0,0.0,0.00009,0.00003,0.0,0.0032,0.003,0.00003,0.00086,0.0029,0.00015,0.00065,0.00004,0.00028,0.0044,0.007,0.00032,0.00033,0.0045,0.0011,0.0615,0.00003,0.00002,0.00004,0.00041
27062417,0.0,0.0,0.0,0.00072,0.00049,0.0008,0.9859,0.00069,0.00015,0.0,0.0,0.0,0.00064,0.0023,0.0,0.002,0.0001,0.00012,0.0018,0.0544,0.00005,0.0053,0.00004,0.00045,0.0,0.0,0.00009,0.00001,0.0,0.0032,0.0024,0.00002,0.00029,0.0907,0.00001,0.0,0.0,0.0,0.0205,0.009,0.00099,0.8815,0.002,0.0014,0.00096,0.0,0.00002,0.00002,0.00041
27669997,0.0,0.0,0.0,0.0788,0.8583,0.00052,0.025,0.00069,0.00015,0.0,0.00002,0.00002,0.00039,0.0023,0.0,0.00016,0.00015,0.00038,0.011,0.00099,0.0032,0.0052,0.00017,0.00067,0.0,0.0,0.0019,0.00004,0.0,0.0018,0.01,0.00006,0.00029,0.00061,0.00001,0.0,0.0,0.0,0.0019,0.00084,0.00037,0.0032,0.0027,0.0015,0.0077,0.0,0.0,0.00008,0.0017
27601477,0.0,0.0,0.0,0.0034,0.00033,0.1198,0.00076,0.0015,0.0135,0.0,0.0,0.0034,0.00006,0.00075,0.0,0.00018,0.004,0.00012,0.00021,0.00008,0.00002,0.0052,0.00004,0.00045,0.0,0.0,0.00017,0.00024,0.0,0.0039,0.0013,0.0,0.3374,0.0014,0.00015,0.0,0.0,0.0,0.00089,0.0058,0.00037,0.0,0.00072,0.0037,0.9429,0.00037,1.0,0.00002,0.00006
28317947,0.0,0.0,0.0,0.0912,0.00049,0.0011,0.0089,0.0024,0.00015,0.00005,0.00001,0.00002,0.00002,0.00063,0.0,0.0013,0.0012,0.00038,0.0036,0.00013,0.00003,0.0654,0.00036,0.00026,0.0,0.0,0.00004,0.00002,0.0,0.0002,0.0017,0.00017,0.0042,0.0019,0.00001,0.0,0.0,0.00003,0.1644,0.0333,0.00099,0.0105,0.0591,0.0041,0.0076,0.0,0.0,0.00002,0.0037
28350947,0.0,0.0,0.0024,0.0003,0.0246,0.2886,0.0056,0.0016,0.00015,0.00001,0.00003,0.00002,0.00006,0.0014,0.0,0.00016,0.0012,0.00019,0.0025,0.00008,0.00006,0.0048,0.00005,0.2847,0.0,0.0,0.00009,0.00002,0.0,0.0001,0.00077,0.00002,0.00071,0.0014,0.00001,0.0,0.00004,0.00043,0.0014,0.003,0.00099,0.0016,0.00072,0.0037,0.9387,0.00003,0.00006,0.0,0.00013
28397967,0.0,0.0,0.0001,0.0,0.00033,0.0315,0.0,0.00069,0.00015,0.00001,0.00043,0.00078,0.00002,0.0,0.0,0.00008,0.00021,0.00008,0.00021,0.0031,0.0,0.0055,0.0037,0.00085,0.0,0.0,0.00004,0.00001,0.0,0.00013,0.0017,0.0,0.9563,0.0012,0.0,0.0,0.00004,0.0,0.0079,0.00027,0.00026,0.00006,0.0288,0.00063,0.9671,0.00004,0.9983,0.00002,0.0
28403387,0.0,0.0,0.0,0.2273,0.00016,0.00052,0.0138,0.0045,0.0,0.0,0.00001,0.00002,0.00006,0.5981,0.0,0.00016,0.00015,0.0,0.0107,0.00024,0.00014,0.0017,0.00005,0.00026,0.00014,0.0,0.00009,0.00001,0.0,0.00013,0.029,0.0,0.00023,0.0022,0.00001,0.0,0.0,0.0,0.004,0.0053,0.00032,0.002,0.00099,0.0037,0.0021,0.0,0.0,0.00016,0.00006
28453527,0.0,0.0,0.00007,0.006,0.00016,0.0022,0.0078,0.0133,0.00015,0.00019,0.00007,0.00002,0.00006,0.0039,0.0,0.00016,0.0012,0.00004,0.0025,0.00008,0.00005,0.00031,0.0037,0.0011,0.0,0.0,0.00009,0.00001,0.0,0.0002,0.00057,0.0,0.00041,0.0012,0.00015,0.00003,0.00004,0.00003,0.00067,0.00084,0.00047,0.0018,0.0978,0.0014,0.0013,0.0,0.0,0.00002,0.0248
29052307,0.0,0.00002,0.0,0.0029,0.0121,0.00095,0.0473,0.0024,0.00023,0.00005,0.00002,0.0015,0.00007,0.00049,0.0,0.00024,0.00026,0.00017,0.00056,0.0005,0.0032,0.16,0.00034,0.00045,0.0,0.0,0.00004,0.00036,0.0,0.0018,0.0146,0.0,0.00014,0.0018,0.00001,0.00003,0.0,0.00003,0.0,0.00027,0.0021,0.0169,0.008,0.0023,0.0265,0.0,0.0,0.00008,0.00041
29790427,0.0,0.0,0.0,0.0003,0.00016,0.00052,0.0056,0.0012,0.00023,0.00005,0.00002,0.00006,0.00006,0.00049,0.0,0.00018,0.00021,0.00004,0.0018,0.00016,0.00005,0.0048,0.0,0.0,0.0,0.0,0.00004,0.00004,0.0,0.00079,0.00076,0.0,0.00034,0.0078,0.00001,0.0,0.0,0.0,0.0,0.0012,0.0171,0.00033,0.0027,0.0037,0.0021,0.0,0.0,0.00004,0.00061
30460747,0.0,0.0,0.0,0.0583,0.00064,0.0022,0.3813,0.0054,0.00023,0.00005,0.00002,0.0012,0.0007,0.00041,0.0,0.00022,0.00021,0.00017,0.0187,0.00099,0.00002,0.0347,0.00095,0.0019,0.0,0.0,0.0143,0.00002,0.0,0.0013,0.00095,0.00006,0.0042,0.0824,0.00001,0.00003,0.0,0.0,0.00089,0.0026,0.00047,0.0179,0.005,0.0183,0.0077,0.0,0.00002,0.00004,0.00022
30462117,0.00003,0.0,0.00007,0.028,0.0014,0.0119,0.0078,0.0015,0.00023,0.00019,0.00002,0.00008,0.00006,0.0017,0.0,0.00018,0.0047,0.00038,0.013,0.00008,0.00006,0.0029,0.00027,0.00056,0.00002,0.00004,0.00055,0.00004,0.0,0.0013,0.00077,0.00003,0.00029,0.0018,0.00015,0.00005,0.00004,0.0,0.004,0.0013,0.0045,0.0013,0.0033,0.0025,0.0225,0.00003,0.0001,0.00016,0.00023
30539767,0.0,0.0,0.0001,0.0029,0.00049,0.0035,0.2162,0.0049,0.00015,0.00005,0.00002,0.00023,0.0025,0.0271,0.0,0.0057,0.00026,0.00008,0.0391,0.00099,0.00005,0.1414,0.00027,0.00045,0.0,0.0,0.00009,0.0,0.0,0.00013,0.0419,0.00002,0.00071,0.0621,0.00001,0.00003,0.00003,0.0,0.0013,0.007,0.00032,0.0029,0.0591,0.0099,0.0035,0.0,0.00002,0.00004,0.00013
30563837,0.0,0.0,0.0,0.00093,0.0012,0.00052,0.0282,0.00069,0.00015,0.0,0.00003,0.0,0.00006,0.00091,0.0,0.0017,0.0026,0.00038,0.007,0.00016,0.00005,0.0066,0.00004,0.00023,0.0,0.0,0.00009,0.0,0.0,0.00013,0.00095,0.00006,0.00029,0.0014,0.00001,0.0,0.0,0.0,0.00039,0.0053,0.00049,0.0169,0.00099,0.0014,0.0013,0.0,0.0,0.00001,0.0018
31008977,0.0,0.0,0.00001,0.00044,0.9645,0.00018,0.0056,0.0035,0.00015,0.00005,0.00003,0.0,0.00002,0.0202,0.0,0.00008,0.0013,0.00017,0.0035,0.00024,0.0,0.0402,0.00036,0.00018,0.0,0.0,0.00009,0.0,0.0,0.0081,0.0017,0.0,0.00071,0.00061,0.00001,0.0,0.0,0.00004,0.00067,0.003,0.00032,0.00033,0.0027,0.0112,0.0734,0.0,0.0,0.0,0.00006
32134887,0.00003,0.0,0.00018,0.0029,0.035,0.0048,0.0282,0.0035,0.0018,0.00019,0.00072,0.0015,0.00007,0.005,0.0,0.00037,0.00026,0.00038,0.0017,0.00024,0.00014,0.0066,0.00049,0.0015,0.00014,0.00004,0.00055,0.0006,0.0075,0.0025,0.0013,0.00006,0.00086,0.0018,0.00001,0.00003,0.0,0.00004,0.0028,0.003,0.0021,0.0056,0.0028,0.1417,0.1576,0.00003,0.0,0.00002,0.00023
651358,0.00003,0.00002,0.0011,0.002,0.036,0.0061,0.0326,0.0133,0.0067,0.00021,0.00007,0.0034,0.00007,0.011,0.0,0.00079,0.0026,0.0013,0.0018,0.00057,0.00005,0.5921,0.0005,0.0015,0.00002,0.00004,0.00039,0.00003,0.0,0.0074,0.0039,0.00006,0.00086,0.0113,0.00032,0.00006,0.00004,0.00043,0.0028,0.0212,0.0045,0.0056,0.0074,0.0248,0.0513,0.0,0.0,0.00004,0.00051
663158,0.00005,0.0,0.00018,0.0029,0.6166,0.0027,0.0138,0.0025,0.0053,0.00001,0.0,0.00065,0.00006,0.003,0.0,0.0011,0.0013,0.0013,0.0016,0.00099,0.00006,0.0404,0.00027,0.001,0.00014,0.00004,0.00017,0.00036,0.0,0.0018,0.003,0.00006,0.0014,0.0078,0.0024,0.00076,0.00004,0.00018,0.0074,0.007,0.0019,0.0032,0.0074,0.0201,0.0121,0.00004,0.0,0.00003,0.00041
715658,0.00005,0.0,0.0001,0.0023,0.0246,0.0027,0.0147,0.0133,0.00073,0.00021,0.00007,0.00023,0.00006,0.003,0.0,0.00022,0.00039,0.0029,0.0019,0.0007,0.00006,0.0314,0.00005,0.00067,0.0,0.00004,0.00035,0.0006,0.0,0.0039,0.00095,0.00003,0.00071,0.0032,0.0013,0.00063,0.00013,0.0,0.0152,0.0498,0.0039,0.0013,0.0027,0.0628,0.3779,0.00004,0.0,0.00002,0.00051
6287578,0.00003,0.00002,0.00018,0.0017,0.0042,0.0053,0.0449,0.0088,0.0067,0.00001,0.00001,0.00023,0.00007,0.0023,0.0,0.002,0.0013,0.00071,0.0036,0.00024,0.00014,0.0029,0.00027,0.003,0.0,0.00004,0.00034,0.00002,0.0,0.0018,0.0024,0.00006,0.00071,0.0017,0.0064,0.00033,0.00004,0.0,0.004,0.0026,0.0045,0.0066,0.0074,0.0037,0.0225,0.0,0.0,0.00016,0.00077
7139208,0.00005,0.0,0.0021,0.002,0.6166,0.0035,0.025,0.0062,0.0236,0.00005,0.00007,0.0034,0.00006,0.011,0.0,0.00022,0.012,0.00038,0.0035,0.0005,0.00005,0.1469,0.00027,0.003,0.0,0.0,0.00017,0.00002,0.0,0.0039,0.0039,0.00006,0.00097,0.0047,0.00015,0.00033,0.0018,0.00004,0.0028,0.009,0.0021,0.0077,0.0074,0.0204,0.0265,0.0,0.0,0.00008,0.00041
6891758,0.00027,0.0,0.0011,0.002,0.0246,0.0048,0.0175,0.0054,0.0011,0.00036,0.00007,0.0001,0.00006,0.003,0.00026,0.0013,0.00068,0.00071,0.0035,0.0004,0.00006,0.0055,0.00027,0.0019,0.0,0.00004,0.00092,0.0006,0.0,0.00079,0.0017,0.00006,0.00071,0.0017,0.00015,0.0051,0.00004,0.00043,0.0074,0.0053,0.0045,0.0064,0.0108,0.0112,0.1981,0.00003,0.0,0.00004,0.0013
3876688,0.00003,0.0,0.00018,0.0013,0.0519,0.014,0.0598,0.0056,0.0027,0.00005,0.00002,0.00078,0.00007,0.0072,0.0,0.0023,0.0013,0.0019,0.0018,0.0005,0.00006,0.0279,0.00034,0.003,0.0,0.00004,0.0034,0.00024,0.0,0.0032,0.0089,0.00006,0.00071,0.0123,0.00015,0.00005,0.00004,0.00003,0.0152,0.009,0.0021,0.0042,0.005,0.0086,0.0795,0.0,0.0,0.00002,0.00051
4053968,0.0,0.0,0.0,0.0013,0.0014,0.0061,0.0857,0.0015,0.00023,0.00001,0.00007,0.00078,0.0007,0.00041,0.0,0.0013,0.0022,0.00038,0.00056,0.00016,0.00002,0.0119,0.00005,0.00045,0.0,0.0,0.00017,0.0,0.0,0.00079,0.0146,0.00002,0.0345,0.0014,0.00001,0.0,0.0,0.00004,0.0014,0.0064,0.0019,0.0023,0.0062,0.0274,0.9767,0.0,0.685,0.00008,0.00006
3865248,0.0,0.0,0.0016,0.0028,0.0821,0.0011,0.0834,0.0035,0.00015,0.00005,0.00001,0.00023,0.00039,0.003,0.0,0.0013,0.0013,0.00039,0.007,0.0015,0.00006,0.0419,0.00095,0.00067,0.0,0.0,0.00009,0.00003,0.0,0.00079,0.2743,0.00003,0.00071,0.0047,0.00015,0.00003,0.00013,0.00004,0.0044,0.0064,0.001,0.001,0.0368,0.0442,0.0039,0.0,0.0,0.00004,0.00041
3681758,0.0,0.0,0.00006,0.0061,0.00033,0.0011,0.0175,0.0628,0.00015,0.0,0.00001,0.00002,0.00006,0.0023,0.0,0.00024,0.00026,0.00038,0.00021,0.00093,0.0032,0.5921,0.00027,0.003,0.0,0.0,0.00034,0.00001,0.0,0.00054,0.0048,0.00003,0.00034,0.0269,0.00001,0.00003,0.0,0.0,0.0112,0.0084,0.0072,0.002,0.0144,0.085,0.00096,0.0,0.0,0.00002,0.0011
1691458,0.0,0.0,0.0,0.002,0.0042,0.0035,0.0147,0.0,0.00015,0.00021,0.00003,0.00002,0.00006,0.00049,0.0,0.00022,0.0001,0.00038,0.00065,0.00022,0.00005,0.0017,0.00004,0.00026,0.00002,0.0,0.00034,0.00002,0.0,0.00013,0.0016,0.00003,0.00014,0.0022,0.00001,0.0,0.0,0.0,0.0028,0.0026,0.0065,0.001,0.0112,0.0023,0.3779,0.0,0.0,0.00001,0.0017
1973218,0.00003,0.0,0.00007,0.0019,0.0042,0.0071,0.0175,0.0185,0.0135,0.00021,0.00002,0.00078,0.00006,0.0017,0.0,0.0013,0.0047,0.00075,0.0025,0.0015,0.00014,0.0123,0.00005,0.00045,0.0,0.0,0.00034,0.00024,0.0,0.0119,0.0146,0.00003,0.0016,0.008,0.0024,0.00003,0.00004,0.00004,0.0079,0.009,0.0039,0.0064,0.0323,0.0156,0.8239,0.00003,0.0,0.00002,0.00054
1810228,0.0,0.0,0.0,0.1443,0.00049,0.0053,0.0147,0.0045,0.00015,0.00005,0.00003,0.00023,0.00006,0.0072,0.0,0.00024,0.00026,0.00017,0.0017,0.0005,0.00005,0.0268,0.00049,0.00045,0.0,0.0,0.0033,0.00024,0.0,0.00079,0.00077,0.00017,0.00029,0.00061,0.00001,0.0,0.00003,0.00004,0.0015,0.1869,0.0026,0.00033,0.0074,0.0628,0.0021,0.0,0.0,0.00001,0.0031
8285088,0.0,0.0,0.0,0.7592,0.001,0.0027,0.0039,0.0088,0.00015,0.00005,0.00002,0.0034,0.00007,0.0072,0.0,0.00016,0.00021,0.00039,0.0017,0.00089,0.00005,0.0055,0.00004,0.00018,0.00002,0.0,0.00017,0.00001,0.0,0.00054,0.0039,0.00006,0.00029,0.0078,0.00001,0.0,0.0,0.0,0.0015,0.009,0.0021,0.0077,0.0131,0.0248,0.0013,0.0,0.0,0.00004,0.00054
8129058,0.0,0.0,0.00001,0.5306,0.00033,0.0061,0.0175,0.0088,0.00015,0.0,0.0,0.00002,0.00039,0.004,0.0,0.00079,0.00034,0.00071,0.00095,0.0005,0.00016,0.5921,0.00005,0.0019,0.0,0.0,0.00034,0.0,0.0,0.00033,0.0048,0.00017,0.00034,0.0017,0.00015,0.00003,0.00004,0.0,0.0079,0.0413,0.0045,0.00058,0.0112,0.0041,0.0013,0.0,0.0,0.00008,0.0018
7599368,0.0,0.0,0.0,0.00072,0.0298,0.0225,0.7908,0.0035,0.00023,0.00005,0.00043,0.00002,0.00006,0.00063,0.0,0.0185,0.0,0.00019,0.0046,0.00099,0.00005,0.0207,0.0,0.0,0.0,0.0,0.00017,0.0,0.0,0.0018,0.0039,0.00023,0.00034,0.0029,0.00001,0.0,0.0,0.00004,0.0074,0.2267,0.004,0.0077,0.0045,0.0112,0.0013,0.0,0.00006,0.00002,0.00041
7625228,0.0,0.0,0.0,0.0938,0.0021,0.0008,0.0175,0.0035,0.00015,0.00005,0.00003,0.00002,0.00006,0.005,0.0,0.00018,0.0001,0.00038,0.0025,0.00016,0.00002,0.0123,0.0,0.0003,0.0,0.0,0.00009,0.0,0.0,0.0018,0.0039,0.00003,0.00029,0.008,0.00001,0.0,0.0,0.0,0.0028,0.1869,0.0012,0.00054,0.002,0.0112,0.0062,0.0,0.0,0.00002,0.00013
8997418,0.00005,0.00002,0.00049,0.0016,0.0023,0.0089,0.016,0.0088,0.00023,0.00021,0.00007,0.0015,0.00007,0.0063,0.0,0.0013,0.0047,0.00038,0.00065,0.0005,0.00006,0.0017,0.00017,0.0176,0.0,0.00004,0.00039,0.00024,0.0,0.0013,0.0048,0.00002,0.00029,0.0028,0.0013,0.00063,0.00022,0.0,0.0079,0.02,0.0039,0.002,0.0112,0.0023,0.6176,0.0,0.00002,0.00002,0.00051
9203698,0.00005,0.0,0.0001,0.0013,0.0038,0.0027,0.0138,0.0133,0.0027,0.00005,0.00002,0.0034,0.00006,0.0261,0.0,0.0018,0.0075,0.00038,0.00056,0.00024,0.00005,0.0123,0.00036,0.00067,0.00014,0.0,0.0034,0.00002,0.0,0.0039,0.001,0.00006,0.00034,0.0063,0.00032,0.00063,0.00004,0.00043,0.0019,0.0088,0.0021,0.016,0.005,0.0099,0.2791,0.0,0.0,0.00002,0.00054
9733408,0.0,0.0,0.00006,0.0029,0.0023,0.0035,0.4424,0.0054,0.00023,0.00005,0.00007,0.00008,0.00006,0.0271,0.0,0.00018,0.0013,0.00071,0.0906,0.00099,0.00005,0.0099,0.00027,0.00045,0.0,0.0,0.00055,0.00004,0.0,0.0018,0.0039,0.00003,0.00071,0.0078,0.00001,0.0,0.00002,0.00004,0.0074,0.0064,0.0039,0.001,0.0323,0.1504,0.0171,0.0,0.0,0.00004,0.00077
9858018,0.0,0.0,0.0001,0.002,0.00064,0.1198,0.025,0.0016,0.00015,0.00001,0.00001,0.00004,0.00006,0.00049,0.0,0.0053,0.0098,0.00017,0.00056,0.0004,0.00006,0.0029,0.00004,0.8344,0.0,0.0,0.00017,0.00024,0.0,0.00054,0.00057,0.00006,0.00029,0.0018,0.00009,0.00003,0.00004,0.0,0.0014,0.00051,0.0171,0.0032,0.00099,0.0041,0.9387,0.0,0.00027,0.00001,0.00013
9863928,0.00003,0.0,0.0001,0.0095,0.4005,0.0048,0.0385,0.0054,0.00015,0.00011,0.00002,0.00002,0.00006,0.0281,0.0,0.00024,0.0047,0.00019,0.0031,0.00022,0.00016,0.0314,0.00005,0.0015,0.0,0.0,0.00039,0.9444,0.0,0.001,0.0089,0.00002,0.0014,0.0017,0.00001,0.00003,0.00013,0.0017,0.1816,0.0115,0.00099,0.001,0.008,0.0051,0.6176,0.0,0.0,0.00002,0.0011
10813008,0.00003,0.0,0.00049,0.002,0.8583,0.0071,0.0282,0.0133,0.0053,0.00011,0.00003,0.00023,0.00006,0.0023,0.0,0.0057,0.0022,0.00071,0.0018,0.00024,0.00002,0.0268,0.00017,0.003,0.00002,0.00004,0.00009,0.00024,0.0,0.0053,0.0016,0.00003,0.0014,0.0029,0.00024,0.00003,0.00004,0.00004,0.0182,0.0151,0.0012,0.0064,0.0045,0.0716,0.678,0.0,0.00063,0.00002,0.00022
10858008,0.0,0.0,0.0,0.0046,0.1123,0.0013,0.0031,0.0062,0.00015,0.00005,0.00002,0.00002,0.00006,0.0072,0.0,0.00022,0.00021,0.00038,0.0213,0.00059,0.00014,0.004,0.00017,0.00045,0.0,0.0,0.00017,0.00002,0.0,0.001,0.0072,0.00003,0.00022,0.0047,0.00015,0.00003,0.0,0.00004,0.0056,0.0026,0.00049,0.00054,0.0031,0.0628,0.00096,0.0,0.00002,0.0,0.00022
11563798,0.0,0.0,0.00006,0.4652,0.0012,0.0089,0.1368,0.0247,0.00023,0.00005,0.00002,0.00078,0.0025,0.0299,0.0,0.00024,0.00021,0.00038,0.007,0.0015,0.00051,0.2834,0.00005,0.00045,0.0,0.0,0.00034,0.00002,0.0,0.00054,0.2424,0.00006,0.0014,0.0364,0.00015,0.00003,0.0,0.00004,0.124,0.4498,0.001,0.0116,0.0288,0.0099,0.0021,0.0,0.0,0.00004,0.00022
15152788,0.00003,0.0,0.00001,0.0023,0.9665,0.0022,0.0175,0.00042,0.00023,0.00005,0.00002,0.00078,0.00006,0.0072,0.0,0.00037,0.00015,0.00038,0.0015,0.00024,0.00005,0.0224,0.00034,0.00027,0.0,0.0,0.00021,0.00002,0.0,0.00079,0.0072,0.00002,0.0029,0.0035,0.00015,0.00003,0.00002,0.00018,0.004,0.0036,0.00099,0.0016,0.002,0.0051,0.1576,0.0,0.0,0.00008,0.00022
14757298,0.0,0.0,0.0001,0.0268,0.0033,0.00095,0.0138,0.0133,0.00015,0.0,0.00001,0.00008,0.00006,0.1652,0.0,0.00094,0.00021,0.00038,0.0035,0.00022,0.00002,0.0099,0.00008,0.0019,0.0,0.00004,0.0159,0.00002,0.0,0.0013,0.0016,0.00002,0.00071,0.0078,0.00001,0.0,0.00003,0.00004,0.0152,0.769,0.0065,0.0029,0.002,0.6496,0.0021,0.0,0.0,0.00014,0.0017
15094628,0.0,0.0,0.0,0.00045,0.9833,0.0008,0.0016,0.00069,0.00023,0.00001,0.0,0.00008,0.00006,0.00063,0.0,0.00022,0.0001,0.00038,0.00095,0.00024,0.00014,0.1469,0.00011,0.00026,0.0,0.00004,0.0003,0.00003,0.0,0.00079,0.00077,0.00002,0.00029,0.0021,0.00015,0.00003,0.0,0.00003,0.00089,0.0016,0.0012,0.00054,0.00099,0.0014,0.0942,0.0,0.0,0.00003,0.00041
15797878,0.0,0.0,0.00006,0.2304,0.00049,0.0027,0.0282,0.0049,0.00015,0.00005,0.00002,0.0125,0.00006,0.0072,0.0,0.00071,0.00026,0.00017,0.00095,0.00022,0.00002,0.0415,0.00049,0.0011,0.00002,0.0,0.00039,0.00002,0.0,0.00033,0.00062,0.00006,0.00023,0.0292,0.00001,0.0,0.0,0.00004,0.0043,0.0064,0.00032,0.0105,0.0045,0.0099,0.0025,0.0,0.0,0.00014,0.00054
16319418,0.0,0.0,0.0,0.0135,0.0821,0.00052,0.0213,0.0133,0.00015,0.00005,0.00001,0.00002,0.0007,0.0039,0.0,0.00022,0.0001,0.00019,0.00065,0.00024,0.00063,0.0023,0.00004,0.00045,0.0,0.0,0.00039,0.0,0.0,0.00033,0.0024,0.00017,0.00029,0.023,0.00001,0.0,0.0,0.00003,0.0015,0.0015,0.0012,0.002,0.0027,0.0054,0.0062,0.0,0.0,0.00002,0.002
17880018,0.0,0.0,0.00006,0.00045,0.8591,0.0035,0.0039,0.0016,0.00015,0.00036,0.00001,0.00002,0.00006,0.00049,0.0,0.00008,0.0013,0.00038,0.0035,0.00024,0.00005,0.0041,0.00027,0.0014,0.0,0.0,0.00009,0.00004,0.00006,0.0018,0.00095,0.00002,0.0026,0.0012,0.00009,0.00003,0.00004,0.00004,0.0074,0.0013,0.00032,0.00033,0.00099,0.0052,0.3688,0.0,0.0364,0.0,0.00023
17923388,0.0,0.0,0.0,0.0015,0.0035,0.0027,0.7908,0.0045,0.00023,0.00005,0.00002,0.0012,0.00006,0.0073,0.0,0.00024,0.00021,0.00017,0.0046,0.00013,0.00002,0.3057,0.00004,0.0003,0.0,0.0,0.00092,0.00016,0.0,0.00079,0.3643,0.00023,0.00029,0.0123,0.00001,0.0,0.0,0.00004,0.0152,0.027,0.0019,0.0105,0.0074,0.0183,0.0021,0.0,0.00002,0.00008,0.00041
18165968,0.0,0.0,0.0,0.0523,0.00064,0.1798,0.8213,0.00069,0.00059,0.00021,0.00002,0.0,0.0007,0.00041,0.0,0.0554,0.00026,0.00038,0.007,0.0005,0.00002,0.0268,0.0037,0.00045,0.0,0.0,0.00009,0.00004,0.0,0.00079,0.0017,0.00017,0.0042,0.0292,0.00015,0.0,0.0,0.00004,0.0015,0.0053,0.0045,0.6458,0.0204,0.0054,0.0062,0.0,0.0,0.00001,0.00041
18787328,0.0,0.0,0.0,0.0029,0.0021,0.6548,0.8213,0.0239,0.00015,0.0012,0.00072,0.013,0.0007,0.0281,0.0,0.00024,0.00021,0.00038,0.1224,0.3195,0.00006,0.1469,0.00005,0.00056,0.0,0.0,0.00004,0.0,0.0,0.00013,0.0343,0.00006,0.0196,0.8263,0.00001,0.0,0.0,0.0,0.00089,0.0212,0.00015,0.5269,0.0074,0.0037,0.0076,0.0,0.0,0.00003,0.00051
18606868,0.00003,0.0,0.00007,0.002,0.001,0.0008,0.0016,0.003,0.00015,0.00001,0.00001,0.00004,0.00002,0.00063,0.0,0.00016,0.0001,0.00019,0.0031,0.00008,0.00005,0.00081,0.0,0.0019,0.0,0.00004,0.00017,0.00036,0.0,0.0025,0.0012,0.0012,0.0014,0.0014,0.00024,0.00006,0.00004,0.0,0.0023,0.0026,0.0019,0.00084,0.00099,0.0014,0.0076,0.0,0.0,0.0,0.00044
19026268,0.0,0.0,0.00001,0.00015,0.00064,0.0103,0.9333,0.0386,0.00015,0.00021,0.00002,0.00002,0.00039,0.0023,0.0,0.0122,0.0001,0.00017,0.00056,0.00008,0.00006,0.274,0.00049,0.00056,0.0,0.0,0.3719,0.00002,0.0,0.00039,0.0017,0.00002,0.00029,0.5165,0.00001,0.0,0.0,0.0,0.1644,0.0498,0.00032,0.4545,0.0112,0.1319,0.0035,0.0,0.0,0.00004,0.00013
19672228,0.0,0.0,0.00006,0.00045,0.0014,0.0061,0.0598,0.0016,0.0012,0.00005,0.00003,0.00078,0.00007,0.0072,0.0,0.00079,0.0084,0.00039,0.0213,0.0004,0.00006,0.0066,0.00017,0.00045,0.0,0.0,0.00017,0.00036,0.0,0.0013,0.00077,0.00006,0.00097,0.0017,0.00001,0.00003,0.0,0.00043,0.0013,0.0053,0.0944,0.0012,0.0027,0.0054,0.0265,0.0,0.0,0.00002,0.00041
19394958,0.0,0.0,0.0,0.1937,0.001,0.00035,0.0468,0.0133,0.00015,0.0,0.0,0.00008,0.00007,0.0023,0.0,0.003,0.0001,0.00017,0.0015,0.00006,0.00005,0.0048,0.00034,0.00026,0.0,0.0,0.00009,0.00004,0.0,0.00039,0.0048,0.00003,0.00014,0.0018,0.00001,0.0,0.0,0.0,0.003,0.0018,0.00099,0.00054,0.00099,0.0049,0.0076,0.0,0.0,0.00002,0.00051
19644348,0.0,0.0,0.0,0.002,0.00016,0.0027,0.675,0.0088,0.00015,0.0,0.0,0.0,0.00007,0.0072,0.0,0.00024,0.00068,0.00071,0.0529,0.00016,0.00002,0.0123,0.00005,0.00026,0.0,0.0,0.00017,0.0,0.0,0.001,0.003,0.00002,0.00086,0.5462,0.0,0.0,0.0,0.0,0.00039,0.8364,0.00015,0.00054,0.0057,0.0099,0.0048,0.0,0.0,0.0,0.00077
19782718,0.0,0.0,0.0,0.0123,0.0012,0.00087,0.025,0.0015,0.0012,0.00001,0.00002,0.00002,0.00026,0.002,0.0,0.0057,0.0012,0.00038,0.0018,0.00016,0.00014,0.0041,0.00027,0.00067,0.0,0.0,0.0003,0.00003,0.0,0.0013,0.0016,0.0012,0.00041,0.0018,0.00015,0.0,0.00003,0.00003,0.0056,0.0012,0.0401,0.00054,0.015,0.0037,0.0021,0.0,0.0,0.00008,0.00022
20595698,0.0,0.0,0.00007,0.00072,0.9665,0.0011,0.0056,0.0015,0.00023,0.00005,0.00002,0.00006,0.00006,0.00041,0.0,0.00018,0.00021,0.00017,0.00056,0.00016,0.00002,0.0123,0.00017,0.00073,0.0,0.0,0.00009,0.00002,0.0,0.0018,0.003,0.00002,0.00071,0.0017,0.00001,0.00003,0.00004,0.0,0.0043,0.0018,0.00032,0.00033,0.002,0.0014,0.9509,0.0,0.0061,0.00004,0.00022
20451518,0.00003,0.0,0.0011,0.0028,0.0033,0.0022,0.0468,0.003,0.00015,0.00019,0.00002,0.00078,0.00006,0.00049,0.0,0.00037,0.00068,0.00038,0.00021,0.00025,0.00005,0.0119,0.001,0.003,0.0,0.00004,0.0003,0.00004,0.0,0.00079,0.0024,0.00006,0.00034,0.008,0.00024,0.00033,0.00004,0.00004,0.004,0.0026,0.0012,0.0029,0.0074,0.0052,0.0077,0.0,0.0,0.00008,0.00041
21550668,0.0,0.0,0.0,0.4652,0.00016,0.00052,0.0056,0.1456,0.00015,0.00011,0.00002,0.00002,0.00006,0.0585,0.0,0.00022,0.00021,0.00017,0.0015,0.00089,0.00005,0.0279,0.00005,0.00026,0.0,0.0,0.00009,0.0,0.0,0.0002,0.00095,0.00006,0.00071,0.025,0.00001,0.0,0.0,0.0,0.0023,0.009,0.00049,0.001,0.0112,0.0099,0.0021,0.0,0.0,0.00002,0.00051
22720308,0.0,0.0,0.0,0.0357,0.0246,0.00052,0.0087,0.0239,0.00015,0.0,0.00003,0.00078,0.00007,0.003,0.0,0.00016,0.00021,0.00038,0.0264,0.0018,0.00005,0.0525,0.0,0.00045,0.0,0.0,0.00091,0.00002,0.0,0.00039,0.0016,0.0043,0.00023,0.0069,0.00001,0.0,0.0,0.00004,0.0374,0.0471,0.00032,0.00054,0.0033,0.0316,0.0021,0.0,0.0,0.00002,0.0011
22745378,0.0,0.0,0.0,0.00072,0.00033,0.00052,0.0039,0.0015,0.00062,0.0,0.00002,0.00002,0.00006,0.00063,0.0,0.00018,0.0012,0.00019,0.0,0.00006,0.00002,0.0003,0.00005,0.0003,0.0,0.0,0.00009,0.00025,0.0,0.00079,0.00095,0.00002,0.00029,0.0063,0.00001,0.0,0.0,0.00004,0.00067,0.0016,0.0065,0.00033,0.00081,0.0033,0.0021,0.0,0.0,0.00001,0.00022
22939118,0.0,0.0,0.00001,0.5306,0.00033,0.0011,0.0147,0.0045,0.00015,0.0,0.00002,0.0,0.00006,0.0072,0.0,0.00008,0.0,0.00038,0.00021,0.00013,0.00002,0.0066,0.00005,0.00056,0.0,0.0,0.00091,0.0,0.0,0.00013,0.0089,0.00003,0.00023,0.0012,0.00001,0.0,0.0,0.0,0.00067,0.0064,0.00012,0.0029,0.00099,0.0347,0.0013,0.0,0.0,0.00004,0.0
23199418,0.0,0.0,0.0,0.0039,0.9291,0.0011,0.0138,0.0015,0.00015,0.0,0.00001,0.00006,0.00006,0.0017,0.0,0.00022,0.0,0.00038,0.0018,0.00099,0.00006,0.0352,0.00005,0.00023,0.0,0.0,0.00004,0.0,0.0,0.0032,0.0089,0.00006,0.00086,0.0014,0.00001,0.0,0.0,0.0,0.0056,0.00037,0.00099,0.001,0.0033,0.0014,0.0021,0.0,0.0,0.00014,0.00054
23121308,0.0,0.0,0.00006,0.0203,0.00016,0.0012,0.0468,0.0395,0.0144,0.00001,0.00001,0.0,0.00006,0.0394,0.0,0.00094,0.00026,0.00017,0.0041,0.0005,0.00003,0.0123,0.0,0.00056,0.0,0.0,0.00009,0.00002,0.0,0.0025,0.0024,0.00002,0.00034,0.0018,0.00001,0.0,0.00003,0.0,0.0655,0.0133,0.00049,0.0016,0.0027,0.0183,0.0171,0.0,0.0,0.00016,0.00061
23568168,0.00003,0.0,0.00018,0.0268,0.0103,0.0448,0.0138,0.0045,0.00023,0.00005,0.00007,0.00078,0.00006,0.0041,0.0,0.0013,0.0012,0.00034,0.00095,0.00024,0.00005,0.0123,0.00049,0.0043,0.0,0.00004,0.00009,0.00024,0.0,0.001,0.0024,0.00006,0.00023,0.0018,0.00015,0.00005,0.00004,0.00003,0.0019,0.0026,0.0012,0.00058,0.0108,0.0204,0.2264,0.0,0.0,0.0,0.00013
22963908,0.0,0.0,0.00001,0.002,0.0014,0.00052,0.0165,0.0185,0.00015,0.00019,0.00002,0.00023,0.00007,0.097,0.0,0.00016,0.0012,0.00038,0.011,0.00089,0.00006,0.0055,0.00017,0.00067,0.0,0.0,0.00091,0.00024,0.0,0.00039,0.0024,0.00003,0.0029,0.008,0.00024,0.0,0.0,0.00004,0.0074,0.0088,0.00099,0.00084,0.00072,0.0183,0.0035,0.0,0.0,0.00001,0.00054
23286548,0.0,0.0,0.0,0.0061,0.0033,0.0022,0.0147,0.0088,0.00015,0.00001,0.00001,0.00078,0.00007,0.0097,0.0,0.0013,0.00021,0.00038,0.0015,0.00057,0.00014,0.0224,0.00004,0.00027,0.0,0.0,0.0019,0.0,0.0,0.001,0.01,0.00017,0.0014,0.0047,0.00001,0.0,0.0,0.0,0.0254,0.0088,0.004,0.0032,0.002,0.0156,0.00045,0.0,0.0,0.00002,0.00023
24355148,0.0,0.0,0.0,0.0028,0.7024,0.0022,0.0757,0.017,0.00023,0.00001,0.00002,0.00004,0.00006,0.0014,0.0,0.00022,0.00015,0.00071,0.0046,0.0347,0.00014,0.1228,0.00049,0.00045,0.0,0.0,0.00055,0.00001,0.00006,0.0053,0.0024,0.00017,0.00023,0.0078,0.00015,0.00003,0.0,0.00018,0.0013,0.009,0.00049,0.0018,0.0027,0.0506,0.0039,0.00003,0.0,0.00002,0.0011
24152628,0.00003,0.0,0.00049,0.002,0.9398,0.0011,0.0089,0.003,0.00037,0.00005,0.00002,0.00023,0.00006,0.003,0.0,0.00024,0.0019,0.00038,0.0018,0.00024,0.00014,0.0156,0.00049,0.0021,0.0,0.0,0.00009,0.00024,0.0,0.0177,0.0024,0.00003,0.00071,0.0014,0.00001,0.00003,0.00013,0.00004,0.0028,0.003,0.0019,0.00054,0.0028,0.0041,0.0025,0.0,0.0,0.00002,0.00023
25115318,0.0,0.0,0.00007,0.0023,0.0014,0.0103,0.0175,0.0133,0.00015,0.0,0.00002,0.00004,0.00006,0.011,0.0,0.00037,0.0001,0.00075,0.0036,0.0015,0.00006,0.1166,0.00027,0.001,0.0,0.00004,0.1647,0.00001,0.0,0.001,0.8,0.00023,0.00071,0.0197,0.00001,0.00003,0.00002,0.00003,0.0028,0.0133,0.0019,0.0029,0.002,0.0054,0.0021,0.0,0.0,0.00002,0.00023
24619358,0.00005,0.0,0.0001,0.0203,0.0014,0.0022,0.0056,0.0062,0.0011,0.00021,0.00003,0.00006,0.00007,0.00063,0.0,0.0011,0.0013,0.00019,0.0031,0.00022,0.00006,0.00089,0.0015,0.00067,0.0,0.00053,0.00034,0.00001,0.0,0.001,0.0017,0.00023,0.00071,0.0112,0.0064,0.00076,0.00004,0.00004,0.0028,0.0016,0.004,0.00084,0.0112,0.0014,0.0162,0.0,0.00002,0.00002,0.00022
26645798,0.0,0.0,0.00001,0.0203,0.0023,0.00052,0.0531,0.0062,0.00015,0.00001,0.00002,0.00008,0.00007,0.0202,0.0,0.00016,0.0001,0.00075,0.0165,0.0272,0.00005,0.0329,0.00034,0.00056,0.0,0.0,0.00009,0.00001,0.0,0.0018,0.0039,0.00017,0.00029,0.0018,0.00001,0.00003,0.00003,0.0,0.077,0.0151,0.0171,0.0016,0.1326,0.0112,0.0052,0.0,0.0,0.00016,0.0037
26876488,0.0,0.0,0.00001,0.7592,0.00016,0.00052,0.0449,0.0024,0.00015,0.00005,0.00003,0.00006,0.00006,0.0261,0.0,0.00024,0.00015,0.00017,0.00065,0.00016,0.00014,0.0123,0.00027,0.00045,0.00014,0.0,0.00035,0.0,0.0,0.0081,0.0017,0.0012,0.00023,0.0078,0.00001,0.0,0.0,0.00003,0.0079,0.0016,0.0019,0.0012,0.00099,0.0033,0.0025,0.0,0.0,0.00004,0.0011
26582408,0.0,0.0,0.0,0.0061,0.00033,0.0089,0.0056,0.0045,0.0,0.00001,0.00001,0.00078,0.0007,0.003,0.0,0.00079,0.00015,0.00019,0.0025,0.0191,0.86,0.0099,0.00034,0.0019,0.0,0.0,0.0597,0.0,0.0,0.00017,0.0136,0.00002,0.00029,0.015,0.00001,0.0,0.0,0.0,0.0056,0.0736,0.00047,0.001,0.0031,0.00063,0.00096,0.00004,0.0,0.00002,0.00044
26474818,0.0,0.0,0.0,0.1406,0.00049,0.00073,0.0473,0.2351,0.00015,0.00005,0.00001,0.00004,0.00006,0.00091,0.0,0.00037,0.0,0.00019,0.0046,0.00099,0.00006,0.0525,0.01,0.0019,0.0,0.0,0.0033,0.00001,0.0,0.00013,0.5902,0.00003,0.00029,0.0078,0.00001,0.00003,0.00002,0.0,0.0019,0.0874,0.0019,0.0029,0.0027,0.0112,0.0076,0.0,0.0,0.0002,0.0031
28257128,0.00003,0.0,0.0001,0.0039,0.0013,0.0646,0.0087,0.0045,0.021,0.00036,0.00007,0.00023,0.00006,0.0023,0.0,0.0013,0.0215,0.00019,0.0018,0.0005,0.00005,0.0415,0.001,0.0034,0.0,0.00004,0.00091,0.00016,0.00006,0.0032,0.0993,0.00002,0.0042,0.0017,0.0101,0.0002,0.00004,0.00004,0.0822,0.024,0.00049,0.00054,0.0213,0.0112,0.6935,0.00004,0.00002,0.00002,0.00041
27035548,0.0,0.0,0.0,0.0058,0.0014,0.0,0.0175,0.0024,0.0,0.0,0.00002,0.0001,0.00006,0.00063,0.0,0.00016,0.0,0.00017,0.00056,0.0004,0.00002,0.009,0.00008,0.00018,0.0,0.0,0.00009,0.0,0.0,0.00017,0.00034,0.00002,0.0029,0.0047,0.00001,0.0,0.0,0.0,0.0074,0.007,0.00032,0.00023,0.0074,0.0059,0.0025,0.0,0.0,0.00004,0.00023
28410288,0.0,0.0,0.00006,0.006,0.0014,0.00073,0.0473,0.0133,0.00059,0.0,0.0,0.00002,0.00007,0.004,0.8128,0.00008,0.0012,0.00017,0.1176,0.00024,0.00005,0.0516,0.00027,0.0003,0.0,0.0,0.00017,0.00025,0.0,0.0039,0.0024,0.00003,0.00034,0.0032,0.00001,0.0,0.0,0.00004,0.1644,0.0736,0.00015,0.0016,0.7348,0.039,0.0265,0.0,0.0,0.00008,0.0037
28834788,0.0,0.0,0.0,0.0887,0.001,0.0035,0.025,0.0185,0.00023,0.0,0.00002,0.00023,0.00026,0.097,0.0,0.00024,0.00021,0.00017,0.0151,0.00024,0.00005,0.0525,0.00027,0.00023,0.0,0.0,0.00092,0.00001,0.0,0.00033,0.0146,0.00006,0.008,0.0733,0.00001,0.0,0.0,0.0,0.0254,0.02,0.00047,0.0064,0.002,0.0248,0.0013,0.0,0.0,0.00008,0.00041
28928448,0.00003,0.0,0.00007,0.0379,0.0023,0.0315,0.0175,0.003,0.0015,0.00019,0.00007,0.00078,0.00006,0.0202,0.0,0.0018,0.0013,0.00071,0.0046,0.0005,0.00005,0.0123,0.00017,0.00056,0.00002,0.00004,0.019,0.00024,0.00006,0.0018,0.0089,0.00003,0.0016,0.0112,0.00015,0.00003,0.00003,0.00018,0.0079,0.0053,0.0039,0.0323,0.0033,0.0274,0.0076,0.00003,0.0,0.00043,0.00077
29450838,0.0,0.0,0.0,0.0203,0.0026,0.0035,0.0367,0.0025,0.00059,0.00005,0.00003,0.00008,0.0011,0.2452,0.0,0.00024,0.00068,0.00019,0.0323,0.00024,0.0073,0.0123,0.00008,0.00026,0.0,0.0,0.0159,0.0,0.0,0.0053,0.009,0.00017,0.00034,0.0292,0.00001,0.0,0.0,0.00018,0.0023,0.0013,0.0026,0.0179,0.0071,0.0041,0.0039,0.0,0.0,0.00002,0.00077
29439368,0.0,0.0,0.0,0.0015,0.0023,0.0147,0.8728,0.0016,0.00023,0.0,0.00001,0.00002,0.0056,0.00041,0.0,0.0989,0.0,0.00014,0.0025,0.0015,0.00016,0.0794,0.0,0.00026,0.0,0.0,0.00009,0.0,0.0,0.00079,0.0016,0.00006,0.008,0.0292,0.00001,0.0,0.0,0.0,0.0079,0.0151,0.025,0.3865,0.015,0.0014,0.0121,0.0,0.0,0.0,0.0037
30868468,0.0,0.0,0.0,0.0013,0.0069,0.0012,0.0138,0.0024,0.00015,0.00019,0.00002,0.00008,0.00006,0.00049,0.0,0.00037,0.00026,0.00038,0.0019,0.00057,0.00003,0.0052,0.00008,0.00026,0.0,0.0,0.00009,0.00002,0.0,0.00079,0.0039,0.0,0.00014,0.0047,0.00009,0.0,0.0,0.00004,0.0056,0.0013,0.0019,0.0012,0.0023,0.0059,0.2791,0.0,0.00063,0.0,0.00013
30953408,0.0,0.0,0.00001,0.0046,0.0052,0.0011,0.0361,0.0035,0.00023,0.00001,0.00001,0.00004,0.00006,0.00091,0.0,0.00071,0.0012,0.00004,0.0323,0.0069,0.00002,0.0537,0.0,0.00026,0.0,0.0,0.00009,0.00002,0.0,0.00079,0.00077,0.00006,0.00029,0.0047,0.00015,0.0,0.0,0.00004,0.0374,0.0064,0.00036,0.00054,0.0012,0.845,0.043,0.0,0.00002,0.00002,0.0011
31403948,0.0,0.0,0.0,0.0058,0.00049,0.0103,0.7908,0.0088,0.00023,0.00005,0.00002,0.00002,0.00064,0.00041,0.0,0.2016,0.0001,0.0021,0.0025,0.0191,0.00002,0.0329,0.00017,0.0003,0.0,0.0,0.00009,0.00001,0.0,0.001,0.0064,0.0079,0.00023,0.015,0.00001,0.0,0.0,0.00004,0.0182,0.02,0.0021,0.033,0.0323,0.00063,0.0039,0.0,0.0,0.00003,0.00023
31471958,0.0,0.0,0.0,0.0034,0.00033,0.0277,0.00076,0.00013,0.0,0.0,0.0,0.00002,0.0,0.00041,0.0,0.00008,0.00021,0.00017,0.011,0.00016,0.00002,0.0066,0.00005,0.0,0.0,0.0,0.0003,0.0,0.0,0.00013,0.0146,0.00002,0.1856,0.0,0.00001,0.0,0.0,0.00018,0.0044,0.0012,0.00012,0.00006,0.0978,0.00083,0.982,0.0,0.9956,0.0,0.00013
31564448,0.0,0.0,0.0,0.0268,0.0012,0.0057,0.3344,0.0024,0.00015,0.0,0.0,0.0012,0.0018,0.0023,0.0,0.0013,0.00026,0.0013,0.0151,0.0131,0.00005,0.0207,0.0,0.00045,0.0,0.0,0.00055,0.0,0.0,0.00013,0.0089,0.00006,0.0066,0.0428,0.00001,0.0,0.0,0.0,0.004,0.009,0.00032,0.2703,0.0261,0.0274,0.0077,0.0,0.00002,0.0,0.00051
31578808,0.0,0.0,0.0,0.00015,0.00064,0.6548,0.1368,0.0045,0.00015,0.0,0.00002,0.0,0.00007,0.0162,0.0,0.00024,0.0001,0.00038,0.0017,0.00016,0.00005,0.0419,0.00027,0.00045,0.00014,0.0,0.275,0.0,0.0,0.00013,0.00057,0.00002,0.00023,0.0078,0.00001,0.0,0.0,0.0,0.124,0.2267,0.00012,0.0013,0.0028,0.0017,0.00086,0.0,0.0,0.0,0.0017
32086598,0.0,0.0,0.00001,0.00015,0.00049,0.0518,0.00076,0.00013,0.00023,0.00001,0.00002,0.00006,0.00002,0.0,0.0,0.00008,0.019,0.00038,0.0,0.00013,0.00002,0.0018,0.00036,0.00045,0.0,0.0,0.00009,0.00001,0.0,0.00039,0.00013,0.00002,0.0245,0.0,0.00015,0.00003,0.00004,0.00004,0.0014,0.0013,0.00032,0.00054,0.002,0.00083,0.9864,0.00004,0.8786,0.00001,0.0
25547329,0.0,0.0,0.00001,0.0667,0.00049,0.00052,0.2429,0.0015,0.00015,0.00005,0.00002,0.00004,0.00006,0.0023,0.0,0.0017,0.00015,0.00038,0.0018,0.00016,0.00002,0.0329,0.00049,0.0003,0.00014,0.0,0.00009,0.00003,0.0,0.00033,0.0016,0.00023,0.00023,0.0018,0.00001,0.0,0.00004,0.00003,0.0079,0.0412,0.0129,0.0169,0.0071,0.0112,0.0013,0.0,0.0,0.00004,0.00013
6224838,0.0,0.0,0.0,0.0095,0.0021,0.0027,0.0603,0.0239,0.00037,0.00011,0.00002,0.0014,0.00006,0.005,0.00002,0.0017,0.0012,0.0013,0.0323,0.0005,0.00006,0.0268,0.00008,0.00056,0.0,0.0,0.0033,0.00016,0.00006,0.0018,0.003,0.00003,0.00014,0.0149,0.00001,0.0,0.0,0.00004,0.0608,0.02,0.0045,0.0029,0.1924,0.0506,0.0035,0.00003,0.0,0.00016,0.3692
6413048,0.00003,0.0,0.00007,0.0015,0.2292,0.0147,0.0686,0.0016,0.00023,0.00021,0.00007,0.00023,0.00006,0.0017,0.0,0.0013,0.00026,0.00071,0.0036,0.0015,0.00005,0.0041,0.00004,0.00045,0.0,0.0,0.00034,0.00002,0.00006,0.001,0.0024,0.00006,0.00029,0.0047,0.00015,0.00003,0.00003,0.00004,0.0079,0.0372,0.00047,0.0016,0.0062,0.085,0.0021,0.00003,0.0,0.00004,0.00023
6315428,0.00005,0.0,0.00001,0.00072,0.00064,0.0277,0.1612,0.0049,0.00023,0.00036,0.00043,0.00006,0.00006,0.0072,0.0,0.0013,0.0001,0.0013,0.0019,0.00024,0.00016,0.16,0.00005,0.00085,0.0,0.00004,0.00091,0.00024,0.0,0.00033,0.001,0.0,0.0016,0.0479,0.00015,0.00033,0.0,0.00004,0.004,0.0309,0.0171,0.0032,0.002,0.0274,0.0513,0.00003,0.00002,0.00004,0.00023
32716818,0.0,0.0,0.00006,0.0268,0.001,0.0022,0.0834,0.0386,0.0014,0.00005,0.00002,0.00023,0.0005,0.005,0.0,0.00079,0.0012,0.00038,0.013,0.00057,0.00005,0.1,0.00005,0.00056,0.0,0.0,0.00034,0.00002,0.0,0.0211,0.0136,0.00003,0.0026,0.0269,0.00015,0.0,0.00004,0.00018,0.0079,0.0372,0.0012,0.0016,0.0323,0.1119,0.0077,0.0,0.0,0.00001,0.00013
2421958,0.0,0.0,0.00006,0.00072,0.0519,0.0277,0.1395,0.0024,0.00037,0.00001,0.00002,0.00002,0.0025,0.0017,0.0,0.0175,0.00047,0.00038,0.0015,0.00016,0.00005,0.0048,0.00017,0.00045,0.0,0.0,0.0003,0.00036,0.0,0.001,0.00095,0.00006,0.00029,0.0063,0.00094,0.00003,0.00002,0.00004,0.00089,0.0152,0.0524,0.0029,0.002,0.0099,0.0942,0.0,0.0,0.00002,0.00077
3699998,0.0,0.0,0.00018,0.0111,0.0069,0.0013,0.0897,0.0049,0.00062,0.00021,0.00002,0.00023,0.00006,0.00049,0.0,0.00037,0.0026,0.00075,0.00065,0.00024,0.00005,0.0224,0.00027,0.00067,0.0,0.0,0.00009,0.00004,0.0,0.0032,0.0146,0.00045,0.0014,0.0078,0.00015,0.00003,0.00013,0.00018,0.0074,0.0152,0.0096,0.0029,0.0043,0.0037,0.0077,0.0,0.0,0.00004,0.00061
3060558,0.0,0.0,0.0,0.0039,0.0038,0.0035,0.0175,0.0022,0.00023,0.00005,0.00001,0.0014,0.00007,0.0579,0.0,0.00024,0.00026,0.00071,0.0018,0.00016,0.00005,0.0017,0.00004,0.00045,0.0,0.0,0.00034,0.00002,0.0,0.00033,0.0017,0.00003,0.00029,0.0063,0.00001,0.0,0.0,0.0,0.0079,0.0088,0.0065,0.0016,0.0168,0.2899,0.0013,0.0,0.0,0.00002,0.00041
3147318,0.00003,0.0,0.00018,0.002,0.0013,0.0022,0.025,0.0016,0.0015,0.00005,0.00002,0.00078,0.00026,0.0039,0.0,0.002,0.00026,0.0013,0.007,0.0025,0.00005,0.0419,0.00027,0.008,0.00002,0.00004,0.0019,0.00004,0.00006,0.0039,0.0146,0.00002,0.00029,0.025,0.00024,0.0002,0.00013,0.00004,0.0056,0.0115,0.0019,0.0056,0.0074,0.039,0.0265,0.00004,0.0,0.00002,0.00022
32810378,0.0,0.0,0.0,0.0938,0.00064,0.0012,0.4214,0.0038,0.00023,0.0,0.0,0.00002,0.00006,0.00049,0.0,0.0023,0.0,0.0013,0.0269,0.0005,0.00006,0.0537,0.00027,0.00026,0.0,0.0,0.00034,0.00001,0.0,0.00033,0.00062,0.00006,0.0026,0.0292,0.00001,0.0,0.0,0.00003,0.00089,0.0356,0.00099,0.1577,0.0213,0.119,0.0013,0.0,0.00002,0.00003,0.00022
2173558,0.00003,0.0,0.00001,0.00045,0.0021,0.00052,0.0031,0.0016,0.0012,0.00019,0.00007,0.00023,0.00006,0.00091,0.0,0.00022,0.00068,0.00019,0.00056,0.00089,0.00005,0.0075,0.00005,0.00045,0.0,0.0,0.00039,0.00004,0.0,0.0018,0.0017,0.00006,0.00029,0.0014,0.00015,0.00003,0.00002,0.00003,0.0019,0.0058,0.00047,0.00054,0.0027,0.0014,0.0013,0.0,0.0,0.00002,0.00013
2131598,0.00003,0.00002,0.00001,0.0046,0.0023,0.0035,0.0473,0.0088,0.00023,0.00005,0.00001,0.0015,0.00007,0.0072,0.0,0.00024,0.0012,0.0021,0.0046,0.0025,0.00014,0.0099,0.00005,0.00073,0.0,0.0,0.00039,0.00002,0.0,0.00033,0.00077,0.00003,0.00014,0.0063,0.00024,0.00003,0.00002,0.00003,0.0152,0.0133,0.0072,0.0016,0.005,0.0112,0.0076,0.00003,0.0,0.00002,0.00051
1358438,0.00003,0.0,0.00001,0.002,0.0012,0.00052,0.0089,0.0022,0.00015,0.00019,0.00043,0.00006,0.00006,0.0023,0.0,0.00071,0.00026,0.00038,0.0025,0.00024,0.00005,0.0055,0.00017,0.00045,0.0,0.0,0.00017,0.00003,0.0,0.00033,0.00077,0.00003,0.00014,0.00061,0.00001,0.00003,0.00004,0.00018,0.0019,0.0088,0.0021,0.0018,0.0027,0.0014,0.0106,0.00003,0.0,0.00002,0.00051
8011818,0.0,0.0,0.0,0.028,0.00049,0.0027,0.0501,0.0133,0.00015,0.00001,0.00002,0.00006,0.00006,0.0072,0.0,0.00018,0.00021,0.0021,0.0035,0.00008,0.00002,0.0207,0.0,0.00045,0.0,0.0,0.00009,0.00002,0.0,0.00033,0.0048,0.00006,0.00023,0.013,0.00001,0.0,0.0,0.00003,0.0028,0.009,0.00032,0.001,0.002,0.8524,0.0039,0.0,0.0,0.00002,0.00006
7957408,0.0,0.0,0.0011,0.006,0.0121,0.0022,0.0805,0.0386,0.00015,0.00005,0.00002,0.00065,0.00006,0.002,0.0,0.0013,0.0022,0.00075,0.0046,0.00024,0.00002,0.0949,0.0015,0.00067,0.0,0.0,0.00017,0.00004,0.0,0.0074,0.0039,0.00006,0.0042,0.023,0.00015,0.00003,0.0,0.0,0.0152,0.0333,0.0012,0.0015,0.0071,0.0112,0.0385,0.0,0.0,0.00002,0.00023
8546018,0.00005,0.00002,0.0021,0.0058,0.0519,0.0035,0.0089,0.0073,0.0027,0.00021,0.00002,0.00008,0.00007,0.0072,0.0,0.00024,0.004,0.00071,0.007,0.00057,0.00063,0.0123,0.00011,0.0101,0.00002,0.00004,0.0079,0.00024,0.0,0.0111,0.0048,0.00017,0.00071,0.0019,0.0024,0.00076,0.00022,0.00003,0.0074,0.0064,0.0021,0.0029,0.0108,0.0109,0.1851,0.0,0.00002,0.00004,0.0011
8851768,0.0,0.0,0.0001,0.0029,0.8591,0.00052,0.0039,0.0024,0.0274,0.00005,0.00007,0.00006,0.00006,0.0023,0.0,0.00018,0.00068,0.00038,0.0025,0.00024,0.00005,0.0207,0.00036,0.00045,0.0,0.00004,0.00055,0.0,0.0,0.0177,0.00077,0.00017,0.00029,0.0029,0.00015,0.00003,0.00002,0.0,0.00067,0.0026,0.00037,0.00054,0.005,0.0033,0.1331,0.0,0.0,0.00016,0.00041
9297608,0.0,0.0,0.00001,0.0061,0.0023,0.0315,0.0282,0.0358,0.00015,0.0,0.00002,0.00078,0.00006,0.0261,0.0,0.00024,0.00015,0.00038,0.00065,0.00024,0.00016,0.0123,0.00005,0.003,0.0,0.0,0.0003,0.00002,0.0,0.00013,0.0136,0.00003,0.00071,0.0035,0.00001,0.0,0.0,0.00003,0.0028,0.0058,0.00099,0.00084,0.0062,0.6502,0.0039,0.0,0.0,0.00002,0.00051
11030068,0.0,0.0,0.00049,0.0095,0.2278,0.0027,0.0175,0.003,0.0027,0.00005,0.00003,0.00023,0.00006,0.0383,0.0,0.00018,0.00068,0.00039,0.0046,0.00022,0.00006,0.0123,0.00005,0.00073,0.0,0.00004,0.0034,0.00036,0.0,0.0074,0.0024,0.00017,0.00023,0.0047,0.00015,0.00003,0.00013,0.00034,0.0105,0.007,0.0021,0.00084,0.0031,0.6502,0.7151,0.00003,0.0,0.00001,0.00041
11043148,0.0,0.0,0.00001,0.0034,0.0103,0.00094,0.0147,0.0049,0.0027,0.00021,0.0242,0.0558,0.00007,0.0748,0.0,0.00024,0.0047,0.00017,0.0025,0.00033,0.00006,0.004,0.00005,0.0012,0.0,0.0,0.00009,0.00025,0.0,0.0032,0.0016,0.00003,0.00014,0.0901,0.00015,0.0,0.00004,0.00066,0.0079,0.0064,0.00099,0.0018,0.002,0.0041,0.0385,0.0,0.0,0.00002,0.00013
11077858,0.00005,0.00002,0.00018,0.0034,0.0246,0.0011,0.0031,0.0049,0.00059,0.00023,0.00007,0.00008,0.00006,0.0014,0.0,0.00024,0.0017,0.0011,0.0063,0.00033,0.00005,0.0029,0.00005,0.003,0.00002,0.00004,0.00017,0.00025,0.00006,0.00079,0.00095,0.00003,0.00029,0.0007,0.00015,0.00033,0.00013,0.00004,0.0023,0.0029,0.0021,0.0012,0.0098,0.0041,0.0077,0.00003,0.0,0.00001,0.0013
11142548,0.0,0.0,0.0,0.00015,0.0038,0.2886,0.9859,0.0015,0.00015,0.0,0.00001,0.00002,0.00006,0.005,0.0,0.0074,0.0,0.0011,0.5,0.0005,0.00005,0.4314,0.00034,0.0003,0.0,0.0,0.00009,0.0,0.0,0.0002,0.0081,0.0,0.0029,0.0379,0.00001,0.0,0.0,0.00003,0.0028,0.02,0.0236,0.0032,0.0288,0.0041,0.0013,0.0,0.0,0.00008,0.00022
11829008,0.0,0.0,0.0001,0.00015,0.00064,0.0035,0.9651,0.00042,0.00015,0.00005,0.00002,0.00002,0.0037,0.014,0.0,0.1444,0.0012,0.00038,0.0046,0.00033,0.00005,0.0329,0.00004,0.00067,0.0,0.0,0.00009,0.00002,0.0,0.00039,0.0016,0.00003,0.00034,0.025,0.00001,0.0,0.00004,0.00003,0.0028,0.0026,0.00099,0.7832,0.0031,0.0054,0.0039,0.0,0.0,0.00014,0.00041
12624948,0.0,0.0,0.00001,0.1319,0.0012,0.0027,0.0478,0.0247,0.00037,0.00001,0.00001,0.00002,0.00039,0.0017,0.0,0.00037,0.00034,0.00038,0.013,0.00022,0.00006,0.0123,0.001,0.00045,0.00002,0.0,0.00017,0.00016,0.0,0.0013,0.0072,0.00002,0.0245,0.0113,0.00024,0.00003,0.00004,0.0,0.0014,0.0088,0.004,0.0016,0.002,0.0041,0.0121,0.0,0.00006,0.00002,0.0011
15175528,0.00005,0.00002,0.0001,0.0016,0.0042,0.0035,0.0282,0.003,0.0092,0.00019,0.00002,0.00023,0.00007,0.014,0.0,0.00037,0.0098,0.00071,0.0095,0.0007,0.00016,0.0119,0.00017,0.00067,0.00014,0.00004,0.00017,0.00002,0.00006,0.00033,0.001,0.00006,0.00034,0.0078,0.00024,0.00065,0.00004,0.00004,0.0043,0.007,0.001,0.0105,0.0031,0.0051,0.678,0.0,0.0,0.00002,0.0011
15271618,0.0,0.0,0.0,0.7592,0.001,0.0048,0.1182,0.0185,0.00023,0.00005,0.00002,0.00078,0.00007,0.0394,0.0,0.00071,0.0001,0.00039,0.0077,0.0005,0.00014,0.0123,0.00027,0.0003,0.0,0.0,0.1169,0.00002,0.0,0.0004,0.0343,0.0012,0.00071,0.008,0.00001,0.00003,0.0,0.0,0.0194,0.0151,0.0045,0.033,0.0286,0.0059,0.0025,0.0,0.0,0.00014,0.00041
15985078,0.0,0.0,0.0001,0.0039,0.25,0.0027,0.0478,0.0045,0.00023,0.00005,0.00003,0.00004,0.00006,0.014,0.0,0.00024,0.00068,0.00039,0.0015,0.00024,0.00016,0.2217,0.00017,0.00045,0.0,0.0,0.00091,0.0006,0.0,0.0032,0.0048,0.00002,0.0014,0.0078,0.00015,0.00003,0.00013,0.00003,0.003,0.0012,0.00036,0.0042,0.0012,0.0239,0.0091,0.0,0.0,0.00002,0.00077
15961528,0.0,0.0,0.0,0.0268,0.0012,0.0011,0.0138,0.0054,0.0155,0.00001,0.00002,0.00002,0.00026,0.00041,0.0,0.00079,0.0022,0.00017,0.0213,0.00006,0.00006,0.0029,0.00004,0.00026,0.0,0.0,0.00034,0.00001,0.0,0.0013,0.0017,0.00006,0.00029,0.0014,0.00001,0.00003,0.0,0.0,0.0044,0.00084,0.0021,0.0077,0.0074,0.0052,0.1706,0.0,0.0,0.00008,0.00013
16186198,0.00005,0.0,0.012,0.0023,0.0043,0.0089,0.0078,0.0015,0.0093,0.0,0.00001,0.00023,0.00006,0.00041,0.0,0.0013,0.0019,0.00038,0.00095,0.00024,0.00002,0.0029,0.00049,0.2847,0.00002,0.0,0.00017,0.00004,0.002,0.001,0.0017,0.00003,0.0113,0.0012,0.00001,0.00006,0.00013,0.0,0.0028,0.0016,0.001,0.00058,0.0146,0.0054,0.8239,0.00044,0.6174,0.0,0.00023
16767098,0.0036,0.0,0.0068,0.0029,0.001,0.0089,0.0087,0.0038,0.0274,0.00005,0.00002,0.00002,0.00006,0.00049,0.0,0.00024,0.006,0.0011,0.0041,0.00024,0.00006,0.0029,0.00004,0.008,0.0,0.00053,0.0003,0.00024,0.0,0.0053,0.00057,0.00003,0.00086,0.0012,0.0758,0.0122,0.0018,0.0,0.0074,0.0018,0.0072,0.0012,0.0168,0.0023,0.049,0.0,0.00002,0.00002,0.00022
17054228,0.0,0.0,0.0,0.00045,0.00033,0.6548,0.0016,0.0024,0.00023,0.00001,0.00043,0.0,0.00002,0.00063,0.0,0.0,0.00068,0.00019,0.0187,0.00022,0.00002,0.0101,0.00017,0.00023,0.0,0.0,0.00004,0.00003,0.0,0.0039,0.00057,0.00002,0.0352,0.0014,0.00015,0.0,0.0,0.00003,0.00067,0.0026,0.00032,0.00009,0.00099,0.0014,0.9767,0.0,0.998,0.0,0.00006
17435928,0.0,0.0,0.00007,0.00072,0.0052,0.00052,0.0056,0.0035,0.00023,0.00005,0.00002,0.00023,0.00006,0.014,0.0,0.00022,0.0012,0.00034,0.0046,0.00024,0.00051,0.0079,0.00027,0.0263,0.0,0.0,0.00009,0.00004,0.0024,0.001,0.0024,0.00002,0.00022,0.0035,0.00015,0.00005,0.0,0.00004,0.0013,0.0026,0.00032,0.00084,0.0031,0.0099,0.0265,0.00003,0.0,0.00004,0.00013
17565028,0.00005,0.0,0.0001,0.0023,0.4047,0.0027,0.0147,0.0015,0.00023,0.00036,0.00045,0.0001,0.00006,0.0041,0.0,0.00022,0.0047,0.0021,0.00095,0.0005,0.00005,0.0123,0.00027,0.001,0.0,0.0,0.00091,0.00002,0.0,0.00039,0.0016,0.00002,0.00086,0.0028,0.00032,0.00076,0.00013,0.0043,0.003,0.0026,0.004,0.0023,0.0112,0.0204,0.8239,0.00003,0.0,0.00004,0.00022
18367428,0.0,0.0,0.0,0.006,0.6166,0.00035,0.0468,0.0035,0.00015,0.0,0.00001,0.00006,0.00039,0.00063,0.0,0.0013,0.0,0.00034,0.00056,0.00099,0.00006,0.807,0.00005,0.00026,0.0,0.0,0.00034,0.0,0.0,0.00013,0.0496,0.0,0.00014,0.00061,0.00001,0.0,0.0,0.0,0.0074,0.0152,0.0021,0.0018,0.015,0.1687,0.0062,0.0,0.0,0.00003,0.00041
18312448,0.00003,0.0,0.0001,0.00072,0.0246,0.0011,0.025,0.5938,0.00023,0.00005,0.00001,0.0,0.0018,0.00063,0.0,0.00016,0.00021,0.00038,0.0035,0.0004,0.00006,0.0329,0.0,0.0132,0.0,0.0,0.00039,0.00001,0.0,0.0026,0.8382,0.00003,0.00029,0.0375,0.00001,0.00003,0.00004,0.0,0.0079,0.8364,0.00032,0.00084,0.0033,0.0015,0.0048,0.0,0.0,0.00002,0.00023
18439548,0.0,0.0,0.0,0.0061,0.00064,0.0008,0.0078,0.2347,0.0067,0.00005,0.00002,0.0,0.00002,0.00075,0.0,0.00022,0.00034,0.00017,0.0063,0.00016,0.00002,0.0099,0.6009,0.00026,0.0,0.0,0.00009,0.00002,0.0,0.00039,0.0024,0.0,0.0245,0.0078,0.00001,0.0,0.0,0.00003,0.0079,0.0058,0.0019,0.00084,0.005,0.0041,0.0013,0.0,0.0,0.00008,0.00023
18188138,0.0,0.0,0.0,0.0061,0.00033,0.0147,0.0175,0.0358,0.00023,0.00001,0.00002,0.00008,0.00007,0.9013,0.0,0.00018,0.00026,0.00019,0.00065,0.0005,0.00002,0.0329,0.00049,0.00045,0.0,0.0,0.0021,0.00025,0.0,0.00013,0.0066,0.00002,0.00029,0.0532,0.00009,0.0,0.0,0.00003,0.0152,0.0151,0.004,0.00033,0.0055,0.0014,0.0013,0.0,0.0,0.00004,0.00013
18514148,0.0,0.0,0.0,0.00015,0.9398,0.0011,0.00076,0.003,0.00015,0.00001,0.00002,0.00023,0.00002,0.00063,0.0,0.00008,0.0,0.0,0.0,0.00006,0.00002,0.1279,0.0,0.00026,0.0,0.0,0.00009,0.0,0.0,0.00013,0.00095,0.0,0.00029,0.00061,0.0,0.0,0.0,0.0,0.00067,0.00027,0.00012,0.00006,0.00099,0.00083,0.9806,0.0,0.0029,0.00002,0.0
19133888,0.0,0.0,0.0,0.00045,0.00016,0.0315,0.8333,0.003,0.00023,0.0,0.0,0.00078,0.00007,0.0017,0.0,0.0017,0.0,0.00008,0.0015,0.00016,0.00002,0.1414,0.00005,0.00026,0.0,0.0,0.00017,0.0,0.0,0.00039,0.009,0.00017,0.0274,0.8263,0.00001,0.0,0.0,0.0,0.00039,0.6853,0.00049,0.1577,0.0499,0.00063,0.00096,0.0,0.00002,0.00016,0.002
18925978,0.0,0.0,0.0,0.0061,0.00049,0.0027,0.4746,0.0987,0.00015,0.0,0.00002,0.0001,0.0007,0.0017,0.0,0.0265,0.0001,0.00075,0.0035,0.00057,0.00005,0.5921,0.00004,0.00023,0.0,0.0,0.00009,0.0,0.0,0.00017,0.0024,0.0012,0.00029,0.0733,0.00001,0.0,0.0,0.0,0.0019,0.1378,0.0021,0.2197,0.015,0.0677,0.0013,0.0,0.00002,0.00004,0.00013
20377818,0.0,0.0,0.00001,0.0095,0.0246,0.00073,0.7908,0.0056,0.00023,0.00001,0.00002,0.00078,0.8255,0.0017,0.0,0.0122,0.0001,0.00039,0.013,0.0031,0.00002,0.5921,0.00005,0.00045,0.0,0.0,0.0079,0.00001,0.0,0.0032,0.01,0.00023,0.00086,0.025,0.00009,0.0,0.0,0.0,0.0074,0.0784,0.00032,0.2197,0.0648,0.0037,0.0025,0.00003,0.0,0.00016,0.0187
19892408,0.00003,0.0,0.0024,0.002,0.0052,0.0035,0.7908,0.003,0.0027,0.00005,0.00003,0.00078,0.0025,0.0072,0.0,0.8846,0.0035,0.00019,0.0018,0.0025,0.00014,0.0077,0.00034,0.0019,0.0,0.0,0.0003,0.00002,0.0,0.0039,0.0048,0.00003,0.00071,0.0029,0.0014,0.00033,0.00013,0.00004,0.0152,0.024,0.0096,0.7832,0.0131,0.0112,0.0025,0.00003,0.0,0.00004,0.0011
19836928,0.00005,0.00002,0.00049,0.0023,0.0298,0.0325,0.0757,0.0035,0.0234,0.00021,0.00002,0.00023,0.00007,0.0023,0.0,0.0017,0.019,0.00038,0.0019,0.0005,0.00014,0.0075,0.00049,0.0014,0.0,0.00004,0.00009,0.00004,0.0,0.0211,0.0039,0.00003,0.00071,0.0047,0.0013,0.00076,0.00004,0.00003,0.004,0.0053,0.001,0.0029,0.0071,0.0099,0.2383,0.0,0.0,0.00004,0.00041
20979638,0.0,0.0,0.0,0.4652,0.00016,0.00018,0.2862,0.00069,0.00015,0.0,0.0,0.00002,0.00026,0.00063,0.0,0.00022,0.0,0.00017,0.0025,0.0018,0.00002,0.00089,0.00017,0.00026,0.0,0.0,0.00009,0.0,0.0,0.001,0.00057,0.00091,0.00086,0.0007,0.0,0.0,0.0,0.0,0.0079,0.0058,0.00015,0.0077,0.0062,0.007,0.0013,0.0,0.0,0.00001,0.00023
20821338,0.00003,0.00002,0.0001,0.0061,0.0033,0.0071,0.025,0.0049,0.00062,0.00005,0.00002,0.00023,0.00007,0.0072,0.0,0.0023,0.0013,0.00071,0.0025,0.00099,0.00014,0.0075,0.00049,0.0011,0.00014,0.00004,0.0021,0.00004,0.00006,0.0018,0.0024,0.00023,0.00071,0.0078,0.00015,0.00003,0.00013,0.00043,0.0079,0.009,0.0012,0.0077,0.0098,0.0677,0.0076,0.00004,0.0,0.00016,0.0018
21118068,0.0,0.0,0.00001,0.0039,0.00033,0.014,0.0213,0.0133,0.00015,0.00005,0.00002,0.00006,0.00007,0.0072,0.0,0.0017,0.0098,0.00017,0.011,0.00089,0.5811,0.0419,0.00005,0.00045,0.0,0.0,0.0547,0.0,0.0,0.00033,0.0048,0.00006,0.00023,0.0292,0.00001,0.00003,0.0,0.0,0.003,0.0058,0.0021,0.0015,0.005,0.0059,0.0013,0.0,0.0,0.00001,0.002
21099718,0.0,0.0,0.00049,0.00093,0.0023,0.0008,0.0598,0.0063,0.00023,0.00005,0.00007,0.00004,0.00007,0.0014,0.0,0.003,0.00021,0.00017,0.0025,0.0005,0.00005,0.0048,0.00005,0.00067,0.0,0.0,0.00009,0.00003,0.0,0.00033,0.001,0.00003,0.00071,0.0143,0.00001,0.00003,0.00048,0.00003,0.00089,0.009,0.0012,0.0032,0.00099,0.0014,0.0013,0.00003,0.0,0.00004,0.0017
22163278,0.0,0.0,0.00001,0.1406,0.00016,0.0027,0.0175,0.5938,0.00015,0.00005,0.0,0.0,0.00026,0.0281,0.0162,0.00024,0.0013,0.00017,0.013,0.00033,0.00006,0.0123,0.0015,0.001,0.0,0.0,0.0055,0.00002,0.0,0.00033,0.0263,0.00002,0.0059,0.0824,0.00001,0.0002,0.00004,0.00003,0.6231,0.0133,0.00032,0.0056,0.1326,0.0099,0.0013,0.0,0.0,0.00002,0.0017
22241258,0.0,0.0,0.0,0.00072,0.00064,0.023,0.016,0.0056,0.0047,0.00019,0.00007,0.00078,0.00006,0.0097,0.00002,0.00024,0.00026,0.00017,0.0095,0.00099,0.00002,0.0419,0.00004,0.00067,0.0,0.0,0.00017,0.00002,0.0,0.00033,0.0024,0.00003,0.00097,0.0022,0.00032,0.0,0.00002,0.00004,0.0152,0.0151,0.00099,0.00084,0.0168,0.3367,0.0385,0.00003,0.0,0.00002,0.00013
21046068,0.0,0.0,0.0068,0.0023,0.0014,0.00095,0.0056,0.026,0.00015,0.0,0.00001,0.0125,0.00007,0.0307,0.0,0.00008,0.0001,0.00038,0.011,0.0004,0.0048,0.0123,0.00005,0.0263,0.0,0.00004,0.682,0.0,0.0,0.00018,0.00095,0.00006,0.00029,0.0078,0.0,0.00005,0.0,0.00018,0.0014,0.0053,0.00032,0.002,0.0027,0.0677,0.0035,0.0,0.00002,0.00002,0.0013
22233368,0.0,0.00002,0.00006,0.002,0.0014,0.0057,0.0834,0.0024,0.00015,0.00005,0.00001,0.00002,0.0007,0.00091,0.0,0.00008,0.0013,0.00038,0.078,0.0031,0.005,0.0099,0.00017,0.00056,0.0,0.0034,0.682,0.0,0.0,0.00033,0.00062,0.00006,0.00071,0.0047,0.00001,0.00033,0.0,0.00004,0.004,0.0013,0.00047,0.0016,0.002,0.0112,0.0013,0.0,0.0,0.0,0.00061
23659448,0.00005,0.0,0.00049,0.002,0.0038,0.00052,0.0857,0.0024,0.00023,0.00001,0.00001,0.00023,0.00039,0.0023,0.0,0.0357,0.0013,0.00017,0.00056,0.00057,0.00005,0.0017,0.00005,0.003,0.00014,0.0,0.00009,0.00024,0.0,0.0002,0.00013,0.00023,0.00071,0.0017,0.00024,0.0002,0.00013,0.0,0.00089,0.0133,0.0171,0.0064,0.0074,0.0014,0.0385,0.0,0.0,0.00014,0.0011
23788398,0.0,0.0,0.0,0.42,0.001,0.0008,0.016,0.003,0.00015,0.00001,0.00001,0.0015,0.00007,0.0271,0.0,0.00071,0.0,0.00038,0.0688,0.00093,0.0016,0.0156,0.00017,0.00026,0.0,0.0,0.0033,0.0,0.0,0.0002,0.0024,0.0221,0.00071,0.0035,0.00001,0.0,0.0,0.0,0.0013,0.0053,0.0021,0.0012,0.008,0.0442,0.00086,0.0,0.0,0.00004,0.0017
23520058,0.0,0.0,0.00006,0.0135,0.0042,0.00052,0.0598,0.0185,0.00037,0.00005,0.00002,0.0001,0.00007,0.003,0.0,0.00024,0.0013,0.00061,0.0269,0.00024,0.00002,0.0112,0.00005,0.00073,0.0,0.0,0.00004,0.0,0.0,0.0119,0.0343,0.00003,0.00014,0.0029,0.00001,0.0,0.0,0.00004,0.0079,0.00084,0.00099,0.0042,0.0845,0.0037,0.124,0.0,0.0,0.00002,0.00061
24589148,0.0,0.0,0.0,0.0029,0.00064,0.6548,0.7908,0.0056,0.00015,0.0,0.0,0.00008,0.0007,0.011,0.0,0.00024,0.0001,0.00071,0.0187,0.0272,0.00076,0.0648,0.00017,0.00045,0.0,0.0,0.682,0.00004,0.0,0.00013,0.0048,0.00017,0.00034,0.0621,0.0,0.0,0.0,0.0,0.0056,0.0151,0.0021,0.0064,0.0168,0.0442,0.0013,0.0,0.0,0.00002,0.00013
24656518,0.0,0.00002,0.00007,0.0034,0.0014,0.0027,0.0175,0.0056,0.0011,0.00005,0.00001,0.00023,0.00065,0.0383,0.0,0.0023,0.00047,0.00017,0.0063,0.0004,0.00006,0.0066,0.001,0.00073,0.0,0.0,0.00017,0.00002,0.0,0.001,0.0024,0.00006,0.00071,0.0018,0.00015,0.0,0.0,0.00003,0.0056,0.003,0.0524,0.0032,0.0286,0.0239,0.0025,0.0,0.0,0.00043,0.0037
24517058,0.0,0.0,0.0,0.00015,0.00016,0.6548,0.0,0.003,0.00015,0.00005,0.0,0.00002,0.00006,0.00011,0.0,0.00016,0.00021,0.00017,0.0017,0.00024,0.0,0.00031,0.0,0.00026,0.0,0.0,0.00009,0.0,0.0,0.0001,0.00013,0.00002,0.9199,0.00061,0.0,0.0,0.0,0.0,0.00067,0.0013,0.00012,0.00054,0.0027,0.0,0.9573,0.00004,0.9895,0.00002,0.00022
23926278,0.0,0.0,0.00001,0.7592,0.00033,0.0012,0.0468,0.0022,0.00015,0.00019,0.00002,0.00002,0.00039,0.0039,0.0,0.00018,0.0001,0.00017,0.0131,0.0005,0.00002,0.0066,0.00005,0.00045,0.00002,0.0,0.00091,0.00001,0.0,0.0002,0.0016,0.00006,0.00071,0.0197,0.00001,0.0,0.0,0.0,0.0014,0.003,0.0046,0.0013,0.0108,0.0041,0.0021,0.00003,0.0,0.00002,0.0011
21356158,0.0,0.0,0.0,0.0061,0.00033,0.0027,0.4746,0.0133,0.00015,0.0,0.00001,0.00078,0.0863,0.0072,0.0,0.0011,0.0,0.00038,0.00065,0.0018,0.00002,0.0035,0.00004,0.00026,0.0,0.0,0.00017,0.0,0.0,0.00013,0.0054,0.00017,0.00014,0.0029,0.00001,0.0,0.0,0.0,0.00067,0.0064,0.00026,0.0095,0.0097,0.0041,0.0021,0.0,0.0,0.00002,0.00077
21250798,0.00005,0.0,0.012,0.0013,0.9313,0.0022,0.0175,0.0088,0.0027,0.00005,0.00002,0.00023,0.00006,0.004,0.0,0.00024,0.00021,0.00039,0.0046,0.0031,0.00002,0.1,0.00027,0.0019,0.0,0.00004,0.00017,0.00004,0.0,0.0018,0.0039,0.00006,0.0014,0.0063,0.00015,0.00033,0.0058,0.00003,0.004,0.009,0.0019,0.0013,0.0027,0.0093,0.05,0.00003,0.0,0.00002,0.00023
27343888,0.0,0.0,0.00001,0.0135,0.001,0.6548,0.0598,0.0269,0.00015,0.00001,0.00001,0.0236,0.00006,0.0179,0.0,0.0013,0.00026,0.00017,0.0046,0.00024,0.00005,0.0224,0.00027,0.0038,0.0,0.0,0.00009,0.00036,0.0,0.00033,0.0012,0.00017,0.2972,0.0428,0.00001,0.0,0.0,0.00043,0.004,0.0064,0.00099,0.1681,0.0045,0.0051,0.3353,0.0126,0.1646,0.00008,0.00054
27777378,0.00005,0.0,0.0021,0.00072,0.0083,0.0103,0.0147,0.0054,0.0067,0.00021,0.00007,0.0012,0.00007,0.0041,0.0,0.0013,0.0098,0.00038,0.0025,0.00099,0.00006,0.0075,0.001,0.0263,0.0,0.00015,0.00039,0.00024,0.0,0.0039,0.0059,0.00003,0.00071,0.0047,0.0101,0.00088,0.00022,0.00004,0.0079,0.0058,0.0012,0.002,0.0027,0.0156,0.1851,0.00003,0.0,0.00002,0.00022
27837658,0.0,0.0,0.0,0.00045,0.00016,0.0518,0.9333,0.0185,0.00037,0.00001,0.00002,0.00002,0.00006,0.003,0.0,0.0831,0.00015,0.00017,0.0017,0.00013,0.00006,0.1,0.001,0.0019,0.0,0.0,0.00091,0.00002,0.0,0.00013,0.00095,0.00017,0.00029,0.1965,0.00001,0.0,0.0,0.0,0.0028,0.0784,0.00032,0.7832,0.0074,0.0033,0.0062,0.0,0.0,0.00014,0.0
27997158,0.00027,0.00002,0.0001,0.0013,0.0035,0.0022,0.0282,0.0024,0.00073,0.00005,0.00003,0.00008,0.00007,0.0023,0.0,0.00071,0.0047,0.00038,0.0019,0.00024,0.00016,0.0048,0.00027,0.0019,0.0,0.00015,0.00034,0.00004,0.00006,0.00079,0.0016,0.00003,0.00034,0.0017,0.00032,0.00076,0.00013,0.00004,0.0015,0.0053,0.0019,0.0018,0.0027,0.0037,0.0265,0.0,0.0,0.00002,0.00061
28105588,0.0,0.0,0.0,0.002,0.00064,0.7982,0.075,0.0012,0.00037,0.00005,0.00043,0.00002,0.00007,0.00011,0.0,0.00037,0.0017,0.00034,0.0046,0.00057,0.00005,0.0017,0.0,0.00045,0.00002,0.00004,0.00034,0.00002,0.0,0.00013,0.0017,0.00002,0.0016,0.0012,0.00001,0.0,0.0,0.0,0.004,0.0026,0.0012,0.00033,0.015,0.0041,0.9429,0.0,0.0027,0.0,0.0018
28918118,0.0,0.0,0.00007,0.00072,0.9665,0.0022,0.0175,0.0025,0.00023,0.00021,0.00007,0.0001,0.00007,0.0017,0.0,0.0013,0.00068,0.00038,0.007,0.00024,0.00014,0.1532,0.00049,0.00056,0.0,0.0,0.00017,0.00002,0.00006,0.0032,0.0013,0.00002,0.00029,0.0014,0.00009,0.00003,0.00004,0.00018,0.004,0.0058,0.00032,0.00058,0.002,0.0014,0.0265,0.0,0.0,0.00002,0.00023
29155708,0.0,0.00002,0.0001,0.0583,0.00064,0.0027,0.0175,0.0073,0.00015,0.00005,0.00001,0.00008,0.00006,0.00063,0.0,0.00024,0.004,0.00039,0.0046,0.00024,0.00005,0.0017,0.0005,0.00067,0.0,0.0,0.00039,0.00004,0.0,0.00039,0.001,0.00017,0.00086,0.0074,0.00015,0.0,0.00003,0.0,0.033,0.0018,0.0019,0.001,0.0204,0.0041,0.0039,0.0,0.0,0.00002,0.00061
29725038,0.0,0.00002,0.0001,0.0034,0.0023,0.0225,0.0097,0.0024,0.021,0.00011,0.00001,0.00023,0.00007,0.0023,0.0,0.00071,0.0047,0.0013,0.0151,0.0005,0.00014,0.0123,0.00005,0.001,0.00002,0.00004,0.00039,0.00036,0.00006,0.0039,0.0048,0.00006,0.00034,0.0029,0.00032,0.00006,0.00004,0.00043,0.0013,0.0053,0.00047,0.0012,0.0098,0.0099,0.2791,0.00037,0.0,0.00003,0.00041
29883458,0.0,0.0,0.0,0.0095,0.00016,0.00018,0.0326,0.0987,0.00015,0.00001,0.00002,0.00002,0.00006,0.00091,0.0,0.00016,0.00034,0.00017,0.0017,0.0031,0.00016,0.0048,0.0,0.0003,0.0,0.0,0.00009,0.0,0.0,0.00033,0.0024,0.00003,0.00071,0.0112,0.00001,0.00003,0.0,0.0,0.0019,0.0013,0.0039,0.00058,0.0204,0.0013,0.0013,0.0,0.0,0.00002,0.008
29915258,0.00005,0.00002,0.0016,0.006,0.1178,0.0061,0.0175,0.0054,0.0053,0.00036,0.00003,0.00023,0.00007,0.005,0.0,0.00037,0.0047,0.00038,0.0035,0.0005,0.00051,0.0419,0.00049,0.0015,0.00002,0.00015,0.00092,0.00024,0.0024,0.0119,0.0016,0.00006,0.00086,0.0047,0.0028,0.00065,0.00013,0.00018,0.004,0.007,0.0021,0.0029,0.005,0.0099,0.0162,0.00004,0.0,0.00008,0.0017
30423818,0.0,0.0,0.0,0.0667,0.00064,0.0011,0.006,0.0016,0.00015,0.00001,0.00001,0.0,0.00006,0.003,0.0,0.00008,0.00021,0.0,0.0025,0.0005,0.00014,0.0029,0.00049,0.00026,0.0,0.0,0.00004,0.00002,0.0,0.0004,0.00095,0.00003,0.00023,0.0032,0.00015,0.0,0.0,0.0,0.0074,0.0026,0.0026,0.00009,0.0062,0.0023,0.0013,0.0,0.0,0.00002,0.00061
30902528,0.0,0.0,0.0,0.0135,0.001,0.00052,0.0165,0.1456,0.00015,0.0,0.0,0.00023,0.0018,0.0281,0.0,0.00071,0.00026,0.0,0.0017,0.00016,0.00002,0.1532,0.00008,0.00045,0.0,0.0,0.0019,0.00002,0.0,0.00013,0.1665,0.00002,0.0014,0.0824,0.00001,0.0,0.0,0.0,0.046,0.0736,0.00032,0.001,0.005,0.1319,0.0121,0.0,0.00002,0.00016,0.00041
31177578,0.0,0.0,0.0001,0.00072,0.0083,0.00073,0.025,0.0133,0.00015,0.0,0.00002,0.00002,0.00007,0.0014,0.0,0.0017,0.00026,0.00017,0.0015,0.00024,0.00002,0.0123,0.0178,0.00056,0.0,0.0,0.0079,0.00002,0.0,0.00033,0.0146,0.00003,0.00029,0.0029,0.00001,0.0,0.0,0.0,0.0074,0.009,0.00032,0.001,0.00099,0.1531,0.0121,0.0,0.00027,0.00003,0.00077
32299778,0.0,0.0,0.0,0.0061,0.0035,0.2067,0.4214,0.0386,0.00062,0.0,0.0,0.00008,0.00007,0.003,0.0,0.0013,0.00021,0.00017,0.0323,0.0004,0.00006,0.0207,0.00004,0.00045,0.0,0.0,0.0003,0.00001,0.0,0.00039,0.0039,0.00003,0.0014,0.8263,0.00001,0.0,0.0,0.0,0.0044,0.6735,0.00026,0.00058,0.00099,0.0112,0.0077,0.0,0.0,0.00001,0.0013
26085639,0.0,0.0,0.0,0.002,0.0012,0.00095,0.0039,0.0022,0.0507,0.00001,0.00001,0.00004,0.00006,0.00049,0.0,0.00018,0.004,0.00015,0.00065,0.00024,0.00005,0.0029,0.00034,0.0003,0.0,0.0,0.00039,0.00016,0.0,0.0053,0.00057,0.00006,0.0026,0.00061,0.00001,0.00003,0.00003,0.0,0.004,0.0018,0.0401,0.001,0.00099,0.0033,0.0323,0.0,0.0,0.00008,0.00022
25502049,0.0,0.0,0.0,0.00015,0.0014,0.0022,0.0056,0.0016,0.00023,0.00001,0.00001,0.00078,0.00006,0.0017,0.0,0.00008,0.006,0.00034,0.00056,0.00024,0.00002,0.00031,0.00027,0.00056,0.0,0.00004,0.00055,0.0,0.0,0.001,0.00062,0.00002,0.00034,0.0018,0.00015,0.00003,0.0,0.0,0.0152,0.0012,0.00032,0.0056,0.005,0.0014,0.9671,0.0,0.00085,0.00002,0.00077
25402009,0.0,0.0,0.0,0.1056,0.00064,0.00052,0.0834,0.0016,0.00015,0.00005,0.00001,0.00023,0.00006,0.00049,0.0,0.00024,0.00026,0.00039,0.0164,0.00016,0.00006,0.004,0.00004,0.00026,0.00002,0.0,0.00009,0.00002,0.0,0.00033,0.0016,0.00091,0.00029,0.0029,0.00001,0.0,0.0,0.00004,0.0074,0.02,0.0129,0.00054,0.0023,0.0054,0.0077,0.0,0.0,0.00002,0.00041
25370439,0.0,0.0,0.0,0.00015,0.00049,0.0375,0.9333,0.0015,0.00015,0.0,0.00002,0.00023,0.00007,0.0072,0.0,0.0053,0.0001,0.00019,0.0031,0.0018,0.00002,0.1,0.0,0.00026,0.0,0.0,0.00009,0.00002,0.0,0.0001,0.00077,0.00017,0.00014,0.0645,0.00001,0.0,0.0,0.0,0.0194,0.0498,0.00012,0.5875,0.0027,0.0062,0.0013,0.0,0.0,0.00004,0.00041
7250389,0.0,0.0,0.0,0.002,0.0121,0.0089,0.0473,0.0239,0.00062,0.00082,0.0026,0.00002,0.00006,0.0023,0.0,0.00016,0.0019,0.00071,0.0077,0.00099,0.00016,0.0123,0.00027,0.00045,0.0,0.0,0.00034,0.0006,0.0,0.001,0.0089,0.00017,0.00029,0.008,0.00009,0.00003,0.00004,0.0331,0.027,0.0151,0.0039,0.0042,0.0027,0.2899,0.0858,0.0,0.0,0.00001,0.00041
7310499,0.00003,0.0,0.0016,0.0016,0.0042,0.0022,0.1368,0.0088,0.00059,0.00005,0.00002,0.00002,0.00002,0.0059,0.0,0.00037,0.00021,0.0013,0.0187,0.00099,0.00005,0.274,0.00017,0.003,0.00002,0.0,0.00009,0.00003,0.0,0.00039,0.0012,0.00006,0.00029,0.0017,0.00009,0.00005,0.00048,0.00034,0.0074,0.02,0.0045,0.0016,0.0204,0.0248,0.0096,0.0,0.0,0.00003,0.00077
3610529,0.00003,0.0,0.0001,0.002,0.0043,0.0013,0.0175,0.0062,0.0015,0.00001,0.00002,0.0558,0.00006,0.0202,0.0,0.00037,0.00068,0.00038,0.0031,0.0005,0.00005,0.0123,0.001,0.00067,0.0,0.00004,0.00091,0.00003,0.00006,0.00039,0.0048,0.00003,0.00029,0.0047,0.00015,0.00003,0.0,0.00018,0.004,0.0088,0.00099,0.0018,0.0039,0.0099,0.0265,0.0,0.00002,0.00002,0.00054
3690109,0.00003,0.0,0.00007,0.0039,0.035,0.0518,0.0468,0.0062,0.0027,0.00005,0.00003,0.00078,0.00007,0.011,0.0,0.0122,0.004,0.00071,0.0017,0.00024,0.00003,0.2834,0.00005,0.00056,0.0,0.0,0.00091,0.00001,0.0,0.00079,0.0146,0.0,0.00071,0.0197,0.00015,0.00003,0.00003,0.00004,0.0028,0.0133,0.004,0.0105,0.005,0.0037,0.0077,0.0,0.00002,0.00002,0.00013
2513079,0.00003,0.0,0.0001,0.00072,0.9398,0.0013,0.0056,0.00042,0.0027,0.00001,0.00002,0.0012,0.00006,0.00063,0.0,0.00024,0.0014,0.00019,0.00065,0.00022,0.00002,0.0123,0.00017,0.001,0.0,0.0,0.00009,0.0,0.0,0.0018,0.0048,0.00002,0.00034,0.0014,0.00015,0.00003,0.00004,0.0,0.0028,0.0026,0.00099,0.00033,0.0027,0.0037,0.8787,0.0,0.0076,0.00004,0.00006
2338549,0.00005,0.0,0.00018,0.0015,0.001,0.00052,0.0147,0.0073,0.00015,0.00005,0.00001,0.00004,0.00026,0.0014,0.0,0.00018,0.0012,0.00038,0.0019,0.0005,0.00005,0.0123,0.00027,0.00067,0.0,0.0,0.00009,0.00002,0.0,0.00013,0.009,0.00003,0.00014,0.0018,0.00015,0.00033,0.00004,0.0,0.0014,0.003,0.0039,0.0032,0.0027,0.0086,0.0858,0.0,0.0,0.00004,0.00022
1910699,0.0,0.0,0.0001,0.0061,0.0038,0.0048,0.0385,0.0054,0.021,0.00005,0.00002,0.00078,0.00002,0.003,0.0,0.00037,0.00068,0.00071,0.0025,0.0005,0.00005,0.0715,0.00049,0.00045,0.0,0.0,0.00004,0.00024,0.0,0.0053,0.0048,0.0043,0.00014,0.0078,0.00015,0.0,0.00004,0.00003,0.077,0.0647,0.0072,0.0077,0.0137,0.0795,0.0121,0.0,0.0,0.00003,0.00041
32823839,0.0,0.0,0.0,0.0143,0.00064,0.0027,0.8213,0.0088,0.00015,0.0,0.0,0.00008,0.00007,0.0271,0.0,0.1444,0.00068,0.00038,0.0041,0.00059,0.00002,0.0224,0.0,0.00018,0.0,0.0,0.0034,0.0,0.0,0.001,0.0066,0.00006,0.00071,0.1851,0.00015,0.0,0.0,0.0,0.0028,0.0249,0.00032,0.3284,0.0027,0.0239,0.0074,0.0,0.00005,0.0,0.00013
1775089,0.00003,0.0,0.00045,0.0029,0.0083,0.0027,0.0147,0.0133,0.004,0.00021,0.00007,0.00006,0.00006,0.0017,0.0,0.00037,0.0013,0.0013,0.0041,0.0005,0.00005,0.0123,0.00017,0.0052,0.00014,0.00004,0.00034,0.00004,0.0,0.0039,0.01,0.00006,0.0016,0.0123,0.00015,0.0002,0.00004,0.00034,0.0074,0.007,0.0019,0.001,0.005,0.1121,0.0091,0.0,0.0,0.00002,0.00077
10149809,0.0,0.0,0.0,0.0061,0.0033,0.0011,0.0249,0.0049,0.00015,0.00001,0.0,0.00002,0.00006,0.0034,0.00002,0.00022,0.00068,0.0011,0.0046,0.00089,0.00076,0.375,0.00027,0.00023,0.0,0.0,0.00039,0.00001,0.0,0.00079,0.0059,0.00003,0.00014,0.0047,0.00009,0.0,0.0,0.00004,0.6231,0.0036,0.0019,0.0247,0.7348,0.845,0.124,0.0,0.0,0.00008,0.0017
8264869,0.0,0.0,0.00007,0.0229,0.00049,0.00052,0.0804,0.0045,0.00015,0.00001,0.00001,0.00006,0.00006,0.0017,0.0,0.00037,0.00026,0.00038,0.0031,0.00089,0.00006,0.0041,0.00005,0.003,0.0,0.0,0.00039,0.00004,0.0,0.00079,0.00057,0.00017,0.00029,0.0017,0.00001,0.0,0.0,0.0,0.0194,0.0115,0.00099,0.0016,0.0074,0.0112,0.0062,0.0,0.0,0.00004,0.0017
7771669,0.0,0.0,0.00001,0.0029,0.001,0.0225,0.2429,0.0054,0.00015,0.0012,0.00043,0.0125,0.00006,0.0014,0.0,0.0357,0.00021,0.0021,0.00056,0.00089,0.00006,0.0715,0.00004,0.0003,0.0,0.0,0.00091,0.0,0.0,0.00039,0.0066,0.00002,0.00097,0.0197,0.00001,0.0,0.0,0.0,0.0182,0.3236,0.0019,0.001,0.315,0.0014,0.0039,0.0,0.0,0.0002,0.0018
7670439,0.0,0.00002,0.0001,0.0061,0.8583,0.0011,0.0089,0.0056,0.0012,0.00021,0.00003,0.00078,0.00006,0.0141,0.0,0.00022,0.00068,0.00038,0.0018,0.0004,0.00014,0.5921,0.00027,0.00073,0.0,0.0,0.00091,0.00002,0.0,0.001,0.0089,0.00006,0.0059,0.0022,0.00015,0.00003,0.0,0.00004,0.0013,0.003,0.00049,0.0012,0.0074,0.0017,0.1176,0.0,0.00002,0.00003,0.00061
9627929,0.00005,0.0,0.00049,0.0015,0.0083,0.0103,0.0531,0.0025,0.0012,0.00005,0.00002,0.00023,0.00007,0.0023,0.0,0.0357,0.00021,0.00038,0.0017,0.00024,0.00005,0.0715,0.00005,0.0019,0.0,0.00004,0.00017,0.00002,0.0,0.0053,0.0024,0.00002,0.0026,0.0047,0.00015,0.0002,0.00004,0.00004,0.0044,0.0133,0.0019,0.001,0.0033,0.845,0.2086,0.0,0.00002,0.00004,0.00022
9630769,0.0,0.0,0.00001,0.028,0.0033,0.0035,0.0147,0.0088,0.00015,0.00005,0.00007,0.00008,0.00006,0.00091,0.0,0.00037,0.00034,0.00039,0.0077,0.00022,0.00002,0.0899,0.00004,0.00045,0.0,0.0,0.00004,0.00004,0.0,0.00033,0.0013,0.0043,0.00014,0.0018,0.00001,0.0,0.00003,0.0,0.0014,0.00037,0.0026,0.001,0.005,0.8601,0.0121,0.0,0.0,0.0,0.00013
9659849,0.0,0.0,0.00001,0.0023,0.0033,0.0089,0.0147,0.0133,0.00015,0.0,0.0,0.0012,0.00006,0.0434,0.0,0.0017,0.00015,0.0013,0.0107,0.00016,0.00002,0.217,0.00005,0.00026,0.0,0.0,0.00009,0.0,0.0,0.00013,0.00076,0.00017,0.00029,0.008,0.00001,0.0,0.0,0.0,0.0056,0.0026,0.00049,0.022,0.0071,0.0986,0.0091,0.0,0.0,0.0,0.0
9762379,0.0,0.0,0.0001,0.00072,0.0042,0.0835,0.0056,0.003,0.0014,0.00005,0.00002,0.00002,0.00006,0.0017,0.0,0.00018,0.0047,0.00038,0.0025,0.00024,0.00006,0.0055,0.00027,0.0263,0.0,0.0,0.00009,0.0,0.0,0.00033,0.00095,0.00003,0.0014,0.0047,0.00015,0.00003,0.0,0.00003,0.0044,0.0013,0.00032,0.00058,0.0027,0.0986,0.8239,0.0,0.0191,0.0,0.00006
10527059,0.00003,0.0,0.0001,0.7592,0.2292,0.0048,0.0255,0.0038,0.0011,0.00005,0.00003,0.00023,0.00007,0.0202,0.0,0.0013,0.0047,0.00038,0.0036,0.0004,0.00006,0.0156,0.00049,0.00045,0.00014,0.0,0.00034,0.00004,0.0,0.0081,0.0136,0.001,0.00029,0.0032,0.00094,0.00003,0.00004,0.00004,0.0155,0.0088,0.0072,0.0016,0.0033,0.0054,0.0025,0.00004,0.00002,0.00004,0.00054
11324179,0.00003,0.0,0.00018,0.002,0.1178,0.0012,0.006,0.0016,0.0015,0.00019,0.00007,0.0034,0.00007,0.0014,0.00002,0.00024,0.0098,0.00071,0.0035,0.00099,0.00051,0.0075,0.00004,0.00067,0.0,0.00004,0.0034,0.00002,0.00006,0.00054,0.0146,0.00003,0.00029,0.0292,0.00001,0.00003,0.0,0.00034,0.3252,0.027,0.0019,0.0042,0.0074,0.0054,0.8239,0.0,0.0,0.00002,0.0031
11360389,0.0,0.0,0.0,0.0003,0.9833,0.0027,0.0031,0.0015,0.00015,0.0,0.00002,0.00006,0.00006,0.00049,0.0,0.00016,0.0001,0.00017,0.0035,0.00006,0.00005,0.0537,0.00004,0.00026,0.0,0.0,0.00009,0.00002,0.0,0.00039,0.0024,0.0,0.00023,0.0012,0.00001,0.0,0.0,0.0017,0.0019,0.0012,0.00032,0.00033,0.00081,0.0037,0.0942,0.0,0.00002,0.00001,0.00044
11487209,0.00003,0.0,0.0001,0.00072,0.0298,0.0225,0.7908,0.0049,0.00037,0.00005,0.00007,0.00006,0.00006,0.0017,0.0,0.0013,0.00021,0.00034,0.0018,0.00093,0.00003,0.16,0.00049,0.001,0.00002,0.0,0.00091,0.00004,0.0,0.0015,0.0089,0.00003,0.0014,0.008,0.00001,0.0002,0.00004,0.00003,0.0019,0.009,0.0018,0.0656,0.015,0.0112,0.05,0.0,0.00002,0.00004,0.00041
11514259,0.0,0.0,0.00006,0.0017,0.0083,0.00035,0.1182,0.0088,0.00015,0.00001,0.00001,0.00008,0.00039,0.003,0.0,0.0013,0.00026,0.00038,0.0264,0.008,0.00014,0.0525,0.00049,0.00045,0.0,0.0,0.00039,0.00002,0.0,0.00017,0.0136,0.00017,0.00029,0.015,0.00001,0.0,0.00002,0.0,0.0152,0.02,0.00032,0.0042,0.0028,0.1199,0.0013,0.0,0.0,0.00016,0.0017
11523839,0.0,0.0,0.00001,0.0029,0.0021,0.0048,0.0385,0.0185,0.0067,0.00005,0.00007,0.0034,0.00026,0.0072,0.0,0.0074,0.0014,0.00038,0.007,0.0004,0.00006,0.0123,0.00095,0.0003,0.0,0.0,0.0015,0.00002,0.0,0.001,0.0039,0.00003,0.0014,0.008,0.00015,0.00003,0.0,0.00043,0.0013,0.0309,0.0021,0.0042,0.0467,0.0112,0.0025,0.0,0.00006,0.00073,0.0031
14572619,0.0,0.0,0.00001,0.1114,0.0023,0.0011,0.0133,0.2868,0.00023,0.00005,0.00002,0.00078,0.00006,0.0748,0.0,0.0017,0.00026,0.00004,0.00056,0.00024,0.00005,0.0329,0.00011,0.0034,0.0,0.0,0.00004,0.00004,0.0,0.00039,0.0013,0.00006,0.0245,0.0113,0.00015,0.00003,0.00004,0.00003,0.0074,0.0356,0.0065,0.00033,0.0027,0.0033,0.0039,0.0,0.00006,0.00016,0.00023
14655759,0.00003,0.0,0.0,0.00045,0.00064,0.0061,0.00076,0.0133,0.00015,0.00005,0.00002,0.00006,0.00006,0.00049,0.0,0.00024,0.00021,0.00019,0.00056,0.00024,0.00005,0.0017,0.00004,0.00026,0.0,0.00004,0.00009,0.00002,0.0,0.00039,0.00057,0.00003,0.00029,0.0074,0.00015,0.00006,0.00002,0.00004,0.00039,0.0053,0.00099,0.00054,0.0028,0.0023,0.0076,0.0,0.0,0.00002,0.00077
14713669,0.0,0.0,0.0,0.002,0.0012,0.0011,0.0078,0.0063,0.0507,0.00005,0.00002,0.00023,0.00007,0.0072,0.0,0.00008,0.00068,0.00017,0.0017,0.00033,0.005,0.0029,0.0,0.0015,0.0,0.0,0.0079,0.0,0.0,0.00054,0.0012,0.00002,0.0026,0.0017,0.00015,0.0,0.0,0.0,0.00089,0.009,0.00032,0.002,0.00099,0.0041,0.6851,0.0,0.00002,0.0,0.00041
15029839,0.0,0.0,0.00001,0.0143,0.0043,0.0022,0.0075,0.0239,0.00015,0.00005,0.00001,0.0001,0.00006,0.0072,0.0,0.00018,0.00021,0.9811,0.0323,0.00024,0.00016,0.0055,0.00005,0.0015,0.00002,0.0,0.00091,0.00002,0.0,0.0039,0.009,0.00002,0.00029,0.0063,0.00001,0.00003,0.00004,0.00003,0.0074,0.0029,0.00099,0.00084,0.0055,0.6502,0.0225,0.0,0.0,0.00002,0.00051
15807099,0.0,0.0,0.0,0.0034,0.0012,0.0119,0.0147,0.0015,0.00015,0.0,0.00002,0.00002,0.00006,0.0023,0.0,0.00037,0.00015,0.00038,0.0031,0.00022,0.00006,0.0048,0.00005,0.0003,0.0,0.0,0.00009,0.0006,0.0,0.00039,0.00095,0.00017,0.0042,0.0028,0.00001,0.0,0.0,0.00003,0.0015,0.0011,0.0401,0.0029,0.0591,0.0014,0.049,0.00003,0.0,0.00002,0.0017
15741469,0.0,0.0,0.0,0.0003,0.00064,0.0061,0.9651,0.0016,0.00023,0.00005,0.00002,0.00002,0.0011,0.0162,0.0,0.0013,0.00026,0.00034,0.00056,0.00099,0.00016,0.0207,0.0,0.00026,0.0,0.0,0.0019,0.0,0.0,0.00013,0.00057,0.0,0.00029,0.0123,0.00001,0.0,0.0,0.0,0.0056,0.009,0.0021,0.6458,0.0261,0.0023,0.0025,0.0,0.0,0.00002,0.00006
16298239,0.00005,0.0,0.0001,0.0887,0.0052,0.0061,0.7908,0.003,0.00062,0.00005,0.00002,0.00023,0.00006,0.0014,0.0,0.00024,0.0012,0.00017,0.0018,0.00057,0.00006,0.0123,0.00027,0.00073,0.00002,0.00004,0.00034,0.00004,0.0,0.0039,0.0024,0.00023,0.00034,0.0183,0.0024,0.00076,0.00004,0.00018,0.004,0.0151,0.0072,0.0077,0.0131,0.0052,0.0121,0.0,0.0,0.00004,0.00023
16409439,0.0,0.0,0.0001,0.0023,0.0035,0.0448,0.7908,0.0054,0.004,0.00001,0.00007,0.00004,0.00007,0.005,0.0,0.0314,0.0166,0.00038,0.0046,0.0005,0.00006,0.0123,0.00005,0.00045,0.00002,0.00004,0.00039,0.00004,0.0,0.00017,0.0066,0.00003,0.0029,0.8263,0.004,0.00003,0.00003,0.0,0.00067,0.8364,0.00037,0.0407,0.002,0.0037,0.0162,0.0,0.0001,0.0,0.00044
16453249,0.0,0.0,0.0,0.0061,0.0052,0.0027,0.7908,0.0185,0.0053,0.00005,0.00001,0.0001,0.0025,0.0072,0.0,0.0023,0.00068,0.00038,0.0046,0.0052,0.00005,0.0329,0.00005,0.00023,0.00002,0.0,0.00055,0.00002,0.0,0.0177,0.0146,0.00017,0.00014,0.0292,0.00001,0.0,0.0,0.00003,0.0152,0.027,0.00015,0.0169,0.0012,0.0442,0.049,0.0,0.0,0.00003,0.0018
16476809,0.0,0.0,0.00001,0.00015,0.0014,0.0103,0.9814,0.0016,0.00015,0.0,0.00001,0.00004,0.00039,0.00049,0.0,0.9259,0.0001,0.00017,0.00056,0.00089,0.00006,0.0525,0.001,0.00027,0.0,0.0,0.00009,0.0,0.0,0.0002,0.0024,0.00003,0.00029,0.1965,0.00001,0.0,0.0,0.0,0.004,0.0498,0.004,0.7832,0.0146,0.0112,0.0062,0.0,0.0,0.00004,0.00022
16501219,0.00005,0.00002,0.00018,0.0061,0.0821,0.0071,0.3415,0.0073,0.00059,0.00021,0.00043,0.00006,0.00007,0.0023,0.0,0.00018,0.0013,0.00038,0.0264,0.0131,0.00014,0.0156,0.00017,0.0052,0.0,0.0,0.0051,0.00003,0.0,0.0026,0.001,0.00017,0.0011,0.0019,0.00001,0.00088,0.00004,0.00003,0.004,0.0155,0.00047,0.0247,0.0071,0.0167,0.0795,0.00003,0.0,0.00002,0.00041
16700849,0.0,0.0,0.0,0.0029,0.0042,0.0061,0.8898,0.00069,0.00015,0.00001,0.00002,0.00078,0.00006,0.0023,0.0,0.0265,0.0047,0.00038,0.0018,0.00033,0.00005,0.0123,0.0,0.00026,0.0,0.0,0.00091,0.00002,0.0,0.00039,0.00013,0.00003,0.00041,0.8864,0.00015,0.0,0.0,0.00004,0.0019,0.0405,0.00032,0.0906,0.002,0.0037,0.0162,0.0,0.0001,0.00002,0.00013
17190139,0.00005,0.0,0.00007,0.0203,0.001,0.0008,0.0138,0.00069,0.00015,0.0,0.0,0.00023,0.00006,0.0014,0.0,0.00037,0.00026,0.00075,0.0025,0.00089,0.00076,0.0062,0.00004,0.00067,0.0,0.0,0.0034,0.00002,0.0,0.001,0.0016,0.0,0.00023,0.0018,0.00009,0.0002,0.0,0.00004,0.0155,0.0053,0.00099,0.001,0.1326,0.0049,0.0076,0.0,0.0,0.00001,0.00022
17563899,0.0,0.0,0.0,0.00072,0.0023,0.0012,0.0031,0.0054,0.00015,0.00001,0.00007,0.00002,0.00006,0.0162,0.0,0.00008,0.0026,0.00038,0.0063,0.00024,0.0032,0.0018,0.00005,0.00067,0.0,0.0,0.00009,0.00016,0.0,0.00033,0.00057,0.00003,0.00086,0.0007,0.00001,0.0,0.0,0.00018,0.0014,0.0013,0.00032,0.00009,0.002,0.0041,0.9741,0.00003,0.0087,0.0,0.00022
18075929,0.0,0.0,0.00001,0.006,0.001,0.0035,0.0326,0.0049,0.00015,0.0,0.00002,0.00065,0.00007,0.0271,0.0,0.00018,0.00026,0.00039,0.0437,0.00033,0.00076,0.0949,0.0015,0.0019,0.0,0.0,0.682,0.0,0.0,0.00013,0.0089,0.00006,0.00014,0.0029,0.00001,0.00003,0.00002,0.00003,0.0019,0.0018,0.0019,0.00084,0.0027,0.0041,0.0077,0.00044,0.0012,0.00004,0.00041
18395759,0.0,0.0,0.0,0.0029,0.0069,0.00094,0.0031,0.00069,0.00015,0.00005,0.00002,0.00008,0.00007,0.00091,0.0,0.00094,0.00068,0.00038,0.0015,0.00024,0.00006,0.0048,0.0,0.00045,0.0,0.0,0.00034,0.00001,0.0,0.00079,0.00077,0.00091,0.00034,0.0047,0.00001,0.00003,0.0,0.0,0.0194,0.0018,0.0236,0.00084,0.002,0.0052,0.3779,0.0,0.0,0.00008,0.00041
18462109,0.0,0.0,0.0,0.0135,0.00016,0.0225,0.0175,0.0133,0.00015,0.0,0.00002,0.0012,0.00007,0.3968,0.0,0.00024,0.00026,0.00012,0.0046,0.00024,0.00014,0.0224,0.0,0.00045,0.0,0.0,0.00091,0.0,0.0,0.00039,0.0066,0.00006,0.00071,0.0645,0.00001,0.0,0.0,0.0,0.00067,0.009,0.00047,0.0042,0.00072,0.0054,0.00096,0.0,0.0,0.0,0.00013
18540779,0.0,0.0,0.0,0.0017,0.00049,0.0035,0.7908,0.0239,0.00023,0.0,0.00001,0.00065,0.00065,0.00091,0.0,0.002,0.00021,0.00014,0.0035,0.0018,0.00005,0.0782,0.00005,0.00045,0.0,0.0,0.00034,0.00002,0.0,0.00039,0.0066,0.00006,0.00086,0.0063,0.00009,0.00003,0.0,0.0,0.0509,0.0249,0.00026,0.0505,0.0071,0.0014,0.0021,0.0,0.0,0.00004,0.00041
19728219,0.00003,0.0,0.0,0.006,0.001,0.0022,0.0087,0.0239,0.0018,0.00005,0.00002,0.0034,0.00007,0.875,0.0,0.0013,0.0114,0.00038,0.0018,0.00089,0.00063,0.0029,0.00049,0.00027,0.0,0.0,0.0033,0.0,0.00006,0.00079,0.6626,0.00002,0.00086,0.0014,0.00001,0.00003,0.0,0.00066,0.0374,0.1378,0.00099,0.0179,0.0204,0.0316,0.0106,0.0,0.00002,0.00008,0.00051
19892579,0.0,0.0,0.0,0.1056,0.001,0.00088,0.0175,0.0016,0.00015,0.00005,0.00002,0.00023,0.00064,0.737,0.0,0.0013,0.0,0.00019,0.007,0.00057,0.00005,0.0759,0.00005,0.00045,0.0,0.0,0.00017,0.00016,0.0,0.0013,0.01,0.00003,0.00023,0.0824,0.00001,0.0,0.00003,0.0,0.6231,0.0026,0.00049,0.0018,0.0027,0.1417,0.0021,0.0,0.0,0.00004,0.00023
19435588,0.0,0.0,0.0,0.0013,0.0012,0.0017,0.0367,0.5938,0.00015,0.00001,0.00002,0.00006,0.00006,0.0072,0.0,0.00024,0.00021,0.00034,0.007,0.0031,0.00016,0.1649,0.00017,0.00045,0.0,0.0,0.0003,0.00002,0.0,0.00033,0.0146,0.0,0.00014,0.0532,0.00001,0.0,0.00003,0.00003,0.0105,0.0088,0.0021,0.00033,0.0168,0.0041,0.0048,0.0,0.0,0.00002,0.00051
19586598,0.00003,0.00002,0.00007,0.0015,0.0038,0.0061,0.0468,0.0088,0.0027,0.00005,0.00007,0.00004,0.00007,0.005,0.0,0.0017,0.0047,0.00038,0.00065,0.00024,0.00005,0.0123,0.0005,0.00073,0.0,0.0,0.00039,0.00004,0.0,0.001,0.0048,0.00006,0.00071,0.0014,0.00001,0.00003,0.00013,0.00003,0.0043,0.0053,0.0012,0.0018,0.002,0.0167,0.9387,0.0,0.0,0.00004,0.00077
19427648,0.00005,0.0,0.00018,0.0029,0.9741,0.0035,0.0087,0.0045,0.00062,0.00021,0.00003,0.00002,0.00007,0.003,0.0,0.00071,0.00068,0.00017,0.0016,0.00016,0.00006,0.0123,0.00034,0.0014,0.0,0.0,0.0003,0.00024,0.0,0.0053,0.0066,0.00003,0.00029,0.0063,0.00024,0.00076,0.00013,0.00004,0.0056,0.0058,0.0018,0.00054,0.0031,0.0041,0.0106,0.00003,0.0,0.00002,0.00023
20404708,0.0,0.0,0.00001,0.00045,0.001,0.00052,0.1485,0.033,0.00015,0.00001,0.00001,0.00002,0.00002,0.00091,0.0,0.00018,0.0,0.00019,0.0041,0.00006,0.00002,0.1279,0.00004,0.00085,0.0,0.0,0.00009,0.00002,0.0,0.00013,0.0048,0.0,0.00014,0.00061,0.00001,0.0,0.0,0.0,0.0655,0.0015,0.00032,0.00033,0.0027,0.9061,0.0013,0.0,0.0,0.00001,0.00051
20377428,0.0,0.0,0.00001,0.0095,0.0023,0.0022,0.0473,0.0133,0.00073,0.00005,0.00003,0.0001,0.00007,0.0023,0.0,0.00024,0.0047,0.00071,0.0046,0.00024,0.00003,0.0123,0.00027,0.0003,0.0,0.0,0.00017,0.00002,0.0,0.0002,0.0089,0.00006,0.00029,0.0047,0.00001,0.0,0.0,0.00018,0.0112,0.0155,0.0012,0.0029,0.0071,0.0316,0.0121,0.0,0.0,0.00002,0.00041
20430438,0.0,0.0,0.0,0.00044,0.00049,0.0011,0.025,0.0022,0.00015,0.0,0.0,0.00004,0.00006,0.0023,0.0,0.0018,0.00021,0.00008,0.0323,0.00024,0.00005,0.0018,0.00005,0.00067,0.0,0.0,0.00009,0.0,0.0,0.00079,0.0012,0.00006,0.00086,0.0021,0.00001,0.0,0.0,0.0,0.004,0.00084,0.0072,0.001,0.005,0.0054,0.0025,0.0,0.00002,0.00002,0.00022
20921568,0.0,0.0,0.00001,0.0039,0.0033,0.0035,0.0385,0.0596,0.00023,0.00005,0.00001,0.0034,0.00006,0.3185,0.0,0.00016,0.00039,0.00019,0.011,0.00024,0.00063,0.5921,0.00017,0.00045,0.0,0.0,0.00009,0.00003,0.0,0.0018,0.8382,0.00017,0.00029,0.0488,0.00015,0.00003,0.00004,0.00003,0.0152,0.0284,0.00047,0.00084,0.0227,0.0274,0.0077,0.0,0.0,0.00008,0.00006
21510828,0.0,0.0,0.0,0.00015,0.00016,0.0835,0.00081,0.00013,0.00015,0.00005,0.00001,0.00008,0.00006,0.003,0.0,0.0017,0.0013,0.00017,0.0,0.00016,0.00006,0.00031,0.00034,0.0003,0.0,0.0,0.00004,0.0,0.0,0.00013,0.00077,0.0,0.00071,0.0018,0.00015,0.00003,0.0,0.0,0.0044,0.00027,0.00026,0.00009,0.0074,0.0023,0.982,0.0,0.0001,0.0,0.00041
21714358,0.0,0.0,0.00007,0.0015,0.0042,0.6548,0.0603,0.0016,0.0093,0.00021,0.00007,0.00004,0.0005,0.0072,0.0,0.0013,0.9476,0.0013,0.0041,0.00016,0.00002,0.0224,0.00049,0.001,0.0,0.0,0.00017,0.00002,0.0,0.0032,0.00057,0.00006,0.0708,0.0028,0.00015,0.00005,0.00004,0.00018,0.027,0.0151,0.0012,0.0064,0.0074,0.0054,0.0162,0.00003,0.00063,0.00043,0.00013
21647708,0.0,0.0,0.0,0.0184,0.001,0.0011,0.0147,0.0016,0.00037,0.0,0.0,0.00002,0.00007,0.0023,0.0,0.00018,0.00021,0.00039,0.0036,0.00099,0.00005,0.0055,0.00011,0.0003,0.0,0.0,0.00009,0.00001,0.0,0.0039,0.0013,0.00006,0.00023,0.0029,0.00024,0.0,0.0,0.00003,0.0013,0.0053,0.0162,0.0042,0.005,0.0054,0.0025,0.0,0.0,0.00004,0.00077
22126898,0.0,0.0,0.0,0.2928,0.00016,0.00094,0.0175,0.0015,0.00015,0.00005,0.00002,0.00023,0.00064,0.0072,0.0,0.00037,0.00026,0.00038,0.0015,0.0007,0.00005,0.0224,0.00004,0.0003,0.0,0.0,0.0003,0.0,0.0,0.00079,0.0039,0.001,0.00029,0.008,0.00001,0.0,0.0,0.0,0.0194,0.00084,0.00099,0.0105,0.0071,0.0023,0.0013,0.0,0.0,0.00014,0.00023
22261988,0.0,0.0,0.0,0.0029,0.0012,0.0103,0.8393,0.00069,0.00059,0.0,0.00001,0.00023,0.00064,0.0179,0.0,0.00018,0.0,0.00019,0.0025,0.00057,0.00016,0.0794,0.00004,0.00026,0.0,0.0,0.0019,0.0,0.0,0.00013,0.0048,0.00002,0.00034,0.0621,0.00001,0.0,0.0,0.0,0.0105,0.02,0.00099,0.7832,0.00099,0.0274,0.0025,0.0,0.0,0.00002,0.00023
22626708,0.0,0.0,0.0001,0.006,0.8583,0.00094,0.0147,0.0049,0.00015,0.00001,0.00003,0.00006,0.00002,0.0034,0.0,0.00018,0.00021,0.00017,0.0025,0.00089,0.00005,0.0126,0.00036,0.0019,0.0,0.0,0.00009,0.00002,0.0,0.0002,0.0016,0.00002,0.00029,0.00061,0.00001,0.0,0.00048,0.00004,0.0152,0.007,0.00049,0.00023,0.002,0.0109,0.0225,0.0,0.0,0.00002,0.00061
22315948,0.0,0.0,0.00049,0.00015,0.00033,0.0071,0.9909,0.0024,0.00015,0.0,0.00001,0.00002,0.0007,0.0271,0.0,0.8846,0.00026,0.00017,0.0,0.00006,0.00002,0.1469,0.00004,0.0019,0.0,0.0,0.0003,0.0,0.0,0.001,0.0016,0.00002,0.00014,0.8263,0.00001,0.0,0.0,0.00004,0.0056,0.1378,0.00037,0.7939,0.0033,0.005,0.00096,0.0,0.00002,0.00004,0.00013
22581438,0.0,0.0,0.0,0.0135,0.001,0.0027,0.0056,0.0024,0.00023,0.0,0.00001,0.00002,0.00006,0.00091,0.0,0.00022,0.00021,0.00038,0.0063,0.00057,0.00006,0.0048,0.00017,0.00045,0.0,0.0,0.00009,0.0,0.0,0.00079,0.00095,0.00003,0.00071,0.0047,0.00015,0.0,0.0,0.0,0.00067,0.0026,0.0129,0.0016,0.0131,0.0054,0.0021,0.0,0.0,0.00003,0.0054
22843258,0.0,0.0,0.00001,0.0938,0.0023,0.00052,0.0147,0.0386,0.00015,0.00001,0.00002,0.0,0.00006,0.0072,0.0,0.00018,0.00015,0.00017,0.007,0.00008,0.00002,0.0648,0.0,0.001,0.00002,0.0,0.00017,0.00002,0.0,0.00033,0.0024,0.00003,0.00034,0.0063,0.00001,0.0,0.00004,0.00003,0.0358,0.009,0.00099,0.0016,0.0098,0.0112,0.0062,0.0,0.0,0.00004,0.0018
24697248,0.0,0.0,0.00001,0.0003,0.00016,0.7513,0.0175,0.0088,0.00015,0.00001,0.00002,0.00023,0.00007,0.00091,0.0,0.0023,0.0022,0.00038,0.00056,0.00008,0.00005,0.0794,0.0,0.00045,0.0,0.0,0.00009,0.00001,0.0,0.00013,0.0024,0.00002,0.9147,0.0032,0.00001,0.0,0.0,0.0,0.0019,0.0013,0.0019,0.00058,0.0027,0.0442,0.8787,0.0,0.0061,0.0,0.00041
24323428,0.0,0.0,0.00001,0.0203,0.00016,0.0061,0.0016,0.00042,0.00015,0.0,0.00001,0.00002,0.00006,0.003,0.0,0.00037,0.00021,0.00017,0.0015,0.00006,0.00005,0.0055,0.00027,0.00045,0.0,0.0,0.00009,0.00002,0.0,0.0018,0.0039,0.00045,0.00034,0.0,0.00015,0.0,0.00004,0.0,0.0028,0.00084,0.00032,0.00033,0.0059,0.0316,0.9573,0.0,0.00002,0.00004,0.00013
27030558,0.0,0.0,0.0,0.0017,0.00049,0.0008,0.0175,0.0056,0.00015,0.0,0.0,0.00023,0.00064,0.0017,0.0,0.00037,0.0001,0.00017,0.00065,0.00024,0.00006,0.0052,0.00017,0.00026,0.0,0.0,0.00017,0.0,0.0,0.00033,0.00057,0.00006,0.00014,0.0014,0.00001,0.00003,0.0,0.0,0.0023,0.0015,0.00099,0.00058,0.0168,0.0054,0.0162,0.0,0.0,0.00002,0.00061
26396498,0.0,0.0,0.0,0.0203,0.001,0.1198,0.0804,0.0358,0.00015,0.0,0.00001,0.00004,0.0011,0.0202,0.0,0.00037,0.0001,0.00038,0.013,0.00057,0.00005,0.0419,0.00034,0.0003,0.0,0.0,0.00091,0.00003,0.0,0.00039,0.001,0.00006,0.0016,0.3689,0.00001,0.0,0.0,0.0,0.1045,0.009,0.00026,0.0247,0.0288,0.5498,0.00045,0.0,0.0,0.00016,0.0017
27326858,0.0,0.0,0.00018,0.006,0.0083,0.0518,0.0175,0.0088,0.00062,0.0014,0.00045,0.00004,0.00006,0.0017,0.0,0.00018,0.0496,0.00017,0.007,0.0007,0.00005,0.0029,0.00027,0.003,0.00002,0.0,0.00009,0.00002,0.0,0.0064,0.0013,0.00003,0.00029,0.0393,0.0013,0.00003,0.00013,0.00004,0.0015,0.0026,0.00032,0.0032,0.00099,0.0093,0.0106,0.0,0.0,0.00002,0.00041
27405098,0.0,0.0,0.0,0.0661,0.0083,0.0022,0.025,0.0133,0.00015,0.00019,0.00003,0.00023,0.00006,0.5661,0.0,0.00024,0.00021,0.00038,0.0046,0.00089,0.00061,0.0268,0.00005,0.0014,0.0,0.0,0.0981,0.00002,0.0,0.0018,0.0419,0.00003,0.0014,0.0063,0.00001,0.00003,0.0,0.00003,0.0044,0.02,0.00047,0.0077,0.0027,0.0099,0.0062,0.0,0.0,0.00008,0.0013
27485458,0.00003,0.0,0.00006,0.0426,0.0121,0.0119,0.0985,0.003,0.0011,0.00011,0.00002,0.00023,0.00006,0.011,0.0,0.0013,0.0013,0.00038,0.0031,0.00034,0.00006,0.0314,0.00005,0.00045,0.00002,0.00004,0.00039,0.00016,0.0,0.00039,0.0066,0.00003,0.00034,0.00061,0.00015,0.00003,0.00004,0.00066,0.0152,0.0249,0.0039,0.0056,0.0027,0.0093,0.0484,0.00003,0.0,0.00004,0.00013
28056358,0.0,0.0,0.0,0.00072,0.00064,0.00095,0.0078,0.0012,0.00023,0.0,0.00002,0.00006,0.00006,0.00041,0.0,0.0013,0.00021,0.00034,0.0041,0.00024,0.00006,0.0029,0.00049,0.0003,0.0,0.0,0.00009,0.00004,0.0,0.00033,0.00057,0.00017,0.00034,0.0014,0.00015,0.00003,0.0,0.00003,0.0014,0.0026,0.0045,0.00009,0.0074,0.0014,0.0021,0.0,0.0,0.00004,0.00023
28167648,0.00003,0.0,0.00018,0.0029,0.0298,0.0053,0.0282,0.0024,0.0027,0.00021,0.00002,0.00023,0.00006,0.002,0.0,0.00024,0.0114,0.0013,0.00065,0.0004,0.00016,0.0055,0.00027,0.0021,0.0,0.00004,0.00055,0.00003,0.0,0.0053,0.0017,0.00006,0.00071,0.008,0.00015,0.00003,0.00022,0.00066,0.0043,0.0053,0.0021,0.0015,0.002,0.0017,0.0385,0.0,0.0,0.00002,0.00041
27929658,0.0,0.0,0.0,0.0203,0.00049,0.0022,0.0501,0.017,0.0135,0.00005,0.00003,0.0012,0.00039,0.1652,0.0,0.00037,0.00021,0.00061,0.0025,0.00057,0.00016,0.0156,0.00005,0.00045,0.0,0.0,0.00091,0.00002,0.00006,0.0119,0.0146,0.00017,0.00029,0.015,0.00009,0.0,0.0,0.00004,0.0182,0.0053,0.0019,0.0176,0.1924,0.0201,0.0025,0.00003,0.0,0.00016,0.0037
28097788,0.0,0.0,0.0,0.0023,0.00016,0.0147,0.1105,0.0133,0.00015,0.0,0.00001,0.00002,0.00002,0.0017,0.0,0.00018,0.0001,0.00038,0.013,0.00099,0.00002,0.5921,0.0,0.00027,0.0,0.0,0.00004,0.0,0.0,0.00013,0.0048,0.00017,0.00071,0.015,0.0,0.0,0.0,0.0,0.004,0.007,0.0012,0.00084,0.00072,0.9237,0.0013,0.0,0.00002,0.0,0.0
28539818,0.00003,0.0,0.0001,0.0029,0.163,0.0103,0.0857,0.0056,0.0011,0.00011,0.00003,0.00002,0.00007,0.004,0.0,0.00094,0.0047,0.00075,0.007,0.0005,0.00006,0.0119,0.0005,0.0014,0.0,0.0,0.00017,0.00024,0.0,0.0039,0.0039,0.00017,0.00071,0.0078,0.004,0.00033,0.00013,0.00004,0.0074,0.02,0.0129,0.0105,0.0027,0.0099,0.0074,0.0,0.0,0.00002,0.0011
28784338,0.0,0.0,0.00001,0.0357,0.0038,0.00094,0.0823,0.0088,0.00023,0.00005,0.00002,0.00023,0.00007,0.0748,0.0,0.0013,0.0022,0.0011,0.007,0.0018,0.00051,0.01,0.00034,0.00073,0.0,0.0,0.0003,0.00003,0.0,0.001,0.0089,0.00006,0.00071,0.0078,0.00009,0.0,0.00002,0.00018,0.0152,0.0309,0.00049,0.0015,0.008,0.0059,0.0323,0.0,0.0,0.00003,0.008
28753768,0.0,0.0,0.0,0.00045,0.00016,0.0053,0.00081,0.0,0.00023,0.00036,0.00007,0.00002,0.00002,0.00049,0.0,0.00016,0.0012,0.0024,0.0437,0.00033,0.00016,0.0119,0.00004,0.00045,0.0,0.0,0.00091,0.00001,0.0,0.00033,0.0089,0.00002,0.0498,0.0017,0.00001,0.0,0.0,0.0,0.0935,0.0036,0.00047,0.00033,0.0323,0.00063,0.982,0.00044,0.9983,0.0,0.0031
28832188,0.00003,0.00002,0.00045,0.00072,0.0042,0.1057,0.0039,0.0015,0.00023,0.00021,0.00002,0.00023,0.00007,0.0072,0.0,0.0053,0.0019,0.00038,0.0031,0.0005,0.00005,0.00081,0.00017,0.00061,0.0,0.00004,0.00055,0.0006,0.00006,0.0018,0.0017,0.00006,0.00029,0.0012,0.00015,0.00005,0.00004,0.00004,0.0044,0.0088,0.00049,0.0013,0.0033,0.0037,0.6306,0.00004,0.00002,0.00003,0.00044
29138078,0.0,0.0,0.0,0.0357,0.0023,0.0048,0.0138,0.0211,0.00015,0.0,0.0,0.00002,0.00006,0.02,0.0,0.00071,0.0,0.00038,0.0635,0.00022,0.00006,0.1649,0.0,0.00045,0.0,0.0,0.00009,0.0,0.0,0.0001,0.0013,0.00003,0.006,0.494,0.00001,0.0,0.0,0.0,0.0822,0.0029,0.00032,0.0105,0.0113,0.8712,0.00096,0.0,0.00002,0.00002,0.0011
30056418,0.0,0.0,0.0,0.0976,0.00049,0.0022,0.0596,0.003,0.00015,0.0,0.00001,0.00004,0.00006,0.0271,0.0,0.0053,0.00015,0.00038,0.00065,0.00033,0.00002,0.5921,0.00027,0.00045,0.0,0.0,0.00009,0.00001,0.0,0.00039,0.8382,0.00017,0.00097,0.0191,0.00001,0.0,0.0,0.0,0.077,0.8364,0.00049,0.00023,0.0071,0.0239,0.0013,0.0,0.0,0.00016,0.00022
30665458,0.0,0.0,0.0,0.0023,0.00016,0.00052,0.0078,0.0133,0.00015,0.0,0.00002,0.00023,0.00006,0.5022,0.0,0.00008,0.0001,0.00017,0.0046,0.00057,0.00006,0.0029,0.00017,0.00045,0.0,0.0,0.00034,0.0,0.0,0.0053,0.0016,0.00003,0.00071,0.175,0.00001,0.0,0.0,0.0,0.046,0.0013,0.001,0.00023,0.0978,0.3575,0.0025,0.0,0.0,0.00014,0.00006
31276598,0.0,0.0,0.00001,0.0029,0.0013,0.2886,0.00076,0.00069,0.00037,0.0,0.0,0.00008,0.00002,0.00049,0.0,0.0,0.00021,0.0013,0.00095,0.00013,0.0,0.0329,0.00004,0.00073,0.0,0.0,0.00004,0.00024,0.0,0.00033,0.0064,0.0,0.6616,0.00061,0.00001,0.0,0.0,0.0,0.0015,0.0212,0.00012,0.0,0.0204,0.0011,0.9767,0.0024,1.0,0.00001,0.00013
32000208,0.0,0.0,0.0,0.00015,0.0033,0.0017,0.675,0.00013,0.00023,0.0,0.0,0.00002,0.00002,0.0014,0.0,0.00071,0.0066,0.00038,0.0107,0.0052,0.00051,0.00081,0.00017,0.0,0.0,0.0,0.0034,0.00002,0.0,0.00017,0.0024,0.00006,0.00023,0.015,0.00001,0.0,0.0,0.0,0.0074,0.0026,0.0012,0.0179,0.0288,0.0183,0.00096,0.0,0.0,0.0,0.0017
33154348,0.0,0.0,0.0,0.006,0.00049,0.023,0.1861,0.126,0.00023,0.0,0.00002,0.00008,0.00039,0.0271,0.0,0.0023,0.00026,0.00038,0.00065,0.00024,0.00006,0.0224,0.01,0.00045,0.0,0.0,0.00055,0.00024,0.0,0.0039,0.00057,0.00006,0.00034,0.0428,0.00015,0.0,0.0,0.00004,0.004,0.0498,0.00047,0.0018,0.0062,0.0716,0.0048,0.0,0.00002,0.00043,0.00013
6406929,0.00003,0.0,0.0001,0.002,0.0419,0.0119,0.0449,0.003,0.00059,0.00021,0.00003,0.00023,0.0007,0.003,0.0,0.0023,0.0047,0.00038,0.007,0.00024,0.00014,0.0279,0.00027,0.0019,0.00014,0.00004,0.0015,0.00024,0.00006,0.0018,0.0024,0.00023,0.00071,0.0014,0.00032,0.00006,0.00004,0.00004,0.0079,0.0115,0.0039,0.0095,0.005,0.0112,0.1576,0.00003,0.0,0.00008,0.00077
2840539,0.0,0.0,0.0,0.0061,0.001,0.00094,0.0468,0.0012,0.00015,0.00005,0.00001,0.00008,0.00006,0.0017,0.0,0.00037,0.00021,0.00038,0.00065,0.00024,0.00006,0.0017,0.00027,0.0003,0.0,0.0,0.0003,0.00002,0.0,0.0013,0.0013,0.00006,0.00034,0.0029,0.00015,0.00003,0.0,0.0,0.0019,0.0013,0.004,0.0029,0.002,0.0041,0.0513,0.0,0.0,0.00002,0.00013
3069749,0.0,0.0,0.0,0.0003,0.0013,0.6364,0.7908,0.0062,0.00037,0.0,0.00002,0.00002,0.6371,0.00075,0.0,0.8846,0.00047,0.00038,0.00095,0.00024,0.00003,0.0029,0.00005,0.00027,0.00002,0.0,0.00017,0.00002,0.0,0.00039,0.00057,0.00006,0.00023,0.0017,0.00024,0.00003,0.00002,0.00003,0.0013,0.003,0.0401,0.3284,0.005,0.0041,0.0025,0.0,0.0,0.00001,0.00022
1547749,0.00005,0.00002,0.0068,0.00072,0.016,0.0071,0.0039,0.0088,0.0011,0.00021,0.00007,0.00078,0.00007,0.003,0.0,0.0013,0.00034,0.00038,0.00095,0.00024,0.00006,0.0119,0.00034,0.0015,0.0,0.00004,0.00009,0.00002,0.0,0.001,0.0017,0.00006,0.00071,0.0029,0.00015,0.00088,0.00013,0.00004,0.0074,0.0058,0.004,0.001,0.005,0.0059,0.0323,0.00003,0.0,0.00003,0.00022
1581789,0.00003,0.0,0.0001,0.00072,0.1574,0.0022,0.0147,0.0015,0.00015,0.00001,0.0,0.00004,0.00006,0.00075,0.0,0.00024,0.00034,0.0019,0.011,0.0007,0.00076,0.0415,0.00017,0.0043,0.0,0.00004,0.00039,0.00016,0.0,0.00033,0.001,0.0,0.00014,0.0047,0.00001,0.00033,0.00013,0.00004,0.0015,0.0029,0.001,0.0016,0.0031,0.0052,0.0013,0.0,0.0,0.00002,0.00041
1622299,0.0,0.0,0.0,0.0046,0.0052,0.0035,0.0147,0.0133,0.0053,0.0014,0.00007,0.00065,0.00006,0.003,0.0,0.0023,0.0012,0.0042,0.0323,0.0015,0.00005,0.0224,0.00004,0.00045,0.00014,0.0,0.00017,0.00002,0.0,0.0039,0.0027,0.00006,0.00086,0.0621,0.00001,0.0,0.00004,0.00004,0.0079,0.0064,0.0072,0.0032,0.7348,0.0442,0.0323,0.0,0.00002,0.00002,0.2227
1502879,0.0,0.0,0.0001,0.002,0.9816,0.00035,0.0056,0.0016,0.00023,0.00001,0.00001,0.00002,0.00002,0.00075,0.0,0.00018,0.00021,0.00017,0.00056,0.00008,0.00005,0.0029,0.00027,0.00045,0.0,0.0,0.00009,0.00002,0.0,0.00033,0.00057,0.00003,0.00014,0.0007,0.00015,0.0,0.00004,0.0,0.0019,0.0013,0.00049,0.00033,0.00099,0.0014,0.0719,0.0,0.0,0.00004,0.00041
32701419,0.0,0.0,0.00001,0.00072,0.0052,0.1198,0.3344,0.0016,0.0012,0.00005,0.00002,0.00023,0.00064,0.005,0.0,0.0074,0.004,0.00038,0.0063,0.0031,0.00076,0.0419,0.00011,0.00045,0.0,0.00004,0.0034,0.00024,0.0,0.0039,0.0017,0.00003,0.00071,0.0479,0.00032,0.0,0.00003,0.00004,0.0182,0.0309,0.004,0.2532,0.0074,0.0062,0.0942,0.0,0.00004,0.00004,0.0037
8584809,0.0,0.0,0.00007,0.0203,0.035,0.0057,0.0078,0.0185,0.00023,0.00005,0.00002,0.00023,0.00006,0.0072,0.0,0.00037,0.0047,0.00075,0.0046,0.0007,0.00005,0.0432,0.00008,0.00067,0.0,0.0,0.00039,0.00004,0.0,0.0053,0.00077,0.00002,0.00029,0.0047,0.00001,0.00003,0.00022,0.00018,0.0079,0.0151,0.0021,0.0015,0.0027,0.0239,0.0162,0.0,0.0,0.0,0.00022
8544909,0.00003,0.0,0.00018,0.0023,0.0026,0.0013,0.0031,0.0016,0.00015,0.00005,0.00002,0.00078,0.00006,0.00063,0.0,0.00018,0.0047,0.00071,0.0031,0.00099,0.00005,0.0023,0.0005,0.0043,0.0,0.00004,0.00017,0.00024,0.0,0.00039,0.0012,0.00006,0.00071,0.0014,0.00009,0.00033,0.00004,0.00003,0.0028,0.0013,0.00047,0.00033,0.0131,0.0054,0.0039,0.0,0.0,0.00002,0.00041
9109029,0.0,0.0,0.0,0.006,0.001,0.0061,0.0056,0.0185,0.00023,0.00005,0.00002,0.00078,0.00007,0.5981,0.0,0.00016,0.00068,0.00038,0.00095,0.00089,0.00002,0.009,0.00011,0.00026,0.0,0.0,0.00009,0.0,0.0,0.0013,0.0024,0.00017,0.00071,0.0778,0.00001,0.0,0.0,0.00018,0.003,0.0064,0.025,0.0042,0.0033,0.0156,0.0062,0.0,0.0,0.00043,0.00077
9126189,0.0,0.0,0.00006,0.0039,0.0023,0.00035,0.0133,0.0063,0.00015,0.00005,0.00002,0.00002,0.00002,0.00091,0.0,0.00024,0.00021,0.00017,0.0035,0.0004,0.00005,0.00081,0.00011,0.00073,0.0,0.0,0.00091,0.00001,0.0,0.00013,0.00057,0.00002,0.00029,0.00061,0.00001,0.0,0.00013,0.0,0.0074,0.1174,0.00049,0.0179,0.002,0.0062,0.0013,0.0,0.0,0.00002,0.00023
9268809,0.0,0.0,0.0,0.0912,0.0026,0.0012,0.7908,0.0088,0.00015,0.0,0.00001,0.0034,0.00006,0.00091,0.00002,0.00079,0.00021,0.00015,0.0077,0.00016,0.00006,0.16,0.00027,0.00067,0.0,0.0,0.00009,0.00001,0.0,0.00054,0.01,0.00017,0.00071,0.0292,0.00015,0.0,0.0,0.00004,0.0152,0.009,0.0021,0.0016,0.0097,0.0023,0.0025,0.0,0.0,0.00003,0.00006
9309469,0.0,0.0,0.0,0.00045,0.0035,0.0518,0.8393,0.0025,0.00015,0.0,0.0,0.00008,0.828,0.00075,0.0,0.2016,0.0,0.0013,0.007,0.00057,0.00002,0.0544,0.00005,0.00067,0.00002,0.0,0.00009,0.0,0.0,0.0002,0.8382,0.00045,0.00029,0.0183,0.00001,0.0,0.0,0.0,0.0013,0.1087,0.0045,0.2903,0.00099,0.0041,0.00086,0.0,0.0,0.00003,0.00022
10855459,0.0,0.0,0.0,0.00072,0.00033,0.0147,0.9814,0.0016,0.00023,0.0,0.00001,0.00004,0.00064,0.00049,0.0,0.9031,0.0001,0.00038,0.0046,0.0005,0.00003,0.004,0.00004,0.00023,0.0,0.0,0.00004,0.00002,0.0,0.00033,0.0146,0.00006,0.0275,0.963,0.00001,0.0,0.0,0.00004,0.00039,0.003,0.00012,0.7893,0.00072,0.3367,0.00086,0.0,0.00006,0.00001,0.0
12759259,0.00003,0.0,0.00007,0.0123,0.0052,0.0008,0.0175,0.0035,0.00015,0.00001,0.00007,0.00002,0.00007,0.00049,0.0,0.00022,0.00021,0.00017,0.0063,0.00022,0.00002,0.00081,0.001,0.00085,0.0,0.00004,0.00034,0.00002,0.0,0.00054,0.0024,0.00017,0.00029,0.0014,0.00001,0.00003,0.00004,0.00018,0.0013,0.0179,0.0021,0.00058,0.0031,0.0052,0.0225,0.0,0.0,0.00002,0.00022
15051899,0.0,0.0,0.00007,0.4283,0.0035,0.00052,0.075,0.0024,0.00015,0.00001,0.00001,0.00004,0.00006,0.0202,0.0,0.00071,0.00021,0.00038,0.0077,0.00057,0.00016,0.009,0.00017,0.0019,0.0,0.0,0.00017,0.00002,0.0,0.0002,0.0017,0.00006,0.00029,0.0017,0.00015,0.0,0.00002,0.00003,0.0079,0.009,0.00099,0.0016,0.0031,0.0025,0.0021,0.0,0.0,0.00002,0.0011
15072179,0.0,0.0,0.00006,0.0203,0.0038,0.014,0.7908,0.0054,0.00023,0.0,0.00001,0.00078,0.00002,0.0017,0.0,0.0017,0.00026,0.0013,0.0437,0.0031,0.00014,0.0654,0.00027,0.00056,0.0,0.0,0.0055,0.00002,0.0,0.001,0.0013,0.00017,0.0029,0.0778,0.00001,0.0,0.0,0.00066,0.0194,0.009,0.00049,0.0016,0.4135,0.1199,0.0021,0.0,0.0,0.00002,0.741
15118119,0.0,0.0,0.00007,0.0229,0.6717,0.0022,0.025,0.0035,0.00023,0.0,0.0,0.00008,0.00007,0.00063,0.0,0.00094,0.00047,0.00039,0.0264,0.5181,0.00006,0.0207,0.00027,0.00045,0.0,0.0,0.00017,0.00004,0.0,0.00039,0.0017,0.00002,0.00023,0.00061,0.00015,0.00003,0.00004,0.00004,0.077,0.0356,0.0026,0.0032,0.0227,0.1121,0.0217,0.0,0.0,0.00004,0.00013
15185269,0.0,0.0,0.00001,0.0583,0.0023,0.0015,0.0326,0.0049,0.00023,0.00019,0.00007,0.0034,0.0007,0.0072,0.0,0.00022,0.00026,0.00038,0.0107,0.0015,0.00006,0.0055,0.00011,0.00045,0.0,0.0,0.00009,0.00001,0.0,0.00039,0.0016,0.00003,0.00071,0.0022,0.00001,0.00003,0.00002,0.00004,0.0079,0.027,0.0012,0.0407,0.0286,0.0037,0.0077,0.0,0.0,0.00004,0.00023
15935199,0.0,0.0,0.00007,0.0061,0.0127,0.0012,0.0385,0.003,0.00023,0.00005,0.00002,0.00023,0.00006,0.0017,0.0,0.0013,0.0098,0.0013,0.0019,0.0007,0.00005,0.009,0.00027,0.0019,0.0,0.0,0.00017,0.0006,0.0,0.00079,0.00077,0.00002,0.0014,0.0022,0.00024,0.00003,0.00004,0.00003,0.0015,0.0212,0.00099,0.0018,0.0023,0.0442,0.9387,0.0,0.00027,0.00003,0.00051
15970229,0.0,0.0,0.0,0.7592,0.00064,0.00073,0.0039,0.00013,0.00015,0.0,0.0,0.00006,0.00002,0.0299,0.0,0.00016,0.0001,0.00017,0.00095,0.00024,0.00006,0.0017,0.00008,0.00045,0.0,0.0,0.0055,0.0,0.0,0.00018,0.0024,0.00003,0.00071,0.0029,0.00001,0.0,0.0,0.0,0.2506,0.0498,0.004,0.0015,0.005,0.0112,0.00045,0.0,0.0,0.00016,0.00051
16000159,0.0,0.00002,0.0,0.0029,0.0014,0.0011,0.0089,0.003,0.00015,0.00005,0.00001,0.00004,0.00007,0.0017,0.0,0.00094,0.00026,0.00038,0.0019,0.00033,0.00016,0.0101,0.00011,0.0003,0.0,0.0,0.00017,0.00002,0.0,0.0002,0.0012,0.00023,0.00029,0.0028,0.0028,0.00003,0.0,0.00003,0.0014,0.0036,0.0096,0.0029,0.0074,0.0014,0.0513,0.0,0.0,0.00002,0.00051
16519569,0.0,0.0,0.00018,0.00072,0.9398,0.0015,0.0087,0.0054,0.00015,0.00021,0.00002,0.00006,0.00006,0.00091,0.0,0.00018,0.00026,0.00019,0.0015,0.00024,0.00006,0.0075,0.00008,0.00045,0.0,0.00004,0.00017,0.00004,0.0,0.00054,0.0013,0.00003,0.00029,0.0017,0.00001,0.00003,0.00004,0.00018,0.0152,0.003,0.00049,0.00027,0.0028,0.0041,0.0858,0.0,0.0,0.0,0.00023
16595989,0.0,0.0,0.0,0.0088,0.0397,0.0089,0.1983,0.0481,0.00015,0.00019,0.00007,0.00023,0.00006,0.0023,0.0,0.00094,0.00068,0.0011,0.0031,0.00016,0.00005,0.1414,0.0,0.0,0.00014,0.0,0.00034,0.00025,0.0,0.00079,0.00057,0.0012,0.0014,0.0364,0.00001,0.0,0.00004,0.00004,0.0074,0.1174,0.00099,0.0407,0.0055,0.845,0.0076,0.0,0.0,0.00002,0.00051
16650719,0.0,0.00002,0.0,0.00072,0.0083,0.0147,0.0016,0.00069,0.00023,0.0066,0.00043,0.0034,0.00006,0.003,0.0,0.00024,0.00094,0.00038,0.002,0.00013,0.00005,0.0101,0.00027,0.0003,0.0,0.00004,0.00009,0.00024,0.0,0.00039,0.00095,0.00003,0.00086,0.00061,0.00009,0.0,0.0,0.00003,0.0152,0.0012,0.00032,0.00033,0.0167,0.0023,0.6935,0.0,0.00006,0.0,0.00013
17420689,0.0,0.0,0.0,0.1319,0.0013,0.0012,0.3344,0.0386,0.00015,0.0,0.00002,0.00078,0.00039,0.011,0.0,0.0013,0.00021,0.00038,0.0025,0.00089,0.00006,0.0099,0.00017,0.0003,0.0,0.0,0.00055,0.00002,0.0,0.00017,0.0656,0.00045,0.00034,0.008,0.00001,0.0,0.0,0.0,0.0205,0.0152,0.00099,0.0029,0.0499,0.0099,0.00096,0.0,0.0,0.00043,0.0011
17441009,0.0,0.0,0.00006,0.0028,0.0092,0.0315,0.006,0.0711,0.00015,0.0,0.00001,0.00023,0.00006,0.0072,0.0,0.00018,0.0001,0.00039,0.0077,0.0005,0.00002,0.0018,0.00004,0.0019,0.0,0.0,0.119,0.00002,0.00006,0.00033,0.0066,0.00003,0.00029,0.0292,0.00001,0.00003,0.0,0.00004,0.0449,0.02,0.00099,0.0064,0.0059,0.0052,0.0021,0.0,0.0,0.00008,0.00022
17467389,0.00003,0.0,0.0021,0.0029,0.0033,0.0012,0.0147,0.003,0.00059,0.00005,0.00001,0.00002,0.00006,0.0023,0.0,0.00079,0.0047,0.00038,0.0035,0.00093,0.00006,0.0123,0.00017,0.003,0.00002,0.00053,0.00009,0.0006,0.0,0.00033,0.0024,0.00003,0.00029,0.0047,0.00015,0.00065,0.00048,0.00066,0.0079,0.0036,0.0039,0.0012,0.0074,0.0316,0.8239,0.00003,0.0,0.00002,0.00054
17883529,0.00003,0.0,0.0021,0.0017,0.9398,0.0061,0.0147,0.0049,0.0014,0.00011,0.00007,0.00023,0.00007,0.003,0.0,0.0013,0.0012,0.00038,0.0031,0.00057,0.00005,0.0156,0.0022,0.0034,0.00002,0.0,0.0003,0.00016,0.0,0.0018,0.0024,0.00003,0.00029,0.0035,0.00024,0.00005,0.00013,0.0017,0.0074,0.0018,0.0045,0.002,0.0045,0.0041,0.0513,0.0,0.00002,0.00002,0.00044
17714459,0.0,0.0,0.00001,0.00045,0.001,0.0048,0.7908,0.0045,0.00023,0.00001,0.00002,0.00002,0.828,0.0072,0.0,0.0265,0.00026,0.00071,0.00095,0.00099,0.00016,0.0419,0.00004,0.00045,0.00014,0.0,0.00091,0.00002,0.0,0.0039,0.0016,0.00003,0.00029,0.625,0.00001,0.00003,0.0,0.00003,0.0074,0.0058,0.004,0.0042,0.0027,0.0015,0.0013,0.0,0.0,0.00002,0.00022
17607639,0.0,0.0,0.00049,0.0023,0.0042,0.0011,0.025,0.0054,0.00015,0.00001,0.00001,0.0012,0.00006,0.0023,0.0,0.00018,0.00021,0.00019,0.00065,0.00024,0.00005,0.0123,0.00005,0.0052,0.0,0.0,0.0045,0.00016,0.0,0.001,0.0072,0.00006,0.8087,0.015,0.00001,0.00003,0.00004,0.0,0.0079,0.007,0.00026,0.0023,0.0059,0.0099,0.6851,0.0,0.00002,0.0,0.00022
18297419,0.0,0.0,0.0001,0.00072,0.001,0.0518,0.0056,0.0049,0.0047,0.00021,0.00003,0.00023,0.00007,0.0072,0.0,0.00024,0.0022,0.00017,0.00065,0.00006,0.00002,0.01,0.0098,0.001,0.0,0.0,0.00091,0.00003,0.0,0.001,0.0054,0.00017,0.0014,0.0029,0.00001,0.00003,0.0,0.0,0.0182,0.0088,0.0012,0.00084,0.0031,0.0037,0.8613,0.0,0.0,0.00073,0.00041
18712059,0.0,0.0,0.00001,0.00045,0.00064,0.0012,0.0147,0.0022,0.00015,0.00082,0.00043,0.00002,0.0011,0.00041,0.0,0.00008,0.00068,0.00039,0.00065,0.00016,0.00005,0.0055,0.00034,0.0003,0.0,0.0,0.00009,0.00016,0.0,0.0013,0.00077,0.00003,0.00029,0.00061,0.00001,0.0,0.0,0.0,0.0014,0.0013,0.0065,0.0029,0.00099,0.00063,0.3322,0.0,0.0,0.00014,0.00013
18827269,0.0,0.0,0.0001,0.00072,0.9865,0.0057,0.0016,0.0038,0.00015,0.00001,0.00003,0.00002,0.00002,0.0023,0.0,0.00018,0.0001,0.00017,0.00021,0.00006,0.00002,0.16,0.00017,0.00045,0.0,0.0,0.00034,0.00002,0.0,0.0053,0.00095,0.00003,0.00022,0.0197,0.00015,0.00003,0.00004,0.0,0.0015,0.0013,0.00099,0.00023,0.002,0.0274,0.0074,0.0,0.0,0.00004,0.00013
18258339,0.0,0.0,0.0,0.002,0.00064,0.00052,0.0857,0.3211,0.00015,0.00005,0.00001,0.00004,0.00007,0.0072,0.0,0.0011,0.00047,0.00017,0.00065,0.00022,0.00014,0.0648,0.00004,0.00045,0.0,0.0,0.00009,0.00001,0.0,0.0013,0.5902,0.00003,0.00029,0.0014,0.00001,0.0,0.0,0.0,0.2865,0.0784,0.0019,0.001,0.002,0.0506,0.0062,0.0,0.0,0.00004,0.00041
20391859,0.0,0.0,0.0,0.0268,0.00064,0.014,0.9909,0.0,0.00015,0.0,0.00001,0.0001,0.2517,0.00026,0.0,0.0554,0.0001,0.00038,0.00056,0.00099,0.00002,0.0156,0.00005,0.00026,0.0,0.0,0.00039,0.00002,0.0,0.00017,0.0048,0.0012,0.00041,0.0078,0.00001,0.0,0.0,0.0,0.00089,0.0064,0.004,0.7939,0.0074,0.0049,0.0013,0.0,0.0,0.00002,0.00022
20714809,0.00003,0.0,0.0001,0.0029,0.0023,0.023,0.0089,0.0049,0.00062,0.00021,0.00045,0.0015,0.00006,0.0017,0.0,0.00024,0.00068,0.00017,0.0025,0.00024,0.00003,0.0101,0.0037,0.0014,0.0,0.00004,0.00009,0.00024,0.0,0.0002,0.0039,0.00003,0.00029,0.0033,0.00015,0.00006,0.00004,0.00018,0.0028,0.0029,0.00047,0.00033,0.0027,0.0093,0.7151,0.0,0.0,0.0,0.00013
21172569,0.00005,0.0,0.0021,0.0023,0.163,0.0022,0.0138,0.0185,0.00037,0.00021,0.00003,0.00004,0.0007,0.0039,0.0,0.0013,0.0013,0.0013,0.0187,0.0015,0.00006,0.004,0.00027,0.003,0.0,0.00004,0.00017,0.002,0.0,0.001,0.0024,0.00002,0.00097,0.0047,0.00015,0.00076,0.00022,0.00004,0.004,0.0152,0.0021,0.001,0.0023,0.0112,0.8385,0.00003,0.0,0.00002,0.00077
21613789,0.0,0.0,0.0001,0.0143,0.001,0.0027,0.0385,0.0133,0.0012,0.00005,0.00002,0.00078,0.0007,0.0162,0.00002,0.00022,0.0013,0.0011,0.0323,0.0015,0.00005,0.0123,0.00027,0.0019,0.0,0.0,0.00091,0.00002,0.0,0.0039,0.0059,0.00017,0.00029,0.0078,0.00015,0.0,0.00004,0.00004,0.1043,0.0058,0.00032,0.0012,0.435,0.0442,0.0074,0.00003,0.0,0.00073,0.741
21699889,0.0,0.0,0.00001,0.006,0.0069,0.0119,0.0078,0.0045,0.00015,0.00005,0.00002,0.00002,0.00006,0.0271,0.0,0.00037,0.0114,0.00017,0.0035,0.00024,0.00006,0.0079,0.00017,0.00085,0.0,0.0,0.00091,0.00024,0.0,0.00039,0.0024,0.00017,0.00029,0.008,0.00001,0.00003,0.0,0.00003,0.00089,0.02,0.0019,0.001,0.0027,0.0099,0.9509,0.0,0.00065,0.0,0.00054
21820139,0.0,0.0,0.0,0.0135,0.00016,0.0089,0.107,0.3325,0.00023,0.0,0.0,0.00004,0.0011,0.0072,0.0,0.00024,0.00021,0.00017,0.00056,0.00024,0.00002,0.5921,0.00027,0.00045,0.0,0.0,0.00055,0.00001,0.0,0.00039,0.0017,0.0,0.00014,0.0292,0.00001,0.0,0.00013,0.0,0.0056,0.8559,0.00032,0.00033,0.00099,0.0037,0.0025,0.0,0.00006,0.0,0.00023
32441129,0.0,0.0,0.0,0.0379,0.00064,0.0048,0.0097,0.0185,0.00023,0.0,0.00002,0.00023,0.00006,0.0394,0.0,0.00024,0.0013,0.00017,0.0025,0.00089,0.00005,0.0066,0.00049,0.0003,0.0,0.0,0.00034,0.00024,0.0,0.00054,0.0039,0.00045,0.0016,0.0063,0.00001,0.0,0.0,0.00003,0.0079,0.009,0.0019,0.0042,0.002,0.0442,0.0385,0.0,0.0,0.00004,0.00041
23939879,0.0,0.0,0.0,0.0023,0.00016,0.0022,0.0087,0.0016,0.00062,0.00001,0.00001,0.0,0.00007,0.00063,0.0,0.0011,0.00068,0.0,0.0323,0.0018,0.0047,0.0048,0.0,0.00023,0.0,0.0,0.00017,0.00001,0.0,0.00033,0.0016,0.00017,0.00097,0.0028,0.00001,0.0,0.0,0.0,0.0019,0.0012,0.0019,0.00033,0.0031,0.0023,0.0734,0.0,0.0,0.00002,0.00051
24411709,0.0,0.0,0.0,0.0,0.00016,0.0375,0.9933,0.0,0.00023,0.0,0.00001,0.0001,0.00007,0.00041,0.0,0.9587,0.0001,0.00004,0.00056,0.0005,0.00006,0.0352,0.0,0.00045,0.0,0.0,0.00009,0.0,0.0,0.0001,0.00077,0.00023,0.00071,0.8263,0.0,0.0,0.0,0.0,0.004,0.0115,0.004,0.6875,0.00099,0.0013,0.0048,0.0,0.0,0.00001,0.0017
22351109,0.0,0.0,0.0,0.0039,0.00016,0.023,0.006,0.0016,0.00015,0.0,0.00001,0.00002,0.00007,0.0023,0.0,0.00024,0.0012,0.00038,0.0323,0.00059,0.00006,0.00081,0.00004,0.00027,0.0,0.0,0.00009,0.00002,0.0,0.0002,0.0016,0.00003,0.00029,0.0047,0.00001,0.0,0.0,0.0,0.00067,0.0012,0.00049,0.00054,0.0108,0.0054,0.0077,0.0,0.0,0.00002,0.008
22498119,0.0,0.0,0.0,0.2928,0.001,0.004,0.0804,0.003,0.00062,0.00019,0.00002,0.00002,0.00006,0.0072,0.0,0.00037,0.0013,0.00038,0.0164,0.0004,0.00002,0.0123,0.0,0.00045,0.00014,0.0,0.00034,0.00016,0.0,0.0004,0.0024,0.0043,0.00014,0.0012,0.00001,0.0,0.0,0.0,0.0254,0.007,0.0065,0.0029,0.0168,0.039,0.0062,0.0,0.0,0.00002,0.00051
23972829,0.00003,0.0,0.0011,0.002,0.0033,0.0071,0.0478,0.0088,0.0027,0.00005,0.00007,0.00023,0.00007,0.0023,0.0,0.00024,0.0013,0.00038,0.007,0.00089,0.00002,0.1379,0.00036,0.0019,0.0,0.0,0.00009,0.00004,0.0,0.00079,0.01,0.00006,0.00071,0.0047,0.00015,0.0002,0.00022,0.0029,0.0056,0.0413,0.00036,0.001,0.0071,0.0716,0.0734,0.0,0.0,0.00002,0.0017
24195899,0.0,0.0,0.0,0.0426,0.0012,0.0035,0.0834,0.0045,0.00015,0.00001,0.00002,0.00006,0.00007,0.0394,0.0,0.0013,0.0001,0.00017,0.0187,0.0005,0.00006,0.0123,0.00004,0.00045,0.0,0.0,0.0003,0.00024,0.0,0.00033,0.0263,0.00023,0.00023,0.025,0.00001,0.0,0.0,0.0,0.0056,0.009,0.0045,0.0032,0.0112,0.0059,0.00086,0.0,0.0,0.00004,0.00051
24120329,0.0,0.0,0.0,0.0028,0.0519,0.00035,0.016,0.0358,0.00015,0.00019,0.0026,0.0001,0.00006,0.0072,0.0,0.00037,0.0,0.00019,0.0018,0.0005,0.00005,0.0123,0.0,0.00045,0.0,0.0,0.00034,0.0,0.0,0.00033,0.0016,0.0,0.00056,0.0197,0.00001,0.0,0.0,0.0,0.0608,0.009,0.00032,0.00054,0.015,0.119,0.0513,0.0,0.0001,0.00002,0.00041
25675779,0.00003,0.0,0.0001,0.0023,0.0052,0.0012,0.1182,0.0015,0.00023,0.00005,0.00001,0.00008,0.00006,0.0097,0.00026,0.0013,0.0026,0.0011,0.0041,0.00089,0.00003,0.0075,0.00011,0.00067,0.0,0.0,0.00009,0.00025,0.0,0.0013,0.00077,0.00003,0.00023,0.0078,0.00015,0.00005,0.00004,0.00004,0.0254,0.0036,0.0019,0.0029,0.0197,0.085,0.0039,0.0,0.0,0.00001,0.00054
24524869,0.0,0.0,0.0,0.0135,0.0021,0.00018,0.0087,0.0108,0.00015,0.0,0.0,0.00002,0.00006,0.0039,0.0,0.00018,0.00015,0.00017,0.0491,0.0025,0.00014,0.0123,0.00017,0.00026,0.00002,0.0,0.00009,0.0,0.0,0.00013,0.00095,0.00006,0.0014,0.0033,0.00001,0.0,0.0,0.0,0.004,0.0133,0.00047,0.00054,0.7348,0.2539,0.0035,0.0,0.0,0.00008,0.0017
24892819,0.00005,0.0,0.00049,0.00045,0.00016,0.0035,0.0031,0.003,0.00015,0.00005,0.00002,0.00004,0.00002,0.0023,0.0,0.00016,0.00021,0.0,0.0017,0.00022,0.00002,0.0029,0.0015,0.003,0.0,0.0,0.00004,0.0006,0.0,0.00033,0.00076,0.0,0.00023,0.0028,0.00009,0.00003,0.00022,0.0,0.00067,0.0018,0.00049,0.00023,0.0031,0.00063,0.9387,0.0,0.0,0.00001,0.00023
26251659,0.0,0.0,0.00001,0.0034,0.0035,0.1198,0.9286,0.003,0.0067,0.00005,0.00002,0.00065,0.0007,0.00063,0.0,0.0013,0.00068,0.0021,0.007,0.4777,0.00005,0.0432,0.00034,0.0019,0.0,0.0,0.00039,0.00004,0.0,0.0032,0.0024,0.00006,0.00071,0.1148,0.00024,0.0,0.00002,0.00018,0.0044,0.0333,0.00037,0.5909,0.0027,0.0054,0.0021,0.00003,0.00002,0.00002,0.00013
26598289,0.0,0.0,0.0,0.0003,0.9313,0.00087,0.0175,0.0024,0.00023,0.0,0.0,0.00078,0.00002,0.0072,0.0,0.00018,0.00015,0.00038,0.0,0.0004,0.00002,0.0052,0.00005,0.00044,0.0,0.0,0.00017,0.00002,0.0,0.00054,0.00057,0.00003,0.00097,0.0014,0.00001,0.0,0.0,0.0,0.0028,0.0011,0.00036,0.00023,0.0059,0.0099,0.678,0.0,0.0061,0.00014,0.00041
26847429,0.0,0.0,0.0,0.002,0.9865,0.0008,0.0834,0.0015,0.00015,0.00005,0.00002,0.00002,0.00006,0.0072,0.0,0.00016,0.0,0.00017,0.00065,0.00006,0.00002,0.0715,0.00017,0.00026,0.0,0.0,0.00009,0.0,0.0,0.00033,0.0017,0.00002,0.0026,0.0197,0.00001,0.00003,0.0,0.00043,0.00067,0.0026,0.00047,0.00054,0.00099,0.0986,0.0162,0.0,0.0,0.00002,0.00013
27081159,0.00003,0.00002,0.0,0.0357,0.0035,0.0251,0.0385,0.0049,0.00037,0.00001,0.00001,0.00023,0.00039,0.0072,0.0,0.002,0.00021,0.00075,0.0151,0.0004,0.00014,0.0419,0.00005,0.00067,0.0,0.00004,0.00055,0.00002,0.00006,0.001,0.0016,0.00006,0.00014,0.0074,0.00015,0.00003,0.0,0.00004,0.0019,0.0064,0.00049,0.0056,0.015,0.0099,0.124,0.00004,0.0,0.00016,0.00041
27469219,0.0,0.0,0.0,0.006,0.00016,0.0015,0.0039,0.0016,0.00015,0.00005,0.00001,0.0,0.00006,0.00063,0.0,0.00024,0.00021,0.00038,0.0046,0.00057,0.00005,0.00081,0.0,0.00045,0.0,0.0,0.00009,0.00004,0.0,0.00033,0.0048,0.00003,0.00014,0.0019,0.00001,0.0,0.00004,0.00003,0.0112,0.0026,0.00032,0.00033,0.00072,0.0059,0.9179,0.0,0.0012,0.0,0.00051
27618799,0.0,0.0,0.0,0.00015,0.00016,0.0225,0.9814,0.0011,0.00023,0.0,0.00001,0.0558,0.00026,0.00075,0.0,0.0017,0.0001,0.00017,0.0017,0.0193,0.00005,0.1532,0.00034,0.00018,0.0,0.0,0.00009,0.0,0.0,0.00018,0.00077,0.00003,0.0011,0.1778,0.00001,0.0,0.0,0.0,0.00067,0.0058,0.0018,0.5614,0.0033,0.0041,0.0013,0.0,0.0,0.00004,0.00051
27726249,0.0,0.0,0.00001,0.0061,0.0052,0.00052,0.0075,0.017,0.00023,0.00005,0.0,0.00002,0.00065,0.0072,0.0,0.00018,0.00021,0.00019,0.078,0.0005,0.00005,0.0099,0.00011,0.00067,0.0,0.0,0.00091,0.00001,0.0,0.00079,0.0017,0.00006,0.00029,0.0473,0.00015,0.0,0.0,0.0,0.0509,0.0026,0.00032,0.001,0.1924,0.0054,0.0013,0.0,0.0,0.00073,0.0187
27789149,0.0,0.0,0.0,0.00072,0.00064,0.0061,0.3635,0.2347,0.00023,0.0,0.00001,0.0,0.00002,0.005,0.0,0.0017,0.0001,0.00017,0.011,0.00093,0.00002,0.0329,0.0,0.00026,0.0,0.0,0.00004,0.0,0.0,0.0002,0.0017,0.00003,0.00029,0.0063,0.00001,0.0,0.0,0.0,0.6231,0.8846,0.0012,0.00058,0.7348,0.1782,0.0021,0.0,0.00002,0.0,0.0097
28914559,0.0,0.0,0.0001,0.00072,0.9833,0.00052,0.0039,0.00069,0.00015,0.0,0.00002,0.0,0.00002,0.003,0.0,0.00018,0.0001,0.00017,0.0,0.00008,0.00002,0.16,0.00017,0.00045,0.0,0.0,0.00009,0.00024,0.0,0.0218,0.00057,0.0,0.00014,0.0018,0.00001,0.0,0.00004,0.0,0.004,0.0013,0.00026,0.00027,0.005,0.0052,0.0121,0.0,0.0,0.00004,0.00022
29326139,0.0,0.0,0.0,0.00045,0.001,0.0315,0.0138,0.0015,0.0027,0.1388,0.2526,0.00078,0.00006,0.00075,0.0,0.00024,0.00034,0.00038,0.00056,0.00008,0.00016,0.0029,0.00004,0.00067,0.0,0.0,0.0003,0.00004,0.0,0.00033,0.00076,0.00002,0.00071,0.0428,0.00009,0.0,0.0,0.6638,0.077,0.0058,0.0019,0.00033,0.1604,0.00083,0.9021,0.00003,0.0,0.00004,0.00013
25325609,0.0,0.0,0.0,0.00045,0.00033,0.0013,0.9898,0.0016,0.00015,0.0,0.00001,0.00023,0.0156,0.00049,0.0,0.9722,0.00021,0.00038,0.007,0.00024,0.00051,0.5921,0.0,0.00026,0.0,0.0,0.00004,0.0,0.0,0.0001,0.0039,0.0012,0.0026,0.8263,0.00001,0.0,0.0,0.00004,0.00039,0.0151,0.00032,0.7861,0.0167,0.0156,0.0121,0.0,0.0,0.00001,0.00061
25273029,0.0,0.0,0.00006,0.0088,0.0014,0.0011,0.0361,0.0054,0.00015,0.00005,0.00001,0.00002,0.00064,0.0015,0.0,0.00022,0.00034,0.00038,0.0688,0.0031,0.00005,0.00081,0.00027,0.00045,0.0,0.0,0.00017,0.00001,0.0,0.00033,0.0146,0.00017,0.00029,0.0014,0.00009,0.00003,0.00003,0.0,0.004,0.003,0.00047,0.0023,0.0204,0.0017,0.0225,0.0,0.0,0.00002,0.00044
918829,0.00003,0.0,0.0333,0.00072,0.526,0.00067,0.0175,0.0088,0.00023,0.00005,0.00003,0.00023,0.00006,0.00091,0.0,0.00037,0.00068,0.00075,0.0036,0.00057,0.00005,0.16,0.00005,0.008,0.0,0.00004,0.00009,0.00002,0.0,0.00039,0.0024,0.00003,0.00029,0.0047,0.00015,0.00033,0.0338,0.00004,0.003,0.0151,0.00099,0.00054,0.0027,0.0204,0.6042,0.0,0.0,0.00001,0.00023
503829,0.00003,0.0,0.00006,0.00045,0.8989,0.00052,0.0138,0.0108,0.00015,0.00019,0.00001,0.00004,0.00002,0.00041,0.0,0.00024,0.00021,0.00017,0.0031,0.00057,0.00006,0.0648,0.00027,0.0014,0.0,0.0,0.00009,0.00003,0.0,0.0026,0.0039,0.00006,0.00029,0.0022,0.00001,0.00005,0.00004,0.00004,0.0028,0.0151,0.001,0.00054,0.00099,0.0059,0.2264,0.0,0.0,0.00001,0.00022
6986939,0.00003,0.0,0.0001,0.00015,0.0023,0.2886,0.9859,0.0011,0.00073,0.0,0.00002,0.00023,0.00064,0.002,0.0,0.8846,0.00068,0.00038,0.00065,0.00089,0.00003,0.5921,0.0,0.00045,0.0,0.0,0.00009,0.00002,0.0,0.0032,0.0048,0.00002,0.00086,0.008,0.00001,0.00006,0.00002,0.00004,0.00089,0.0026,0.0944,0.7832,0.0027,0.0041,0.0121,0.0,0.0,0.00008,0.00006
7467939,0.00005,0.0,0.00018,0.0203,0.0033,0.0061,0.0468,0.003,0.00023,0.00005,0.00007,0.0012,0.00006,0.011,0.0,0.0011,0.00026,0.0021,0.0035,0.00099,0.00014,0.0055,0.00005,0.00067,0.0,0.0,0.0003,0.00002,0.0,0.0023,0.0012,0.00003,0.00034,0.0017,0.00001,0.00005,0.00013,0.00066,0.0056,0.0053,0.0019,0.0064,0.0204,0.0716,0.0474,0.0,0.0,0.00001,0.00051
6820479,0.00005,0.00002,0.0011,0.0029,0.0419,0.0027,0.025,0.0063,0.0657,0.00021,0.00002,0.00023,0.00006,0.0023,0.0,0.0017,0.0166,0.00039,0.00095,0.0004,0.00006,0.009,0.00049,0.0052,0.0,0.00004,0.00055,0.00036,0.0,0.0081,0.0024,0.00017,0.0026,0.0017,0.0078,0.00088,0.00013,0.00004,0.0056,0.0036,0.004,0.0032,0.0027,0.0099,0.0121,0.0,0.0,0.00004,0.00022
6734429,0.00003,0.0,0.0001,0.1319,0.0014,0.0013,0.025,0.0108,0.0011,0.00001,0.00003,0.00078,0.00006,0.014,0.0,0.00037,0.00034,0.00071,0.0025,0.00099,0.00006,0.0715,0.00027,0.00045,0.0,0.0,0.0021,0.00002,0.0,0.00079,0.0016,0.00045,0.00029,0.008,0.00015,0.00003,0.00003,0.00004,0.0079,0.0133,0.0039,0.0066,0.044,0.0054,0.0323,0.0,0.0,0.00003,0.00022
6472419,0.0,0.0,0.0,0.0203,0.016,0.0035,0.025,0.0049,0.00037,0.00036,0.0021,0.00002,0.00006,0.0023,0.0,0.00071,0.0047,0.00045,0.0017,0.00022,0.00006,0.0314,0.00005,0.00045,0.0,0.0,0.00091,0.00003,0.0,0.0013,0.0017,0.0,0.00029,0.0047,0.00009,0.00003,0.00002,0.00043,0.0013,0.0015,0.0045,0.00084,0.0023,0.0014,0.0121,0.0,0.0,0.00004,0.00077
10282259,0.00005,0.0,0.0011,0.002,0.1095,0.0022,0.0175,0.0056,0.0067,0.00019,0.00001,0.00065,0.00064,0.0023,0.0,0.00024,0.0013,0.0011,0.013,0.00089,0.00061,0.0119,0.00017,0.0101,0.0,0.00015,0.0051,0.00024,0.00006,0.001,0.0016,0.00006,0.00071,0.0078,0.00032,0.0122,0.00004,0.00003,0.004,0.0058,0.0019,0.0064,0.0027,0.0059,0.2791,0.0,0.0,0.00003,0.0011
32801199,0.0,0.0,0.0,0.0015,0.001,0.0022,0.0326,0.0133,0.00015,0.0,0.0,0.00078,0.0011,0.5661,0.0,0.00024,0.00021,0.00038,0.0063,0.00022,0.00005,0.0123,0.00005,0.00067,0.0,0.0,0.0003,0.00004,0.00006,0.0004,0.0993,0.00003,0.0014,0.013,0.00001,0.0,0.00003,0.0,0.0019,0.0498,0.00049,0.0169,0.0027,0.0393,0.0106,0.0,0.00006,0.00004,0.00023
2742319,0.0,0.0,0.0001,0.00045,0.9808,0.0008,0.0087,0.0016,0.00015,0.00005,0.00007,0.00002,0.00006,0.005,0.0,0.00037,0.00068,0.00017,0.0025,0.00024,0.00005,0.0899,0.00005,0.00045,0.0,0.0,0.0003,0.00004,0.0,0.0018,0.0066,0.00006,0.00022,0.0022,0.00001,0.00003,0.00003,0.00018,0.0079,0.003,0.00099,0.0015,0.005,0.0442,0.0162,0.0,0.0,0.00002,0.00077
2744979,0.00005,0.00002,0.0001,0.00072,0.0033,0.0061,0.006,0.003,0.00023,0.00005,0.00003,0.013,0.00002,0.0072,0.0,0.00016,0.00068,0.0011,0.00056,0.0015,0.00016,0.0066,0.00027,0.003,0.0,0.0,0.0021,0.00002,0.0,0.00017,0.0016,0.00002,0.00071,0.0029,0.00001,0.0002,0.0,0.00004,0.0013,0.003,0.00099,0.002,0.002,0.0099,0.0225,0.0,0.0,0.00001,0.0
1649899,0.0,0.0,0.0,0.00072,0.00049,0.0012,0.0,0.0015,0.00015,0.00005,0.00002,0.00002,0.00006,0.00026,0.0,0.00037,0.00026,0.00017,0.00065,0.00016,0.00014,0.0099,0.0,0.0003,0.0,0.00004,0.00009,0.00002,0.0,0.00013,0.00057,0.0,0.00014,0.015,0.00001,0.00003,0.0,0.00004,0.004,0.0013,0.0045,0.00033,0.002,0.005,0.0121,0.0,0.0,0.0,0.00041
1444769,0.0,0.00002,0.0011,0.0029,0.7024,0.0027,0.0834,0.0015,0.00023,0.00019,0.00002,0.00004,0.00006,0.0097,0.0,0.00018,0.00021,0.00038,0.0016,0.0018,0.00005,0.0029,0.00005,0.0043,0.0,0.0,0.00091,0.00002,0.0,0.0013,0.0048,0.00003,0.00029,0.0047,0.00015,0.00003,0.00013,0.00043,0.0014,0.0064,0.00099,0.0105,0.0112,0.0156,0.2383,0.0,0.0,0.0,0.0013
8347179,0.0,0.0,0.0,0.0003,0.00049,0.1715,0.8898,0.00069,0.00037,0.0,0.00001,0.00004,0.00006,0.002,0.0,0.8846,0.0001,0.0011,0.0046,0.00057,0.00005,0.1918,0.0,0.00045,0.00002,0.0,0.00009,0.0,0.0,0.00079,0.0089,0.00002,0.00023,0.1965,0.00001,0.0,0.0,0.0,0.0,0.1869,0.0039,0.7832,0.00099,0.0023,0.00096,0.0,0.0,0.00002,0.0
8422739,0.0,0.0,0.0,0.00072,0.0023,0.023,0.7908,0.0025,0.00015,0.00005,0.00001,0.00008,0.0018,0.00049,0.0,0.0357,0.00021,0.0019,0.00056,0.00024,0.00006,0.0123,0.0,0.00023,0.00014,0.0,0.00091,0.00004,0.0,0.00039,0.0024,0.00006,0.00029,0.0292,0.00015,0.0,0.0,0.0,0.0056,0.009,0.9396,0.0032,0.00072,0.0086,0.0121,0.0,0.0,0.00001,0.00054
8467289,0.0,0.0,0.0001,0.0095,0.0103,0.0225,0.0138,0.0015,0.0011,0.0012,0.00003,0.00002,0.00006,0.00091,0.0,0.00024,0.00021,0.0013,0.013,0.00016,0.00005,0.0279,0.00027,0.0019,0.0,0.0,0.00009,0.00024,0.0,0.00079,0.00057,0.00017,0.00086,0.0149,0.00001,0.0,0.00013,0.00004,0.0079,0.0064,0.004,0.00054,0.002,0.0201,0.0265,0.00004,0.0,0.00001,0.00041
8387729,0.00003,0.00002,0.00001,0.00045,0.001,0.0022,0.0385,0.0015,0.00015,0.0012,0.00007,0.00078,0.00006,0.0017,0.0,0.00024,0.00021,0.00034,0.0,0.00008,0.00002,0.004,0.00027,0.00045,0.0,0.0,0.00039,0.0,0.0,0.00013,0.009,0.00003,0.00071,0.0029,0.00015,0.00003,0.0,0.00003,0.00039,0.0026,0.0171,0.0029,0.002,0.0013,0.0025,0.0,0.0,0.00002,0.0
7948339,0.0,0.0,0.00006,0.0143,0.0013,0.0027,0.0147,0.0108,0.004,0.00001,0.00002,0.00078,0.00039,0.0935,0.0,0.00079,0.0022,0.00038,0.007,0.0015,0.00006,0.0023,0.00005,0.00045,0.0,0.0,0.00055,0.0,0.0,0.00033,0.00095,0.00006,0.0026,0.0078,0.0022,0.0,0.0,0.0,0.0028,0.0026,0.00037,0.0064,0.7348,0.0316,0.0035,0.00003,0.00002,0.00002,0.002
7954759,0.0,0.0,0.0,0.00015,0.001,0.0022,0.8487,0.0016,0.00015,0.0,0.00001,0.00002,0.9178,0.0072,0.0,0.94,0.0,0.00019,0.00065,0.00057,0.00003,0.0123,0.0,0.0015,0.0,0.0,0.00091,0.0,0.0,0.0002,0.00095,0.00002,0.00071,0.8263,0.0,0.0,0.0,0.0,0.00067,0.0356,0.0039,0.7832,0.0071,0.0112,0.00096,0.0,0.00002,0.00004,0.00013
9426989,0.0,0.00002,0.00001,0.0029,0.00033,0.0022,0.0175,0.0108,0.00015,0.0,0.0,0.8581,0.0007,0.1724,0.0,0.00024,0.00021,0.00038,0.00095,0.0005,0.00076,0.0123,0.00005,0.00045,0.0,0.0,0.0019,0.0,0.0,0.00033,0.0263,0.00006,0.00029,0.0428,0.00001,0.0,0.0,0.0,0.0112,0.0058,0.0026,0.0016,0.0113,0.0112,0.0021,0.0,0.0,0.00043,0.0754
9560069,0.0,0.00002,0.0,0.0117,0.0083,0.0089,0.5,0.0133,0.0144,0.0,0.00001,0.00002,0.00006,0.9013,0.0,0.00016,0.00068,0.0013,0.0018,0.0031,0.00005,0.1166,0.00049,0.00045,0.0,0.0,0.00034,0.00003,0.0,0.0111,0.0039,0.00006,0.00071,0.175,0.00001,0.0,0.0,0.0,0.0105,0.009,0.0039,0.0042,0.0288,0.0201,0.0385,0.0,0.00002,0.00002,0.00013
11279969,0.0,0.0,0.00006,0.00015,0.00049,0.00095,0.9956,0.00013,0.00015,0.00001,0.00002,0.00078,0.0053,0.00075,0.0,0.8949,0.00021,0.00008,0.00065,0.00024,0.00002,0.5921,0.00004,0.00045,0.0,0.0,0.0019,0.00024,0.0,0.00013,0.00057,0.00002,0.00029,0.2655,0.00001,0.0,0.0,0.00004,0.00089,0.009,0.0129,0.0064,0.0046,0.0014,0.0035,0.0,0.0,0.00002,0.00041
32374299,0.0,0.0,0.0001,0.0029,0.001,0.0061,0.0385,0.0024,0.00015,0.00011,0.00002,0.00002,0.0037,0.0014,0.0,0.0314,0.00021,0.00071,0.0018,0.00024,0.00005,0.0329,0.00049,0.00067,0.0,0.0,0.00039,0.00003,0.0,0.00079,0.0024,0.00023,0.00023,0.0047,0.00015,0.0,0.00004,0.00004,0.0019,0.0058,0.004,0.0179,0.0074,0.0014,0.1576,0.00003,0.0,0.00004,0.00054
11122949,0.00003,0.00002,0.0001,0.0028,0.0023,0.0027,0.0282,0.0358,0.00023,0.00005,0.00003,0.00008,0.00006,0.003,0.0,0.00024,0.00068,0.00017,0.00056,0.00033,0.00002,0.0029,0.0189,0.0101,0.0,0.0,0.00055,0.00002,0.0,0.00033,0.0024,0.00006,0.00086,0.025,0.00001,0.00005,0.00004,0.0,0.0013,0.0026,0.00032,0.0016,0.0071,0.0099,0.8394,0.0,0.0,0.00001,0.00023
11206029,0.0,0.0,0.0,0.0046,0.0246,0.023,0.0147,0.0016,0.00023,0.00019,0.00007,0.0012,0.00006,0.0018,0.0,0.00018,0.0047,0.0011,0.00021,0.00013,0.00002,0.0268,0.00017,0.00045,0.0,0.0,0.00009,0.00002,0.0,0.00039,0.00095,0.0,0.00086,0.008,0.00001,0.0,0.0,0.0,0.004,0.0053,0.00032,0.00054,0.0027,0.0274,0.9387,0.0,0.0,0.00001,0.00013
32542379,0.00003,0.0,0.00006,0.00072,0.001,0.00088,0.0138,0.0088,0.00023,0.00005,0.00002,0.00002,0.00006,0.0023,0.0,0.00022,0.0047,0.00017,0.0165,0.00013,0.00006,0.00031,0.00049,0.00073,0.0,0.00004,0.00034,0.00003,0.00006,0.00039,0.0059,0.00002,0.00014,0.0017,0.00015,0.00003,0.00004,0.00003,0.00089,0.0088,0.00049,0.00054,0.0071,0.0023,0.0162,0.0,0.0,0.00004,0.0031
12817549,0.00005,0.0,0.00018,0.0015,0.2573,0.0022,0.0213,0.003,0.0027,0.00005,0.00002,0.00023,0.00006,0.0023,0.0,0.00018,0.00026,0.00008,0.0018,0.0007,0.00014,0.0224,0.00027,0.00045,0.0,0.00004,0.0079,0.0006,0.0,0.00079,0.0016,0.00006,0.0026,0.0017,0.00001,0.0048,0.00004,0.00003,0.0014,0.0018,0.00099,0.0029,0.0027,0.0054,0.5841,0.0,0.00004,0.00001,0.00013
15317469,0.00005,0.00002,0.00045,0.00072,0.0014,0.0103,0.006,0.0045,0.0027,0.00036,0.00007,0.00002,0.00039,0.0023,0.0,0.0011,0.0019,0.00038,0.0015,0.0007,0.00006,0.0017,0.00034,0.0014,0.00002,0.00053,0.00009,0.00036,0.0,0.001,0.0017,0.00003,0.00086,0.0017,0.004,0.00076,0.00013,0.00004,0.0013,0.0088,0.0039,0.0032,0.002,0.0023,0.0077,0.00003,0.0,0.00002,0.00022
15362719,0.0,0.0,0.00001,0.0028,0.0035,0.00052,0.0056,0.0015,0.00023,0.00001,0.00001,0.00008,0.00002,0.0023,0.0,0.00037,0.00021,0.00038,0.0025,0.0015,0.00006,0.00081,0.0,0.00045,0.0,0.0,0.00009,0.00002,0.0,0.00017,0.0027,0.00006,0.00086,0.0007,0.00001,0.00003,0.00004,0.00003,0.0509,0.0053,0.0019,0.0066,0.0323,0.0054,0.0942,0.0,0.0,0.00002,0.0017
15495099,0.0,0.0,0.0,0.00015,0.00016,0.7982,0.0,0.0,0.00023,0.0,0.00001,0.0,0.0,0.0,0.0,0.00018,0.0,0.00014,0.0,0.00024,0.0,0.0207,0.0,0.0,0.0,0.0,0.00009,0.0,0.0,0.00013,0.00013,0.0,0.9147,0.00061,0.00001,0.0,0.0,0.0,0.00067,0.00037,0.00012,0.00009,0.0,0.00083,0.9179,0.0,1.0,0.0,0.0
16158009,0.0,0.0,0.0,0.0088,0.00049,0.00035,0.7908,0.003,0.00015,0.0,0.00001,0.00078,0.00006,0.1724,0.0162,0.0017,0.0001,0.0021,0.007,0.00057,0.00002,0.0123,0.0,0.00067,0.0,0.0,0.0079,0.00002,0.0,0.0018,0.0072,0.00045,0.00014,0.0063,0.00001,0.0,0.0,0.0,0.0152,0.0284,0.0019,0.7832,0.1322,0.0716,0.0013,0.0,0.0,0.00016,0.531
16268859,0.0,0.00002,0.0016,0.0028,0.001,0.0022,0.0056,0.0015,0.00023,0.0,0.00002,0.00002,0.00006,0.00075,0.0,0.00071,0.00026,0.00017,0.0077,0.0004,0.00014,0.0029,0.00005,0.003,0.0,0.0,0.00091,0.0,0.0,0.00039,0.0066,0.00002,0.0494,0.0113,0.00001,0.00003,0.0,0.00003,0.0056,0.0013,0.00032,0.00084,0.0648,0.0014,0.5654,0.00004,0.00006,0.00001,0.00054
16276559,0.0,0.0,0.00018,0.0095,0.001,0.0027,0.0686,0.0596,0.00023,0.00019,0.00002,0.00078,0.00006,0.0383,0.0,0.002,0.00026,0.00038,0.1971,0.00093,0.00005,0.0119,0.00005,0.003,0.0,0.0,0.0143,0.00002,0.0,0.001,0.0039,0.00003,0.00086,0.0479,0.00001,0.0,0.00003,0.00003,0.1644,0.0064,0.0021,0.0056,0.7348,0.039,0.0077,0.0,0.0,0.00008,0.741
16306249,0.0,0.0,0.00006,0.0029,0.0012,0.0575,0.7908,0.003,0.00023,0.00021,0.00072,0.00078,0.00039,0.011,0.0,0.0018,0.0012,0.0028,0.0017,0.00022,0.00006,0.0123,0.0588,0.00067,0.0,0.0,0.0019,0.00024,0.0,0.0004,0.0089,0.00003,0.00071,0.0907,0.00001,0.0,0.0,0.0,0.0449,0.009,0.0045,0.7832,0.044,0.0144,0.4624,0.0,0.00002,0.00004,0.00061
16389739,0.0,0.0,0.0,0.0061,0.0012,0.0011,0.0804,0.0133,0.00023,0.0,0.00001,0.0015,0.00007,0.014,0.0,0.00071,0.0001,0.00075,0.078,0.00099,0.0016,0.0268,0.0,0.00027,0.0,0.0,0.0019,0.00002,0.0,0.00017,0.0024,0.00023,0.00023,0.0143,0.00001,0.0,0.0,0.0,0.0032,0.007,0.0019,0.001,0.7348,0.0201,0.0025,0.0,0.0,0.00016,0.741
16444349,0.0,0.0,0.0,0.00072,0.0717,0.0011,0.0056,0.0015,0.00023,0.00036,0.0021,0.00023,0.00006,0.0014,0.0,0.00016,0.00068,0.00017,0.0018,0.00022,0.00002,0.0066,0.00005,0.00045,0.0,0.0,0.00009,0.00025,0.0,0.001,0.00057,0.00003,0.00014,0.00061,0.00001,0.0,0.0,0.00066,0.0152,0.00037,0.00026,0.00009,0.002,0.0051,0.9671,0.0,0.0135,0.0,0.00041
17195699,0.0,0.0,0.0,0.0583,0.00016,0.0027,0.0075,0.0386,0.00015,0.0,0.0,0.00002,0.00006,0.00063,0.0,0.0017,0.0,0.00017,0.00056,0.00024,0.0,0.009,0.00004,0.00026,0.0,0.0,0.00009,0.0,0.0,0.00033,0.0048,0.0,0.00071,0.008,0.00001,0.0,0.0,0.00003,0.0015,0.8364,0.00032,0.00027,0.00072,0.7031,0.0942,0.0,0.00002,0.00004,0.0
17244569,0.00003,0.0,0.0068,0.0028,0.0083,0.0027,0.0147,0.0088,0.00062,0.00021,0.00007,0.00023,0.00007,0.00091,0.0,0.0013,0.0024,0.00038,0.0031,0.00089,0.00005,0.004,0.00005,0.00067,0.0,0.00004,0.00092,0.0027,0.0,0.0039,0.0024,0.00002,0.00023,0.0074,0.00001,0.00065,0.00004,0.0,0.004,0.0058,0.0045,0.0023,0.0027,0.0204,0.0719,0.00003,0.0,0.0,0.00077
18087209,0.0,0.0,0.0,0.00015,0.0033,0.0022,0.936,0.0024,0.00023,0.00001,0.00003,0.00004,0.0238,0.002,0.0,0.94,0.00015,0.00017,0.007,0.0025,0.00005,0.5921,0.0,0.00045,0.0,0.0,0.00009,0.00002,0.0,0.001,0.003,0.00045,0.00029,0.0393,0.00001,0.0,0.0,0.0,0.004,0.02,0.0018,0.0042,0.002,0.0442,0.0734,0.0,0.00027,0.00002,0.0
18182769,0.0,0.0,0.0,0.0029,0.00064,0.0011,0.0138,0.0088,0.00015,0.0,0.00002,0.00023,0.00006,0.9255,0.0,0.00024,0.0,0.00004,0.0264,0.00099,0.00005,0.0123,0.00008,0.00045,0.0,0.0,0.0019,0.0,0.0,0.00039,0.00077,0.0,0.00029,0.0123,0.00015,0.0,0.0,0.0,0.0028,0.0151,0.00049,0.0012,0.0098,0.0014,0.0062,0.0,0.00002,0.00016,0.0017
17621379,0.0,0.0,0.0,0.0015,0.00064,0.0011,0.936,0.00042,0.00023,0.0,0.00002,0.0034,0.00006,0.005,0.0,0.00024,0.0001,0.00038,0.0035,0.00089,0.00016,0.1862,0.00004,0.00026,0.0,0.0,0.00092,0.00004,0.0,0.0002,0.0048,0.00002,0.00014,0.2655,0.00001,0.0,0.0,0.00003,0.004,0.0058,0.0129,0.7832,0.0031,0.0014,0.0013,0.0,0.0135,0.00008,0.0013
18585789,0.0,0.0,0.0011,0.1319,0.0042,0.00052,0.0282,0.0073,0.00023,0.00001,0.00002,0.00002,0.00007,0.9013,0.0,0.00024,0.00026,0.00038,0.0025,0.00089,0.0,0.0782,0.00004,0.0263,0.0,0.0,0.0024,0.00002,0.0,0.00039,0.0066,0.00006,0.00023,0.0292,0.00001,0.0,0.00013,0.0,0.0182,0.009,0.0019,0.0018,0.0227,0.0112,0.0062,0.0,0.0,0.00016,0.00077
19200949,0.0,0.0,0.0001,0.0938,0.00049,0.0027,0.5,0.0223,0.00015,0.0,0.00002,0.00006,0.00065,0.00091,0.0,0.0074,0.00021,0.00017,0.0046,0.00033,0.00002,0.0207,0.001,0.0019,0.0,0.0,0.00009,0.0,0.0,0.00013,0.0089,0.00017,0.00029,0.0143,0.00001,0.0,0.00003,0.0,0.0194,0.0088,0.0012,0.0249,0.0112,0.0052,0.00071,0.0,0.0,0.00004,0.00013
19542569,0.0,0.0,0.0,0.1056,0.00016,0.0008,0.0757,0.0041,0.00015,0.0,0.0,0.00002,0.00006,0.0507,0.0,0.00024,0.0,0.00012,0.0264,0.00024,0.00002,0.0017,0.0,0.00045,0.0,0.0,0.00009,0.00001,0.0,0.00039,0.0013,0.00006,0.00086,0.0014,0.00001,0.0,0.0,0.0,0.0509,0.007,0.00037,0.0016,0.0467,0.0052,0.00086,0.0,0.0,0.00002,0.008
18375019,0.0,0.00002,0.0,0.0029,0.00064,0.0027,0.0282,0.0088,0.00015,0.00005,0.00001,0.00023,0.00007,0.00063,0.0,0.0013,0.00026,0.00075,0.0025,0.00057,0.00014,0.0123,0.00005,0.00045,0.00002,0.0,0.00091,0.00003,0.0,0.0002,0.0017,0.00023,0.00029,0.0022,0.00015,0.00003,0.0,0.00018,0.0079,0.00051,0.00099,0.0029,0.005,0.0041,0.0025,0.0,0.0,0.00002,0.00054
19884429,0.0,0.0,0.0,0.0029,0.00016,0.4141,0.0287,0.0088,0.00015,0.0,0.0,0.0,0.0,0.003,0.0,0.00008,0.0,0.00071,0.007,0.00093,0.00002,0.0123,0.00004,0.00018,0.0,0.0,0.00009,0.0,0.0,0.0,0.00057,0.00003,0.6942,0.0078,0.0,0.0,0.0,0.0,0.004,0.0013,0.00012,0.0018,0.0286,0.0059,0.7151,0.0,0.0383,0.0,0.00006
19896309,0.0,0.0,0.00018,0.0095,0.0362,0.0027,0.0056,0.0015,0.00015,0.00005,0.00002,0.00078,0.00007,0.0023,0.0,0.00024,0.00026,0.00038,0.0063,0.00024,0.00006,0.0017,0.00004,0.003,0.0,0.00004,0.00034,0.00004,0.0,0.0018,0.0013,0.00003,0.00029,0.0022,0.00009,0.00003,0.00004,0.00004,0.0079,0.0038,0.00099,0.00033,0.0468,0.0054,0.0013,0.00003,0.00002,0.00004,0.531
20433479,0.00003,0.0,0.0164,0.002,0.8583,0.0035,0.0039,0.003,0.0015,0.00019,0.00007,0.00023,0.00006,0.0017,0.0,0.00037,0.0024,0.00038,0.00065,0.00022,0.00005,0.0029,0.00027,0.1142,0.0,0.00004,0.00039,0.00003,0.00006,0.0013,0.0016,0.00023,0.00071,0.0047,0.00015,0.00033,0.00048,0.0,0.0043,0.0016,0.0019,0.001,0.0098,0.0023,0.8239,0.0,0.00002,0.00001,0.00054
20562639,0.0,0.0,0.00007,0.0003,0.0042,0.0518,0.025,0.0015,0.00037,0.00005,0.00002,0.00023,0.00039,0.00041,0.0,0.0013,0.0047,0.00038,0.00056,0.00024,0.00002,0.0207,0.00027,0.0176,0.0,0.0,0.00004,0.00002,0.0,0.0081,0.0089,0.00003,0.0026,0.0063,0.00001,0.00003,0.00004,0.0,0.0028,0.0152,0.00047,0.0029,0.002,0.0112,0.9573,0.0,0.0383,0.00001,0.00013
20427549,0.0,0.0,0.0,0.0357,0.00033,0.00095,0.0056,0.0133,0.00023,0.00001,0.00001,0.00002,0.00006,0.9553,0.0,0.00016,0.00021,0.00014,0.0063,0.00089,0.00005,0.0123,0.00027,0.00045,0.0,0.0,0.0055,0.0,0.0,0.0018,0.8382,0.00002,0.00029,0.0292,0.00001,0.0,0.0,0.0,0.0043,0.00084,0.0021,0.00058,0.005,0.0099,0.0013,0.0,0.0,0.00043,0.0018
23266819,0.00003,0.00002,0.00001,0.0061,0.0052,0.00095,0.0078,0.00069,0.00015,0.00005,0.00001,0.0,0.00006,0.0023,0.0,0.00018,0.0001,0.00038,0.00056,0.00016,0.00003,0.00081,0.00017,0.00045,0.0,0.00004,0.00009,0.00004,0.0,0.00039,0.0017,0.00017,0.0708,0.0019,0.00015,0.00006,0.00004,0.0,0.00067,0.00037,0.0021,0.00027,0.0055,0.0025,0.0217,0.0,0.0,0.00002,0.0
23262119,0.0,0.0,0.0001,0.0016,0.0013,0.0022,0.0468,0.0016,0.00037,0.00011,0.00003,0.00002,0.00006,0.00063,0.0,0.00037,0.00021,0.00008,0.0,0.00006,0.00006,0.0081,0.00034,0.0019,0.0,0.0,0.00017,0.00004,0.0,0.00033,0.0066,0.00003,0.00034,0.0029,0.00009,0.00003,0.00013,0.00004,0.0056,0.003,0.0021,0.00084,0.0027,0.0041,0.3353,0.00003,0.00006,0.00014,0.00013
23447589,0.00003,0.00002,0.00007,0.0088,0.00064,0.00052,0.0087,0.0022,0.0274,0.00021,0.00007,0.00023,0.00006,0.00041,0.0,0.0013,0.0098,0.00019,0.0063,0.00024,0.00006,0.0041,0.00005,0.00045,0.0,0.00004,0.00017,0.00002,0.0,0.00079,0.0089,0.00023,0.00029,0.0014,0.00015,0.00003,0.00004,0.00003,0.007,0.0053,0.0096,0.0032,0.0168,0.0041,0.0077,0.0,0.0,0.00004,0.00022
23240849,0.0,0.0,0.0,0.00072,0.9865,0.00052,0.0031,0.0012,0.00015,0.0,0.00001,0.00002,0.00006,0.00075,0.0,0.00008,0.0001,0.00014,0.0,0.00024,0.00003,0.0119,0.00004,0.00026,0.0,0.0,0.00009,0.00001,0.0,0.0039,0.00057,0.0,0.00014,0.0029,0.00001,0.0,0.0,0.00003,0.0074,0.0011,0.00036,0.00006,0.00072,0.0099,0.049,0.0,0.0,0.00001,0.00013
22399019,0.0,0.0,0.00001,0.0061,0.0012,0.0448,0.8728,0.00013,0.00015,0.00005,0.00043,0.00002,0.00007,0.00091,0.0,0.0013,0.00026,0.00012,0.0025,0.00024,0.00002,0.0899,0.00005,0.00026,0.0,0.0,0.00091,0.00003,0.0,0.00013,0.0016,0.0,0.00029,0.8263,0.00015,0.0,0.0,0.0,0.0079,0.024,0.00015,0.6228,0.0071,0.0099,0.0021,0.0,0.00002,0.00002,0.0
22369669,0.0,0.0,0.0,0.0029,0.00049,0.00052,0.2162,0.0056,0.00015,0.0,0.00001,0.00023,0.00007,0.0019,0.0,0.0185,0.00034,0.00038,0.00056,0.0004,0.00005,0.0079,0.0037,0.00026,0.0,0.0,0.0034,0.00001,0.0,0.0002,0.0048,0.0012,0.00014,0.0074,0.00001,0.0,0.0,0.0,0.0152,0.0036,0.00047,0.0505,0.0033,0.0316,0.0039,0.0,0.0,0.00004,0.00013
22638859,0.0,0.0,0.0,0.2928,0.001,0.0011,0.025,0.0024,0.00023,0.00001,0.0,0.00002,0.00006,0.0023,0.0,0.00018,0.00021,0.00038,0.0035,0.0015,0.00005,0.0075,0.00017,0.00045,0.00002,0.0,0.00009,0.0,0.0,0.0039,0.0017,0.00017,0.00023,0.0035,0.00015,0.0,0.0,0.0,0.004,0.0026,0.00099,0.002,0.0108,0.0204,0.0039,0.0,0.0,0.00004,0.0017
23027099,0.00003,0.0,0.00018,0.0029,0.0043,0.00095,0.0249,0.0133,0.00062,0.00082,0.00003,0.00023,0.00006,0.0023,0.0,0.00037,0.0047,0.00071,0.00065,0.0025,0.00006,0.0329,0.00036,0.00067,0.0,0.00004,0.00055,0.00025,0.0,0.001,0.0012,0.00017,0.00034,0.0047,0.00024,0.00005,0.00004,0.00004,0.6231,0.009,0.00047,0.001,0.0204,0.1199,0.8239,0.0,0.0,0.00002,0.00061
23514079,0.0,0.00002,0.0,0.0135,0.001,0.0013,0.0834,0.0263,0.00023,0.0,0.00001,0.0012,0.00039,0.9013,0.0,0.00022,0.00026,0.00017,0.0264,0.0015,0.00061,0.0537,0.00005,0.00045,0.0,0.0,0.0547,0.0,0.0,0.0032,0.0146,0.00003,0.0029,0.0047,0.00001,0.00003,0.0,0.00003,0.0079,0.0013,0.00099,0.0042,0.0031,0.0041,0.0021,0.0,0.0,0.00004,0.00041
24628249,0.00003,0.0,0.0,0.00015,0.00064,0.0027,0.0027,0.0045,0.00015,0.00005,0.00003,0.00008,0.00006,0.00049,0.0,0.00008,0.00026,0.00019,0.002,0.00006,0.00005,0.0099,0.00049,0.00023,0.0,0.0,0.00034,0.0,0.0,0.0001,0.0066,0.0,0.00023,0.0007,0.00015,0.00003,0.0,0.0,0.0023,0.0015,0.00099,0.00023,0.00099,0.0023,0.9671,0.0,0.00006,0.0,0.0
24714669,0.0,0.0,0.0,0.1937,0.00016,0.0008,0.0175,0.0054,0.00023,0.00001,0.00002,0.00008,0.00006,0.0072,0.0,0.0013,0.00021,0.00014,0.0018,0.00022,0.00002,0.0081,0.00027,0.00045,0.0,0.0,0.00004,0.0,0.0,0.00033,0.00077,0.00017,0.0245,0.0112,0.00001,0.0,0.0,0.0,0.00067,0.1174,0.0019,0.0249,0.0062,0.0167,0.00045,0.0,0.0,0.00003,0.0
26881859,0.0,0.0,0.0,0.00045,0.001,0.023,0.00081,0.0015,0.00015,0.00019,0.00001,0.0,0.00006,0.0017,0.0,0.00008,0.00026,0.00004,0.0151,0.00024,0.0,0.00081,0.00005,0.00067,0.0,0.0,0.00004,0.00016,0.0,0.00013,0.00057,0.00006,0.0141,0.0017,0.0,0.0,0.0,0.00066,0.0013,0.00037,0.00012,0.0,0.0027,0.0059,0.968,0.0,0.1408,0.0,0.0
26513639,0.0,0.0,0.0,0.0268,0.00064,0.00095,0.0147,0.0403,0.00015,0.0,0.0,0.00008,0.00006,0.0039,0.0,0.0,0.0,0.00038,0.0036,0.0005,0.00003,0.0003,0.00005,0.00045,0.0,0.0,0.00009,0.0,0.0,0.00013,0.0016,0.00006,0.00097,0.008,0.0,0.0,0.0,0.0,0.0019,0.00051,0.00026,0.00033,0.00099,0.2539,0.0013,0.0,0.00002,0.00002,0.00044
27628239,0.00005,0.00002,0.0001,0.0144,0.0186,0.0027,0.025,0.0063,0.0011,0.00005,0.00003,0.00023,0.00006,0.0041,0.0,0.00024,0.0047,0.00038,0.0025,0.00024,0.00006,0.0648,0.00027,0.0011,0.0,0.00015,0.0024,0.00004,0.00038,0.0015,0.0089,0.00003,0.00071,0.0047,0.00032,0.00033,0.00013,0.00004,0.0079,0.0058,0.0021,0.0032,0.0074,0.0099,0.0615,0.00003,0.00004,0.00008,0.00041
27896769,0.00003,0.0,0.00006,0.00093,0.0014,0.0022,0.0449,0.003,0.00023,0.00005,0.00002,0.00006,0.00002,0.0015,0.0,0.0013,0.00068,0.00017,0.013,0.00024,0.00006,0.00081,0.00049,0.00056,0.0,0.00004,0.00009,0.00002,0.0,0.0081,0.0039,0.00006,0.0026,0.0047,0.0013,0.00006,0.00004,0.0,0.0079,0.003,0.0019,0.00058,0.0286,0.0014,0.0858,0.0,0.0001,0.00002,0.0037
28447919,0.0,0.0,0.0,0.0015,0.00016,0.0008,0.0175,0.2868,0.00023,0.0,0.00001,0.00078,0.00006,0.011,0.0,0.00008,0.00021,0.00008,0.0025,0.0005,0.00006,0.1279,0.00004,0.00027,0.0,0.0,0.00021,0.00036,0.0,0.00033,0.0066,0.00002,0.00014,0.0364,0.00001,0.00003,0.0,0.0,0.0152,0.8364,0.00037,0.00006,0.0027,0.0014,0.0021,0.0,0.0,0.0,0.00023
28427029,0.0,0.0,0.00001,0.0003,0.0162,0.0089,0.1485,0.2425,0.00023,0.00005,0.00002,0.00004,0.0007,0.003,0.0,0.0023,0.00021,0.00004,0.0025,0.00089,0.00002,0.0329,0.00005,0.0019,0.0,0.0,0.00009,0.00016,0.0,0.0018,0.0146,0.00023,0.0026,0.025,0.00001,0.0,0.0,0.0,0.004,0.0249,0.00099,0.00084,0.0407,0.6002,0.0062,0.0,0.00027,0.00004,0.00061
26362259,0.0,0.0,0.0,0.00072,0.001,0.0035,0.9203,0.00069,0.00015,0.00019,0.00002,0.00006,0.0011,0.00041,0.0,0.0023,0.00026,0.00038,0.00095,0.0031,0.00076,0.0415,0.00036,0.00026,0.0,0.0,0.00091,0.0,0.0,0.00079,0.0013,0.00006,0.00029,0.0428,0.00001,0.0,0.0,0.0,0.0079,0.009,0.00047,0.5614,0.0261,0.00083,0.0025,0.0,0.0,0.00004,0.0087
27935389,0.0,0.0,0.00049,0.0379,0.00064,0.0061,0.0282,0.0133,0.00037,0.0,0.00001,0.0162,0.00007,0.097,0.00002,0.00037,0.0013,0.0013,0.013,0.0025,0.00006,0.0863,0.00027,0.003,0.0,0.0,0.1136,0.00024,0.0,0.001,0.00077,0.00002,0.00071,0.0292,0.00001,0.0,0.00004,0.00003,0.0374,0.0309,0.0019,0.00062,0.315,0.0099,0.0021,0.00003,0.0,0.00073,0.1243
28700589,0.0,0.0,0.00001,0.1319,0.0012,0.0011,0.0138,0.0049,0.00023,0.00005,0.00002,0.0,0.00002,0.0023,0.0,0.00016,0.0047,0.00019,0.0018,0.00024,0.00002,0.0119,0.00036,0.00045,0.0,0.0,0.00009,0.0,0.0,0.001,0.0012,0.00006,0.00071,0.0018,0.00015,0.0,0.0,0.00004,0.00067,0.0026,0.00099,0.0016,0.0286,0.0144,0.0217,0.0,0.0,0.0,0.00023
28619309,0.0,0.0,0.0,0.00072,0.0026,0.0089,0.00081,0.0025,0.00015,0.00005,0.00002,0.00008,0.00006,0.00049,0.0,0.00008,0.00021,0.00019,0.0148,0.00099,0.00006,0.00031,0.0,0.00026,0.0,0.0,0.0003,0.0,0.0,0.00039,0.00077,0.00002,0.0141,0.0014,0.00001,0.0,0.0,0.00003,0.0014,0.0018,0.0524,0.00033,0.0074,0.0033,0.0025,0.0,0.00006,0.00004,0.00054
28939429,0.0,0.0,0.0,0.006,0.00016,0.0013,0.0531,0.0025,0.00015,0.00005,0.00001,0.00004,0.018,0.0072,0.0,0.00024,0.00021,0.00017,0.0017,0.00024,0.00005,0.0402,0.00027,0.00045,0.0,0.0,0.00039,0.00002,0.0,0.00033,0.00057,0.0012,0.00023,0.0014,0.00001,0.00003,0.00002,0.0,0.00089,0.0058,0.025,0.0064,0.002,0.0033,0.0013,0.0,0.0,0.0002,0.00022
29777529,0.0,0.0,0.0,0.00015,0.00016,0.2067,0.9814,0.00042,0.00015,0.0,0.0,0.0,0.9178,0.00063,0.0,0.9231,0.0001,0.00017,0.0035,0.00024,0.00005,0.0018,0.0,0.00026,0.00002,0.0,0.00017,0.0,0.0,0.00017,0.00057,0.00003,0.00023,0.0621,0.00001,0.0,0.0,0.0,0.00067,0.0013,0.0236,0.8148,0.0027,0.00083,0.3174,0.0,0.0,0.00001,0.00023
30550449,0.0,0.0,0.0,0.006,0.016,0.0012,0.0361,0.0088,0.00023,0.0,0.00001,0.00006,0.00006,0.0023,0.0,0.00016,0.00015,0.00017,0.007,0.00024,0.00005,0.1862,0.0,0.00018,0.0,0.0,0.00009,0.0,0.0,0.00013,0.0024,0.00006,0.00097,0.1778,0.0,0.0,0.0,0.0,0.0019,0.0026,0.00026,0.0016,0.002,0.845,0.0013,0.0,0.0,0.00001,0.0
30760299,0.0,0.0,0.0,0.0003,0.00033,0.6548,0.9814,0.00013,0.0,0.0,0.00001,0.0,0.00006,0.00063,0.0,0.0013,0.00021,0.00019,0.0035,0.7732,0.0,0.0119,0.00005,0.00045,0.0,0.0,0.00009,0.0,0.0,0.00013,0.00013,0.0,0.00023,0.0532,0.00001,0.0,0.0,0.0,0.0079,0.00084,0.00015,0.7832,0.002,0.00063,0.0035,0.0,0.0,0.0,0.00013
31246379,0.0,0.0,0.0,0.0019,0.00033,0.0147,0.0175,0.0711,0.00015,0.00005,0.00001,0.0034,0.00007,0.0383,0.0,0.00024,0.00021,0.0,0.0041,0.00008,0.00076,0.00081,0.0015,0.0003,0.0,0.0,0.0019,0.00024,0.0,0.0002,0.0419,0.00003,0.0026,0.0393,0.00001,0.0,0.0,0.00028,0.0019,0.009,0.00015,0.0032,0.4135,0.0393,0.0039,0.00003,0.0,0.00043,0.1465
29303779,0.0,0.0,0.0,0.0061,0.00049,0.0011,0.0147,0.0016,0.00015,0.0,0.00002,0.00023,0.00006,0.1652,0.0,0.00008,0.0001,0.00004,0.0063,0.0004,0.0,0.1228,0.0,0.00026,0.0,0.0,0.00039,0.0,0.0,0.00033,0.0146,0.00017,0.00097,0.0292,0.00001,0.0,0.0,0.0,0.004,0.02,0.00049,0.001,0.0062,0.2349,0.0013,0.0,0.00005,0.0,0.00006
29531139,0.0,0.0,0.0,0.0661,0.00049,0.0008,0.0857,0.0481,0.00015,0.00001,0.00001,0.00008,0.00006,0.00075,0.0,0.00022,0.0001,0.00017,0.00021,0.00057,0.00006,0.0055,0.00005,0.00026,0.0,0.0,0.00004,0.0,0.0,0.00013,0.00057,0.0043,0.00014,0.0018,0.00015,0.0,0.0,0.0,0.0019,0.0249,0.001,0.0032,0.00081,0.0014,0.0048,0.0,0.00005,0.0002,0.00006
30094499,0.0,0.0,0.00001,0.00045,0.0148,0.0071,0.0016,0.0024,0.00015,0.00019,0.00007,0.00006,0.00002,0.00049,0.0,0.00016,0.00021,0.00017,0.0016,0.0005,0.00002,0.00081,0.0005,0.0038,0.0,0.0,0.00004,0.00004,0.0,0.001,0.00095,0.00006,0.0196,0.0014,0.00015,0.00003,0.00013,0.00004,0.0028,0.0012,0.00026,0.00009,0.0027,0.0041,0.9708,0.00003,0.0364,0.0,0.00023
30848979,0.0,0.0,0.0,0.1319,0.0033,0.0061,0.0385,0.0403,0.00023,0.00021,0.00007,0.00078,0.0011,0.0935,0.0,0.0023,0.00068,0.00019,0.011,0.0031,0.00076,0.0525,0.00008,0.00045,0.0,0.0,0.00004,0.00002,0.0,0.00033,0.0089,0.00003,0.00097,0.0292,0.00001,0.0,0.0,0.0,0.0105,0.1087,0.00099,0.0015,0.0071,0.2539,0.0021,0.0,0.0,0.00008,0.00077
30870669,0.0,0.0,0.0,0.006,0.001,0.0048,0.0087,0.0088,0.00015,0.00001,0.00001,0.00023,0.00006,0.0072,0.0,0.00016,0.0013,0.00038,0.013,0.00059,0.00005,0.0525,0.0037,0.0003,0.0,0.0,0.0739,0.0,0.0,0.00039,0.2743,0.0,0.00034,0.0078,0.00001,0.0,0.0,0.00004,0.0374,0.0179,0.00099,0.0029,0.0027,0.0167,0.0013,0.0,0.0,0.00004,0.0087
31264559,0.0,0.0,0.00006,0.2928,0.00064,0.0027,0.0823,0.0247,0.00023,0.00011,0.00007,0.00006,0.00006,0.0072,0.00002,0.0013,0.00026,0.00071,0.0323,0.00089,0.00005,0.0207,0.00049,0.00045,0.00002,0.0,0.0003,0.00002,0.0,0.00033,0.01,0.00006,0.00014,0.0017,0.00015,0.00003,0.0,0.00004,0.033,0.5288,0.0045,0.0029,0.0027,0.0059,0.00096,0.0,0.0,0.00004,0.00077
31330239,0.0,0.0,0.0,0.015,0.00064,0.0017,0.1105,0.0054,0.00015,0.00001,0.00002,0.00008,0.00006,0.0683,0.00082,0.0053,0.00021,0.00038,0.0015,0.00016,0.00014,0.0123,0.00049,0.00045,0.0,0.0,0.00009,0.00002,0.0,0.00033,0.0993,0.00003,0.00014,0.0532,0.00001,0.0,0.0,0.0,0.0374,0.009,0.00099,0.1577,0.0131,0.0014,0.0021,0.0,0.0,0.00008,0.00013
30831339,0.0,0.0,0.0,0.0017,0.00049,0.00052,0.0478,0.0185,0.00015,0.0,0.00001,0.0125,0.00006,0.9609,0.0,0.00016,0.00021,0.00019,0.0063,0.0004,0.0016,0.0156,0.0015,0.00045,0.0,0.0,0.00009,0.0,0.0,0.00013,0.0039,0.00003,0.00014,0.0907,0.00001,0.0,0.0,0.0,0.0019,0.009,0.00047,0.0247,0.005,0.0049,0.0021,0.0,0.0,0.00004,0.0013
31506009,0.0,0.0,0.0,0.0029,0.00049,0.0061,0.0039,0.0049,0.00037,0.00036,0.00003,0.00002,0.00007,0.0072,0.0,0.0023,0.0047,0.00019,0.0041,0.00016,0.00003,0.0029,0.0037,0.00045,0.0,0.00015,0.00004,0.00024,0.0,0.00017,0.00077,0.00002,0.00034,0.0063,0.0013,0.00003,0.00004,0.00004,0.0079,0.0016,0.00032,0.001,0.0033,0.0014,0.9146,0.0,0.00002,0.00002,0.00054
31678749,0.0,0.0,0.0,0.00045,0.00016,0.00088,0.9898,0.00013,0.00015,0.0,0.0,0.0,0.00007,0.0017,0.0,0.00008,0.00068,0.00015,0.0015,0.00024,0.00005,0.0654,0.0,0.00026,0.0,0.0,0.0033,0.0,0.0,0.0001,0.00013,0.0,0.00014,0.0123,0.00001,0.0,0.0,0.0,0.0044,0.1087,0.0021,0.7832,0.0027,0.0017,0.00045,0.0,0.0,0.00001,0.0
33076949,0.00003,0.0,0.00001,0.0061,0.00064,0.0013,0.025,0.0211,0.00015,0.00005,0.00001,0.00023,0.00006,0.00063,0.0,0.00037,0.00015,0.00038,0.00056,0.0005,0.00005,0.0017,0.0189,0.00026,0.0,0.0,0.00017,0.00024,0.0,0.00033,0.00077,0.00017,0.00097,0.0113,0.00001,0.00003,0.0,0.0,0.004,0.0015,0.0018,0.0016,0.0012,0.0023,0.0858,0.0,0.0,0.00004,0.0013
19883199,0.0,0.00002,0.0,0.0013,0.001,0.0061,0.00081,0.0016,0.00015,0.0,0.00001,0.00078,0.00006,0.011,0.0,0.00079,0.00068,0.00038,0.3953,0.00099,0.00005,0.0402,0.00036,0.0019,0.0,0.0,0.00009,0.00002,0.0,0.0004,0.0017,0.00006,0.0498,0.0047,0.00001,0.0,0.0,0.0,0.0152,0.02,0.0012,0.00009,0.1121,0.0156,0.0039,0.00044,0.9406,0.00014,0.00041
20211639,0.0,0.0,0.00001,0.0203,0.0023,0.0008,0.1612,0.0015,0.00015,0.00021,0.00002,0.00002,0.0011,0.00063,0.0,0.00022,0.00026,0.00038,0.00056,0.0005,0.00002,0.0268,0.00027,0.00056,0.0,0.0,0.00009,0.00004,0.00006,0.00079,0.00095,0.0043,0.00023,0.0014,0.00015,0.0,0.00004,0.0,0.0014,0.0013,0.0368,0.0249,0.044,0.0025,0.00096,0.0,0.0,0.00002,0.00013
21375489,0.0,0.0,0.0,0.006,0.00064,0.0027,0.0056,0.003,0.0047,0.00005,0.00001,0.00023,0.00006,0.00049,0.0,0.00008,0.0013,0.00017,0.00021,0.00016,0.00002,0.0101,0.0015,0.00067,0.0,0.00004,0.00004,0.00001,0.0,0.00079,0.00077,0.00002,0.0016,0.0018,0.00015,0.0,0.00002,0.0,0.004,0.003,0.00032,0.00023,0.0012,0.0025,0.9094,0.0,0.00002,0.00003,0.00051
22082429,0.00003,0.0,0.0021,0.00045,0.0052,0.0518,0.0087,0.0016,0.00015,0.00005,0.00045,0.00023,0.00039,0.0023,0.0,0.00037,0.00068,0.00045,0.00065,0.00006,0.00002,0.0048,0.00005,0.0014,0.00014,0.0,0.00034,0.0006,0.0,0.00033,0.0024,0.00006,0.00086,0.0014,0.00001,0.00003,0.0338,0.00066,0.0023,0.0013,0.00049,0.00058,0.002,0.0025,0.9146,0.0,0.0,0.00004,0.00013
22913619,0.0,0.0,0.00001,0.0023,0.0023,0.0048,0.0138,0.0185,0.00015,0.00005,0.00002,0.0012,0.00006,0.0072,0.0,0.00018,0.00021,0.00017,0.0018,0.00008,0.00002,0.0041,0.00005,0.00067,0.0,0.0,0.00034,0.00002,0.0,0.00033,0.01,0.00006,0.9147,0.0033,0.00024,0.0,0.00004,0.00004,0.0152,0.0026,0.00036,0.00084,0.0168,0.0037,0.0589,0.0,0.0,0.00008,0.00061
23227749,0.0,0.0,0.00007,0.0061,0.6786,0.0012,0.0175,0.0024,0.00023,0.00019,0.00002,0.00023,0.00006,0.003,0.00002,0.00071,0.00068,0.00038,0.00065,0.00089,0.00002,0.274,0.00005,0.00067,0.0,0.0,0.00034,0.00004,0.0,0.00079,0.001,0.00002,0.00023,0.494,0.00001,0.0,0.0,0.00004,0.00089,0.0026,0.00047,0.0015,0.435,0.6496,0.0025,0.0,0.0,0.00001,0.0017
23386689,0.0,0.0,0.0,0.0661,0.00016,0.0015,0.0287,0.0088,0.00037,0.00001,0.00001,0.00002,0.00065,0.00063,0.0,0.00037,0.00015,0.00017,0.007,0.0015,0.00057,0.0123,0.00017,0.00026,0.0,0.0,0.00017,0.00001,0.0,0.00013,0.0012,0.0,0.00029,0.0017,0.00001,0.0,0.0,0.0,0.077,0.0018,0.0021,0.0032,0.0978,0.1782,0.0052,0.0,0.0,0.00008,0.0754
24105649,0.0,0.0,0.0,0.0039,0.00033,0.0022,0.006,0.003,0.00015,0.00001,0.00002,0.00002,0.00002,0.00063,0.0,0.00008,0.00021,0.00038,0.0041,0.008,0.00005,0.004,0.0,0.00026,0.0,0.0,0.00004,0.0,0.0,0.0001,0.0017,0.00006,0.00029,0.0047,0.00001,0.0,0.0,0.00003,0.0028,0.0026,0.0171,0.002,0.00099,0.0054,0.0076,0.0,0.00002,0.00004,0.00023
23831959,0.0,0.0,0.0,0.00045,0.0013,0.014,0.00076,0.0012,0.00023,0.00036,0.00002,0.00008,0.00006,0.00091,0.0,0.00024,0.00068,0.0013,0.00056,0.00016,0.00005,0.0041,0.0015,0.0014,0.00002,0.0,0.00039,0.00036,0.0,0.0002,0.0146,0.00003,0.00097,0.0014,0.00015,0.00003,0.0,0.0,0.0509,0.0053,0.00047,0.00006,0.00099,0.0316,0.9767,0.0,0.1408,0.00004,0.00013
20955329,0.00005,0.00002,0.0001,0.00072,0.0083,0.023,0.0324,0.0049,0.00062,0.0014,0.00043,0.00002,0.00006,0.00049,0.0,0.00024,0.0017,0.00017,0.0031,0.00016,0.00002,0.0029,0.00036,0.00067,0.0,0.00004,0.00091,0.00001,0.0,0.001,0.00057,0.00003,0.00071,0.0017,0.00015,0.00076,0.00013,0.00034,0.00089,0.0026,0.0019,0.00062,0.0059,0.0014,0.8385,0.00004,0.00006,0.00001,0.00013
23171149,0.0,0.0,0.0,0.00015,0.9816,0.00052,0.0031,0.0024,0.00015,0.00001,0.00002,0.00023,0.00002,0.00049,0.0,0.00016,0.0,0.00004,0.00065,0.00022,0.00002,0.0062,0.00049,0.00045,0.0,0.0,0.00017,0.0,0.0,0.0053,0.00057,0.0,0.00071,0.00061,0.00001,0.00003,0.00003,0.00004,0.0019,0.0012,0.00049,0.00033,0.002,0.0013,0.0062,0.0,0.0,0.00001,0.00041
23629739,0.0,0.0,0.00001,0.00015,0.00064,0.0668,0.4746,0.0386,0.00023,0.0,0.0,0.00008,0.0025,0.0017,0.0,0.00024,0.00021,0.00008,0.00095,0.0005,0.00061,0.1166,0.0,0.00045,0.0,0.0,0.1169,0.00001,0.0,0.0025,0.0089,0.00003,0.00071,0.0047,0.00001,0.0,0.0,0.0,0.0112,0.5288,0.00099,0.0029,0.0108,0.0014,0.00096,0.0,0.00002,0.00002,0.00013
22500309,0.00003,0.0,0.0,0.0023,0.0012,0.0027,0.3415,0.0015,0.0012,0.00005,0.00007,0.0034,0.00007,0.0394,0.0,0.0013,0.0098,0.00038,0.011,0.00099,0.00006,0.1115,0.00017,0.00026,0.0,0.0,0.00017,0.00004,0.0,0.00039,0.0064,0.0,0.008,0.0143,0.00001,0.00003,0.0,0.00043,0.004,0.0026,0.00032,0.0042,0.0028,0.0959,0.3353,0.0,0.0,0.00004,0.00023
25084209,0.0,0.0,0.0,0.00015,0.00049,0.6548,0.0175,0.00013,0.00023,0.00005,0.00007,0.00002,0.00006,0.00041,0.0,0.00022,0.0017,0.00019,0.00056,0.00057,0.00002,0.0048,0.00005,0.00067,0.0,0.0,0.00004,0.0,0.0,0.00013,0.00057,0.00002,0.0059,0.0029,0.00009,0.0,0.0,0.00003,0.0019,0.0088,0.00012,0.00009,0.002,0.0013,0.9767,0.0,0.3419,0.0,0.00013
24254639,0.00003,0.0,0.0,0.0029,0.0103,0.0035,0.0213,0.0088,0.00015,0.0,0.00002,0.00078,0.00006,0.005,0.0,0.00018,0.0013,0.00038,0.0063,0.0025,0.0048,0.0126,0.0005,0.00026,0.0,0.0,0.0143,0.00004,0.0,0.00039,0.0024,0.00006,0.0042,0.0074,0.00001,0.00003,0.0,0.00004,0.004,0.02,0.00099,0.0029,0.0046,0.0054,0.0106,0.0,0.0,0.00002,0.00077
26539989,0.0,0.0,0.00006,0.2304,0.00049,0.00052,0.0097,0.0088,0.00015,0.00005,0.00001,0.0,0.00006,0.0019,0.0,0.00018,0.00021,0.00017,0.0041,0.00006,0.00002,0.0029,0.00049,0.0011,0.00014,0.0,0.00017,0.00004,0.0,0.00079,0.0072,0.00002,0.00086,0.0074,0.00001,0.0,0.0,0.00004,0.0028,0.0012,0.00099,0.0066,0.0027,0.0033,0.0013,0.0,0.0,0.00001,0.00054
25947039,0.0,0.0,0.0,0.318,0.0033,0.00052,0.025,0.0024,0.00015,0.0,0.00001,0.0218,0.00006,0.011,0.0,0.00016,0.0,0.00038,0.0187,0.0005,0.00002,0.0126,0.0,0.00023,0.0,0.0,0.00034,0.00001,0.0,0.00079,0.0017,0.0012,0.00029,0.0163,0.0,0.0,0.0,0.0,0.0013,0.02,0.00047,0.001,0.435,0.0037,0.0013,0.0,0.0,0.00002,0.0394
26759439,0.00003,0.0,0.00018,0.00045,0.9398,0.0035,0.0075,0.00069,0.00023,0.00005,0.00002,0.00023,0.00006,0.0017,0.0,0.00024,0.00026,0.00038,0.0015,0.00024,0.00005,0.035,0.00027,0.0019,0.0,0.0,0.00034,0.00004,0.00006,0.0119,0.00095,0.00006,0.00071,0.008,0.00015,0.00005,0.00003,0.00018,0.0112,0.0013,0.00032,0.00084,0.002,0.0049,0.0062,0.00003,0.0,0.00002,0.00054
26516889,0.0,0.0,0.0,0.006,0.0013,0.0008,0.0367,0.0403,0.00015,0.0,0.0,0.0162,0.00007,0.0097,0.0,0.0017,0.00021,0.00038,0.0165,0.00093,0.00006,0.0224,0.00036,0.00045,0.0,0.0,0.0359,0.0,0.0,0.00079,0.1853,0.00017,0.00029,0.0379,0.00001,0.0,0.0,0.0,0.0509,0.0088,0.004,0.0407,0.0027,0.0316,0.00096,0.0,0.0,0.00002,0.0018
28091879,0.0,0.0,0.0,0.00072,0.0069,0.0089,0.0468,0.0012,0.00062,0.00005,0.00002,0.00002,0.0007,0.00049,0.0,0.0074,0.00021,0.00008,0.0063,0.0004,0.00005,0.0029,0.00005,0.00067,0.0,0.0,0.00021,0.00002,0.0,0.0053,0.0136,0.00003,0.0029,0.0428,0.00001,0.0,0.00002,0.00004,0.0019,0.0058,0.00026,0.0077,0.00099,0.0041,0.9671,0.0,0.00004,0.00001,0.00044
27981399,0.0,0.0,0.0,0.002,0.00033,0.0035,0.0857,0.0024,0.00023,0.00005,0.00002,0.00008,0.00026,0.9255,0.0,0.00024,0.0013,0.00038,0.0437,0.0005,0.00005,0.0224,0.00036,0.0003,0.0,0.0,0.0079,0.0,0.0,0.00079,0.0016,0.00006,0.00034,0.1222,0.00015,0.0,0.0,0.0,0.0194,0.0115,0.0021,0.0064,0.0346,0.0093,0.0021,0.0,0.0,0.00001,0.00023
27737869,0.00003,0.00002,0.0001,0.0013,0.9497,0.0012,0.006,0.0025,0.0012,0.00005,0.00002,0.00008,0.00006,0.003,0.0,0.00037,0.00026,0.00038,0.00065,0.00022,0.00005,0.0352,0.00049,0.0014,0.0,0.00004,0.00034,0.00004,0.00006,0.0111,0.003,0.00003,0.00029,0.0014,0.00032,0.00005,0.00003,0.00004,0.0043,0.0013,0.0021,0.00084,0.002,0.0014,0.0265,0.00003,0.0,0.00002,0.00054
28033389,0.0,0.0,0.00001,0.1114,0.0012,0.0011,0.0531,0.0596,0.00015,0.0012,0.0063,0.00002,0.00006,0.0072,0.0,0.0023,0.00026,0.00017,0.0077,0.0005,0.00003,0.0119,0.001,0.00045,0.0,0.0,0.0051,0.00002,0.0,0.0019,0.0146,0.00003,0.00029,0.0029,0.00015,0.0,0.00004,0.00004,0.0079,0.0058,0.00032,0.0179,0.0071,0.0099,0.0013,0.0,0.0,0.00016,0.00054
28576629,0.0,0.0,0.00001,0.0003,0.0035,0.00018,0.9454,0.0012,0.00015,0.0,0.00001,0.00006,0.0115,0.00049,0.0,0.0017,0.00021,0.0021,0.0036,0.064,0.00003,0.1862,0.0,0.00045,0.0,0.0,0.00004,0.0,0.0,0.00033,0.0012,0.0012,0.0,0.0393,0.00001,0.0,0.0,0.0,0.0028,0.3236,0.00032,0.7832,0.0027,0.0099,0.0013,0.0,0.0,0.00002,0.00023
29046039,0.0,0.0,0.0,0.0088,0.00049,0.014,0.0154,0.003,0.00015,0.0,0.00002,0.00023,0.00039,0.0271,0.0,0.00018,0.00068,0.00014,0.0035,0.00024,0.00005,0.035,0.00049,0.00026,0.0,0.0,0.00009,0.00001,0.0,0.00033,0.001,0.00006,0.0274,0.0047,0.00001,0.00003,0.0,0.00004,0.0013,0.0026,0.00032,0.0056,0.0033,0.0316,0.3174,0.0,0.00065,0.00004,0.00077
29554099,0.0,0.00002,0.0,0.0039,0.00064,0.0027,0.0031,0.003,0.00023,0.0,0.00002,0.00006,0.00006,0.0039,0.0,0.0013,0.00026,0.00039,0.00065,0.0031,0.00005,0.0017,0.0189,0.00026,0.0,0.0,0.0015,0.0,0.0,0.00079,0.0024,0.00006,0.0016,0.0018,0.00001,0.0,0.0,0.0,0.004,0.009,0.0021,0.0018,0.0845,0.00083,0.0385,0.00004,0.0,0.00016,0.00041
29672559,0.0,0.0,0.00001,0.00015,0.00016,0.0103,0.0,0.00069,0.00015,0.0,0.00001,0.00023,0.00002,0.00075,0.0,0.00016,0.00026,0.0,0.0025,0.00024,0.00002,0.00031,0.001,0.0015,0.0,0.0,0.00004,0.0,0.0,0.0004,0.00013,0.0,0.218,0.00061,0.00001,0.0,0.0,0.0,0.00089,0.00084,0.00015,0.0,0.0027,0.00083,0.4579,0.00004,0.9956,0.0,0.00013
30015789,0.0,0.00002,0.0001,0.0023,0.9008,0.0027,0.0039,0.0015,0.00015,0.00005,0.00002,0.0034,0.00006,0.0023,0.0,0.00022,0.0001,0.00019,0.00056,0.0005,0.00005,0.0207,0.00027,0.00045,0.0,0.0,0.00009,0.00001,0.0,0.0025,0.00095,0.00002,0.00034,0.00061,0.00001,0.00003,0.00003,0.0,0.0014,0.00027,0.00099,0.00054,0.002,0.0041,0.0942,0.0,0.00027,0.0,0.00041
30691779,0.0,0.0,0.0001,0.00093,0.0014,0.00052,0.0031,0.0088,0.00023,0.00005,0.00002,0.00008,0.00006,0.0041,0.0,0.00024,0.00021,0.00038,0.0036,0.00016,0.00002,0.16,0.00027,0.00045,0.0,0.0,0.00009,0.00004,0.0,0.00018,0.0024,0.00003,0.9147,0.0047,0.00001,0.00003,0.00004,0.0,0.6231,0.0026,0.00047,0.00009,0.005,0.0086,0.049,0.00003,0.0006,0.00003,0.00077
31124959,0.00003,0.0,0.0,0.0013,0.9833,0.00073,0.0056,0.0022,0.0015,0.00005,0.00003,0.00002,0.00006,0.00091,0.0,0.00037,0.00034,0.00019,0.00021,0.00016,0.00003,0.0119,0.00017,0.00045,0.0,0.0,0.00004,0.00024,0.0,0.0111,0.00057,0.00002,0.00029,0.0035,0.00001,0.00005,0.0,0.00004,0.0074,0.00027,0.00037,0.00054,0.00081,0.007,0.1851,0.0,0.0,0.00001,0.00023
31408379,0.00005,0.00002,0.0011,0.0117,0.0127,0.0035,0.016,0.0049,0.0011,0.00021,0.00003,0.00023,0.00039,0.011,0.0,0.00024,0.0047,0.00075,0.0107,0.00099,0.00076,0.0123,0.00005,0.0019,0.00014,0.00015,0.0019,0.00016,0.00038,0.00039,0.0039,0.00017,0.00086,0.008,0.0064,0.00088,0.00004,0.00004,0.004,0.0088,0.0065,0.0029,0.0168,0.0112,0.0513,0.00003,0.0,0.00002,0.00054
31460569,0.0,0.0,0.00001,0.00045,0.7143,0.00052,0.006,0.003,0.00015,0.0,0.00001,0.00023,0.00006,0.0039,0.0,0.00024,0.0001,0.00071,0.0041,0.0005,0.00006,0.0899,0.00005,0.00026,0.0,0.0,0.00009,0.00002,0.0,0.001,0.00095,0.00003,0.00014,0.0014,0.00001,0.0,0.0,0.0,0.0112,0.0012,0.00047,0.0012,0.0648,0.0033,0.0076,0.0,0.0,0.00016,0.00061
32147509,0.00003,0.0,0.0,0.00072,0.00025,0.0012,0.00076,0.0022,0.00015,0.00005,0.00002,0.00004,0.00002,0.00041,0.0,0.00018,0.00068,0.00017,0.0,0.00006,0.00002,0.0003,0.0189,0.00026,0.0,0.0,0.00009,0.0006,0.0,0.00033,0.00077,0.00002,0.00029,0.0063,0.00001,0.00003,0.0,0.0,0.1816,0.0026,0.00047,0.00009,0.00099,0.0023,0.9671,0.0,0.00027,0.00003,0.0031
