"PMID","Autobiography","Bibliography","Biography","Case-Control Studies","Case Reports","Clinical Studies as Topic","Clinical Study","Cohort Studies","Comment","Congress","Consensus Development Conference","Cross-Cultural Comparison","Cross-Over Studies","Cross-Sectional Studies","Diagnostic Test Accuracy","Double-Blind Method","Editorial","Evaluation Studies as Topic","Evaluation Study","Feasibility Studies","Focus Groups","Follow-Up Studies","Genome-Wide Association Study","Historical Article","Human Experimentation","interview","Interviews as Topic","Lecture","Legal Case","Letter","Longitudinal Studies","Matched-Pair Analysis","Meta-analysis","Multicenter Study","News","Personal Narrative","Portrait","Practice Guideline","Predictive Value of Tests","Prospective Studies","Random Allocation","Randomized Controlled Trial","Reproducibility of Results","Retrospective Studies","Review","Systematic Reviews as Topic","Systematic Review","Twin Study","Validation Study"
31387390,0.0,0.0,0.0,0.0143,0.0021,0.023,0.2712,0.0056,0.00015,0.00005,0.00001,0.00004,0.00064,0.0023,0.0,0.0074,0.00021,0.0013,0.0187,0.0025,0.0047,0.0415,0.00004,0.00045,0.0,0.0,0.00091,0.00002,0.0,0.0002,0.0024,0.00006,0.00029,0.0035,0.00015,0.0,0.0,0.00003,0.0019,0.02,0.0045,0.1577,0.0027,0.0248,0.0013,0.00003,0.0,0.00001,0.00061
33034830,0.0,0.0,0.0,0.0268,0.0014,0.00052,0.0385,0.0106,0.00015,0.0,0.00001,0.00002,0.00006,0.0748,0.0,0.003,0.0001,0.00071,0.0016,0.0004,0.00002,0.0018,0.00004,0.00026,0.0,0.0,0.00009,0.00001,0.0,0.00039,0.00077,0.00023,0.00034,0.0621,0.00001,0.0,0.0,0.0,0.0314,0.024,0.004,0.0029,0.015,0.0628,0.0013,0.0,0.0,0.00003,0.00023
33689290,0.00005,0.00002,0.00007,0.00072,0.0042,0.023,0.0056,0.0056,0.00037,0.00011,0.00003,0.00023,0.00006,0.003,0.0,0.00018,0.012,0.0013,0.0151,0.00024,0.00006,0.0079,0.001,0.0101,0.00002,0.00004,0.0003,0.002,0.00006,0.0018,0.0039,0.00003,0.0016,0.0018,0.00015,0.00033,0.00013,0.00018,0.0152,0.0084,0.00049,0.00084,0.0131,0.0054,0.0225,0.00004,0.00002,0.00002,0.00023
33937180,0.00027,0.0,0.0001,0.0039,0.0052,0.0225,0.0078,0.003,0.0067,0.00005,0.00002,0.00078,0.00007,0.0039,0.0,0.00018,0.004,0.00038,0.0018,0.0004,0.00016,0.025,0.00049,0.003,0.0,0.0,0.0033,0.0006,0.00038,0.0119,0.003,0.00003,0.00086,0.025,0.00001,0.00088,0.00004,0.00004,0.0152,0.02,0.00099,0.00084,0.0097,0.0052,0.1981,0.00004,0.0,0.00003,0.00054
34034790,0.0,0.0,0.0,0.00015,0.00016,0.1057,0.9933,0.00042,0.00015,0.00005,0.00001,0.00023,0.0238,0.00075,0.0,0.0989,0.00026,0.0011,0.00056,0.0069,0.00002,0.0314,0.0,0.00018,0.0,0.0,0.00039,0.0,0.0,0.00013,0.0017,0.00003,0.00023,0.1148,0.00001,0.0,0.0,0.0,0.0015,0.4767,0.001,0.9114,0.0027,0.0015,0.0013,0.0,0.00027,0.00001,0.00006
34486740,0.0,0.0,0.0,0.0003,0.00064,0.0225,0.00076,0.0088,0.00015,0.0,0.00001,0.00065,0.00002,0.0014,0.0,0.00016,0.00047,0.00017,0.0025,0.00006,0.00002,0.0029,0.0044,0.00026,0.0,0.0,0.00004,0.00001,0.0,0.00033,0.00057,0.00002,0.9199,0.00061,0.00001,0.0,0.0,0.00003,0.00089,0.0356,0.00032,0.00006,0.0097,0.0037,0.9509,0.0,0.9664,0.0,0.0
34871380,0.0,0.0,0.0,0.00045,0.0023,0.6548,0.0056,0.0022,0.00015,0.0,0.00002,0.0,0.00002,0.0017,0.0,0.00018,0.00021,0.0011,0.00056,0.00016,0.00002,0.0207,0.00005,0.0003,0.0,0.0,0.00009,0.00002,0.0,0.0001,0.00057,0.0,0.9824,0.0012,0.00001,0.0,0.0,0.0,0.0,0.0011,0.00032,0.00006,0.0055,0.0011,0.8613,0.00004,0.9956,0.00002,0.0
35457070,0.0,0.0,0.0,0.0143,0.00064,0.0011,0.0175,0.0049,0.00023,0.00005,0.00001,0.00002,0.0007,0.0072,0.0,0.0057,0.00026,0.00038,0.007,0.00008,0.00076,0.0613,0.00005,0.0003,0.0,0.0,0.00091,0.00002,0.0,0.0018,0.00077,0.00003,0.00023,0.0078,0.00001,0.0,0.0,0.00004,0.0079,0.0088,0.0236,0.1372,0.0027,0.0049,0.0039,0.0,0.0,0.00002,0.0013
37060000,0.0,0.0,0.0,0.00072,0.00016,0.0008,0.0056,0.2868,0.00023,0.0,0.0,0.00002,0.00007,0.0023,0.0,0.00018,0.00021,0.00017,0.0035,0.00006,0.00005,0.1649,0.00017,0.0003,0.0,0.0,0.0079,0.0,0.0,0.0018,0.0016,0.0,0.00029,0.1148,0.00001,0.0,0.00002,0.0,0.0028,0.1662,0.00012,0.0032,0.00072,0.5657,0.0035,0.0,0.0,0.00002,0.00023
37248910,0.0,0.00002,0.0011,0.00093,0.0021,0.0061,0.0039,0.0358,0.0011,0.00011,0.00002,0.00023,0.00007,0.011,0.0,0.0011,0.00068,0.00019,0.00065,0.00024,0.00005,0.0041,0.00017,0.0279,0.0,0.00004,0.00039,0.00003,0.00006,0.0025,0.00095,0.00006,0.00086,0.0017,0.00015,0.00006,0.00004,0.00004,0.0028,0.0151,0.0012,0.00084,0.0261,0.0041,0.5014,0.00003,0.0012,0.00004,0.00022
37287360,0.00005,0.00002,0.00049,0.0034,0.0186,0.0089,0.0089,0.0049,0.004,0.00005,0.00003,0.00023,0.00039,0.0023,0.0,0.00094,0.0047,0.00075,0.0035,0.00089,0.00016,0.0415,0.00049,0.0132,0.00014,0.00015,0.00039,0.0006,0.00038,0.0177,0.0017,0.00017,0.00071,0.0035,0.0028,0.00076,0.00013,0.00043,0.004,0.0088,0.0019,0.0016,0.008,0.0248,0.1176,0.00004,0.0,0.00008,0.00061
37750660,0.0,0.0,0.0,0.00015,0.00033,0.0061,0.9956,0.0,0.00015,0.0,0.00001,0.00002,0.00039,0.00091,0.0,0.00022,0.00015,0.00017,0.00021,0.00024,0.00006,0.0537,0.00027,0.0003,0.0,0.0,0.00091,0.00002,0.0,0.0013,0.0039,0.00006,0.0,0.0113,0.00001,0.0,0.00003,0.0,0.004,0.0064,0.00099,0.8815,0.005,0.0014,0.00071,0.0,0.0,0.00008,0.0
31875461,0.00005,0.00002,0.0001,0.0046,0.0246,0.0035,0.0282,0.009,0.0012,0.00005,0.00002,0.00023,0.0007,0.0162,0.0,0.00079,0.0012,0.0013,0.007,0.00089,0.0102,0.0224,0.00017,0.0014,0.0,0.0,0.0547,0.00016,0.0,0.0039,0.0089,0.00006,0.00071,0.0269,0.00001,0.00088,0.00002,0.00004,0.0028,0.0088,0.0012,0.0056,0.015,0.0112,0.0171,0.0,0.0,0.00002,0.0013
31912571,0.0,0.0,0.0,0.0023,0.0023,0.0022,0.0039,0.0016,0.00015,0.00001,0.00001,0.00023,0.00006,0.0059,0.0,0.00016,0.00068,0.00038,0.0016,0.00057,0.00002,0.0648,0.00049,0.00026,0.0,0.0,0.00009,0.00002,0.0,0.00033,0.0016,0.00017,0.00014,0.0029,0.00001,0.00005,0.0,0.0,0.004,0.0013,0.0368,0.00054,0.0033,0.0014,0.049,0.0,0.0,0.00003,0.00022
33011431,0.0,0.0,0.00006,0.00015,0.00064,0.0048,0.0,0.00042,0.00015,0.0,0.00002,0.00006,0.0,0.00041,0.0,0.00008,0.00026,0.00038,0.00095,0.00006,0.00002,0.0018,0.00034,0.00045,0.0,0.0,0.00009,0.00004,0.0,0.0001,0.00057,0.0,0.0992,0.0012,0.00001,0.00003,0.0,0.0,0.0079,0.024,0.00032,0.0,0.008,0.0014,0.9741,0.00044,0.998,0.00002,0.00013
33389151,0.00003,0.0,0.0001,0.0028,0.0246,0.004,0.0138,0.0133,0.0045,0.00005,0.00002,0.00078,0.00007,0.0281,0.0,0.0017,0.0012,0.00071,0.0016,0.0007,0.00006,0.0268,0.00034,0.00045,0.0,0.0,0.00039,0.00002,0.0,0.0013,0.0136,0.00017,0.00086,0.0029,0.00015,0.00003,0.00002,0.00004,0.0254,0.0249,0.0019,0.0042,0.0648,0.0112,0.0734,0.0,0.00006,0.00043,0.002
33398531,0.0,0.0,0.00001,0.006,0.0103,0.0061,0.0175,0.0035,0.00037,0.00001,0.00002,0.00065,0.00006,0.0034,0.0,0.00037,0.0047,0.00017,0.00065,0.0005,0.00005,0.0017,0.0098,0.00026,0.0,0.00004,0.00091,0.0,0.0,0.0039,0.0039,0.00002,0.00086,0.0012,0.00001,0.0,0.0,0.00003,0.0651,0.0013,0.0019,0.00009,0.0648,0.0041,0.8239,0.00003,0.0012,0.00002,0.00022
33479201,0.00005,0.00002,0.0037,0.0667,0.00064,0.0022,0.0056,0.0012,0.00023,0.00021,0.00003,0.00078,0.00039,0.0271,0.0,0.00094,0.0014,0.00017,0.0041,0.0005,0.00016,0.0099,0.0239,0.1074,0.00014,0.00004,0.0034,0.00036,0.0,0.00039,0.00057,0.00002,0.00029,0.025,0.00015,0.00033,0.0018,0.00034,0.0194,0.0026,0.0021,0.0016,0.0059,0.0099,0.0942,0.00003,0.0,0.00004,0.00051
33779331,0.0,0.0,0.00006,0.006,0.0162,0.0147,0.0287,0.0062,0.004,0.0066,0.00002,0.00002,0.00006,0.0017,0.0,0.00037,0.0013,0.00038,0.0017,0.00022,0.00006,0.0119,0.00008,0.00027,0.0,0.00004,0.00017,0.00004,0.0,0.0039,0.0024,0.00017,0.00029,0.0047,0.0078,0.0,0.00003,0.00004,0.0015,0.003,0.0045,0.002,0.0033,0.0023,0.0513,0.00003,0.0,0.00003,0.00077
34023301,0.0,0.0,0.0,0.006,0.00064,0.0061,0.2052,0.0424,0.00015,0.0,0.0,0.00002,0.00039,0.0335,0.0,0.00008,0.0001,0.00012,0.0018,0.00099,0.00014,0.1005,0.00017,0.00045,0.0,0.0,0.00055,0.00002,0.0,0.00013,0.0146,0.00006,0.00014,0.0143,0.00001,0.0,0.0,0.0,0.1043,0.6346,0.00032,0.00054,0.0667,0.0239,0.0021,0.0,0.0,0.00014,0.0037
34308901,0.0,0.0,0.0,0.0583,0.001,0.0035,0.0603,0.0185,0.00023,0.00001,0.00001,0.00004,0.00064,0.0023,0.0,0.00024,0.00021,0.00017,0.007,0.0015,0.00006,0.0759,0.00005,0.00045,0.00002,0.0,0.00091,0.00002,0.0,0.00039,0.0016,0.00006,0.00097,0.0074,0.00001,0.00003,0.0,0.00003,0.0015,0.009,0.00047,0.0116,0.0346,0.0054,0.0013,0.0,0.0,0.00016,0.0017
34312771,0.00003,0.0,0.00001,0.0061,0.0035,0.0027,0.0031,0.0088,0.00073,0.00019,0.00002,0.00023,0.00007,0.0039,0.0,0.00024,0.0047,0.00075,0.0046,0.0007,0.00006,0.0066,0.00005,0.003,0.0,0.00004,0.00034,0.00025,0.00006,0.00079,0.0024,0.00017,0.00034,0.0028,0.00024,0.00003,0.00003,0.00004,0.00067,0.0026,0.0236,0.00084,0.0097,0.0041,0.0964,0.00003,0.0,0.00004,0.002
35153851,0.0,0.0,0.0,0.0,0.00049,0.0071,0.9909,0.00042,0.00015,0.00001,0.00002,0.00002,0.00064,0.00026,0.0,0.6825,0.00021,0.00004,0.00056,0.00024,0.00006,0.1246,0.00004,0.00045,0.0,0.0,0.00009,0.00002,0.0,0.00033,0.0024,0.0,0.00014,0.1778,0.00001,0.0,0.0,0.0,0.0028,0.6346,0.0045,0.7939,0.0074,0.0013,0.0074,0.00003,0.00063,0.00004,0.00023
35771851,0.0,0.0,0.0,0.0061,0.00016,0.0027,0.9814,0.0185,0.00023,0.0,0.00002,0.0,0.00007,0.00041,0.0,0.0175,0.0496,0.00008,0.007,0.0031,0.00003,0.0123,0.00011,0.00045,0.0,0.0,0.00004,0.0,0.0,0.0053,0.032,0.0,0.00014,0.1538,0.00001,0.0,0.00003,0.00003,0.0182,0.0309,0.00015,0.7832,0.0027,0.0014,0.0013,0.0,0.00006,0.00002,0.00013
37271291,0.0,0.0,0.0,0.00072,0.00016,0.0646,0.9859,0.00069,0.00015,0.0,0.00001,0.00008,0.00064,0.00049,0.0,0.0013,0.0,0.00038,0.0031,0.00022,0.00005,0.0731,0.00004,0.00067,0.0,0.0,0.00009,0.0,0.0,0.00033,0.0146,0.00002,0.00014,0.0063,0.00001,0.0,0.0,0.00003,0.00089,0.0026,0.00032,0.5568,0.0074,0.0041,0.00096,0.0,0.0,0.00002,0.0037
33514612,0.0,0.0,0.00006,0.0023,0.001,0.0027,0.0165,0.0056,0.00037,0.00005,0.00002,0.00004,0.00064,0.0072,0.0,0.00037,0.00034,0.00038,0.0491,0.0031,0.00016,0.0066,0.00017,0.00067,0.00002,0.0,0.00055,0.00004,0.0,0.00039,0.0013,0.00023,0.00086,0.0197,0.00001,0.0,0.00003,0.0,0.0152,0.0284,0.00049,0.0042,0.1313,0.0201,0.0025,0.00003,0.00002,0.00004,0.008
33771822,0.0,0.0,0.0,0.0029,0.00049,0.00052,0.0097,0.00069,0.00015,0.00005,0.0,0.00023,0.00006,0.9746,0.0,0.00008,0.00015,0.0,0.0025,0.0005,0.0032,0.0347,0.00005,0.003,0.0,0.0,0.0159,0.00001,0.0,0.00039,0.00013,0.00006,0.00014,0.0393,0.00001,0.0,0.0,0.0,0.0509,0.0064,0.00049,0.00084,0.0027,0.0112,0.0225,0.0,0.00004,0.00004,0.00023
33922322,0.0,0.0,0.0001,0.0034,0.0617,0.0315,0.0056,0.017,0.00023,0.00005,0.00002,0.00002,0.00006,0.003,0.0,0.00022,0.00026,0.00071,0.0017,0.00024,0.00005,0.0207,0.0015,0.003,0.0,0.0,0.00091,0.00036,0.0,0.00039,0.0146,0.00006,0.00029,0.0007,0.00001,0.00003,0.00004,0.0,0.0079,0.0309,0.00047,0.00054,0.0027,0.0156,0.6306,0.00003,0.0001,0.00002,0.00077
34635802,0.0,0.0,0.0,0.00015,0.00016,0.014,0.9859,0.00069,0.00023,0.00001,0.00001,0.00002,0.0007,0.00041,0.0,0.6825,0.00026,0.00038,0.00021,0.0005,0.00002,0.0715,0.00034,0.00026,0.00002,0.0,0.00004,0.00002,0.0,0.00013,0.00077,0.00006,0.0026,0.0621,0.00001,0.0,0.0,0.0,0.0019,0.02,0.00032,0.2004,0.002,0.0033,0.0062,0.0,0.0012,0.00002,0.00051
35793342,0.0,0.0,0.0,0.0015,0.00033,0.0035,0.9956,0.00042,0.00015,0.0,0.00002,0.00002,0.00039,0.00049,0.0,0.00022,0.00068,0.00008,0.00021,0.00099,0.00002,0.0017,0.00017,0.00045,0.0,0.0,0.0003,0.0,0.0,0.001,0.00076,0.0,0.00034,0.0029,0.00001,0.0,0.0,0.0,0.0074,0.0064,0.0045,0.8137,0.00072,0.0041,0.00025,0.00003,0.0012,0.00004,0.00051
36314672,0.00027,0.00002,0.0164,0.0039,0.0246,0.014,0.0385,0.0088,0.0067,0.00021,0.00007,0.0012,0.00007,0.0072,0.0,0.0017,0.006,0.00071,0.0035,0.00089,0.00014,0.0123,0.00034,0.0176,0.00002,0.00078,0.00039,0.00025,0.00038,0.0053,0.0039,0.00006,0.00034,0.0047,0.0078,0.0051,0.0018,0.00018,0.0074,0.0151,0.004,0.0056,0.0074,0.0112,0.1176,0.00004,0.0,0.00004,0.00061
36924042,0.0,0.0,0.0024,0.0,0.00049,0.7982,0.0078,0.00013,0.00015,0.0,0.00002,0.00002,0.00006,0.0,0.0,0.00018,0.0026,0.00071,0.00065,0.00024,0.0,0.00081,0.0015,0.00045,0.0,0.0,0.00009,0.00004,0.0,0.00039,0.00076,0.0,0.9729,0.0,0.00009,0.00006,0.00003,0.0,0.0014,0.0018,0.0021,0.00033,0.005,0.0014,0.9741,0.00003,0.998,0.00004,0.00013
37591412,0.0,0.0,0.00001,0.0095,0.0033,0.0053,0.0175,0.0088,0.00015,0.00005,0.00002,0.00078,0.00026,0.0072,0.0,0.0013,0.00026,0.00038,0.0046,0.00059,0.00014,0.0207,0.00049,0.00067,0.0,0.0,0.0033,0.00002,0.00038,0.0018,0.0017,0.00003,0.0026,0.0078,0.00001,0.00003,0.00004,0.00003,0.046,0.0333,0.0129,0.0042,0.0648,0.0099,0.0048,0.00003,0.0,0.0014,0.0031
33326573,0.0,0.0,0.0,0.0,0.0012,0.6548,0.0031,0.00013,0.00015,0.0,0.00002,0.00002,0.00006,0.00075,0.0,0.00008,0.00034,0.0,0.0019,0.00016,0.0,0.0112,0.00011,0.00023,0.0,0.0,0.00017,0.0,0.0,0.00013,0.00013,0.00006,0.9545,0.0063,0.00001,0.00003,0.0,0.0,0.00067,0.0012,0.00049,0.00023,0.0071,0.0014,0.9671,0.0385,0.9956,0.00001,0.00013
33935083,0.0,0.0,0.0001,0.0088,0.00016,0.0035,0.0385,0.0041,0.00015,0.00001,0.00001,0.00023,0.00007,0.9255,0.0,0.00022,0.0001,0.00019,0.0164,0.00093,0.00006,0.0123,0.00004,0.0014,0.0,0.0,0.2195,0.0,0.0,0.001,0.009,0.00006,0.00071,0.015,0.00001,0.00003,0.0,0.0,0.004,0.0064,0.00047,0.0105,0.0499,0.039,0.0048,0.0,0.0,0.00016,0.00077
33846423,0.00005,0.00002,0.00049,0.0061,0.0419,0.0071,0.025,0.0063,0.0027,0.00021,0.00007,0.00078,0.00007,0.0177,0.0,0.0013,0.0047,0.00039,0.0046,0.00099,0.00006,0.0099,0.00027,0.00056,0.0,0.00053,0.0024,0.00024,0.00006,0.0032,0.0024,0.00006,0.00034,0.0022,0.00024,0.00033,0.00004,0.00018,0.0079,0.0058,0.0039,0.0042,0.0071,0.0052,0.0734,0.00037,0.0,0.00004,0.002
34043593,0.00003,0.0,0.00007,0.0015,0.9557,0.0017,0.025,0.0024,0.00023,0.00005,0.00001,0.00008,0.00006,0.0015,0.0,0.0013,0.00021,0.00039,0.00065,0.00024,0.00005,0.0794,0.00027,0.00056,0.00002,0.00004,0.00034,0.00004,0.00006,0.001,0.0013,0.00003,0.00029,0.0014,0.00015,0.00033,0.00002,0.00003,0.0014,0.0036,0.00032,0.00084,0.0027,0.0099,0.0025,0.0,0.0,0.00008,0.00041
34563623,0.0,0.0,0.00001,0.0017,0.00049,0.00088,0.00076,0.0016,0.00015,0.0,0.00001,0.00078,0.00007,0.002,0.0,0.00018,0.00026,0.00017,0.0016,0.00016,0.00005,0.0041,0.00005,0.00045,0.0,0.00004,0.0003,0.00002,0.0,0.00017,0.00077,0.00006,0.00029,0.0014,0.00001,0.0,0.00002,0.00003,0.0019,0.0026,0.0129,0.00009,0.0167,0.0025,0.0021,0.00003,0.0,0.00016,0.00054
35193083,0.0,0.0,0.0,0.002,0.00016,0.0022,0.0175,0.5938,0.00023,0.00005,0.00007,0.0125,0.00006,0.0072,0.0,0.00022,0.00015,0.00017,0.0017,0.00006,0.00002,0.16,0.00027,0.00027,0.0,0.0,0.00009,0.0,0.0,0.00033,0.0066,0.00002,0.00014,0.0143,0.00001,0.0,0.0,0.00004,0.033,0.8364,0.0019,0.00009,0.005,0.0054,0.0121,0.0,0.0,0.0002,0.00041
35125193,0.0,0.0,0.0,0.0061,0.001,0.0027,0.025,0.0088,0.00023,0.00001,0.00002,0.00023,0.0007,0.0299,0.0,0.00018,0.0022,0.00019,0.0323,0.00016,0.005,0.0949,0.0078,0.0052,0.0,0.0,0.00091,0.00004,0.0,0.0039,0.0136,0.00003,0.00029,0.023,0.00015,0.00005,0.0,0.0,0.0015,0.0133,0.00032,0.022,0.0012,0.0167,0.0013,0.0,0.0,0.00002,0.0018
35287133,0.0,0.0,0.0,0.00015,0.001,0.0105,0.8898,0.00069,0.00015,0.00005,0.00003,0.00023,0.0007,0.011,0.0,0.002,0.0001,0.00017,0.00065,0.0015,0.00002,0.0352,0.00005,0.0003,0.0,0.0,0.0079,0.00004,0.0,0.001,0.0017,0.0,0.00071,0.023,0.00001,0.0,0.0,0.0,0.0152,0.0152,0.00012,0.7893,0.0027,0.0014,0.00086,0.0,0.0,0.00004,0.00013
35104353,0.0,0.0,0.00001,0.0143,0.0069,0.00052,0.0598,0.0035,0.00062,0.00001,0.00002,0.0015,0.00064,0.0271,0.0,0.00024,0.00068,0.00038,0.013,0.0025,0.0048,0.0123,0.00034,0.00073,0.0,0.0,0.0021,0.00002,0.0,0.001,0.0039,0.00003,0.0245,0.015,0.00001,0.00005,0.0,0.00003,0.0056,0.02,0.0021,0.0105,0.0167,0.0201,0.0544,0.0,0.0001,0.00003,0.00054
35511103,0.0,0.0,0.0037,0.0023,0.9008,0.00052,0.00076,0.0015,0.00023,0.0,0.00001,0.00008,0.00006,0.0039,0.0,0.00008,0.00021,0.0,0.0019,0.00008,0.00002,0.0794,0.00005,0.0019,0.0,0.00004,0.0019,0.0,0.0,0.00079,0.00057,0.00003,0.00029,0.0029,0.00001,0.0,0.0,0.0,0.0079,0.00051,0.00026,0.00006,0.0028,0.0099,0.3322,0.0,0.0,0.00001,0.00013
35617623,0.0,0.0,0.0,0.00093,0.0397,0.0035,0.025,0.0287,0.00023,0.0,0.0,0.00002,0.00006,0.0023,0.0,0.00022,0.00021,0.00038,0.0041,0.0007,0.5,0.0352,0.0078,0.00045,0.0,0.0,0.00021,0.0,0.0,0.00079,0.0016,0.00003,0.00034,0.0033,0.00001,0.0,0.0,0.0,0.004,0.0356,0.00032,0.00054,0.0033,0.0442,0.0025,0.0,0.0,0.00002,0.00041
35630563,0.00003,0.0,0.00001,0.0023,0.001,0.014,0.0075,0.0015,0.0144,0.00005,0.00001,0.00008,0.00006,0.0177,0.0,0.00079,0.0047,0.00039,0.0031,0.00093,0.00014,0.0052,0.0005,0.00045,0.0,0.00004,0.00009,0.00004,0.0,0.0039,0.0024,0.00002,0.00029,0.0292,0.0101,0.00003,0.00004,0.00004,0.0194,0.0058,0.00049,0.0029,0.0027,0.0052,0.391,0.0,0.0,0.00002,0.00054
35690493,0.0,0.0,0.0001,0.00072,0.00064,0.083,0.0,0.0015,0.00015,0.00005,0.00001,0.0001,0.00002,0.00011,0.0,0.00008,0.00015,0.00017,0.00056,0.00024,0.00002,0.0017,0.00017,0.003,0.0,0.0,0.00009,0.00002,0.0,0.00017,0.00076,0.0,0.0708,0.0012,0.00001,0.0,0.00002,0.00003,0.0112,0.0026,0.00032,0.00009,0.0027,0.0014,0.9806,0.0,0.0061,0.0,0.0
35978943,0.0,0.0,0.0,0.0123,0.00049,0.1461,0.9286,0.00069,0.00023,0.0,0.0,0.0,0.018,0.00091,0.0,0.00024,0.00021,0.0013,0.0107,0.00024,0.5,0.0066,0.00005,0.00018,0.0,0.0,0.1136,0.00002,0.0,0.00079,0.0017,0.00002,0.00014,0.0907,0.00001,0.0,0.0,0.0,0.0028,0.024,0.00012,0.8571,0.0027,0.0033,0.0013,0.0,0.00027,0.00002,0.00013
35955753,0.00005,0.00002,0.0001,0.0029,0.0023,0.023,0.0089,0.0024,0.004,0.00021,0.00002,0.00078,0.00006,0.0041,0.0,0.0013,0.0047,0.00071,0.0046,0.00024,0.00006,0.0123,0.00017,0.0019,0.00002,0.00053,0.00091,0.00004,0.00006,0.0039,0.0024,0.00017,0.00034,0.0017,0.0024,0.0002,0.00013,0.00018,0.0014,0.0053,0.0039,0.0016,0.0144,0.0054,0.2791,0.00004,0.00002,0.00004,0.0011
36281683,0.0,0.0,0.0,0.0,0.001,0.023,0.9909,0.00069,0.00023,0.00001,0.00007,0.00002,0.00039,0.00049,0.0,0.8846,0.00068,0.00017,0.00021,0.0031,0.00005,0.2442,0.00005,0.00056,0.0,0.0,0.00009,0.00001,0.0,0.00039,0.0024,0.0,0.00014,0.223,0.00001,0.0,0.0,0.00043,0.0079,0.0018,0.0021,0.7832,0.0033,0.0054,0.1706,0.0,0.0,0.00002,0.00077
36632763,0.0,0.0,0.0,0.00044,0.0014,0.0966,0.7908,0.003,0.0274,0.00005,0.00002,0.00004,0.00007,0.0023,0.00066,0.4876,0.00021,0.00038,0.0107,0.00024,0.00002,0.0415,0.00005,0.00045,0.0,0.0,0.00017,0.00002,0.0,0.0018,0.0048,0.00002,0.0345,0.0889,0.00001,0.0,0.0,0.00004,0.6231,0.007,0.004,0.3617,0.0168,0.0014,0.0062,0.0,0.0,0.00002,0.0031
37336053,0.0,0.0,0.0,0.0203,0.00064,0.0011,0.0501,0.003,0.00023,0.00005,0.00001,0.00078,0.0011,0.003,0.0,0.0023,0.0001,0.00038,0.0025,0.00006,0.00006,0.0352,0.0,0.00026,0.00002,0.0,0.00092,0.00002,0.0,0.001,0.029,0.00002,0.00014,0.0012,0.00001,0.0,0.0,0.0,0.0056,0.0064,0.00012,0.0407,0.0071,0.0506,0.0013,0.0,0.0,0.00004,0.00013
37669383,0.00003,0.00002,0.00007,0.0029,0.0014,0.0048,0.0056,0.0016,0.00023,0.0,0.00001,0.00023,0.00006,0.0023,0.0,0.00024,0.00026,0.00017,0.0041,0.00016,0.00005,0.0018,0.0037,0.00045,0.0,0.00004,0.00009,0.00002,0.00006,0.001,0.00077,0.00003,0.00071,0.0028,0.00001,0.00033,0.00004,0.0,0.0056,0.0026,0.0065,0.0012,0.0074,0.0023,0.0039,0.0,0.0,0.00004,0.00041
34050644,0.00003,0.0,0.00001,0.00072,0.0083,0.0035,0.0147,0.0056,0.00015,0.00001,0.0,0.00008,0.00007,0.0394,0.0,0.00022,0.00015,0.00017,0.0165,0.00089,0.00003,0.0029,0.00005,0.0052,0.0,0.0,0.0079,0.00002,0.0,0.001,0.0496,0.00006,0.00014,0.0192,0.00001,0.00003,0.0,0.00003,0.0014,0.0013,0.00049,0.00084,0.0055,0.3202,0.0077,0.0,0.0,0.00002,0.0011
32885414,0.0,0.0,0.00001,0.1114,0.00064,0.0022,0.103,0.0038,0.00015,0.00001,0.00001,0.0015,0.00006,0.0491,0.0,0.0011,0.00034,0.00019,0.0018,0.00016,0.00002,0.0123,0.0005,0.0015,0.0,0.0,0.00017,0.00003,0.0,0.00017,0.01,0.0012,0.00023,0.00061,0.00001,0.0,0.00002,0.0,0.0019,0.0088,0.00032,0.0179,0.0027,0.0099,0.024,0.0,0.0,0.0,0.00013
33371624,0.0,0.0,0.0,0.00015,0.0033,0.0011,0.9898,0.00013,0.00015,0.0,0.00001,0.00008,0.00006,0.00049,0.0,0.003,0.0,0.00015,0.00056,0.0052,0.00003,0.0648,0.0,0.0003,0.0,0.0,0.00091,0.00002,0.0,0.00033,0.00013,0.00002,0.00014,0.0078,0.00001,0.0,0.00002,0.00003,0.077,0.0647,0.00032,0.7832,0.002,0.0017,0.0062,0.0,0.0001,0.00002,0.00054
33727594,0.0,0.0,0.00018,0.0017,0.0043,0.0011,0.0192,0.003,0.0507,0.00005,0.00002,0.00002,0.00007,0.0039,0.0,0.0013,0.004,0.00017,0.0046,0.0015,0.00014,0.004,0.0078,0.0019,0.00002,0.00004,0.00009,0.00003,0.00006,0.0018,0.0013,0.00023,0.00023,0.0012,0.00015,0.00003,0.0,0.00003,0.0079,0.009,0.001,0.00054,0.015,0.0156,0.0162,0.00003,0.00004,0.00004,0.0017
34840694,0.00005,0.00002,0.0262,0.0017,0.0083,0.0035,0.0147,0.0049,0.0144,0.00021,0.00003,0.00078,0.00007,0.011,0.0,0.00024,0.019,0.00039,0.007,0.00024,0.00014,0.0404,0.00036,0.0132,0.00014,0.00078,0.00091,0.00036,0.00038,0.0081,0.0017,0.00017,0.00071,0.0074,0.00032,0.00033,0.00022,0.00004,0.0182,0.0064,0.0045,0.001,0.0074,0.0054,0.2036,0.00004,0.0,0.00004,0.00077
34841124,0.0,0.0,0.00001,0.0,0.00033,0.014,0.7908,0.0015,0.00015,0.00005,0.00003,0.00002,0.0018,0.00063,0.0,0.0314,0.00021,0.00017,0.0,0.00057,0.00002,0.1532,0.00008,0.00045,0.0,0.0,0.0034,0.00002,0.0,0.00013,0.00013,0.00002,0.00029,0.0532,0.00015,0.0,0.00003,0.00004,0.0182,0.0309,0.00012,0.0906,0.0027,0.0025,0.0385,0.00003,0.00027,0.00008,0.00013
34896334,0.00003,0.00002,0.00001,0.0017,0.0021,0.0011,0.0133,0.0088,0.0144,0.0022,0.00072,0.00023,0.00006,0.0014,0.0,0.00018,0.0012,0.00075,0.0035,0.0005,0.00006,0.0949,0.00017,0.0003,0.0,0.00004,0.00034,0.00036,0.0,0.0013,0.0419,0.00003,0.00071,0.0018,0.00024,0.00003,0.00004,0.00028,0.0014,0.009,0.0021,0.00023,0.0074,0.0013,0.2086,0.00004,0.00002,0.00004,0.00054
35272494,0.0,0.0,0.0,0.00015,0.0033,0.2067,0.9909,0.0015,0.0011,0.0,0.00007,0.00002,0.0238,0.0162,0.0,0.9587,0.0013,0.00008,0.0016,0.0018,0.00006,0.1532,0.00005,0.00026,0.0,0.0,0.00004,0.00002,0.0,0.001,0.0146,0.0,0.00014,0.2655,0.00001,0.0,0.00002,0.0,0.0044,0.2684,0.00047,0.7939,0.0055,0.0059,0.00096,0.0,0.0,0.00001,0.00061
35642994,0.00005,0.00002,0.00018,0.0023,0.0023,0.0277,0.0648,0.0022,0.021,0.00019,0.00003,0.00078,0.00007,0.014,0.0,0.0122,0.0123,0.00075,0.0063,0.00057,0.00006,0.0126,0.0015,0.0014,0.00002,0.00053,0.00055,0.00024,0.00038,0.0032,0.0039,0.00003,0.00029,0.0078,0.004,0.00076,0.00013,0.00034,0.004,0.027,0.0039,0.0169,0.0031,0.0112,0.0121,0.00004,0.0,0.00003,0.00022
35653914,0.0,0.0,0.0,0.0017,0.00049,0.0105,0.0039,0.00069,0.00015,0.00001,0.00001,0.0001,0.00002,0.00063,0.0,0.00018,0.00026,0.00008,0.0015,0.00013,0.00002,0.00031,0.00017,0.00026,0.0,0.0,0.00004,0.00002,0.0,0.00079,0.00057,0.00002,0.0042,0.0183,0.00015,0.0,0.0,0.00004,0.0079,0.0053,0.00049,0.00009,0.008,0.0037,0.9387,0.00044,0.9956,0.0,0.00006
35867484,0.00003,0.0,0.0001,0.0046,0.035,0.0012,0.0147,0.0016,0.0093,0.00036,0.00007,0.0012,0.00007,0.0097,0.0,0.00037,0.1257,0.00038,0.0031,0.0044,0.0016,0.0099,0.00027,0.00073,0.0,0.0,0.00017,0.00024,0.00038,0.0018,0.009,0.00017,0.00097,0.0123,0.00001,0.00063,0.0,0.0017,0.007,0.0053,0.0012,0.0012,0.0074,0.0037,0.0615,0.0,0.0,0.00004,0.00077
36841074,0.0,0.0,0.00001,0.0039,0.0023,0.00052,0.0757,0.033,0.00015,0.00001,0.00001,0.00002,0.00006,0.036,0.0,0.00037,0.00021,0.00017,0.0018,0.00099,0.00016,0.0066,0.00027,0.00045,0.0,0.0,0.00034,0.0,0.0,0.0013,0.5073,0.00003,0.0042,0.0014,0.00001,0.0,0.0,0.0,0.00067,0.024,0.00049,0.001,0.0027,0.0716,0.0013,0.0,0.0,0.00004,0.00013
36976794,0.0,0.0,0.0024,0.00015,0.0023,0.1057,0.006,0.0133,0.00015,0.0,0.0,0.00002,0.00002,0.003,0.0,0.00016,0.0001,0.00004,0.00021,0.00024,0.0,0.0279,0.00008,0.0011,0.0,0.0,0.0034,0.00002,0.0,0.0001,0.0017,0.00006,0.9739,0.0022,0.00001,0.00003,0.0,0.0,0.0015,0.0088,0.00012,0.00006,0.0045,0.0017,0.9094,0.0361,0.9985,0.0,0.00054
37905374,0.0,0.00002,0.0,0.006,0.00049,0.0011,0.0367,0.0024,0.00015,0.00005,0.00002,0.0012,0.00007,0.003,0.00082,0.00016,0.0001,0.0011,0.0035,0.00089,0.00076,0.009,0.00005,0.00045,0.0,0.0,0.00034,0.00002,0.0,0.00079,0.5745,0.0221,0.00029,0.0047,0.00001,0.00003,0.00003,0.00018,0.003,0.024,0.00049,0.00084,0.005,0.0316,0.0025,0.00003,0.0,0.00073,0.00041
32613525,0.0,0.0,0.00001,0.0023,0.0013,0.014,0.8728,0.0049,0.00023,0.00001,0.00007,0.00002,0.00006,0.0039,0.0,0.00008,0.00068,0.00004,0.013,0.1518,0.00006,0.1862,0.00017,0.00085,0.0,0.0,0.0003,0.00002,0.0,0.00039,0.0204,0.0,0.00014,0.008,0.00001,0.0,0.00004,0.0,0.0112,0.0088,0.00099,0.3128,0.0097,0.0033,0.0021,0.0,0.0,0.00001,0.0011
32955635,0.0,0.0,0.00007,0.00015,0.9816,0.0061,0.0016,0.00042,0.00015,0.0,0.00002,0.00023,0.00006,0.00091,0.0,0.00018,0.00026,0.0,0.0,0.00006,0.00002,0.1228,0.00005,0.001,0.0,0.0,0.00009,0.00001,0.0,0.00013,0.0146,0.0,0.00023,0.0007,0.00001,0.0,0.00004,0.0,0.0019,0.0026,0.00032,0.00033,0.0,0.0,0.124,0.0,0.0,0.00001,0.00006
33190975,0.00003,0.0,0.00006,0.0357,0.8583,0.00052,0.0175,0.0062,0.00015,0.00005,0.00002,0.00008,0.00006,0.0072,0.0,0.00079,0.0022,0.00017,0.00065,0.0015,0.00005,0.0101,0.0189,0.00073,0.0,0.0,0.00091,0.00016,0.0,0.0013,0.0013,0.00002,0.00029,0.0078,0.00015,0.00003,0.00013,0.0,0.0194,0.009,0.0012,0.002,0.0074,0.0052,0.0077,0.00003,0.0,0.0002,0.00041
33221715,0.00003,0.0,0.00006,0.0088,0.001,0.2886,0.2712,0.00069,0.00037,0.00019,0.00007,0.00004,0.0018,0.00049,0.0,0.2016,0.00068,0.00038,0.0018,0.00057,0.00002,0.0402,0.00005,0.0101,0.0,0.0,0.00009,0.00002,0.0,0.0002,0.00057,0.00006,0.00071,0.0047,0.00001,0.00003,0.0,0.00003,0.0314,0.0647,0.00099,0.0323,0.0131,0.0442,0.0021,0.0,0.0,0.00004,0.00051
33559755,0.00003,0.0,0.0,0.002,0.9833,0.0011,0.0056,0.0049,0.00015,0.00005,0.00002,0.00004,0.00006,0.00091,0.0,0.00024,0.00068,0.00038,0.00095,0.00006,0.00003,0.0279,0.00005,0.00045,0.0,0.0,0.00009,0.00001,0.0,0.0002,0.00057,0.00003,0.00034,0.0018,0.00001,0.00003,0.00003,0.00004,0.0074,0.0013,0.00099,0.00027,0.0027,0.0014,0.0942,0.0,0.00002,0.0,0.00013
33243690,0.0,0.0,0.0,0.00072,0.00033,0.00052,0.0039,0.00069,0.00015,0.00005,0.00001,0.00002,0.00007,0.00063,0.0,0.0989,0.00026,0.00004,0.0529,0.0004,0.00014,0.0119,0.00027,0.00023,0.0,0.0,0.00004,0.00003,0.0,0.00033,0.00013,0.00002,0.00014,0.0014,0.00001,0.0,0.0,0.00004,0.00068,0.0029,0.025,0.0018,0.005,0.0014,0.0021,0.0,0.0,0.00002,0.00051
33691710,0.00003,0.0,0.00049,0.1114,0.001,0.00052,0.1395,0.0185,0.1135,0.00001,0.0,0.00006,0.00006,0.00091,0.0,0.00024,0.00068,0.00019,0.0187,0.00089,0.00002,0.00089,0.00004,0.003,0.0,0.0,0.00009,0.00024,0.0,0.0081,0.0039,0.0,0.0016,0.0063,0.00001,0.00003,0.0,0.0,0.00067,0.0133,0.00015,0.001,0.0648,0.0201,0.0225,0.0,0.0,0.00004,0.0166
33895270,0.0,0.0,0.0001,0.00072,0.001,0.0119,0.0087,0.0022,0.00023,0.00011,0.00003,0.00006,0.00039,0.0014,0.0,0.0017,0.0047,0.00019,0.0018,0.00022,0.00005,0.0112,0.00004,0.00045,0.0,0.00004,0.00092,0.00004,0.0,0.001,0.0016,0.00017,0.00071,0.0028,0.00094,0.00003,0.00004,0.00003,0.00067,0.0018,0.0019,0.0016,0.0112,0.0051,0.0025,0.00004,0.00002,0.00004,0.00077
34134000,0.0,0.0,0.0,0.0058,0.00064,0.0011,0.0078,0.0016,0.00015,0.00005,0.00001,0.00008,0.00007,0.0014,0.0,0.00024,0.00021,0.00038,0.0063,0.00006,0.00005,0.0079,0.0098,0.0003,0.0,0.0,0.00039,0.0,0.0,0.00033,0.0016,0.00006,0.0042,0.0029,0.00001,0.0,0.0,0.0,0.0074,0.0053,0.0019,0.00084,0.0346,0.0033,0.0589,0.00003,0.0,0.00004,0.002
34273570,0.0,0.0,0.0,0.0143,0.00049,0.0027,0.0089,0.003,0.00023,0.00001,0.00001,0.00023,0.00007,0.0202,0.0,0.00018,0.0,0.00017,0.0107,0.00099,0.00002,0.0075,0.00004,0.00056,0.0,0.0,0.00091,0.00002,0.0,0.0004,0.0016,0.00006,0.00023,0.0029,0.00001,0.0,0.0,0.00003,0.0019,0.0026,0.00032,0.00054,0.0031,0.0041,0.0039,0.0,0.0,0.00043,0.00023
34287960,0.00003,0.0,0.00001,0.0046,0.00064,0.0325,0.0385,0.009,0.004,0.00021,0.00002,0.00065,0.00006,0.0072,0.0,0.0122,0.0014,0.00075,0.007,0.0005,0.00005,0.0329,0.00027,0.0014,0.00002,0.0,0.00092,0.00024,0.0,0.0039,0.0048,0.00003,0.00097,0.0078,0.00015,0.00005,0.00004,0.00004,0.0112,0.003,0.004,0.0029,0.0055,0.0112,0.8239,0.00004,0.0001,0.00004,0.00077
34291600,0.00003,0.00002,0.00018,0.0039,0.9741,0.0008,0.0056,0.00069,0.0027,0.00005,0.00001,0.0012,0.00006,0.0014,0.0,0.00018,0.00068,0.00012,0.0018,0.0005,0.00005,0.0415,0.0015,0.00045,0.0,0.0,0.00017,0.00002,0.00038,0.0019,0.003,0.00002,0.00023,0.0014,0.00015,0.0051,0.00002,0.0,0.0028,0.0053,0.00036,0.00084,0.0031,0.0023,0.0025,0.0,0.0,0.00016,0.00023
34824110,0.0,0.00002,0.00007,0.00045,0.0013,0.0027,0.9286,0.0022,0.0012,0.00001,0.00001,0.00006,0.00026,0.002,0.0,0.2016,0.00021,0.00071,0.0018,0.00025,0.00006,0.0048,0.00005,0.00061,0.00014,0.0,0.00009,0.00003,0.0,0.0134,0.0024,0.00006,0.00029,0.0428,0.00001,0.0,0.0,0.00018,0.0152,0.0053,0.00015,0.5169,0.0098,0.0099,0.0077,0.00044,0.0,0.00002,0.00054
35149900,0.0,0.0,0.00001,0.002,0.0052,0.0089,0.0,0.0,0.00015,0.0,0.0,0.00006,0.0,0.0,0.0,0.00008,0.0001,0.00038,0.0,0.00057,0.00002,0.0018,0.00034,0.00045,0.0,0.0,0.00004,0.00002,0.0,0.00013,0.00013,0.0,0.1177,0.0,0.00001,0.0,0.00013,0.0,0.0105,0.00027,0.00037,0.0,0.0027,0.0099,0.9806,0.0035,0.998,0.0,0.00006
35460870,0.00003,0.00002,0.00018,0.006,0.0033,0.0027,0.0175,0.003,0.00015,0.00005,0.00001,0.00078,0.00039,0.003,0.0,0.00022,0.0017,0.00075,0.0323,0.0025,0.00014,0.0123,0.00017,0.0021,0.0,0.00004,0.00055,0.00024,0.00006,0.0074,0.0013,0.00006,0.0014,0.013,0.00015,0.00005,0.00013,0.00018,0.0056,0.0026,0.0129,0.0016,0.0131,0.0041,0.0795,0.00004,0.0,0.00008,0.00051
35714700,0.0,0.0,0.0,0.0203,0.00064,0.0008,0.2162,0.0088,0.00015,0.0,0.0,0.00004,0.00039,0.003,0.0,0.00022,0.00021,0.00017,0.0323,0.0052,0.00061,0.0079,0.0,0.00026,0.0,0.0,0.00009,0.00001,0.0,0.00013,0.01,0.00017,0.00014,0.0645,0.00001,0.0,0.0,0.0,0.0182,0.0309,0.00099,0.0906,0.00099,0.4126,0.00096,0.0,0.0,0.00001,0.00061
35839930,0.0,0.0,0.0001,0.0015,0.0014,0.0061,0.0089,0.0045,0.00015,0.00005,0.00002,0.0012,0.00007,0.0072,0.0,0.0017,0.0013,0.00017,0.0187,0.00024,0.00006,0.0159,0.00034,0.00045,0.0,0.0,0.00039,0.00004,0.0,0.00079,0.0024,0.00003,0.00071,0.0047,0.00015,0.0,0.00013,0.0,0.0044,0.009,0.0065,0.0077,0.0286,0.0041,0.0265,0.0,0.0,0.00002,0.00077
36085340,0.0,0.0,0.0,0.0268,0.00033,0.00052,0.0686,0.0247,0.00023,0.00001,0.00007,0.00006,0.00039,0.0281,0.00026,0.00024,0.00021,0.00019,0.0151,0.0031,0.00002,0.0079,0.00027,0.00067,0.0,0.0,0.00009,0.0,0.0,0.0023,0.01,0.00006,0.00034,0.0889,0.00001,0.0,0.0,0.0,0.0182,0.1869,0.00032,0.00027,0.0167,0.0506,0.0048,0.0,0.0,0.00002,0.0099
36598770,0.0,0.0,0.0,0.00072,0.0,0.0012,0.9814,0.0016,0.0,0.0,0.00001,0.00002,0.0011,0.014,0.0613,0.0357,0.0,0.00017,0.00065,0.00008,0.00006,0.0101,0.00017,0.00045,0.0,0.0,0.0981,0.00001,0.0,0.0001,0.00057,0.00003,0.00014,0.9312,0.0,0.0,0.0,0.0,0.0509,0.0012,0.00012,0.7939,0.0062,0.0393,0.00096,0.0,0.0,0.00016,0.00051
37716320,0.0,0.0,0.0,0.00072,0.00049,0.0147,0.7908,0.00013,0.00023,0.00005,0.00002,0.00008,0.00007,0.0018,0.0,0.0185,0.0013,0.00004,0.00056,0.0018,0.00006,0.1649,0.0005,0.00045,0.00002,0.0,0.0024,0.00002,0.0,0.00033,0.0039,0.00002,0.00029,0.8263,0.00001,0.0,0.0,0.00004,0.0014,0.009,0.00015,0.7832,0.00099,0.0316,0.0039,0.0,0.0001,0.00003,0.00013
37749080,0.00003,0.00002,0.00001,0.0023,0.0023,0.0011,0.006,0.0041,0.00073,0.0,0.00001,0.00023,0.00006,0.0017,0.0,0.0017,0.00021,0.00017,0.00065,0.00089,0.00006,0.0119,0.0015,0.0003,0.00014,0.00004,0.00034,0.00024,0.00006,0.00039,0.0024,0.00006,0.00023,0.0047,0.00024,0.00003,0.00004,0.00004,0.004,0.003,0.00099,0.002,0.0071,0.0052,0.0162,0.00004,0.00002,0.00004,0.0011
32668441,0.00005,0.0,0.00018,0.0061,0.001,0.0017,0.0097,0.0225,0.0027,0.0,0.00001,0.00002,0.00006,0.003,0.0,0.00024,0.0278,0.00017,0.0016,0.0005,0.00005,0.0123,0.311,0.0019,0.0,0.0,0.00009,0.0006,0.0,0.0032,0.0048,0.00006,0.0016,0.0029,0.00015,0.00006,0.00004,0.0,0.0079,0.009,0.0012,0.0015,0.0168,0.0144,0.6716,0.0,0.00002,0.00004,0.00023
33251771,0.0,0.00002,0.0,0.00015,0.001,0.00052,0.0031,0.0016,0.00015,0.0,0.00002,0.00002,0.00006,0.00063,0.0,0.00024,0.00021,0.0013,0.013,0.00024,0.00051,0.0029,0.0,0.00045,0.0,0.0,0.00091,0.00002,0.0,0.00039,0.0089,0.00002,0.00023,0.0014,0.00001,0.0,0.0,0.00004,0.0194,0.0309,0.00047,0.00084,0.1924,0.0054,0.0013,0.00003,0.0,0.00004,0.0536
33289311,0.0,0.0,0.0,0.00015,0.00033,0.0035,0.00076,0.00069,0.00015,0.0,0.00001,0.00002,0.00006,0.00075,0.0,0.00016,0.00068,0.00019,0.0,0.00099,0.00002,0.00081,0.0,0.00026,0.0,0.0,0.00017,0.0,0.0,0.0001,0.00057,0.0,0.0345,0.0014,0.00001,0.0,0.0,0.0,0.0019,0.0212,0.00026,0.00006,0.00099,0.0109,0.5014,0.0,0.9956,0.00002,0.00022
35922871,0.0,0.0,0.0,0.0111,0.00016,0.0518,0.0823,0.0185,0.00059,0.00005,0.00001,0.00008,0.00006,0.0072,0.0,0.00018,0.00034,0.00034,0.00095,0.00024,0.00005,0.0055,0.0,0.00045,0.00002,0.0,0.00039,0.00002,0.0,0.00079,0.0024,0.00003,0.00029,0.0233,0.00001,0.0,0.0,0.0,0.077,0.0018,0.00026,0.0077,0.0062,0.2234,0.0021,0.0,0.0,0.00073,0.002
33959771,0.0,0.0,0.0,0.002,0.0069,0.0518,0.0598,0.0239,0.00023,0.00001,0.00001,0.00006,0.00006,0.0017,0.0,0.00008,0.0001,0.00019,0.0148,0.0132,0.00002,0.0525,0.00005,0.00045,0.0,0.0,0.00091,0.00002,0.00006,0.00039,0.003,0.00006,0.00029,0.008,0.00015,0.0,0.0,0.0,0.0105,0.0413,0.00032,0.0016,0.00099,0.3575,0.0121,0.0,0.0,0.00004,0.00013
34180761,0.0,0.0,0.00001,0.0039,0.0021,0.0035,0.0175,0.0049,0.0012,0.00021,0.00001,0.00023,0.00006,0.0023,0.0,0.0011,0.0047,0.00075,0.0025,0.00099,0.00006,0.004,0.00008,0.00045,0.0,0.00004,0.00004,0.00001,0.0,0.001,0.0017,0.00017,0.00029,0.008,0.00094,0.00003,0.00003,0.00003,0.0014,0.0058,0.0096,0.0016,0.0055,0.0041,0.0385,0.0,0.00002,0.00002,0.0013
35002831,0.00003,0.00002,0.00006,0.006,0.0052,0.0048,0.0449,0.0056,0.0011,0.00021,0.00002,0.00078,0.00007,0.097,0.0,0.00024,0.0019,0.00071,0.0035,0.00099,0.00014,0.0314,0.00034,0.001,0.00014,0.0,0.0021,0.00024,0.00038,0.0053,0.4094,0.00006,0.00056,0.0197,0.00072,0.00006,0.00004,0.00004,0.0152,0.0201,0.0021,0.00054,0.0074,0.0054,0.0121,0.00003,0.0,0.00016,0.0017
35085001,0.00027,0.00002,0.0037,0.0095,0.163,0.0147,0.0686,0.0088,0.0274,0.00082,0.00007,0.0012,0.00064,0.0271,0.0,0.0058,0.0343,0.0013,0.0025,0.00089,0.00006,0.0329,0.0037,0.003,0.00002,0.00004,0.00091,0.00025,0.00038,0.0053,0.0263,0.00023,0.0075,0.0143,0.00015,0.00088,0.00004,0.00004,0.0074,0.009,0.004,0.0247,0.0112,0.0316,0.0385,0.0,0.0,0.00043,0.0011
35114781,0.0,0.0,0.0,0.0003,0.9808,0.0011,0.00081,0.00069,0.00015,0.00001,0.00001,0.00002,0.00006,0.00011,0.0,0.00024,0.00026,0.0,0.0,0.00006,0.00002,0.0119,0.00017,0.00027,0.0,0.0,0.0003,0.0,0.0,0.0081,0.0016,0.0,0.00071,0.0012,0.00001,0.0,0.00002,0.0,0.00089,0.00037,0.00032,0.00033,0.00099,0.0023,0.8385,0.0,0.0069,0.00001,0.00006
35446941,0.00003,0.0,0.0001,0.0061,0.035,0.0008,0.0449,0.0133,0.00023,0.00019,0.00002,0.00008,0.00039,0.015,0.0,0.0185,0.00068,0.00038,0.00056,0.0007,0.00006,0.0123,0.00027,0.0019,0.0,0.00004,0.00017,0.00025,0.0,0.0053,0.0024,0.00003,0.00071,0.008,0.00015,0.00006,0.00004,0.00003,0.0043,0.0026,0.0019,0.0032,0.0043,0.0112,0.0385,0.0,0.0,0.00003,0.00023
36078361,0.0,0.0,0.0,0.0061,0.00033,0.0008,0.0056,0.0642,0.00023,0.0,0.0,0.00023,0.00006,0.3185,0.0,0.00024,0.0017,0.00019,0.0018,0.0005,0.00005,0.004,0.00004,0.00026,0.0,0.0,0.00091,0.0,0.0,0.0004,0.0059,0.00003,0.00086,0.023,0.00001,0.00003,0.0,0.0,0.0152,0.0026,0.00037,0.00084,0.0467,0.0112,0.0021,0.0,0.00005,0.00004,0.002
36669291,0.0,0.0,0.00006,0.0029,0.0038,0.0022,0.7908,0.0015,0.00059,0.00005,0.00002,0.0001,0.0025,0.0039,0.0,0.0265,0.00021,0.00019,0.007,0.0025,0.00005,0.0949,0.00034,0.0003,0.00014,0.0,0.00091,0.0,0.0,0.0026,0.0072,0.00017,0.00029,0.0047,0.00015,0.00003,0.00002,0.00003,0.004,0.0179,0.0162,0.3596,0.0108,0.0054,0.0021,0.00003,0.0,0.00016,0.00013
37199161,0.0,0.0,0.00007,0.0117,0.0014,0.0061,0.0326,0.2351,0.0027,0.00001,0.00001,0.00008,0.00006,0.0162,0.0,0.00024,0.00047,0.00038,0.0031,0.00089,0.00063,0.1115,0.00049,0.0019,0.00002,0.0,0.0015,0.00001,0.00006,0.00079,0.021,0.00017,0.006,0.0479,0.00015,0.0,0.00004,0.00003,0.077,0.8364,0.001,0.00084,0.0204,0.0059,0.0048,0.0,0.0,0.00043,0.0166
33468172,0.0,0.0,0.0,0.0023,0.00016,0.00087,0.0089,0.0088,0.00023,0.0,0.00001,0.00002,0.00006,0.011,0.0,0.00079,0.00068,0.00017,0.0031,0.00013,0.00005,0.0949,0.0,0.0003,0.00002,0.0,0.00009,0.00002,0.0,0.0013,0.0016,0.00006,0.00023,0.0393,0.00015,0.0,0.00002,0.0,0.0015,0.0013,0.0524,0.0077,0.0074,0.0099,0.0062,0.0,0.0,0.00004,0.00013
33685522,0.0,0.0,0.00001,0.00015,0.0014,0.0225,0.3813,0.1132,0.00059,0.0,0.0,0.00023,0.00006,0.00049,0.0,0.0013,0.0012,0.00017,0.0016,0.0191,0.00002,0.1166,0.00011,0.00045,0.0,0.0,0.00034,0.0,0.0,0.00033,0.0017,0.00006,0.0,0.8263,0.00001,0.00003,0.0,0.00004,0.0182,0.0249,0.00026,0.0064,0.00099,0.0099,0.0048,0.0,0.0,0.00002,0.00013
34048402,0.0,0.0,0.00006,0.00045,0.0246,0.0008,0.0087,0.00069,0.00023,0.0,0.00002,0.00002,0.00002,0.00041,0.0,0.00008,0.00021,0.00034,0.00056,0.00006,0.00002,0.0035,0.00005,0.0014,0.0,0.0,0.00009,0.00002,0.0,0.0002,0.00013,0.00002,0.00029,0.00061,0.00015,0.0,0.00004,0.00003,0.0079,0.0013,0.00032,0.00009,0.0071,0.0201,0.9179,0.00003,0.0012,0.00002,0.00013
34127752,0.00005,0.00002,0.00049,0.0023,0.0121,0.023,0.0468,0.003,0.004,0.00036,0.00003,0.00078,0.0007,0.003,0.00002,0.0023,0.0075,0.0011,0.007,0.00057,0.00014,0.0112,0.0037,0.0043,0.00014,0.00015,0.00034,0.00024,0.0024,0.0053,0.0017,0.00006,0.00071,0.0017,0.00094,0.00065,0.00013,0.00066,0.0056,0.0018,0.004,0.0077,0.0286,0.0041,0.0942,0.00004,0.0,0.00004,0.0018
34362322,0.0,0.0,0.00006,0.00072,0.9865,0.00052,0.0133,0.0054,0.00023,0.00001,0.00003,0.00002,0.00002,0.00091,0.0,0.00016,0.00021,0.00019,0.0025,0.00024,0.00002,0.0156,0.00005,0.0003,0.0,0.0,0.00009,0.00002,0.0,0.0177,0.00095,0.0,0.00014,0.0029,0.00015,0.0,0.0,0.00003,0.0056,0.0,0.00026,0.00009,0.00072,0.0052,0.0039,0.0,0.0,0.00002,0.00041
35295452,0.00003,0.0,0.0001,0.0058,0.0052,0.0089,0.0598,0.009,0.0027,0.00021,0.00003,0.00078,0.00039,0.014,0.0,0.002,0.0013,0.00071,0.0035,0.00099,0.0032,0.0329,0.00049,0.0019,0.00002,0.0,0.00092,0.00024,0.00038,0.0032,0.0024,0.00003,0.00071,0.0163,0.00024,0.00003,0.00003,0.00018,0.1461,0.0249,0.0045,0.0077,0.0648,0.0099,0.0162,0.00004,0.0,0.00008,0.2227
35674982,0.00005,0.0,0.0037,0.002,0.0246,0.0027,0.0147,0.0056,0.0144,0.0,0.00001,0.0012,0.00039,0.0177,0.0,0.0013,0.0407,0.00075,0.002,0.00099,0.00016,0.0119,0.00095,0.0101,0.0,0.00004,0.0251,0.00002,0.0,0.0119,0.0146,0.00017,0.0029,0.0029,0.00015,0.0122,0.00022,0.00003,0.004,0.0088,0.00047,0.0179,0.0227,0.0099,0.1107,0.00003,0.00002,0.00003,0.00013
35322402,0.0,0.0,0.0,0.0135,0.0052,0.00052,0.0039,0.003,0.004,0.00001,0.00007,0.0034,0.00007,0.0281,0.0,0.00024,0.0114,0.00038,0.0035,0.00024,0.0032,0.0075,0.00005,0.00026,0.0,0.0,0.00091,0.0,0.0,0.00079,0.0012,0.00003,0.00023,0.0479,0.00001,0.0,0.0,0.0,0.0019,0.0026,0.0065,0.0012,0.0027,0.0204,0.0076,0.0,0.0,0.00008,0.00023
36443882,0.0,0.0,0.0,0.00072,0.001,0.0119,0.8393,0.0012,0.0067,0.00005,0.00002,0.00002,0.0053,0.0072,0.0,0.0265,0.006,0.00038,0.0036,0.0031,0.00057,0.0055,0.00036,0.00056,0.0,0.0,0.0079,0.00004,0.0,0.00079,0.0016,0.00006,0.00029,0.0364,0.00024,0.0,0.0,0.00004,0.1045,0.003,0.0012,0.7832,0.005,0.0013,0.0039,0.0,0.0,0.00002,0.00044
37428312,0.0,0.00002,0.0,0.0013,0.001,0.0011,0.0056,0.0016,0.00023,0.00011,0.00002,0.00006,0.00006,0.005,0.0,0.00018,0.00026,0.00017,0.0264,0.00022,0.00014,0.0101,0.00005,0.00045,0.00002,0.0,0.00021,0.00004,0.0,0.0018,0.0024,0.00003,0.00029,0.0014,0.00001,0.0,0.0,0.0,0.0019,0.009,0.0171,0.00009,0.0112,0.0014,0.0062,0.0,0.0,0.00004,0.00061
37860852,0.0,0.0,0.0,0.00015,0.00049,0.2067,0.0,0.00042,0.00023,0.00005,0.00002,0.00002,0.00002,0.00049,0.0,0.00016,0.0047,0.00038,0.0164,0.00008,0.00003,0.00031,0.00036,0.0019,0.0,0.0,0.00009,0.00001,0.0,0.00033,0.0024,0.0,0.9199,0.00061,0.00001,0.0,0.00004,0.00018,0.0015,0.00051,0.00012,0.0,0.00099,0.00083,0.9741,0.0126,0.9956,0.00001,0.00006
32598273,0.0,0.0,0.0,0.0061,0.00049,0.1715,0.0154,0.0015,0.0083,0.00005,0.00001,0.00002,0.00006,0.0014,0.0,0.00024,0.0123,0.00015,0.0031,0.0005,0.00006,0.0017,0.00036,0.0003,0.0,0.00004,0.00004,0.00002,0.0,0.0018,0.00057,0.00006,0.0016,0.00061,0.00032,0.0,0.0,0.0,0.0019,0.00037,0.00026,0.00054,0.002,0.0025,0.9094,0.00003,0.0,0.00001,0.00022
32640083,0.0,0.0,0.0,0.0426,0.0021,0.0022,0.0138,0.0185,0.00015,0.00019,0.00007,0.00004,0.00006,0.0928,0.0,0.00016,0.00068,0.00038,0.00065,0.00016,0.00006,0.0329,0.00008,0.00026,0.0,0.0,0.00009,0.00024,0.0,0.00013,0.491,0.00002,0.0016,0.025,0.00001,0.0,0.0,0.00003,0.0079,0.0026,0.00032,0.0029,0.0033,0.0013,0.2264,0.0,0.0,0.00043,0.00051
32929643,0.0,0.0,0.0,0.006,0.0038,0.00052,0.0985,0.0015,0.00015,0.0,0.0,0.00002,0.00006,0.1652,0.0,0.00071,0.0001,0.00017,0.0025,0.0005,0.00006,0.0099,0.00005,0.00045,0.0,0.0,0.00034,0.00001,0.0,0.00013,0.00057,0.00045,0.00014,0.0621,0.00001,0.0,0.0,0.0,0.004,0.0053,0.00032,0.0012,0.0648,0.2539,0.00096,0.0,0.0,0.00008,0.00054
32940823,0.0,0.00002,0.0,0.0061,0.0014,0.0011,0.7908,0.0036,0.00015,0.00005,0.00001,0.00023,0.00006,0.0072,0.0,0.00037,0.00034,0.00017,0.0031,0.00093,0.0032,0.0224,0.00027,0.00026,0.0,0.0,0.00039,0.00002,0.0,0.001,0.01,0.00002,0.00014,0.0078,0.00001,0.00003,0.0,0.00003,0.0079,0.0152,0.0021,0.5568,0.0071,0.0041,0.0013,0.0,0.0,0.00002,0.00051
33829643,0.0,0.0,0.00001,0.0088,0.001,0.023,0.0087,0.0239,0.0015,0.00036,0.00045,0.00078,0.0025,0.0177,0.0,0.0018,0.0022,0.00017,0.0025,0.00024,0.00005,0.0123,0.00034,0.00073,0.0,0.0,0.00009,0.00001,0.0,0.00039,0.009,0.00003,0.00097,0.008,0.00015,0.00003,0.0,0.0,0.0074,0.0013,0.0039,0.0029,0.0074,0.0248,0.1851,0.00003,0.0,0.00002,0.00041
34182963,0.0,0.0,0.0,0.00072,0.001,0.0012,0.0282,0.0062,0.00015,0.0,0.00001,0.00078,0.00006,0.9746,0.0,0.00016,0.0001,0.00017,0.00065,0.00006,0.00005,0.0048,0.0,0.00026,0.0,0.0,0.0051,0.0,0.0,0.00033,0.00057,0.00003,0.00014,0.025,0.00001,0.0,0.0,0.0,0.00067,0.0026,0.00099,0.0042,0.002,0.0099,0.00071,0.0,0.0,0.00004,0.00006
34193113,0.0,0.0,0.0,0.0203,0.00064,0.2886,0.0385,0.0016,0.00023,0.0,0.0,0.00004,0.00007,0.00091,0.0,0.0013,0.0013,0.00039,0.0031,0.00089,0.00002,0.0066,0.00005,0.00067,0.0,0.0,0.00009,0.0,0.0,0.0002,0.00013,0.00003,0.8158,0.0017,0.0,0.0,0.0,0.0,0.0074,0.0013,0.00012,0.0016,0.0027,0.0167,0.2086,0.0,0.0012,0.00001,0.00013
34222793,0.0,0.0,0.0,0.00015,0.00049,0.014,0.9956,0.00069,0.00023,0.0,0.00001,0.0,0.0018,0.00011,0.0,0.00079,0.00021,0.00017,0.0063,0.0132,0.00002,0.1166,0.00005,0.00045,0.0,0.0,0.00017,0.0,0.0,0.001,0.00057,0.00002,0.00014,0.1778,0.00001,0.0,0.0,0.00003,0.0014,0.007,0.00032,0.8186,0.00099,0.0054,0.00086,0.00037,0.0,0.00003,0.00051
34622713,0.0,0.00002,0.0,0.00093,0.001,0.00052,0.0097,0.00013,0.00015,0.00005,0.00002,0.00004,0.00026,0.0072,0.0,0.00079,0.00021,0.00038,0.0015,0.00006,0.00014,0.0419,0.00005,0.00045,0.00002,0.0,0.00091,0.00004,0.00006,0.0039,0.0012,0.00006,0.00023,0.0017,0.00015,0.00003,0.0,0.00004,0.00039,0.0015,0.0944,0.0032,0.00099,0.0099,0.0021,0.00004,0.0,0.00008,0.00023
34786613,0.0,0.0,0.0,0.006,0.0033,0.0668,0.0175,0.003,0.00015,0.00005,0.00007,0.0034,0.00006,0.003,0.0,0.00022,0.00021,0.00017,0.007,0.00024,0.00014,0.0224,0.0081,0.00026,0.0,0.0,0.00009,0.00024,0.0,0.00079,0.0066,0.00003,0.00029,0.8864,0.00001,0.0,0.0,0.0,0.033,0.0356,0.00032,0.001,0.0059,0.0014,0.5014,0.0,0.0,0.0,0.00051
36152383,0.0,0.0,0.0,0.0143,0.0026,0.0013,0.0087,0.017,0.00015,0.00001,0.00002,0.00023,0.00007,0.0072,0.0,0.00016,0.00026,0.00004,0.007,0.00089,0.00002,0.0782,0.00017,0.00045,0.0,0.0,0.0003,0.00002,0.0,0.00013,0.0017,0.0,0.00014,0.0183,0.00001,0.0,0.0,0.0,0.0028,0.0013,0.00026,0.001,0.0074,0.9228,0.0171,0.0,0.0,0.00002,0.0011
36203173,0.0,0.0,0.0,0.006,0.0121,0.00052,0.0087,0.0054,0.0236,0.00005,0.00072,0.00004,0.00007,0.0014,0.0,0.00022,0.00068,0.00017,0.0018,0.0005,0.0032,0.0018,0.00049,0.0021,0.00002,0.0,0.0003,0.00025,0.2,0.001,0.0048,0.00002,0.00014,0.0123,0.00001,0.00065,0.0,0.0103,0.0079,0.0053,0.00032,0.00033,0.0074,0.0112,0.5014,0.0,0.00002,0.00001,0.00023
37178103,0.0,0.0,0.0,0.028,0.00016,0.2886,0.2162,0.2868,0.0092,0.00005,0.00001,0.00002,0.00002,0.00049,0.0,0.00024,0.00021,0.00008,0.0323,0.00022,0.00002,0.0066,0.0,0.0012,0.0,0.0,0.00009,0.00002,0.0,0.00013,0.0089,0.0012,0.00034,0.8889,0.00001,0.0,0.0,0.00003,0.00067,0.009,0.00015,0.0013,0.00099,0.9237,0.0544,0.0,0.0,0.00001,0.0011
37221573,0.0,0.0,0.0,0.0095,0.00064,0.0225,0.0175,0.0054,0.00023,0.0,0.0,0.00002,0.00002,0.9746,0.0,0.00016,0.0001,0.0,0.0015,0.00008,0.00006,0.0017,0.00005,0.00026,0.0,0.0,0.00091,0.0,0.00006,0.00039,0.00057,0.00002,0.00029,0.0621,0.00001,0.0,0.0,0.0,0.0152,0.0084,0.00032,0.00084,0.0168,0.0316,0.0039,0.0,0.0,0.00002,0.00077
38037683,0.0,0.0,0.0,0.00045,0.0033,0.0089,0.0,0.00069,0.00015,0.00005,0.00002,0.00006,0.0,0.0,0.0,0.00008,0.0001,0.00015,0.00021,0.00016,0.00003,0.00081,0.00049,0.00026,0.0,0.0,0.00004,0.00024,0.0,0.0039,0.00057,0.00006,0.0274,0.00061,0.00001,0.0,0.0,0.00043,0.0155,0.00084,0.00032,0.0,0.0027,0.00063,0.9864,0.0057,1.0,0.00008,0.00022
32918104,0.00003,0.00002,0.00007,0.0029,0.0083,0.0035,0.0603,0.0024,0.0012,0.00036,0.00003,0.00002,0.00007,0.0023,0.0,0.00037,0.0024,0.00075,0.0323,0.0849,0.00014,0.004,0.00004,0.0019,0.0,0.00004,0.00034,0.00024,0.0,0.00054,0.0016,0.00006,0.00034,0.0047,0.00024,0.00005,0.00004,0.00004,0.0254,0.0053,0.0019,0.0032,0.0648,0.0037,0.1981,0.0,0.0,0.00002,0.0054
33211254,0.0,0.0,0.0,0.00045,0.00016,0.023,0.0056,0.2633,0.00015,0.00011,0.00002,0.00008,0.00002,0.00041,0.0,0.00016,0.00034,0.0,0.00021,0.00006,0.00006,0.0099,0.00008,0.00023,0.0,0.0,0.00004,0.0,0.0,0.00013,0.00057,0.00017,0.9199,0.0149,0.00001,0.0,0.0,0.0,0.0014,0.003,0.00012,0.00006,0.002,0.1782,0.2264,0.0,0.9956,0.0,0.00022
33765634,0.0,0.0,0.00001,0.006,0.0023,0.0027,0.0056,0.0133,0.00062,0.00005,0.00007,0.00002,0.00039,0.005,0.0,0.00018,0.0014,0.00017,0.0187,0.0069,0.00005,0.0066,0.00005,0.00067,0.0,0.0,0.00009,0.00004,0.0,0.0039,0.0012,0.00003,0.0075,0.0078,0.00015,0.0,0.00004,0.00003,0.0314,0.0053,0.0171,0.00054,0.0108,0.0986,0.0121,0.0,0.0001,0.00001,0.00022
33789074,0.0,0.0,0.0037,0.0046,0.8583,0.0048,0.0147,0.0035,0.0015,0.00001,0.00002,0.00078,0.00006,0.00091,0.0,0.00037,0.00026,0.00038,0.0025,0.0005,0.00006,0.035,0.00049,0.0021,0.00002,0.00004,0.00017,0.00024,0.0,0.0074,0.0024,0.00017,0.00071,0.0017,0.00001,0.00005,0.00022,0.00004,0.0079,0.0018,0.0012,0.0012,0.0027,0.0054,0.0942,0.0,0.00027,0.00004,0.00023
34852344,0.0,0.0,0.0,0.7592,0.00049,0.0027,0.0985,0.0488,0.00059,0.00005,0.00001,0.0014,0.00006,0.0748,0.0,0.00016,0.00021,0.00017,0.0123,0.00057,0.00002,0.0268,0.00005,0.00018,0.0,0.0,0.0003,0.0,0.0,0.0001,0.0016,0.0012,0.00029,0.8263,0.00001,0.0,0.0,0.0,0.0651,0.0013,0.0012,0.00033,0.0033,0.4627,0.0013,0.0,0.0,0.00002,0.0017
34862404,0.00003,0.00002,0.0011,0.0023,0.0014,0.0518,0.0805,0.0049,0.00023,0.00011,0.00007,0.00008,0.00006,0.0073,0.0,0.00022,0.00068,0.00034,0.0031,0.00099,0.00014,0.0123,0.00027,0.0019,0.00002,0.00053,0.00009,0.00002,0.00006,0.0018,0.0048,0.00006,0.0014,0.0029,0.00015,0.00003,0.0,0.00004,0.00089,0.0018,0.0021,0.0042,0.0112,0.0014,0.1756,0.00003,0.0,0.00002,0.0011
35164524,0.0,0.0,0.0,0.0015,0.0012,0.1057,0.4214,0.0045,0.00059,0.0,0.00002,0.00023,0.00006,0.0271,0.0,0.0057,0.00015,0.00017,0.0018,0.00099,0.00003,0.0731,0.00049,0.00056,0.0,0.0,0.00009,0.00001,0.0,0.00033,0.0024,0.0079,0.0274,0.1538,0.00001,0.0,0.0,0.0,0.0044,0.0356,0.00036,0.2703,0.0407,0.0506,0.0013,0.0,0.0,0.00002,0.00023
35599484,0.00003,0.00002,0.00007,0.0426,0.0021,0.0027,0.016,0.0024,0.0012,0.00023,0.00007,0.00023,0.00006,0.003,0.00002,0.00024,0.0012,0.00071,0.0031,0.0005,0.00016,0.0053,0.00027,0.0011,0.00014,0.00004,0.00034,0.00024,0.00038,0.0018,0.0017,0.00003,0.00097,0.0021,0.00024,0.00003,0.00002,0.00004,0.003,0.0179,0.0171,0.0015,0.005,0.0051,0.043,0.00004,0.0,0.00004,0.00077
36067424,0.0,0.0,0.0,0.0061,0.0026,0.00095,0.025,0.0185,0.00015,0.0,0.0,0.00023,0.00006,0.2513,0.0,0.00037,0.0,0.00017,0.0035,0.00057,0.00002,0.0048,0.00005,0.00026,0.0,0.0,0.00034,0.0,0.0,0.0002,0.0012,0.00017,0.00014,0.0047,0.00001,0.0,0.0,0.0,0.0254,0.0133,0.00049,0.0077,0.0074,0.0086,0.0013,0.0,0.0,0.00002,0.00006
36508394,0.0,0.0,0.0001,0.00072,0.00025,0.0225,0.9651,0.0015,0.00015,0.0,0.0,0.00002,0.00006,0.00063,0.0,0.0314,0.00021,0.00017,0.0063,0.0005,0.0047,0.0782,0.00005,0.003,0.00014,0.0,0.00039,0.0,0.0,0.0081,0.00095,0.00002,0.00071,0.3689,0.00001,0.0,0.0,0.0,0.0152,0.0058,0.00032,0.7939,0.0027,0.0023,0.0013,0.00003,0.0,0.00004,0.00023
36563534,0.0,0.0,0.0,0.0023,0.001,0.0103,0.7908,0.0038,0.00015,0.00005,0.00007,0.0162,0.00006,0.0017,0.0,0.0013,0.0001,0.00017,0.0031,0.00006,0.00002,0.1243,0.00011,0.0,0.0,0.0,0.0079,0.0,0.0,0.00013,0.009,0.00006,0.006,0.1538,0.00001,0.0,0.0,0.0,0.2269,0.0053,0.0039,0.5568,0.0131,0.0017,0.0035,0.0,0.00002,0.00003,0.0017
36916904,0.0,0.0,0.00001,0.0184,0.1178,0.00095,0.001,0.2453,0.00015,0.00005,0.00001,0.00002,0.00002,0.00026,0.0,0.00022,0.00021,0.00019,0.0035,0.00022,0.00003,0.0017,0.0037,0.0011,0.0,0.0,0.00004,0.00002,0.0,0.00033,0.0016,0.0,0.0498,0.0063,0.00015,0.0,0.0,0.00004,0.003,0.0013,0.00099,0.00009,0.0146,0.0054,0.9179,0.00004,0.998,0.00016,0.00013
37154884,0.0,0.0,0.0,0.015,0.001,0.0061,0.0175,0.1132,0.00015,0.00005,0.00001,0.00023,0.00006,0.0041,0.0,0.0013,0.00021,0.00038,0.0063,0.0018,0.00005,0.2107,0.00036,0.0019,0.0,0.0,0.00009,0.00002,0.0,0.00017,0.6626,0.00003,0.00071,0.015,0.00001,0.0,0.0,0.0,0.0822,0.0647,0.00037,0.00009,0.0204,0.0099,0.0091,0.0,0.00002,0.00014,0.00013
37564014,0.0,0.0,0.0,0.002,0.001,0.0147,0.0165,0.0015,0.00037,0.00021,0.00007,0.00065,0.00006,0.0023,0.0,0.00018,0.0047,0.00071,0.0437,0.7732,0.1098,0.0224,0.00017,0.00026,0.0,0.0,0.00009,0.00001,0.0,0.00079,0.00076,0.00003,0.006,0.0063,0.00001,0.0,0.0,0.00018,0.0079,0.0013,0.0019,0.0077,0.0074,0.0037,0.0062,0.0221,0.9895,0.00002,0.00041
38073394,0.0,0.0,0.00001,0.00072,0.9865,0.0008,0.0039,0.00069,0.00015,0.00001,0.00002,0.00023,0.00006,0.00049,0.0,0.00022,0.0,0.00019,0.00065,0.00016,0.00003,0.0782,0.00005,0.00027,0.0,0.0,0.00039,0.00002,0.0,0.0026,0.00077,0.00002,0.00034,0.0018,0.00001,0.00003,0.0,0.0,0.0032,0.0011,0.00049,0.00033,0.0012,0.0014,0.0096,0.00004,0.0226,0.00002,0.00041
34665205,0.0,0.0,0.0,0.0088,0.00016,0.0119,0.0367,0.2868,0.00015,0.00001,0.00002,0.0,0.00006,0.011,0.0,0.00016,0.0,0.0,0.0025,0.00016,0.00002,0.0525,0.00017,0.00045,0.0,0.0,0.00034,0.0,0.0,0.0002,0.0039,0.001,0.00029,0.0364,0.00001,0.0,0.0,0.0,0.0079,0.0013,0.00032,0.00009,0.002,0.8524,0.0121,0.0,0.0,0.00002,0.00023
34670025,0.00005,0.0,0.0021,0.0013,0.0522,0.1248,0.0897,0.0088,0.0135,0.00036,0.00045,0.00078,0.0007,0.011,0.0,0.0168,0.012,0.0011,0.00095,0.00057,0.00005,0.0654,0.00049,0.003,0.00002,0.00004,0.00034,0.00004,0.0,0.0039,0.0072,0.00006,0.0196,0.025,0.0024,0.00076,0.00013,0.00004,0.0056,0.0212,0.0096,0.016,0.0055,0.0442,0.1851,0.00003,0.00002,0.00004,0.00013
33054545,0.0,0.0,0.0,0.00072,0.0012,0.0011,0.0823,0.0015,0.00015,0.00005,0.00002,0.00023,0.00006,0.0261,0.0,0.00018,0.00068,0.00014,0.0323,0.00099,0.00005,0.0048,0.00017,0.00045,0.0,0.0,0.00091,0.00002,0.0,0.00033,0.0016,0.00002,0.00071,0.023,0.00015,0.0,0.0,0.00003,0.0182,0.3525,0.001,0.0012,0.0033,0.1121,0.0121,0.0,0.00002,0.00001,0.00077
33421355,0.0,0.0,0.0,0.0379,0.0014,0.0027,0.0147,0.0987,0.00023,0.00001,0.00001,0.00006,0.00006,0.0202,0.0,0.0265,0.00021,0.00017,0.013,0.00024,0.00006,0.1469,0.00027,0.00045,0.00002,0.0,0.00055,0.00003,0.0,0.00079,0.0595,0.00002,0.00086,0.015,0.00015,0.00003,0.0,0.0,0.0314,0.0356,0.0012,0.001,0.0074,0.0316,0.0013,0.0,0.0,0.00016,0.0018
34006885,0.0,0.0,0.0,0.0029,0.001,0.0015,0.0282,0.017,0.00015,0.0,0.0,0.00078,0.00006,0.0023,0.0,0.0013,0.0,0.00017,0.013,0.0025,0.00002,0.0099,0.00004,0.00045,0.00002,0.0,0.00039,0.00001,0.00006,0.00039,0.00077,0.00003,0.0085,0.0191,0.00001,0.00003,0.0,0.0,0.083,0.009,0.00032,0.00033,0.015,0.8888,0.0121,0.0,0.0,0.00004,0.00041
36789825,0.0,0.0,0.0,0.0058,0.001,0.0022,0.7908,0.0024,0.00015,0.00001,0.00001,0.0,0.00007,0.0023,0.0,0.00024,0.00068,0.00038,0.0035,0.00099,0.00014,0.0099,0.00005,0.00045,0.00002,0.0,0.00034,0.00002,0.0,0.0013,0.0146,0.00003,0.00029,0.0035,0.00015,0.0,0.0,0.00004,0.0014,0.02,0.025,0.7832,0.0112,0.0014,0.0121,0.0,0.00002,0.00004,0.00023
37326915,0.00003,0.00002,0.0,0.0117,0.00064,0.0061,0.006,0.0015,0.00015,0.00005,0.00003,0.00002,0.00007,0.036,0.0,0.00024,0.00034,0.00017,0.0016,0.00022,0.00006,0.0055,0.00004,0.00045,0.0,0.00004,0.00039,0.00024,0.00006,0.00079,0.0016,0.00006,0.00023,0.0047,0.00001,0.00003,0.00003,0.00004,0.0019,0.009,0.004,0.00054,0.0288,0.0041,0.0025,0.00037,0.0,0.00073,0.0087
37369805,0.00003,0.00002,0.0001,0.0029,0.00064,0.0071,0.0056,0.0054,0.00015,0.00019,0.00007,0.00078,0.00006,0.0023,0.0,0.00016,0.00026,0.00019,0.0046,0.0005,0.00014,0.0066,0.00036,0.00045,0.0,0.00004,0.00034,0.00024,0.00006,0.00079,0.0016,0.0,0.00029,0.0028,0.00015,0.00063,0.00002,0.00004,0.0013,0.0053,0.00047,0.00054,0.0062,0.0086,0.4624,0.00003,0.0,0.00004,0.00077
37660045,0.0,0.0,0.0,0.1114,0.001,0.0035,0.0147,0.0041,0.00015,0.00001,0.00002,0.00002,0.00007,0.00075,0.0,0.00024,0.0013,0.00038,0.0264,0.00024,0.00002,0.0156,0.00005,0.00026,0.00002,0.0,0.00034,0.00002,0.00006,0.00039,0.00077,0.00006,0.0275,0.0292,0.00001,0.0,0.0,0.00004,0.0056,0.0018,0.0019,0.0169,0.0227,0.0054,0.0385,0.00003,0.0,0.00004,0.00054
37979175,0.00003,0.00002,0.0001,0.006,0.0042,0.0053,0.0133,0.0185,0.004,0.00011,0.00002,0.0001,0.00026,0.0072,0.0,0.00094,0.0022,0.00038,0.0035,0.0005,0.00006,0.0052,0.0022,0.0003,0.00002,0.00004,0.00034,0.0006,0.00006,0.0039,0.0017,0.00002,0.00071,0.0029,0.00024,0.00003,0.00003,0.00004,0.004,0.009,0.0045,0.0016,0.0323,0.0201,0.0121,0.00003,0.0,0.00043,0.0011
31707936,0.0,0.0,0.0,0.0061,0.00064,0.0061,0.0686,0.0225,0.00023,0.00001,0.00002,0.00078,0.00039,0.0281,0.0,0.00018,0.00021,0.00038,0.011,0.0005,0.00003,0.1115,0.00027,0.00045,0.0,0.0,0.0051,0.00002,0.0,0.00079,0.00095,0.00006,0.0016,0.0197,0.00001,0.0,0.0,0.00003,0.0655,0.0053,0.0018,0.0906,0.00099,0.0051,0.0121,0.0,0.0,0.00043,0.0017
33341816,0.0,0.0,0.0,0.006,0.0012,0.1198,0.7908,0.00069,0.00023,0.00019,0.00002,0.00023,0.0007,0.005,0.0,0.0013,0.00021,0.00017,0.0025,0.0004,0.0016,0.1005,0.00017,0.00045,0.0,0.0,0.00009,0.00004,0.0,0.00039,0.0017,0.00006,0.00034,0.0078,0.00001,0.0,0.00002,0.0,0.0194,0.0201,0.0072,0.4665,0.0027,0.0054,0.0106,0.0,0.00004,0.00002,0.00023
33764656,0.00003,0.00002,0.0001,0.006,0.001,0.0061,0.0361,0.0088,0.00062,0.00005,0.00003,0.00008,0.00006,0.097,0.0,0.00024,0.012,0.00038,0.0046,0.00093,0.00014,0.0099,0.001,0.0019,0.0,0.0,0.0003,0.00004,0.0075,0.0039,0.0072,0.00003,0.00071,0.0123,0.00015,0.00003,0.00013,0.00003,0.004,0.0133,0.0021,0.0077,0.0062,0.0054,0.0225,0.00003,0.0,0.0002,0.00054
34360586,0.0,0.0,0.0,0.0023,0.0042,0.0061,0.0138,0.0062,0.00015,0.00019,0.00002,0.00004,0.00007,0.0059,0.0,0.00024,0.00021,0.00017,0.0046,0.00008,0.00057,0.0066,0.00017,0.00067,0.0,0.0,0.00009,0.0006,0.0,0.00033,0.00095,0.00006,0.00071,0.0028,0.00001,0.0,0.0,0.00003,0.0028,0.0013,0.001,0.001,0.00099,0.0041,0.4579,0.00003,0.00063,0.00002,0.00022
34145880,0.0,0.0,0.0,0.00015,0.00016,0.0011,0.9956,0.0,0.00015,0.0,0.0,0.0,0.0007,0.00041,0.0,0.94,0.0,0.00004,0.0,0.00006,0.00002,0.0415,0.0,0.0,0.0,0.0,0.00004,0.0,0.0,0.00013,0.0024,0.00002,0.00014,0.0912,0.0,0.0,0.0,0.00003,0.0019,0.0333,0.00037,0.8815,0.0,0.0,0.0021,0.0,0.00006,0.0,0.00013
34623200,0.0,0.0,0.0,0.0016,0.9741,0.00052,0.0056,0.0015,0.00015,0.00001,0.00001,0.00002,0.00006,0.0014,0.0,0.00022,0.0001,0.00017,0.0018,0.00006,0.00006,0.1228,0.00049,0.00026,0.0,0.0,0.00017,0.00001,0.00006,0.0004,0.0024,0.00006,0.00086,0.0014,0.00001,0.00003,0.00002,0.0,0.0056,0.00084,0.00036,0.00009,0.0031,0.0014,0.0021,0.0,0.0,0.00004,0.00023
35403880,0.0,0.0,0.0,0.006,0.00016,0.0147,0.075,0.1132,0.00023,0.00001,0.00001,0.00002,0.00007,0.0023,0.0,0.00024,0.00026,0.0,0.0635,0.0191,0.00006,0.1753,0.00005,0.00045,0.0,0.0,0.0079,0.00001,0.0,0.00033,0.0013,0.00002,0.00034,0.1357,0.00001,0.0,0.00003,0.00003,0.0651,0.8551,0.00026,0.00033,0.0261,0.2899,0.00045,0.0,0.0,0.00008,0.0031
35726540,0.0,0.0,0.0,0.0061,0.0038,0.0225,0.0075,0.0016,0.00015,0.00005,0.00002,0.00004,0.00006,0.0017,0.00002,0.00037,0.00021,0.00038,0.0041,0.0005,0.00002,0.0863,0.00017,0.00045,0.00002,0.0,0.00034,0.00024,0.0,0.00033,0.0059,0.00006,0.1177,0.0063,0.00001,0.00003,0.0,0.0043,0.033,0.007,0.00047,0.00054,0.0027,0.0316,0.9387,0.00037,0.5306,0.00002,0.0011
35962220,0.0,0.0,0.00001,0.006,0.0033,0.0035,0.0165,0.0073,0.00015,0.0,0.00002,0.00004,0.00006,0.0023,0.0,0.00018,0.00021,0.00004,0.0095,0.00089,0.00005,0.0648,0.00005,0.001,0.0,0.0,0.00091,0.0,0.0,0.00054,0.0066,0.0,0.00071,0.0123,0.0,0.0,0.00002,0.0,0.004,0.0018,0.00026,0.00009,0.0062,0.845,0.0615,0.0,0.00004,0.00004,0.00022
36396270,0.0,0.0,0.00049,0.0061,0.0246,0.0147,0.0147,0.0073,0.0083,0.00005,0.00002,0.00023,0.00007,0.0271,0.00002,0.00079,0.0264,0.00075,0.002,0.00089,0.00006,0.0224,0.00049,0.00067,0.0,0.00004,0.0055,0.00024,0.00006,0.0013,0.0024,0.00017,0.00086,0.0063,0.0064,0.00088,0.00048,0.0017,0.0112,0.007,0.0012,0.0018,0.005,0.0059,0.1576,0.00004,0.0,0.00016,0.00077
36744350,0.0,0.0,0.0,0.1319,0.00033,0.0022,0.0147,0.2347,0.00015,0.00005,0.0,0.00002,0.00006,0.0014,0.0,0.00016,0.00015,0.00034,0.0063,0.00024,0.00002,0.0314,0.00027,0.003,0.0,0.0,0.00009,0.00001,0.0,0.0018,0.0016,0.00003,0.00023,0.0063,0.00001,0.0,0.0,0.0,0.0374,0.0133,0.00047,0.00058,0.0112,0.8888,0.0858,0.0,0.00027,0.00073,0.00054
37132490,0.0,0.0,0.0,0.0144,0.00049,0.00095,0.0175,0.00086,0.00015,0.0,0.0,0.00008,0.00006,0.00063,0.0,0.00018,0.00034,0.00017,0.0063,0.00022,0.00005,0.0029,0.00049,0.00045,0.0,0.0,0.00009,0.00024,0.0,0.00079,0.00057,0.00003,0.00034,0.0029,0.00001,0.0,0.0,0.0,0.004,0.00037,0.00049,0.0032,0.00099,0.0041,0.9429,0.0,0.0029,0.00003,0.00041
37454780,0.00005,0.00002,0.00018,0.00072,0.0035,0.0013,0.0056,0.0056,0.00023,0.00019,0.00002,0.00023,0.00006,0.0097,0.0,0.00018,0.00047,0.0011,0.011,0.00099,0.00016,0.0017,0.00027,0.00073,0.0,0.00004,0.00039,0.00024,0.00006,0.00039,0.0496,0.00006,0.00086,0.0017,0.00094,0.00033,0.00013,0.00004,0.0056,0.0053,0.0171,0.00054,0.015,0.0041,0.0121,0.00003,0.0,0.00016,0.00041
34059401,0.0,0.0,0.0,0.0,0.0014,0.0575,0.8728,0.0025,0.00023,0.00001,0.00002,0.00006,0.0007,0.00063,0.0,0.9031,0.00015,0.00017,0.00065,0.0031,0.00002,0.0419,0.00027,0.00045,0.00002,0.0,0.00009,0.00004,0.0,0.001,0.00057,0.00002,0.0029,0.0428,0.00001,0.0,0.0,0.0,0.0019,0.0088,0.001,0.4713,0.0097,0.0567,0.0025,0.0,0.00006,0.00002,0.00013
34598981,0.0,0.0,0.0,0.00072,0.00049,0.0214,0.9814,0.0012,0.00015,0.0,0.00001,0.0012,0.0007,0.0023,0.0,0.00024,0.00015,0.0021,0.0635,0.0131,0.00014,0.2107,0.00034,0.00023,0.0,0.0,0.5732,0.0,0.0,0.00033,0.01,0.00006,0.00023,0.3333,0.00001,0.0,0.0,0.0,0.0056,0.0053,0.00032,0.7861,0.0013,0.0099,0.00096,0.00044,0.0,0.00001,0.00013
34769501,0.0,0.00002,0.00001,0.00072,0.001,0.0027,0.0056,0.00086,0.00023,0.00005,0.00001,0.00023,0.00006,0.0023,0.0,0.00079,0.00068,0.00017,0.0017,0.00024,0.00005,0.004,0.00036,0.00056,0.0,0.00015,0.00034,0.00003,0.00006,0.001,0.0024,0.00003,0.00029,0.0014,0.00015,0.00003,0.0,0.00003,0.0043,0.0013,0.00049,0.00054,0.0031,0.0033,0.8787,0.00003,0.0012,0.00004,0.00022
34939171,0.0,0.0,0.0,0.00072,0.036,0.0061,0.0039,0.0022,0.00015,0.00005,0.00002,0.00002,0.00006,0.00026,0.0,0.00008,0.00021,0.00017,0.00056,0.00008,0.00002,0.0052,0.0,0.0003,0.0,0.0,0.00004,0.0,0.0,0.00013,0.01,0.00006,0.0016,0.0063,0.00001,0.0,0.0,0.00004,0.027,0.0058,0.00032,0.0016,0.005,0.0112,0.9509,0.0,0.0628,0.00001,0.00041
35241041,0.0,0.0,0.0,0.0023,0.1123,0.014,0.0282,0.1464,0.00023,0.00001,0.00001,0.0001,0.0007,0.0072,0.0,0.0013,0.00026,0.00038,0.013,0.0044,0.00016,0.2107,0.00005,0.00045,0.00002,0.0,0.0015,0.00004,0.0,0.0039,0.0089,0.00006,0.00086,0.223,0.00015,0.0,0.0,0.0,0.0079,0.1174,0.00099,0.002,0.036,0.0316,0.0162,0.0,0.0001,0.00003,0.00041
35542991,0.0,0.0,0.0,0.00015,0.00016,0.0061,0.9898,0.00069,0.00015,0.0,0.00002,0.00002,0.00007,0.00091,0.0,0.9031,0.0001,0.00038,0.0015,0.00006,0.00002,0.0224,0.00017,0.0003,0.0,0.0,0.00004,0.0,0.0,0.00013,0.00013,0.0,0.0026,0.8367,0.00001,0.0,0.0,0.0,0.00039,0.009,0.00012,0.8148,0.0074,0.0025,0.0025,0.0,0.0,0.00002,0.00061
35670991,0.0,0.0,0.0,0.00072,0.00033,0.0646,0.0016,0.0386,0.00015,0.00021,0.00002,0.00004,0.00006,0.9013,0.0,0.00022,0.00026,0.00038,0.0019,0.00006,0.00002,0.0017,0.0037,0.00056,0.0,0.0,0.00009,0.00002,0.0,0.001,0.5902,0.00017,0.9411,0.0018,0.00001,0.0,0.0,0.0,0.0509,0.009,0.00032,0.00006,0.00081,0.0014,0.9509,0.00037,0.9956,0.00004,0.00013
36646411,0.0,0.0,0.0,0.00072,0.00064,0.0011,0.0087,0.0054,0.00015,0.00005,0.00007,0.00004,0.0025,0.0014,0.0,0.00024,0.00021,0.00017,0.013,0.00089,0.00002,0.0066,0.00004,0.00045,0.0,0.0,0.00017,0.00002,0.0,0.00033,0.0039,0.00017,0.00029,0.0078,0.00001,0.00003,0.00002,0.00004,0.0254,0.0018,0.0524,0.0179,0.0062,0.0041,0.0056,0.00003,0.0,0.00008,0.00054
37369561,0.0,0.0,0.0,0.00015,0.001,0.0277,0.7908,0.2347,0.00023,0.0,0.00001,0.0,0.00006,0.00075,0.0,0.002,0.0001,0.00017,0.0025,0.0007,0.00006,0.1166,0.0022,0.00045,0.0,0.0,0.00017,0.0,0.0,0.00079,0.0089,0.00002,0.00029,0.0532,0.00001,0.0,0.0,0.0,0.0028,0.6346,0.00026,0.00006,0.0204,0.0017,0.0162,0.00004,0.0,0.00008,0.0031
33393402,0.0,0.00002,0.00006,0.0061,0.0033,0.023,0.1612,0.0016,0.00037,0.00005,0.00002,0.00002,0.0056,0.011,0.0,0.0013,0.00021,0.00038,0.0041,0.3972,0.00005,0.0119,0.00004,0.0015,0.00002,0.0,0.0003,0.00001,0.0,0.0018,0.0024,0.00006,0.00071,0.0292,0.00009,0.0,0.0,0.00004,0.0028,0.1174,0.0019,0.0064,0.0168,0.0023,0.6851,0.00003,0.0,0.00008,0.00077
33707272,0.0,0.0,0.0,0.0016,0.00016,0.0012,0.7908,0.0225,0.00015,0.0,0.00001,0.00002,0.00039,0.0202,0.0,0.0013,0.00021,0.0011,0.0444,0.0031,0.0167,0.1246,0.0005,0.00026,0.0,0.0,0.0019,0.00016,0.0,0.001,0.491,0.00002,0.0026,0.0113,0.00001,0.00003,0.0,0.00003,0.027,0.0498,0.00032,0.0105,0.0016,0.0099,0.0062,0.00044,0.0,0.00002,0.0011
34017692,0.00005,0.00002,0.0037,0.006,0.035,0.0089,0.0385,0.0054,0.0067,0.00021,0.00002,0.00023,0.0005,0.0072,0.0,0.002,0.0013,0.00038,0.0063,0.00089,0.00016,0.0279,0.00036,0.003,0.00014,0.00004,0.00092,0.00036,0.00006,0.0032,0.0024,0.00006,0.00086,0.008,0.0024,0.00088,0.00022,0.00004,0.0056,0.009,0.0039,0.0023,0.0112,0.0099,0.0162,0.00004,0.0,0.00004,0.0011
34374162,0.0,0.0,0.0,0.0003,0.00016,0.00094,0.8898,0.00069,0.00062,0.0,0.00001,0.00002,0.00039,0.0023,0.0,0.0011,0.0001,0.00075,0.0148,0.0004,0.00005,0.0329,0.00004,0.00045,0.0,0.0,0.0034,0.00001,0.0,0.00013,0.0017,0.0,0.00071,0.0364,0.00001,0.0,0.0,0.0,0.0112,0.0026,0.00049,0.7832,0.1121,0.0013,0.0021,0.0,0.0,0.0,0.00022
34477852,0.0,0.0,0.0,0.00015,0.00064,0.00052,0.9898,0.00013,0.00015,0.0,0.0,0.00023,0.0053,0.00049,0.0,0.0018,0.0001,0.00012,0.0,0.0015,0.00016,0.0654,0.00017,0.00026,0.0,0.0,0.00009,0.0,0.0,0.0001,0.0024,0.0,0.00023,0.8864,0.00001,0.0,0.0,0.0,0.003,0.1087,0.00012,0.4703,0.00072,0.0204,0.00045,0.00003,0.0,0.00002,0.00041
34991042,0.0,0.0,0.0,0.3663,0.00049,0.0013,0.0857,0.0133,0.00015,0.0,0.0,0.00065,0.00039,0.0592,0.0,0.00024,0.00021,0.00014,0.0269,0.0004,0.00005,0.1228,0.00004,0.00045,0.0,0.0,0.00017,0.00002,0.0,0.0039,0.0164,0.0043,0.00029,0.0733,0.00001,0.0,0.0,0.0,0.0013,0.024,0.0021,0.0018,0.0031,0.0442,0.00096,0.0,0.0,0.00002,0.0011
35320762,0.0,0.0,0.0001,0.0229,0.0069,0.0119,0.1485,0.1132,0.0011,0.00019,0.00003,0.00002,0.0007,0.0271,0.0,0.002,0.0024,0.00039,0.0046,0.00099,0.00006,0.1532,0.0037,0.00045,0.0,0.0,0.00091,0.00004,0.0,0.0018,0.0048,0.00003,0.0029,0.0379,0.00032,0.00003,0.00004,0.00003,0.0152,0.1174,0.00015,0.0169,0.0097,0.039,0.00096,0.0,0.0,0.00008,0.00077
35428862,0.00003,0.0,0.0001,0.0015,0.0035,0.0022,0.0531,0.0035,0.00023,0.00005,0.00002,0.00008,0.00007,0.0023,0.0,0.00037,0.0114,0.00038,0.0635,0.0005,0.00005,0.0075,0.00008,0.00056,0.0,0.0,0.0033,0.00024,0.00006,0.00039,0.0419,0.00003,0.00034,0.0112,0.00015,0.00003,0.00004,0.00003,0.0152,0.009,0.001,0.002,0.00099,0.0037,0.2086,0.00004,0.0,0.00004,0.00061
35968702,0.0,0.0,0.0001,0.00015,0.001,0.6573,0.00081,0.0,0.0274,0.00005,0.00045,0.00008,0.00002,0.0,0.0,0.00016,0.0012,0.00017,0.007,0.00006,0.0,0.0123,0.00005,0.0015,0.0,0.0,0.00004,0.00025,0.0,0.0002,0.0016,0.0,0.9739,0.0,0.00001,0.0,0.0,0.0,0.0074,0.0013,0.0019,0.0,0.0648,0.0041,0.9864,0.0035,0.9985,0.0,0.00022
36647082,0.0,0.0,0.0,0.0203,0.001,0.00052,0.025,0.003,0.00015,0.00005,0.00002,0.00023,0.00039,0.011,0.0,0.00024,0.00021,0.00038,0.013,0.0018,0.00005,0.1279,0.0,0.00045,0.0,0.0,0.00092,0.00004,0.0,0.00033,0.8382,0.00003,0.00071,0.0078,0.00001,0.0,0.00004,0.0,0.0074,0.02,0.00032,0.0042,0.0227,0.0112,0.00071,0.0,0.0,0.00001,0.00054
36738082,0.0,0.0,0.00001,0.0034,0.0012,0.0061,0.0039,0.003,0.00015,0.00005,0.00007,0.00008,0.00006,0.0271,0.0,0.00022,0.0019,0.00038,0.0041,0.00024,0.00076,0.0207,0.00036,0.00067,0.0,0.00004,0.0034,0.002,0.00038,0.001,0.0024,0.00006,0.00071,0.1538,0.00015,0.00003,0.0,0.0076,0.0056,0.0084,0.00032,0.00033,0.005,0.0086,0.8286,0.00004,0.00002,0.0,0.00041
36810252,0.00003,0.00002,0.0011,0.006,0.0012,0.0071,0.0089,0.0045,0.00023,0.00021,0.00002,0.00078,0.00006,0.014,0.0,0.00071,0.0026,0.00038,0.0025,0.00022,0.00014,0.0081,0.00027,0.00056,0.00002,0.00004,0.00055,0.00002,0.00006,0.001,0.0013,0.00002,0.00071,0.0028,0.00015,0.00003,0.00022,0.00004,0.0019,0.0249,0.0072,0.001,0.002,0.0023,0.0942,0.00003,0.00002,0.00004,0.00061
36482852,0.0,0.0,0.0,0.0039,0.0023,0.0035,0.0282,0.0088,0.00023,0.0,0.00001,0.0034,0.00026,0.0394,0.0,0.00037,0.0,0.00017,0.0187,0.00033,0.00002,0.2534,0.00005,0.0019,0.0,0.0,0.0034,0.0,0.0,0.00079,0.0024,0.00003,0.0042,0.0233,0.00001,0.0,0.0,0.00004,0.0044,0.0333,0.00099,0.0018,0.0074,0.845,0.0385,0.0,0.0,0.00003,0.00041
37041092,0.0,0.0,0.0,0.006,0.00049,0.0668,0.8393,0.0015,0.0011,0.0,0.0,0.00002,0.00007,0.0202,0.0,0.0265,0.0001,0.00017,0.0031,0.00006,0.00006,0.0516,0.00027,0.00045,0.0,0.0,0.00004,0.00002,0.0,0.00033,0.0016,0.00003,0.00023,0.008,0.00001,0.0,0.0,0.0,0.0015,0.3704,0.00032,0.5169,0.00099,0.0248,0.0013,0.0,0.0,0.00001,0.00041
37271132,0.0,0.0,0.0,0.002,0.00016,0.0061,0.00081,0.00013,0.00015,0.00005,0.00001,0.00006,0.0,0.0,0.0,0.00016,0.0001,0.0013,0.0264,0.0018,0.00002,0.0048,0.0,0.0003,0.0,0.0,0.00039,0.00001,0.0,0.00013,0.0419,0.00003,0.1177,0.00061,0.00001,0.0,0.0,0.00004,0.077,0.02,0.0096,0.0,0.1322,0.0023,0.9864,0.0024,0.998,0.0,0.0054
37383232,0.0,0.0,0.0,0.00015,0.9398,0.00052,0.00084,0.0015,0.00015,0.0,0.00001,0.00008,0.00006,0.0017,0.0,0.00016,0.0001,0.00017,0.00021,0.00006,0.00002,0.0329,0.00017,0.00027,0.0,0.0,0.00009,0.0,0.0,0.0025,0.0016,0.0,0.00029,0.00061,0.00015,0.0,0.0,0.0,0.0023,0.00051,0.00037,0.00033,0.0012,0.0013,0.0323,0.0,0.0,0.00004,0.00013
37767072,0.00005,0.00002,0.0011,0.0135,0.0121,0.0105,0.0468,0.0073,0.0045,0.00023,0.00002,0.0012,0.00007,0.011,0.0,0.0013,0.0047,0.0013,0.0074,0.00099,0.00051,0.0156,0.00036,0.0025,0.00002,0.00053,0.0015,0.00024,0.0024,0.0053,0.0024,0.00006,0.00071,0.0078,0.0064,0.00065,0.00013,0.00028,0.0105,0.009,0.0039,0.0077,0.0323,0.0204,0.0513,0.00004,0.0,0.00014,0.002
33027183,0.0,0.0,0.0,0.00072,0.00064,0.0022,0.00084,0.0073,0.00015,0.0014,0.00045,0.00023,0.00006,0.00049,0.0,0.00094,0.00021,0.00038,0.00065,0.00016,0.00005,0.0224,0.0015,0.00067,0.0,0.0,0.00004,0.00002,0.0,0.0001,0.0016,0.00002,0.0029,0.0028,0.00001,0.0,0.0,0.00003,0.0056,0.0013,0.00049,0.00027,0.0045,0.00083,0.9573,0.0,0.0012,0.00004,0.00013
33619823,0.0,0.0,0.0001,0.00045,0.00016,0.0022,0.9859,0.00069,0.00023,0.0,0.00001,0.00002,0.00007,0.00049,0.0,0.0074,0.00021,0.00019,0.0151,0.0347,0.00005,0.0525,0.00005,0.0019,0.0,0.0,0.00009,0.00001,0.0,0.0004,0.0048,0.00002,0.0026,0.3333,0.00001,0.0,0.00003,0.0,0.2901,0.1378,0.0018,0.8341,0.1907,0.0041,0.0039,0.0,0.0,0.00002,0.00041
33863723,0.00005,0.00002,0.0011,0.0088,0.0043,0.0061,0.0056,0.0088,0.00062,0.00021,0.00007,0.00078,0.00006,0.0072,0.0,0.00071,0.0024,0.00019,0.0025,0.0005,0.00014,0.0048,0.00027,0.0038,0.00002,0.00053,0.00034,0.00004,0.00038,0.001,0.0013,0.00003,0.00071,0.0018,0.00094,0.00065,0.00013,0.00018,0.0056,0.0064,0.0021,0.0029,0.0074,0.0099,0.1317,0.00004,0.00004,0.00016,0.0018
33947273,0.0,0.0,0.0,0.0003,0.001,0.1798,0.025,0.003,0.00015,0.0014,0.00007,0.00002,0.00006,0.0177,0.0,0.00018,0.00026,0.00038,0.0031,0.00024,0.00016,0.0782,0.00005,0.00045,0.0,0.0,0.00034,0.00001,0.0,0.00039,0.0343,0.00006,0.00071,0.0143,0.00001,0.00003,0.0,0.00043,0.0079,0.0053,0.00032,0.0016,0.0046,0.0567,0.9573,0.00003,0.0,0.00004,0.00013
34307083,0.0,0.0,0.0,0.00072,0.0042,0.0027,0.7908,0.0049,0.00015,0.00001,0.00001,0.00006,0.00026,0.0014,0.0,0.0023,0.00026,0.00017,0.013,0.0193,0.00014,0.1,0.00027,0.00026,0.00002,0.0,0.00021,0.00002,0.0,0.0032,0.0017,0.00017,0.00023,0.0035,0.00015,0.0,0.0,0.00004,0.0028,0.0013,0.0039,0.0105,0.0027,0.0274,0.0077,0.00003,0.0,0.00008,0.0017
34939863,0.0,0.0,0.0,0.00044,0.001,0.0518,0.7908,0.0016,0.00015,0.00001,0.00002,0.00002,0.00006,0.003,0.0,0.0013,0.00021,0.00017,0.00065,0.00099,0.00005,0.0224,0.00049,0.00073,0.0,0.0,0.00004,0.00002,0.0,0.0053,0.0048,0.00006,0.00034,0.0375,0.00015,0.0,0.0,0.00003,0.00067,0.007,0.0018,0.001,0.0323,0.0099,0.0013,0.0,0.0,0.00004,0.00054
35076903,0.0,0.0,0.0,0.0061,0.0014,0.0017,0.0478,0.00042,0.00015,0.00001,0.00007,0.00008,0.00006,0.0162,0.0,0.00008,0.00021,0.00038,0.0391,0.0025,0.00006,0.0352,0.00004,0.00023,0.0,0.0,0.0093,0.00002,0.0,0.00013,0.00077,0.00006,0.0026,0.015,0.00001,0.0,0.0,0.00004,0.0019,0.0058,0.00047,0.00062,0.1924,0.0099,0.0062,0.0,0.00006,0.00003,0.0011
35266213,0.0,0.0,0.0,0.00045,0.9741,0.00095,0.0,0.00069,0.00023,0.0,0.00002,0.0,0.00006,0.00011,0.00002,0.00008,0.00021,0.00004,0.00021,0.00006,0.00005,0.0017,0.00004,0.00023,0.0,0.0,0.00009,0.00001,0.0,0.0119,0.00077,0.0,0.00014,0.0,0.00015,0.00003,0.0,0.0,0.0013,0.0,0.00037,0.00009,0.0028,0.00063,0.0035,0.0,0.0,0.00004,0.00006
36146383,0.0,0.0,0.00001,0.0123,0.0012,0.0022,0.0225,0.00042,0.00059,0.00001,0.00001,0.00078,0.00007,0.0023,0.0035,0.003,0.00021,0.00038,0.0165,0.0044,0.00002,0.01,0.00027,0.00067,0.00002,0.0,0.00091,0.00002,0.0,0.0177,0.00095,0.00002,0.0014,0.0035,0.00001,0.0,0.0,0.00004,0.0074,0.0151,0.004,0.0032,0.2584,0.0239,0.0035,0.00003,0.0,0.00008,0.002
37432983,0.0,0.0,0.0,0.00093,0.00033,0.0027,0.0138,0.0015,0.00015,0.00001,0.0,0.0,0.00006,0.9196,0.0,0.00024,0.00015,0.00017,0.0025,0.00013,0.00005,0.01,0.00005,0.00026,0.0,0.0,0.00055,0.0,0.0,0.00033,0.00057,0.00002,0.00056,0.0047,0.00001,0.0,0.0,0.0,0.0013,0.0018,0.00015,0.0064,0.00099,0.0201,0.0225,0.0,0.00027,0.00002,0.00022
33598364,0.0,0.0,0.0,0.00072,0.9741,0.0017,0.0031,0.0016,0.00015,0.0,0.0,0.00023,0.00006,0.0023,0.0,0.00022,0.00021,0.00019,0.00065,0.0004,0.00006,0.0123,0.00005,0.00045,0.0,0.0,0.00034,0.00002,0.0,0.00039,0.00077,0.00002,0.00041,0.0014,0.00015,0.00003,0.0,0.0,0.0112,0.0058,0.00047,0.0015,0.00099,0.0014,0.024,0.0,0.0,0.00003,0.00013
33860704,0.00005,0.0,0.0001,0.006,0.0246,0.0048,0.0468,0.0133,0.0093,0.00005,0.00007,0.0015,0.00026,0.0281,0.0,0.00079,0.0047,0.00071,0.011,0.0015,0.0016,0.0329,0.00034,0.00067,0.0,0.00004,0.0143,0.00024,0.0,0.0013,0.009,0.00017,0.00097,0.0063,0.00094,0.00076,0.00003,0.00003,0.0079,0.009,0.0045,0.0066,0.0168,0.0099,0.0265,0.00003,0.0,0.00008,0.0018
33937974,0.00005,0.0,0.0164,0.0015,0.8583,0.0071,0.0501,0.0024,0.2557,0.00005,0.00002,0.0034,0.00006,0.003,0.0,0.0013,0.004,0.00071,0.0035,0.0005,0.00014,0.0224,0.00027,0.0129,0.0,0.0,0.00009,0.00003,0.0,0.0039,0.0048,0.00002,0.0016,0.0047,0.00015,0.0359,0.00004,0.0,0.0074,0.02,0.00099,0.002,0.0286,0.0033,0.043,0.00003,0.0,0.00004,0.00023
34106144,0.00005,0.0,0.0068,0.0028,0.6717,0.0022,0.025,0.003,0.0012,0.00082,0.00007,0.00008,0.00006,0.0162,0.0,0.0013,0.0047,0.00038,0.0025,0.00024,0.00006,0.0207,0.00027,0.003,0.0,0.00004,0.00009,0.0006,0.0,0.0018,0.0146,0.00003,0.00071,0.0047,0.00015,0.0067,0.0018,0.00043,0.004,0.0179,0.0019,0.001,0.0027,0.0033,0.0121,0.0,0.0,0.00002,0.0031
34915734,0.00005,0.00002,0.00049,0.0061,0.0362,0.0027,0.0147,0.0088,0.0027,0.00036,0.00007,0.0034,0.00007,0.0271,0.0,0.00079,0.0166,0.00038,0.0035,0.00099,0.00057,0.0402,0.00034,0.0014,0.0,0.00004,0.00091,0.00024,0.00006,0.0013,0.0066,0.00006,0.00071,0.0047,0.00015,0.00065,0.00004,0.00034,0.0056,0.02,0.0021,0.002,0.0055,0.0112,0.049,0.0,0.0,0.00004,0.0013
35337924,0.0,0.0,0.0,0.0135,0.00016,0.0035,0.025,0.0225,0.00015,0.0,0.0,0.00002,0.00006,0.0348,0.0,0.0023,0.0,0.0,0.0031,0.0025,0.00002,0.0525,0.00004,0.0003,0.0,0.0,0.00055,0.0,0.0,0.00013,0.0595,0.00002,0.00029,0.025,0.0,0.0,0.0,0.0,0.2001,0.0423,0.00032,0.0064,0.0168,0.1199,0.00096,0.0,0.0,0.00002,0.0054
36197214,0.0,0.0,0.00001,0.00015,0.00025,0.0022,0.0133,0.5938,0.00015,0.00019,0.00001,0.0,0.00006,0.00041,0.0,0.00008,0.0098,0.00038,0.007,0.00006,0.0,0.5921,0.0,0.00045,0.0,0.0,0.00009,0.00002,0.0,0.00039,0.0343,0.00006,0.00023,0.0479,0.00001,0.0,0.00002,0.0,0.00089,0.0018,0.0021,0.00006,0.00099,0.9508,0.0062,0.0,0.0,0.0,0.00013
37016564,0.0,0.0,0.0,0.0095,0.9769,0.00052,0.0089,0.0045,0.00015,0.0,0.00002,0.00002,0.00039,0.00049,0.00026,0.00016,0.0,0.00038,0.0187,0.00016,0.00002,0.0268,0.0,0.00056,0.0,0.0,0.00091,0.0,0.0,0.00033,0.0017,0.00017,0.00023,0.0014,0.00001,0.0,0.0,0.00018,0.0194,0.0053,0.00015,0.0015,0.002,0.0156,0.0021,0.0,0.0,0.00004,0.00077
37473624,0.0,0.0,0.0,0.0143,0.0042,0.0119,0.0686,0.0628,0.00062,0.00036,0.00002,0.00023,0.00006,0.011,0.0,0.00024,0.00021,0.00038,0.0077,0.00016,0.00002,0.0329,0.00017,0.00045,0.0,0.0,0.0143,0.00002,0.00006,0.00039,0.003,0.00003,0.0042,0.0292,0.00015,0.0,0.0,0.00003,0.004,0.02,0.00047,0.0105,0.00099,0.1319,0.0039,0.0,0.00006,0.00008,0.0031
37709314,0.0,0.0,0.00001,0.00015,0.001,0.0518,0.9814,0.0015,0.00023,0.00001,0.0,0.00002,0.00006,0.00049,0.0,0.00037,0.00021,0.00017,0.00021,0.00008,0.00014,0.0268,0.001,0.0129,0.0,0.0,0.0015,0.00003,0.0,0.001,0.00057,0.0,0.00071,0.4715,0.00001,0.0,0.00002,0.00043,0.004,0.8364,0.001,0.0105,0.00099,0.0013,0.0121,0.0,0.00004,0.00002,0.00022
33130675,0.0,0.0,0.0,0.3702,0.00016,0.0017,0.0857,0.0133,0.00015,0.00005,0.0,0.0014,0.0018,0.011,0.0,0.00024,0.00021,0.00019,0.0025,0.00024,0.00002,0.0101,0.00049,0.00026,0.0,0.0,0.00009,0.0,0.0,0.00013,0.00057,0.00017,0.00029,0.0292,0.00001,0.0,0.0,0.00003,0.0056,0.0018,0.00047,0.0012,0.0027,0.0316,0.0025,0.0,0.0,0.00002,0.0017
33164945,0.0,0.0,0.0,0.00072,0.0014,0.0277,0.9859,0.0025,0.00015,0.0,0.00002,0.00002,0.0156,0.00049,0.0,0.0057,0.0,0.00017,0.0025,0.1912,0.00006,0.0268,0.00017,0.001,0.0,0.0,0.00091,0.00002,0.0,0.001,0.0039,0.0012,0.00014,0.0907,0.00001,0.0,0.0,0.0,0.0019,0.02,0.00026,0.3284,0.0027,0.0037,0.0025,0.00003,0.0,0.00008,0.00051
33646155,0.0,0.0,0.0001,0.028,0.00049,0.00052,0.0031,0.0022,0.00023,0.0,0.00001,0.00002,0.00007,0.0023,0.0,0.00008,0.0001,0.00071,0.0046,0.00099,0.00006,0.0029,0.00049,0.0003,0.0,0.0,0.00091,0.0006,0.0,0.00013,0.0039,0.00006,0.00086,0.0017,0.00001,0.00003,0.0,0.00003,0.004,0.0018,0.0162,0.00054,0.0213,0.0041,0.0021,0.0,0.0,0.00004,0.00023
34052305,0.0,0.0,0.0,0.00072,0.001,0.0061,0.025,0.0024,0.00015,0.00005,0.00001,0.00023,0.00006,0.0018,0.0,0.00024,0.0013,0.00034,0.0025,0.00089,0.00006,0.0224,0.0005,0.00026,0.0,0.0,0.00021,0.00002,0.0,0.00033,0.0016,0.00017,0.00029,0.0029,0.00015,0.0,0.0,0.00003,0.00089,0.0053,0.0021,0.00054,0.0074,0.0037,0.0942,0.0,0.0,0.00003,0.0031
34131185,0.00003,0.0,0.00001,0.0583,0.0042,0.0035,0.0468,0.0041,0.0011,0.00005,0.00002,0.00078,0.00007,0.0683,0.0,0.00018,0.00068,0.0011,0.0035,0.0005,0.00005,0.0055,0.0015,0.00045,0.00002,0.0,0.00055,0.00004,0.00038,0.0032,0.0039,0.00006,0.00071,0.0047,0.00015,0.00003,0.00004,0.00028,0.0023,0.02,0.00049,0.0247,0.0071,0.0052,0.0162,0.00004,0.0,0.00008,0.00051
34289965,0.0,0.0,0.00001,0.0029,0.001,0.0027,0.075,0.0628,0.00023,0.00019,0.00002,0.00004,0.00006,0.011,0.0,0.0011,0.00026,0.00017,0.0437,0.0131,0.00014,0.0052,0.00017,0.0019,0.0,0.0,0.00091,0.00003,0.0,0.00039,0.00057,0.00006,0.0066,0.0292,0.00024,0.00003,0.0,0.00003,0.0396,0.0212,0.0019,0.0029,0.015,0.1121,0.0385,0.0,0.0029,0.00001,0.00061
34526055,0.0,0.0,0.0,0.0135,0.001,0.00052,0.0175,0.017,0.00015,0.0,0.00002,0.00002,0.00006,0.0017,0.0,0.00016,0.00021,0.00008,0.0031,0.00024,0.00005,0.0017,0.01,0.00026,0.0,0.0,0.0003,0.00004,0.0,0.00013,0.00013,0.0,0.00029,0.0143,0.00001,0.0,0.0,0.0,0.0013,0.0026,0.0021,0.0056,0.0146,0.0167,0.0942,0.0,0.00002,0.00008,0.00022
35090475,0.0,0.0,0.0,0.00015,0.00033,0.0646,0.0138,0.00069,0.00037,0.0,0.00001,0.00002,0.00006,0.00026,0.0,0.00008,0.0013,0.0019,0.00056,0.00057,0.00002,0.0419,0.00004,0.00045,0.0,0.0,0.0015,0.00002,0.0,0.0039,0.0024,0.00017,0.0498,0.0063,0.00001,0.0,0.0,0.0,0.00067,0.0498,0.00032,0.00006,0.015,0.0041,0.9021,0.0139,0.9956,0.00002,0.00051
35421825,0.0,0.0,0.0,0.006,0.00033,0.004,0.0056,0.0024,0.0018,0.00005,0.00002,0.00023,0.8255,0.0019,0.0,0.00022,0.00015,0.00038,0.0025,0.0007,0.00014,0.0525,0.0037,0.0019,0.00002,0.0,0.0055,0.00002,0.0,0.00079,0.0012,0.00017,0.00014,0.0428,0.00001,0.0,0.0,0.00004,0.0074,0.0029,0.00037,0.002,0.0108,0.0201,0.0035,0.0,0.0,0.00043,0.00013
35598655,0.00003,0.00002,0.0001,0.0379,0.0033,0.0048,0.0175,0.0015,0.00023,0.00005,0.00007,0.00078,0.00007,0.014,0.0,0.0011,0.0013,0.00038,0.011,0.00057,0.00016,0.0329,0.0044,0.0052,0.00002,0.00004,0.0003,0.00004,0.00006,0.0013,0.0016,0.00006,0.00071,0.0113,0.00094,0.00006,0.00004,0.00018,0.0152,0.0058,0.004,0.0012,0.0221,0.0239,0.0385,0.00004,0.0,0.00004,0.0536
35547565,0.0,0.0,0.0,0.2117,0.001,0.0013,0.1612,0.0133,0.00037,0.00005,0.00002,0.0015,0.00006,0.0039,0.0,0.0057,0.00094,0.00039,0.0031,0.0005,0.00016,0.025,0.00034,0.00067,0.0,0.0,0.0251,0.00001,0.0,0.0039,0.0016,0.0012,0.0042,0.0479,0.00001,0.0,0.0,0.00004,0.004,0.0058,0.00049,0.387,0.0407,0.0316,0.0062,0.00003,0.0,0.00014,0.0017
35879665,0.0,0.0,0.0,0.0003,0.0014,0.1057,0.00076,0.0016,0.00073,0.0,0.00002,0.00002,0.00002,0.0,0.0,0.0,0.00068,0.00017,0.00065,0.00057,0.0,0.0017,0.00005,0.00026,0.0,0.0,0.00009,0.0,0.0,0.00017,0.00095,0.00003,0.9411,0.0028,0.00015,0.0,0.0,0.0,0.0023,0.02,0.00026,0.00006,0.00072,0.0033,0.8239,0.00003,0.9961,0.00008,0.00022
35946705,0.0,0.0,0.0,0.2117,0.00016,0.0061,0.0192,0.0403,0.00015,0.0,0.00002,0.0,0.00039,0.103,0.8627,0.0017,0.00026,0.00017,0.0529,0.00089,0.00003,0.0613,0.00005,0.00026,0.0,0.0,0.0143,0.00002,0.0,0.0001,0.00095,0.00002,0.00071,0.0197,0.00001,0.0,0.0,0.00004,0.077,0.0309,0.0012,0.0407,0.1326,0.0316,0.0025,0.00003,0.0,0.00002,0.0324
37042595,0.0,0.0,0.00018,0.00072,0.0121,0.0225,0.103,0.0045,0.00015,0.00001,0.00002,0.00023,0.0005,0.003,0.0,0.00018,0.0014,0.0011,0.007,0.00089,0.00016,0.0123,0.00005,0.003,0.0,0.0,0.00009,0.00016,0.0,0.001,0.0016,0.00006,0.0016,0.0035,0.00001,0.00005,0.00004,0.00043,0.0028,0.007,0.00049,0.0105,0.002,0.0041,0.0265,0.0,0.0,0.00002,0.00023
37208415,0.00027,0.00002,0.0001,0.00072,0.0014,0.0035,0.0138,0.017,0.00023,0.00021,0.00003,0.00078,0.00007,0.0072,0.0,0.00018,0.00068,0.0021,0.0264,0.0004,0.00014,0.0432,0.00027,0.0019,0.00014,0.00004,0.00091,0.00024,0.0,0.0032,0.0039,0.00006,0.00023,0.0078,0.00032,0.00076,0.00004,0.00004,0.007,0.0309,0.0072,0.0016,0.0467,0.0025,0.0385,0.00003,0.0,0.00043,0.0031
37900065,0.0,0.0,0.0,0.0203,0.0013,0.083,0.3684,0.0038,0.0065,0.0,0.0,0.00002,0.00006,0.0072,0.0,0.0023,0.00026,0.00075,0.0529,0.00006,0.00002,0.0782,0.0,0.00026,0.0,0.0,0.00009,0.00002,0.0,0.00039,0.0024,0.0012,0.00029,0.015,0.00001,0.0,0.0,0.0,0.0019,0.003,0.00026,0.0505,0.0031,0.8686,0.0025,0.0,0.0,0.00001,0.00077
33484326,0.0,0.0,0.0001,0.0088,0.155,0.0011,0.0282,0.0088,0.00015,0.00001,0.00003,0.00008,0.00006,0.0394,0.0,0.00016,0.00094,0.00017,0.0063,0.00016,0.00005,0.0041,0.0081,0.0003,0.0,0.0,0.00009,0.00002,0.0,0.0004,0.0024,0.00002,0.00023,0.0047,0.00001,0.00003,0.00002,0.00004,0.0056,0.003,0.00049,0.0015,0.002,0.0025,0.0162,0.00004,0.0,0.00043,0.00023
33730906,0.0,0.0,0.0,0.00093,0.001,0.00052,0.0175,0.0185,0.00023,0.0,0.00001,0.0162,0.00006,0.1369,0.0,0.00018,0.0019,0.00071,0.00065,0.00024,0.005,0.0099,0.00008,0.00026,0.0,0.0,0.0547,0.00003,0.0,0.00033,0.0016,0.00003,0.00071,0.0907,0.0,0.0,0.0,0.00003,0.0019,0.0036,0.00032,0.033,0.044,0.0023,0.0162,0.0,0.0,0.00008,0.0248
34144146,0.0,0.0,0.0,0.0029,0.00064,0.0061,0.0147,0.0016,0.00015,0.00005,0.00007,0.00008,0.0011,0.0018,0.0,0.0013,0.0001,0.00017,0.0213,0.00008,0.00006,0.0099,0.00049,0.00026,0.0,0.0,0.00009,0.00002,0.0,0.00039,0.00057,0.00006,0.00056,0.008,0.00001,0.0,0.0,0.0,0.0056,0.00051,0.0012,0.0064,0.0221,0.0099,0.2791,0.0,0.0012,0.00002,0.0031
34851866,0.0,0.0,0.0,0.00093,0.00016,0.0061,0.9814,0.0049,0.00015,0.0,0.00002,0.00002,0.0025,0.00091,0.0,0.0122,0.0013,0.00008,0.0151,0.00006,0.00005,0.0415,0.00004,0.00045,0.0,0.0,0.00091,0.00001,0.0,0.00039,0.0089,0.00023,0.00014,0.0907,0.00001,0.0,0.0,0.0,0.0074,0.8364,0.0012,0.0505,0.0261,0.00083,0.00045,0.0,0.0,0.0,0.00013
35152856,0.0,0.0,0.00001,0.0039,0.0023,0.023,0.0175,0.0016,0.00037,0.00005,0.00002,0.00023,0.00006,0.0023,0.0,0.00037,0.00034,0.00038,0.0213,0.00024,0.00057,0.0099,0.00049,0.00045,0.0,0.00004,0.00091,0.0,0.00006,0.0032,0.0024,0.00006,0.00086,0.0017,0.00024,0.0,0.0,0.00004,0.0013,0.0016,0.0045,0.0176,0.0071,0.0041,0.1756,0.00003,0.0,0.00004,0.00041
35466396,0.0,0.0,0.0,0.00072,0.0,1.0,0.0056,0.00042,0.00015,0.0,0.00002,0.0,0.00002,0.00091,0.0,0.0,0.00021,0.00015,0.0015,0.0004,0.0,0.0075,0.00005,0.00023,0.0,0.0,0.0,0.00001,0.0,0.0001,0.00057,0.0,1.0,0.2655,0.0,0.0,0.0,0.0,0.0013,0.0,0.00012,0.0077,0.0,0.0041,1.0,0.0,1.0,0.0,0.00022
35288616,0.0,0.0,0.0,0.1443,0.00064,0.00035,0.0468,0.0358,0.00023,0.0,0.0,0.00023,0.0018,0.0728,0.0,0.00018,0.00021,0.00017,0.0213,0.00006,0.00002,0.035,0.00017,0.00026,0.0,0.0,0.00009,0.00003,0.00006,0.0032,0.0039,0.00023,0.00014,0.3964,0.00015,0.0,0.0,0.0,0.0194,0.0036,0.00036,0.0029,0.0055,0.446,0.0035,0.0,0.0,0.00002,0.00051
36173036,0.0,0.0,0.0,0.00072,0.001,0.0518,0.0039,0.0,0.00015,0.0,0.00001,0.00008,0.00006,0.0023,0.0,0.00018,0.00034,0.00017,0.0015,0.00008,0.00002,0.0123,0.0358,0.0003,0.00002,0.0,0.00009,0.00002,0.0,0.00039,0.01,0.00002,0.3935,0.00061,0.00001,0.0,0.00002,0.00003,0.0182,0.0013,0.001,0.0,0.0168,0.0041,0.968,0.00037,0.998,0.00003,0.0
36151446,0.0,0.0,0.00001,0.00045,0.8583,0.0035,0.0016,0.0015,0.00023,0.0,0.00002,0.00006,0.00006,0.00063,0.0,0.00016,0.00021,0.00017,0.00065,0.00022,0.00005,0.0224,0.00017,0.001,0.0,0.0,0.0034,0.0,0.0,0.00079,0.0017,0.00006,0.0026,0.0019,0.00015,0.00003,0.0,0.00034,0.0194,0.0026,0.00049,0.00084,0.00099,0.00083,0.6935,0.0,0.00063,0.00008,0.00013
36451226,0.0,0.0,0.00006,0.006,0.00049,0.014,0.9286,0.0133,0.00015,0.00001,0.00002,0.0125,0.00006,0.0072,0.0,0.00024,0.00021,0.00075,0.007,0.0193,0.0167,0.5921,0.00034,0.0003,0.0,0.0,0.2266,0.00001,0.0,0.0053,0.2351,0.00002,0.00029,0.5462,0.00001,0.00003,0.0,0.0,0.0152,0.8364,0.0019,0.0323,0.00081,0.0033,0.00086,0.00003,0.0,0.00002,0.0037
36897426,0.0,0.0,0.0,0.00044,0.00025,0.0022,0.00081,0.00069,0.00023,0.0,0.0,0.00078,0.00002,0.00063,0.0,0.00008,0.00021,0.00004,0.00056,0.00006,0.0,0.0018,0.00004,0.00045,0.0,0.0,0.00091,0.0,0.0,0.0001,0.0048,0.00006,0.9199,0.0017,0.00001,0.0,0.0,0.0,0.00089,0.0012,0.00032,0.00009,0.002,0.0014,0.8239,0.00004,0.998,0.00002,0.00013
37578236,0.0,0.0,0.00001,0.0123,0.0023,0.0022,0.0087,0.0024,0.00015,0.00001,0.00001,0.00008,0.00026,0.00091,0.0,0.0011,0.00021,0.00038,0.0187,0.00024,0.0048,0.0041,0.00027,0.00045,0.0,0.0,0.0019,0.00024,0.0,0.001,0.0013,0.00006,0.00086,0.0017,0.00001,0.0,0.00004,0.00003,0.004,0.0064,0.004,0.0016,0.0286,0.0049,0.0858,0.00003,0.0,0.00008,0.00013
34347327,0.0,0.0,0.00001,0.0015,0.00064,0.0012,0.0686,0.0185,0.00015,0.0,0.00002,0.00002,0.0115,0.0394,0.0,0.00037,0.00021,0.00038,0.0063,0.0108,0.00002,0.035,0.00005,0.00045,0.0,0.0,0.0003,0.00001,0.0,0.00033,0.0027,0.00006,0.00023,0.008,0.00001,0.00003,0.00003,0.0,0.0028,0.0874,0.00047,0.0105,0.0031,0.0716,0.0048,0.0,0.0,0.00004,0.00077
34484327,0.0,0.0,0.00001,0.0203,0.0033,0.0061,0.1021,0.0016,0.00015,0.00005,0.00002,0.00008,0.00026,0.0072,0.0,0.00024,0.00021,0.00038,0.0046,0.00099,0.00006,0.0018,0.00034,0.00056,0.00002,0.0,0.00034,0.00002,0.0,0.00039,0.0066,0.00023,0.00014,0.008,0.00015,0.0,0.00004,0.00004,0.0247,0.0212,0.0706,0.0635,0.0204,0.0037,0.0035,0.00003,0.0,0.00004,0.00022
35332187,0.00003,0.0,0.0001,0.1937,0.00064,0.00052,0.075,0.0247,0.00059,0.00001,0.00001,0.00023,0.00007,0.0039,0.0,0.0074,0.0013,0.00071,0.00056,0.00099,0.00005,0.2534,0.00005,0.00061,0.0,0.0,0.0003,0.00002,0.0,0.0026,0.0569,0.00003,0.00029,0.0269,0.0024,0.00003,0.00004,0.00018,0.0194,0.007,0.0019,0.001,0.005,0.0109,0.0021,0.0,0.0,0.00002,0.00023
35288967,0.0,0.0,0.0,0.00015,0.00016,0.4141,0.006,0.0015,0.00015,0.00005,0.00002,0.0034,0.00002,0.00049,0.0,0.00016,0.00068,0.00017,0.0018,0.0005,0.0,0.004,0.00004,0.00067,0.0,0.0,0.00009,0.0,0.0,0.0001,0.0013,0.00003,0.0498,0.008,0.00001,0.0,0.0,0.00004,0.0019,0.0018,0.00032,0.001,0.0648,0.0014,0.8239,0.00004,0.9956,0.00002,0.00006
35457347,0.00005,0.0,0.00049,0.0887,0.0035,0.0054,0.0478,0.0239,0.0011,0.00005,0.00002,0.00023,0.0011,0.0271,0.0,0.0023,0.0022,0.00019,0.0046,0.0015,0.00016,0.0123,0.00049,0.0019,0.0,0.00004,0.0055,0.0,0.0,0.0018,0.0024,0.00003,0.00071,0.0123,0.0078,0.00076,0.00013,0.0,0.0194,0.02,0.0019,0.0056,0.0027,0.0167,0.2278,0.00003,0.00004,0.00004,0.0097
35627807,0.0,0.0,0.0,0.00045,0.0033,0.023,0.9696,0.0016,0.00023,0.00001,0.00001,0.00006,0.00007,0.00049,0.0,0.002,0.00026,0.00017,0.00065,0.0052,0.00006,0.0544,0.00004,0.00026,0.0,0.0,0.00004,0.0,0.0,0.00013,0.00057,0.0,0.00014,0.0078,0.00001,0.0,0.0,0.0,0.0056,0.0413,0.0039,0.3884,0.00099,0.0049,0.0077,0.0,0.00002,0.0,0.00041
35948447,0.0,0.0,0.0,0.0061,0.00033,0.0027,0.0016,0.00069,0.00015,0.0,0.0,0.00002,0.00002,0.00026,0.0,0.00016,0.0001,0.00034,0.0025,0.00006,0.0,0.0419,0.00005,0.00067,0.00002,0.0,0.00004,0.00002,0.0,0.0001,0.076,0.0,0.9739,0.0014,0.00001,0.00003,0.00004,0.0,0.0028,0.0064,0.00026,0.00009,0.0027,0.0112,0.4624,0.00004,1.0,0.00004,0.0
36097997,0.0,0.0,0.0,0.00015,0.00016,0.0089,0.00076,0.0015,0.00015,0.0,0.0,0.00078,0.0,0.00011,0.0,0.0,0.0,0.0,0.00056,0.0,0.0,0.004,0.00005,0.00056,0.0,0.0,0.00092,0.00001,0.0,0.0,0.00062,0.00002,0.9824,0.00061,0.0,0.0,0.0,0.00003,0.0019,0.00037,0.00012,0.0,0.00072,0.0248,0.9767,0.00003,1.0,0.0,0.0
36377657,0.00003,0.0,0.0001,0.0023,0.0023,0.0089,0.0087,0.003,0.9091,0.00005,0.00001,0.00023,0.00006,0.0017,0.0,0.00016,0.0026,0.00038,0.007,0.00024,0.00006,0.0279,0.00049,0.00045,0.0,0.00004,0.00017,0.00004,0.0,0.0013,0.0012,0.00002,0.00029,0.0017,0.00024,0.00003,0.00003,0.00003,0.004,0.0036,0.00032,0.0016,0.002,0.0037,0.0074,0.00003,0.0,0.00002,0.00041
36423207,0.0,0.0,0.00001,0.00072,0.00064,0.1057,0.0,0.0022,0.00015,0.00005,0.00003,0.00023,0.0,0.0,0.0027,0.00016,0.0012,0.00038,0.00065,0.00006,0.0,0.0119,0.00017,0.00045,0.0,0.0,0.00004,0.00016,0.0,0.0013,0.021,0.00002,0.9147,0.0014,0.00001,0.00003,0.0,0.00004,0.0655,0.1174,0.00047,0.0,0.2244,0.0052,0.9573,0.0139,0.9956,0.00003,0.00023
36473277,0.0,0.0,0.00001,0.00072,0.00016,0.0315,0.0,0.00069,0.00015,0.0,0.00001,0.00078,0.00002,0.00063,0.0,0.00008,0.00068,0.00017,0.0107,0.00099,0.00002,0.0525,0.001,0.00026,0.0,0.0,0.00009,0.00001,0.0,0.00013,0.021,0.00003,0.4565,0.0014,0.00015,0.0,0.0,0.0,0.0254,0.003,0.00026,0.0,0.002,0.00083,0.9573,0.00044,0.9895,0.00002,0.00022
37037287,0.0,0.0,0.0,0.006,0.0014,0.0008,0.0501,0.0038,0.00015,0.00005,0.00002,0.00002,0.0007,0.0271,0.0,0.00024,0.00015,0.00019,0.0264,0.0031,0.00002,0.274,0.00017,0.00073,0.00014,0.0,0.0079,0.00002,0.0,0.0018,0.0012,0.00002,0.00029,0.0035,0.00001,0.0,0.0,0.00028,0.00089,0.0647,0.0021,0.0012,0.0045,0.0204,0.0025,0.0,0.0,0.00008,0.0013
37155177,0.0,0.0,0.0,0.002,0.001,0.0027,0.8728,0.00042,0.00023,0.00005,0.00001,0.00002,0.00006,0.0059,0.0025,0.0357,0.0001,0.00038,0.0165,0.0108,0.00005,0.2442,0.00005,0.0019,0.0,0.0,0.00055,0.0,0.0,0.00033,0.01,0.00017,0.0042,0.1357,0.00001,0.0,0.0,0.00004,0.0509,0.8364,0.00049,0.0407,0.0027,0.1504,0.0039,0.0,0.00002,0.00002,0.0011
37459647,0.00003,0.0,0.00006,0.0029,0.0026,0.0027,0.0087,0.0022,0.004,0.00005,0.00003,0.00023,0.00006,0.0162,0.00002,0.00024,0.0047,0.00039,0.0031,0.00008,0.00005,0.0224,0.00049,0.00073,0.0,0.00004,0.0003,0.00002,0.00006,0.00039,0.00086,0.00006,0.0016,0.0029,0.00015,0.00003,0.00013,0.00004,0.003,0.0026,0.004,0.00033,0.0261,0.0041,0.9741,0.00004,0.0012,0.00001,0.00051
33319488,0.0,0.0,0.0,0.0029,0.001,0.0008,0.0686,0.0012,0.00015,0.00001,0.00001,0.00002,0.00006,0.00091,0.0,0.0314,0.00021,0.00039,0.0046,0.00008,0.00014,0.0081,0.0,0.00045,0.00014,0.0,0.0019,0.00001,0.0,0.00033,0.0024,0.00023,0.00014,0.0047,0.00015,0.0,0.0,0.00004,0.0044,0.0029,0.0171,0.033,0.0027,0.0033,0.0013,0.00004,0.0,0.00004,0.00022
34057668,0.0,0.00002,0.0,0.006,0.0012,0.0008,0.0056,0.0012,0.00015,0.00005,0.00002,0.00023,0.00006,0.0202,0.0,0.00018,0.00015,0.00017,0.0031,0.00093,0.00005,0.0029,0.00005,0.0003,0.0,0.0,0.00091,0.00016,0.0,0.00013,0.0066,0.00002,0.00029,0.0047,0.00001,0.0,0.00002,0.0,0.0014,0.0058,0.00047,0.0016,0.0978,0.0156,0.0077,0.0,0.0,0.00004,0.00077
34120128,0.0,0.0,0.00001,0.006,0.0012,0.0035,0.0147,0.0016,0.00015,0.00001,0.0,0.00002,0.00006,0.00091,0.0,0.00024,0.0012,0.00039,0.0269,0.00024,0.0032,0.0017,0.00017,0.00067,0.0,0.00004,0.00009,0.00003,0.0,0.00033,0.0016,0.00002,0.0042,0.0035,0.00024,0.0,0.00013,0.00066,0.0019,0.0133,0.001,0.0012,0.0261,0.0014,0.3174,0.0,0.00002,0.00002,0.00051
34445158,0.0,0.0,0.00001,0.0017,0.001,0.0027,0.0478,0.0247,0.00023,0.00001,0.00001,0.00008,0.00006,0.0018,0.0,0.00024,0.00034,0.00017,0.00056,0.00006,0.00014,0.0415,0.00005,0.00067,0.0,0.0,0.00055,0.00003,0.0,0.00079,0.0024,0.00002,0.00029,0.0063,0.00001,0.0,0.00004,0.00018,0.0079,0.0333,0.004,0.002,0.0108,0.0112,0.0025,0.00003,0.0,0.00003,0.00013
35154618,0.0,0.0,0.00001,0.0268,0.0012,0.0027,0.0175,0.0133,0.00023,0.00005,0.00002,0.00078,0.00007,0.0261,0.00002,0.0013,0.00021,0.00038,0.0164,0.00025,0.00005,0.035,0.00027,0.00056,0.0,0.0,0.00017,0.00036,0.0,0.0002,0.0017,0.00002,0.00041,0.0047,0.00009,0.0,0.0,0.00004,0.1646,0.0179,0.00047,0.0105,0.0168,0.0239,0.0513,0.00003,0.0,0.00008,0.002
35941828,0.0,0.0,0.0001,0.00072,0.00064,0.0022,0.1021,0.0403,0.004,0.0,0.0,0.00004,0.00002,0.00049,0.0,0.0122,0.00015,0.00017,0.00056,0.0004,0.00002,0.5304,0.00011,0.0003,0.00002,0.0,0.0251,0.00004,0.0,0.0053,0.021,0.0,0.00023,0.1538,0.00001,0.0,0.00002,0.00003,0.0019,0.1087,0.00032,0.0505,0.0071,0.0677,0.0013,0.0,0.0,0.0002,0.00013
36154448,0.00005,0.00002,0.0164,0.00093,0.0083,0.0668,0.0056,0.003,0.0027,0.00019,0.00002,0.00078,0.00006,0.00091,0.0,0.0013,0.0047,0.0013,0.0031,0.0005,0.00005,0.0224,0.00049,0.0176,0.00002,0.00004,0.00055,0.00024,0.00038,0.0039,0.0048,0.00006,0.0141,0.0014,0.0022,0.0036,0.0018,0.00004,0.0152,0.007,0.004,0.00084,0.0168,0.0112,0.8787,0.0361,0.9597,0.00014,0.00041
36327898,0.00005,0.0,0.00018,0.00072,0.00016,0.0089,0.0016,0.00042,0.00023,0.00019,0.00007,0.00004,0.00006,0.00041,0.0,0.00008,0.0047,0.00017,0.00056,0.00006,0.00061,0.0003,0.00034,0.0263,0.0,0.0,0.00009,0.00024,0.0,0.00013,0.001,0.00003,0.0029,0.0012,0.00015,0.00033,0.00013,0.0,0.0074,0.003,0.00032,0.00006,0.002,0.0013,0.9806,0.0,0.00006,0.0,0.00022
36399268,0.00003,0.0,0.00006,0.0029,0.00064,0.00088,0.0213,0.0015,0.0083,0.00082,0.00007,0.0001,0.00007,0.00091,0.0,0.0013,0.0047,0.00017,0.013,0.00089,0.00006,0.0052,0.0037,0.00067,0.0,0.00004,0.0021,0.00004,0.0,0.001,0.0012,0.00006,0.00029,0.0047,0.00015,0.00003,0.0,0.00004,0.0044,0.0084,0.00099,0.00084,0.0027,0.0041,0.3779,0.00004,0.0,0.00004,0.0037
37287318,0.0,0.00002,0.0001,0.002,0.0014,0.1798,0.0133,0.0045,0.00015,0.00005,0.00002,0.00023,0.00006,0.0023,0.0,0.00018,0.0019,0.00017,0.0025,0.00099,0.00002,0.0207,0.0,0.0015,0.0,0.0,0.00009,0.00004,0.0,0.001,0.00095,0.00006,0.0352,0.008,0.00001,0.00003,0.00003,0.0103,0.00089,0.00084,0.00032,0.0077,0.0845,0.0014,0.9094,0.0126,0.0135,0.00002,0.0
33951249,0.0,0.0,0.0,0.002,0.0013,0.0011,0.0175,0.0987,0.00015,0.0,0.0,0.00002,0.00007,0.0507,0.0,0.00016,0.00021,0.00038,0.0046,0.0007,0.00002,0.1166,0.0081,0.00026,0.0,0.0,0.0417,0.00001,0.0,0.00033,0.0146,0.00017,0.00029,0.0149,0.00001,0.0,0.0,0.0,0.0074,0.1087,0.00099,0.00033,0.0168,0.0054,0.0039,0.0,0.0,0.0042,0.00061
33772349,0.0,0.0,0.0,0.0061,0.00016,0.00052,0.0175,0.0016,0.00023,0.0,0.0,0.00008,0.00007,0.1551,0.086,0.0013,0.00068,0.00038,0.0323,0.00006,0.00005,0.00081,0.00004,0.00045,0.0,0.0,0.00021,0.0,0.0,0.0018,0.0024,0.00003,0.00086,0.0063,0.00001,0.0,0.0,0.0,0.077,0.0026,0.00036,0.0016,0.1322,0.1121,0.0162,0.00003,0.00002,0.00002,0.0037
34077429,0.0,0.0,0.0,0.0095,0.0042,0.0071,0.2162,0.0088,0.00059,0.00021,0.00007,0.00002,0.0053,0.00041,0.0,0.0554,0.0047,0.00038,0.00065,0.00099,0.00002,0.0525,0.00004,0.0003,0.0,0.0,0.00017,0.00002,0.0,0.0032,0.0066,0.00003,0.00086,0.0014,0.0064,0.00003,0.00002,0.00066,0.00039,0.0058,0.0019,0.0169,0.0112,0.0112,0.0076,0.0,0.0,0.00002,0.00013
34389509,0.0,0.0,0.0,0.00015,0.00033,0.2886,0.0,0.00042,0.00015,0.0,0.0,0.00002,0.0,0.00041,0.0,0.0,0.00021,0.0,0.0015,0.00022,0.0,0.0075,0.00017,0.00045,0.0,0.0,0.0024,0.0,0.0,0.00033,0.00077,0.0,0.4815,0.0014,0.00001,0.0,0.0,0.00003,0.00089,0.00051,0.00047,0.0,0.0027,0.0023,0.9864,0.00004,0.9961,0.00002,0.00006
34549339,0.0,0.00002,0.0001,0.0203,0.0012,0.0022,0.025,0.0133,0.00015,0.00005,0.00002,0.0001,0.00007,0.0162,0.0,0.0017,0.00034,0.00017,0.0018,0.0004,0.00005,0.0123,0.00005,0.00045,0.0,0.00004,0.00034,0.00024,0.00006,0.0039,0.00095,0.00006,0.00029,0.0143,0.00015,0.00003,0.00004,0.00004,0.0254,0.0058,0.004,0.0016,0.005,0.0033,0.0942,0.00004,0.0,0.00016,0.00023
35041849,0.0,0.00002,0.0,0.0061,0.001,0.00052,0.0282,0.0015,0.00015,0.0,0.0,0.00002,0.00006,0.0023,0.0,0.00018,0.0001,0.00075,0.007,0.00024,0.00014,0.0055,0.0,0.00045,0.00002,0.0,0.00039,0.0,0.0,0.00079,0.001,0.00017,0.00029,0.0012,0.00001,0.0,0.0,0.00043,0.0019,0.0013,0.0944,0.0016,0.0112,0.00083,0.0062,0.00003,0.0,0.00008,0.00077
35579989,0.0,0.0,0.00001,0.0203,0.00049,0.0315,0.1395,0.0133,0.0053,0.0092,0.00002,0.0,0.00006,0.0097,0.0,0.00022,0.0496,0.00017,0.0019,0.00008,0.00005,0.0949,0.00017,0.003,0.0,0.0,0.00009,0.0,0.0,0.0026,0.00077,0.0,0.0016,0.3689,0.0024,0.0,0.00002,0.0,0.0014,0.0064,0.00015,0.0056,0.0027,0.0716,0.0021,0.0,0.00004,0.00001,0.00041
35759349,0.0,0.0,0.0,0.2304,0.00016,0.0012,0.2712,0.0016,0.00015,0.00005,0.00002,0.00002,0.0156,0.0023,0.0,0.3177,0.00026,0.00019,0.00021,0.0018,0.00005,0.0279,0.00027,0.00045,0.0,0.0,0.00009,0.00002,0.0,0.00013,0.0039,0.00003,0.00029,0.0014,0.00001,0.0,0.0,0.0,0.0079,0.0053,0.00036,0.0906,0.0027,0.0023,0.0025,0.0,0.0,0.0002,0.00022
36114949,0.0,0.0,0.00001,0.00015,0.00064,0.0668,0.9286,0.0015,0.0012,0.00005,0.00002,0.00008,0.00006,0.0023,0.0,0.6504,0.0012,0.00038,0.0,0.00006,0.00002,0.0268,0.00004,0.00045,0.0,0.0,0.00009,0.00002,0.0,0.0177,0.0024,0.0,0.0196,0.3079,0.00001,0.0,0.00002,0.0,0.0043,0.0498,0.00026,0.7939,0.00081,0.1119,0.0025,0.0,0.0,0.00003,0.00044
37465679,0.00005,0.00002,0.0001,0.0039,0.00064,0.0011,0.0361,0.009,0.0015,0.00005,0.00001,0.0001,0.00006,0.005,0.0,0.00024,0.00068,0.00071,0.0041,0.00016,0.00005,0.0079,0.00017,0.00067,0.0,0.00004,0.00009,0.00004,0.00006,0.00033,0.0016,0.00003,0.00023,0.013,0.00015,0.00005,0.00003,0.00004,0.00039,0.0026,0.025,0.0012,0.0074,0.0013,0.0021,0.00004,0.0001,0.00004,0.00023
37734899,0.0,0.0,0.00001,0.0029,0.00016,0.0027,0.0031,0.2425,0.00015,0.00005,0.00002,0.00008,0.00002,0.011,0.0,0.00008,0.0019,0.00017,0.0019,0.00006,0.00005,0.0123,0.0005,0.0014,0.0,0.0,0.00009,0.00002,0.0,0.00079,0.00057,0.00002,0.00029,0.1778,0.00015,0.0,0.00002,0.00043,0.004,0.0013,0.00015,0.00009,0.002,0.845,0.0513,0.00003,0.00027,0.00016,0.0
34151886,0.0,0.00002,0.0,0.0034,0.0821,0.00095,0.2162,0.0185,0.00015,0.00001,0.00001,0.00078,0.0053,0.0017,0.0,0.0013,0.00026,0.00075,0.0264,0.7732,0.00076,0.1414,0.00005,0.00045,0.0,0.0,0.0159,0.00016,0.0,0.0111,0.0013,0.00023,0.00041,0.0124,0.00001,0.00003,0.0,0.0,0.0023,0.007,0.00036,0.0095,0.0227,0.039,0.0025,0.0,0.0,0.00002,0.00077
34230446,0.0,0.0,0.0,0.0034,0.9833,0.0011,0.0039,0.0056,0.00015,0.0,0.0,0.00004,0.00006,0.00063,0.00002,0.00016,0.0001,0.00017,0.00065,0.00024,0.00002,0.0613,0.0,0.00026,0.0,0.0,0.00017,0.0,0.00006,0.001,0.0013,0.0,0.00029,0.0029,0.00015,0.0,0.00002,0.00003,0.0028,0.00037,0.00047,0.00033,0.0027,0.0014,0.0021,0.0,0.0,0.00016,0.00013
34477946,0.0,0.0,0.00001,0.00093,0.0012,0.0022,0.0147,0.0012,0.00015,0.0,0.00002,0.00008,0.00006,0.00075,0.0,0.00024,0.00021,0.00034,0.0164,0.00089,0.00005,0.0029,0.00027,0.00023,0.0,0.0,0.00055,0.00025,0.0,0.001,0.00057,0.00002,0.00029,0.0007,0.00001,0.0,0.00004,0.00003,0.0013,0.0013,0.00026,0.0056,0.00099,0.0014,0.0021,0.0,0.0,0.00008,0.008
34500626,0.0,0.0,0.0,0.00072,0.00033,0.0011,0.0056,0.00042,0.00023,0.0,0.00001,0.00002,0.00007,0.0023,0.0,0.0013,0.00021,0.00017,0.0036,0.00024,0.00006,0.00031,0.0,0.00026,0.0,0.0,0.00004,0.00002,0.0,0.0018,0.0016,0.0,0.00023,0.0014,0.00001,0.0,0.0,0.0,0.00089,0.0088,0.0368,0.00084,0.00099,0.0025,0.0035,0.0,0.0,0.00002,0.00077
35439116,0.00003,0.00002,0.00018,0.006,0.0052,0.0089,0.0138,0.0024,0.0236,0.00036,0.00003,0.00023,0.00007,0.003,0.0,0.002,0.012,0.00038,0.007,0.0015,0.00014,0.0123,0.00036,0.0498,0.00002,0.00015,0.00034,0.00002,0.00006,0.0111,0.0017,0.00003,0.00086,0.008,0.0394,0.00003,0.00013,0.00004,0.0079,0.0088,0.0012,0.0018,0.0323,0.0054,0.4496,0.00004,0.0,0.00003,0.00077
36203746,0.00003,0.0,0.0011,0.002,0.0519,0.0057,0.0175,0.0015,0.0053,0.0012,0.00003,0.00078,0.0005,0.0072,0.0,0.00016,0.0098,0.00017,0.0025,0.00024,0.00057,0.0279,0.0005,0.0129,0.0,0.00053,0.00039,0.00036,0.00006,0.0018,0.0016,0.00006,0.00023,0.0063,0.00015,0.00065,0.00013,0.00004,0.0013,0.0058,0.0045,0.0018,0.00099,0.0112,0.8239,0.0,0.0001,0.00016,0.00022
36370926,0.0,0.00002,0.0,0.0017,0.0012,0.00094,0.0147,0.0073,0.00015,0.00001,0.00001,0.00065,0.00039,0.0023,0.0,0.00022,0.00021,0.00038,0.0151,0.00024,0.00006,0.0099,0.00017,0.00045,0.00002,0.0,0.0033,0.00003,0.0,0.0018,0.00086,0.00003,0.00029,0.0063,0.00001,0.0,0.00003,0.00004,0.0044,0.0026,0.0171,0.00054,0.005,0.0099,0.0048,0.00003,0.0,0.00073,0.0013
36472596,0.0,0.0,0.0,0.00015,0.00033,0.0012,0.9909,0.0024,0.00015,0.00019,0.00007,0.0,0.00064,0.00011,0.0,0.2294,0.00021,0.00008,0.0031,0.00016,0.00005,0.1166,0.00005,0.00045,0.0,0.0,0.00055,0.00002,0.0,0.0032,0.0024,0.00002,0.0345,0.8263,0.00015,0.00003,0.00004,0.0,0.0152,0.0064,0.00012,0.5875,0.0043,0.0959,0.00096,0.0,0.00006,0.0,0.00013
36601776,0.00003,0.00002,0.0001,0.0017,0.0013,0.0448,0.016,0.003,0.00037,0.00019,0.00007,0.00023,0.00006,0.00049,0.0,0.00024,0.0013,0.0013,0.00065,0.00022,0.00076,0.0029,0.00049,0.003,0.00002,0.0,0.00009,0.0006,0.00006,0.00033,0.00077,0.00002,0.00029,0.0029,0.00015,0.00005,0.00004,0.0,0.0056,0.007,0.0012,0.00084,0.0071,0.007,0.8394,0.00003,0.0001,0.00002,0.00041
37590406,0.00005,0.00002,0.00001,0.0046,0.0038,0.0011,0.0031,0.0054,0.00023,0.00021,0.00002,0.00006,0.00006,0.0072,0.0,0.00022,0.0013,0.00038,0.0031,0.00022,0.00014,0.0224,0.001,0.00045,0.0,0.00015,0.00091,0.00024,0.00006,0.001,0.0039,0.00017,0.00029,0.0021,0.00015,0.00006,0.00004,0.00003,0.0112,0.0133,0.0072,0.00054,0.0062,0.0393,0.0076,0.00004,0.00002,0.00003,0.0031
37783096,0.0,0.0,0.00001,0.002,0.00049,0.023,0.0213,0.1132,0.0018,0.00005,0.00002,0.00002,0.00026,0.0072,0.0,0.0011,0.0019,0.00017,0.0035,0.00093,0.00005,0.0224,0.00027,0.008,0.00002,0.0,0.0079,0.00004,0.00006,0.0039,0.0066,0.0,0.00071,0.0621,0.00015,0.0,0.00004,0.00003,0.004,0.0013,0.004,0.00084,0.002,0.1333,0.0076,0.0,0.00004,0.00008,0.0087
37787796,0.0,0.0,0.00001,0.0,0.00033,0.0035,0.7908,0.00069,0.00037,0.00005,0.00002,0.00008,0.00006,0.00049,0.0,0.0732,0.00021,0.00014,0.0018,0.0031,0.00005,0.2337,0.0,0.00067,0.00002,0.0,0.00017,0.0,0.0,0.00013,0.0081,0.00002,0.00014,0.8263,0.00001,0.0,0.00003,0.00004,0.00053,0.0498,0.00026,0.0335,0.002,0.0986,0.0162,0.0,0.00002,0.00043,0.00041
33762687,0.0,0.00002,0.00007,0.002,0.0103,0.014,0.0213,0.0024,0.00023,0.00005,0.00002,0.00004,0.00006,0.0023,0.0,0.00018,0.00068,0.00019,0.013,0.00016,0.00016,0.0066,0.00027,0.00056,0.00002,0.0,0.0024,0.00004,0.00006,0.0053,0.0016,0.00003,0.00071,0.0029,0.00015,0.00003,0.00004,0.00003,0.003,0.0372,0.0045,0.002,0.1121,0.0099,0.0121,0.00003,0.00002,0.00073,0.00044
34708477,0.0,0.0,0.0,0.0029,0.00064,0.0011,0.0056,0.0987,0.00023,0.00005,0.00001,0.0034,0.00007,0.0394,0.0,0.00016,0.00068,0.00019,0.0035,0.00057,0.00076,0.0119,0.00049,0.003,0.0,0.0,0.00035,0.00002,0.0,0.001,0.029,0.00003,0.006,0.0074,0.00001,0.0,0.0,0.0,0.046,0.0151,0.00036,0.002,0.3632,0.0054,0.0077,0.0,0.0,0.00073,0.0187
34775687,0.0,0.0,0.0,0.00045,0.001,0.023,0.0603,0.0133,0.00023,0.00005,0.00001,0.0001,0.00006,0.0271,0.0,0.00024,0.00034,0.00004,0.0031,0.00006,0.00006,0.0949,0.00027,0.00027,0.00014,0.0,0.0033,0.00002,0.0,0.0026,0.0024,0.00002,0.00034,0.0063,0.00009,0.0,0.0,0.0,0.0509,0.3236,0.00032,0.00054,0.002,0.0442,0.0121,0.0,0.0,0.00008,0.00023
34787377,0.00005,0.00002,0.0001,0.0379,0.0121,0.023,0.0468,0.0088,0.004,0.00021,0.00007,0.00078,0.00007,0.0162,0.0,0.00037,0.004,0.00038,0.0025,0.00093,0.00006,0.0123,0.0015,0.008,0.00002,0.00004,0.00091,0.0006,0.00038,0.0032,0.0024,0.00003,0.00014,0.0063,0.004,0.00065,0.00013,0.00004,0.0056,0.0053,0.0012,0.0176,0.0097,0.0099,0.0077,0.00004,0.00002,0.00014,0.00054
35049207,0.0,0.0,0.0,0.0003,0.9865,0.00035,0.00084,0.00069,0.00037,0.00001,0.00007,0.0,0.00002,0.00041,0.0,0.00016,0.00021,0.00014,0.00065,0.0004,0.00002,0.0123,0.00004,0.00067,0.0,0.0,0.00004,0.0,0.0,0.0177,0.00013,0.00002,0.00029,0.0063,0.00001,0.0,0.0,0.0,0.004,0.0012,0.00099,0.00023,0.00072,0.0041,0.0795,0.0,0.0,0.00001,0.00023
35478467,0.0,0.0,0.0,0.0379,0.001,0.00052,0.0147,0.0088,0.00023,0.00001,0.00001,0.00023,0.00006,0.0063,0.0,0.00024,0.00026,0.00038,0.00065,0.00024,0.00005,0.0029,0.00036,0.0003,0.0,0.0,0.0024,0.00002,0.00006,0.00017,0.00095,0.00006,0.00029,0.0014,0.00015,0.00006,0.0,0.0,0.0044,0.0029,0.00047,0.0066,0.0027,0.0506,0.0121,0.0,0.0,0.00002,0.00051
37308987,0.00003,0.00002,0.0001,0.0061,0.0023,0.0035,0.0089,0.0073,0.00059,0.00019,0.00002,0.00023,0.00007,0.0023,0.0,0.00018,0.00047,0.00019,0.0035,0.00024,0.00005,0.0079,0.0015,0.0011,0.0,0.00004,0.00017,0.00004,0.0,0.0032,0.00076,0.00003,0.00029,0.008,0.00015,0.00006,0.0,0.0,0.0056,0.0012,0.0065,0.0042,0.0057,0.0201,0.0162,0.00004,0.0,0.00002,0.00022
36724557,0.0,0.0,0.0,0.0095,0.0023,0.00052,0.0087,0.003,0.00015,0.00001,0.00002,0.00004,0.00064,0.0072,0.0,0.0017,0.00026,0.00038,0.0031,0.00016,0.00002,0.0048,0.00005,0.00067,0.0,0.0,0.00092,0.00002,0.0,0.00017,0.00057,0.0,0.0016,0.0014,0.00001,0.0,0.0,0.00004,0.0028,0.0026,0.0021,0.00084,0.0108,0.0023,0.0942,0.00003,0.0,0.00004,0.0017
34663648,0.0,0.0,0.00007,0.0003,0.0023,0.023,0.9859,0.0015,0.00015,0.0,0.00002,0.00002,0.00064,0.00091,0.0,0.002,0.00021,0.00008,0.00021,0.00033,0.00076,0.0123,0.00017,0.00045,0.0,0.0,0.00091,0.00004,0.0,0.0032,0.00057,0.00003,0.00029,0.1851,0.00001,0.00003,0.0,0.00004,0.0014,0.8364,0.00015,0.2903,0.0261,0.0014,0.0013,0.00004,0.0,0.00002,0.0031
33278568,0.0,0.0,0.0,0.00072,0.00016,0.00052,0.2429,0.00042,0.00015,0.00001,0.00001,0.00023,0.00039,0.0014,0.0,0.0013,0.00021,0.00071,0.0063,0.00024,0.00006,0.0055,0.0,0.00026,0.00002,0.0,0.00017,0.0,0.0,0.00017,0.00013,0.00002,0.00014,0.0078,0.00001,0.0,0.0,0.00003,0.0014,0.0013,0.0706,0.0906,0.0168,0.0014,0.0052,0.00003,0.0,0.00001,0.00041
33407388,0.0,0.0,0.00001,0.0046,0.0014,0.00052,0.0016,0.0088,0.00015,0.0,0.0,0.00002,0.00006,0.0585,0.0,0.00008,0.0,0.00038,0.0031,0.00024,0.00005,0.035,0.00036,0.0019,0.0,0.0,0.00017,0.00001,0.00006,0.0002,0.009,0.00002,0.00023,0.0749,0.00001,0.0,0.0,0.0,0.0028,0.00037,0.00049,0.0042,0.00099,0.9086,0.0942,0.0,0.0,0.00002,0.00054
33736678,0.0,0.0,0.0,0.0,0.00016,0.0089,0.9933,0.0,0.00023,0.00001,0.0,0.00006,0.0007,0.00075,0.0,0.4194,0.0001,0.00071,0.0019,0.0015,0.00002,0.1166,0.00005,0.00045,0.0,0.0,0.00004,0.0,0.0,0.00013,0.00077,0.00003,0.00014,0.8263,0.00009,0.0,0.0,0.0,0.0509,0.2267,0.00099,0.7939,0.00099,0.0054,0.00045,0.0,0.0,0.0,0.00022
33837088,0.00027,0.00002,0.0037,0.0039,0.0573,0.0147,0.0282,0.0088,0.0144,0.00082,0.00003,0.00078,0.00026,0.0072,0.0,0.0013,0.0047,0.00071,0.0035,0.00099,0.00016,0.0148,0.00027,0.0052,0.00014,0.0034,0.00091,0.00025,0.0024,0.0074,0.0024,0.00006,0.00041,0.0047,0.0101,0.0036,0.00022,0.00004,0.0056,0.009,0.0021,0.0042,0.0062,0.0059,0.0795,0.00004,0.0,0.00008,0.00077
34250608,0.0,0.0,0.00007,0.0203,0.0014,0.0057,0.0468,0.0683,0.00015,0.00005,0.00002,0.00023,0.0007,0.0072,0.0,0.00024,0.0013,0.00038,0.0035,0.00093,0.00005,0.035,0.00017,0.001,0.0,0.0,0.0015,0.00002,0.0,0.00039,0.0024,0.00017,0.00023,0.1357,0.00015,0.0,0.00004,0.0,0.0155,0.0036,0.0021,0.0015,0.0978,0.0716,0.0021,0.0,0.0,0.00008,0.00051
34726298,0.00003,0.0,0.0001,0.006,0.0021,0.00073,0.0056,0.0016,0.00023,0.00005,0.00002,0.00023,0.00006,0.00075,0.0,0.00024,0.00068,0.00038,0.0017,0.00016,0.00005,0.0101,0.00017,0.0012,0.0,0.0,0.00009,0.00002,0.0,0.00039,0.0017,0.00002,0.00029,0.0014,0.00032,0.00005,0.00013,0.00003,0.0044,0.0013,0.0019,0.0013,0.0031,0.0059,0.05,0.0,0.0,0.00004,0.00023
34989158,0.00005,0.0,0.0001,0.00072,0.9313,0.0013,0.0087,0.0016,0.00015,0.00005,0.00002,0.00023,0.00006,0.00049,0.00002,0.0053,0.0001,0.00038,0.0025,0.00057,0.00005,0.0899,0.00017,0.00067,0.0,0.0,0.00039,0.00016,0.00006,0.00033,0.00057,0.00006,0.00097,0.0014,0.00015,0.0276,0.0,0.00003,0.0028,0.0013,0.00099,0.0029,0.005,0.0023,0.0225,0.0,0.0,0.00004,0.00013
35488938,0.0,0.0,0.00006,0.0143,0.00049,0.00052,0.2052,0.00069,0.00023,0.0,0.00007,0.0014,0.00002,0.1305,0.0,0.00022,0.00068,0.00038,0.0025,0.0847,0.0032,0.5921,0.00017,0.0003,0.0,0.0,0.00091,0.00002,0.0,0.00033,0.0048,0.00003,0.00034,0.0532,0.00001,0.0,0.0,0.0,0.0152,0.0309,0.00036,0.0249,0.0648,0.0041,0.0062,0.0,0.0,0.00002,0.00041
36804978,0.00005,0.00002,0.0037,0.0046,0.0069,0.0225,0.0175,0.0088,0.0093,0.00082,0.00007,0.0034,0.0007,0.0041,0.0,0.0017,0.0047,0.00039,0.0095,0.0015,0.00014,0.0782,0.00095,0.0101,0.00002,0.00078,0.00055,0.00025,0.00038,0.0119,0.0016,0.00003,0.0042,0.0113,0.0394,0.00076,0.0018,0.00004,0.0079,0.0151,0.0026,0.0042,0.0074,0.0099,0.0795,0.00037,0.0,0.00008,0.00051
37550718,0.0,0.0,0.0,0.00044,0.00016,0.0315,0.9956,0.00013,0.00015,0.0,0.00002,0.0,0.00026,0.00063,0.0,0.9073,0.00015,0.0,0.00056,0.00024,0.00005,0.1279,0.00017,0.00026,0.0,0.0,0.00034,0.0,0.0,0.0018,0.0017,0.00006,0.00014,0.0022,0.00001,0.0,0.0,0.00043,0.0028,0.8664,0.00015,0.5269,0.00099,0.0051,0.0035,0.0,0.0,0.00002,0.00023
33737669,0.0,0.0,0.0,0.006,0.00049,0.0011,0.0087,0.0185,0.00023,0.00005,0.00002,0.00023,0.00007,0.0023,0.0,0.00024,0.00021,0.0019,0.0187,0.00022,0.00057,0.0075,0.0081,0.00026,0.00002,0.0,0.00009,0.00002,0.0,0.00039,0.003,0.00017,0.00071,0.0028,0.00015,0.0,0.0,0.00003,0.0205,0.0018,0.004,0.00054,0.015,0.0033,0.00096,0.00004,0.0,0.00016,0.0073
34894769,0.0,0.0,0.0,0.0029,0.00033,0.0105,0.107,0.0133,0.00015,0.0,0.00002,0.00008,0.00002,0.0014,0.0,0.0,0.00015,0.00038,0.0041,0.00099,0.00005,0.0017,0.00017,0.00026,0.0,0.0,0.0417,0.00004,0.0,0.00013,0.00095,0.00023,0.00029,0.0143,0.00001,0.0,0.0,0.0,0.0019,0.0053,0.00032,0.00054,0.0027,0.0099,0.0013,0.0,0.0,0.00004,0.00061
35083609,0.0,0.0,0.00006,0.0135,0.0023,0.0027,0.0147,0.0088,0.00062,0.00005,0.00003,0.00023,0.00006,0.011,0.0,0.0013,0.0014,0.00071,0.0031,0.0005,0.00006,0.0224,0.00008,0.0019,0.0,0.00004,0.00039,0.00036,0.00006,0.0023,0.0048,0.00006,0.0026,0.0047,0.00015,0.00003,0.00002,0.0,0.0056,0.0133,0.0019,0.001,0.0288,0.0054,0.678,0.00003,0.00063,0.00002,0.00061
35180229,0.0,0.0,0.0,0.0023,0.00016,0.0027,0.9814,0.0025,0.00015,0.0,0.00002,0.00002,0.0011,0.0017,0.00002,0.0053,0.00021,0.00017,0.007,0.7732,0.00014,0.1414,0.00027,0.00045,0.0,0.0,0.00039,0.0,0.0,0.00017,0.0993,0.0,0.00029,0.0532,0.00001,0.0,0.0,0.0,0.0028,0.0498,0.00015,0.7832,0.0146,0.00063,0.00096,0.0,0.0,0.00004,0.00041
35124649,0.0,0.0,0.0,0.0135,0.0012,0.1198,0.9696,0.00013,0.00023,0.00001,0.00001,0.00023,0.00064,0.0072,0.0,0.00022,0.00021,0.00017,0.0035,0.0015,0.00014,0.0123,0.00004,0.00026,0.0,0.0,0.00091,0.00002,0.0,0.00017,0.1305,0.0,0.0026,0.8263,0.00001,0.0,0.0,0.0,0.0015,0.007,0.00099,0.5568,0.00099,0.0033,0.00096,0.0,0.0,0.00016,0.00013
35274469,0.0,0.0,0.0,0.2928,0.00064,0.0008,0.0857,0.0016,0.00015,0.00005,0.00002,0.00004,0.00007,0.0072,0.0025,0.0023,0.00021,0.00019,0.0688,0.0004,0.00014,0.0029,0.00027,0.00026,0.00002,0.0,0.0015,0.00002,0.0,0.00079,0.00095,0.00017,0.00071,0.0364,0.00001,0.0,0.00003,0.00004,0.0205,0.0047,0.0039,0.0077,0.0112,0.0014,0.0021,0.0,0.0,0.00004,0.00077
35410629,0.0,0.0,0.00007,0.0029,0.0052,0.00095,0.0133,0.0024,0.00015,0.00005,0.00002,0.00008,0.00007,0.0072,0.0,0.00022,0.00021,0.00039,0.0046,0.0015,0.00006,0.004,0.00011,0.001,0.0,0.0,0.0003,0.0,0.0,0.0004,0.0012,0.00006,0.00023,0.0063,0.00015,0.0,0.00004,0.00004,0.0023,0.0152,0.0171,0.0029,0.002,0.0167,0.0021,0.00003,0.0,0.00002,0.00061
35578869,0.0,0.0,0.00006,0.0203,0.0069,0.00052,0.0598,0.0035,0.00015,0.00001,0.00002,0.00023,0.00064,0.0394,0.0,0.0013,0.00021,0.00038,0.0213,0.0025,0.00002,0.0654,0.00036,0.0012,0.0,0.0,0.00009,0.00001,0.0,0.00054,0.0039,0.00006,0.00014,0.0028,0.00001,0.0,0.00002,0.00004,0.1201,0.1068,0.00015,0.00054,0.0648,0.0112,0.2264,0.0,0.0,0.00002,0.008
36206819,0.0,0.0,0.00001,0.0029,0.0014,0.0022,0.025,0.0041,0.004,0.00021,0.00003,0.00002,0.0018,0.0023,0.0,0.0357,0.0022,0.00039,0.0035,0.0005,0.00005,0.0048,0.00004,0.003,0.00002,0.00004,0.00091,0.00004,0.0,0.001,0.00013,0.00017,0.00071,0.0007,0.00015,0.00003,0.00003,0.00004,0.0152,0.009,0.0129,0.0095,0.005,0.0033,0.0858,0.00003,0.00002,0.00002,0.0011
36634569,0.0,0.0,0.00001,0.0029,0.9808,0.0011,0.0175,0.0024,0.00023,0.00001,0.00001,0.00008,0.00006,0.0014,0.0,0.00016,0.00026,0.00038,0.0031,0.00016,0.00005,0.0079,0.00005,0.00067,0.0,0.00004,0.00034,0.00002,0.00038,0.0134,0.0024,0.00006,0.00097,0.0029,0.00015,0.00003,0.0,0.00003,0.0074,0.0018,0.00099,0.001,0.0027,0.0025,0.0076,0.0,0.00002,0.00002,0.00054
37231689,0.0,0.0,0.00007,0.0061,0.00064,0.0071,0.1861,0.033,0.0011,0.00005,0.00001,0.00008,0.00006,0.0023,0.0,0.0023,0.00026,0.00071,0.0151,0.00022,0.00002,0.1228,0.00017,0.0019,0.0,0.0,0.00055,0.00004,0.0,0.0018,0.0089,0.00002,0.00086,0.0364,0.00001,0.0,0.00003,0.00003,0.0655,0.0736,0.00049,0.033,0.0442,0.8524,0.0076,0.0,0.00006,0.00014,0.00023
33527885,0.0,0.0,0.00007,0.00015,0.001,0.0503,0.0,0.00069,0.0018,0.0,0.00001,0.00008,0.00002,0.00011,0.0,0.00008,0.00021,0.0,0.00065,0.00006,0.0,0.0018,0.00005,0.00045,0.0,0.0,0.00004,0.00001,0.0,0.001,0.0066,0.00002,0.9824,0.00061,0.00001,0.00003,0.0,0.00003,0.0079,0.0013,0.00032,0.0,0.00099,0.0014,0.982,0.0024,1.0,0.0,0.0
34569865,0.0,0.0,0.00001,0.00015,0.0052,0.1198,0.00081,0.0024,0.00015,0.0,0.00001,0.00002,0.0,0.00041,0.0,0.00008,0.00051,0.00038,0.00056,0.00099,0.0,0.0654,0.0015,0.00045,0.0,0.0,0.00004,0.00001,0.0,0.0002,0.0419,0.00003,0.9545,0.0017,0.00001,0.00003,0.0,0.0,0.0079,0.0013,0.00012,0.0,0.005,0.0054,0.9864,0.00004,0.9985,0.00001,0.0
35733405,0.00005,0.00002,0.00006,0.0039,0.001,0.004,0.0039,0.003,0.00037,0.00019,0.00007,0.0015,0.00006,0.011,0.0,0.00024,0.0014,0.00038,0.0165,0.00024,0.00016,0.0023,0.00011,0.00045,0.00002,0.00015,0.00092,0.0006,0.0,0.00039,0.0017,0.00003,0.00022,0.0074,0.00015,0.00003,0.00004,0.00004,0.0028,0.0018,0.0065,0.00058,0.005,0.0014,0.0121,0.00003,0.0,0.00002,0.00013
36033765,0.0,0.0,0.0,0.0268,0.0013,0.0012,0.0367,0.0225,0.00015,0.0,0.0,0.00008,0.00002,0.0299,0.0,0.00008,0.00021,0.00017,0.0187,0.00093,0.00016,0.0099,0.00017,0.00056,0.0,0.0,0.00009,0.00001,0.0,0.00039,0.00013,0.00017,0.00029,0.1778,0.00015,0.0,0.0,0.0,0.0056,0.0011,0.00047,0.0015,0.0033,0.845,0.0013,0.00003,0.0,0.00008,0.00041
36120775,0.0,0.0,0.0,0.0,0.00016,0.0048,0.9967,0.00013,0.00015,0.0,0.0,0.00002,0.00006,0.00049,0.00002,0.9587,0.0001,0.00017,0.0,0.00024,0.00002,0.1414,0.00005,0.0019,0.00002,0.0,0.00039,0.0,0.0,0.00017,0.0146,0.0,0.00014,0.175,0.00001,0.0,0.0,0.00004,0.0028,0.1579,0.0065,0.7939,0.0045,0.0201,0.00045,0.00003,0.0,0.00014,0.00022
36208095,0.00003,0.0,0.0001,0.0229,0.0038,0.023,0.0147,0.00069,0.0015,0.00019,0.00007,0.0,0.00002,0.0017,0.00002,0.003,0.00026,0.00038,0.078,0.00024,0.00005,0.0329,0.00027,0.00045,0.0,0.0,0.00039,0.00024,0.0,0.00079,0.0017,0.00023,0.0075,0.0292,0.00001,0.00006,0.00002,0.00004,0.0254,0.0026,0.0012,0.00027,0.1326,0.446,0.0039,0.00037,0.00027,0.00002,0.0017
36382345,0.0,0.0,0.00007,0.0203,0.0148,0.0251,0.0473,0.003,0.00037,0.00005,0.00007,0.00023,0.00006,0.011,0.0,0.00016,0.00068,0.00039,0.0046,0.00099,0.0016,0.0119,0.00027,0.00056,0.0,0.0,0.00055,0.00003,0.0,0.0002,0.0012,0.00002,0.00097,0.0078,0.00015,0.0,0.00004,0.00004,0.0374,0.0058,0.0045,0.0105,0.0499,0.0506,0.1212,0.0,0.0,0.00008,0.00023
37195665,0.0,0.0,0.0001,0.3702,0.00016,0.0646,0.0686,0.3103,0.0014,0.00019,0.00002,0.00002,0.00006,0.036,0.0,0.00016,0.0001,0.00019,0.0031,0.00016,0.00002,0.2337,0.0313,0.00067,0.00014,0.0,0.00091,0.00002,0.0,0.00039,0.0024,0.00006,0.0042,0.0824,0.00015,0.0,0.00003,0.0,0.0014,0.024,0.0021,0.00084,0.00099,0.0442,0.0077,0.0,0.00004,0.00073,0.00061
37294375,0.0,0.0,0.0,0.0029,0.0014,0.0048,0.0056,0.0024,0.00023,0.00005,0.00002,0.0034,0.00006,0.0014,0.0,0.00016,0.00021,0.00038,0.0025,0.00099,0.00002,0.0419,0.00005,0.00045,0.0,0.0,0.00039,0.00001,0.00006,0.0013,0.2576,0.00002,0.00086,0.0033,0.00015,0.0,0.0,0.00004,0.0509,0.0284,0.00049,0.0029,0.0027,0.0054,0.024,0.0,0.0,0.00073,0.00022
37456355,0.0,0.0,0.0,0.00015,0.0023,0.023,0.9909,0.00042,0.00023,0.00001,0.0,0.0,0.00006,0.00041,0.0,0.0122,0.00026,0.0,0.00056,0.00099,0.00002,0.0415,0.001,0.00026,0.00002,0.0,0.00009,0.00002,0.0,0.0018,0.0024,0.0,0.00029,0.3079,0.00001,0.0,0.0,0.00043,0.00089,0.0498,0.00049,0.7832,0.0027,0.0014,0.0025,0.00004,0.0,0.00002,0.00044
37633155,0.0,0.0,0.0,0.0046,0.00049,0.0035,0.0056,0.1456,0.00015,0.0,0.0,0.0014,0.00006,0.004,0.0,0.00037,0.00021,0.00004,0.0131,0.00016,0.00005,0.0715,0.0,0.00018,0.0,0.0,0.00009,0.00001,0.0,0.0032,0.0343,0.00002,0.00071,0.015,0.00001,0.0,0.0,0.0,0.0655,0.566,0.00049,0.00009,0.0204,0.0041,0.0013,0.0,0.0,0.00002,0.00041
33428336,0.0,0.00002,0.0,0.0023,0.001,0.0057,0.006,0.0403,0.0027,0.00005,0.00002,0.00008,0.00006,0.0023,0.0,0.00016,0.00015,0.00038,0.0165,0.00016,0.00006,0.0525,0.00017,0.00045,0.0,0.0,0.00055,0.00003,0.00006,0.00039,0.0017,0.00002,0.00071,0.0143,0.00015,0.0,0.0,0.00003,0.0822,0.0064,0.0039,0.0016,0.1121,0.4645,0.0025,0.00003,0.0,0.00016,0.0087
33522046,0.0,0.0,0.0,0.3702,0.00016,0.0027,0.025,0.0088,0.00015,0.0,0.00001,0.0,0.00006,0.0097,0.0,0.00016,0.00015,0.00071,0.0269,0.00024,0.00005,0.0119,0.0081,0.00026,0.0,0.0,0.00009,0.00001,0.0,0.00013,0.00077,0.00002,0.0026,0.0292,0.00001,0.0,0.0,0.0,0.00067,0.0018,0.00049,0.0176,0.0213,0.0204,0.0021,0.0,0.0,0.00016,0.00023
33731766,0.00003,0.00002,0.00001,0.0034,0.1384,0.0103,0.0175,0.0015,0.00015,0.00019,0.00007,0.00006,0.00064,0.00091,0.0,0.0074,0.0012,0.00038,0.0046,0.0007,0.00006,0.0415,0.00017,0.0019,0.0,0.00004,0.00021,0.00025,0.00006,0.0032,0.0146,0.00006,0.0026,0.0014,0.00032,0.0002,0.00004,0.00043,0.0152,0.009,0.0012,0.0347,0.0131,0.0099,0.1851,0.00003,0.00002,0.00008,0.00023
33689536,0.0,0.0,0.00001,0.00045,0.00064,0.0048,0.0468,0.2425,0.004,0.0,0.0,0.00002,0.00006,0.003,0.0,0.00008,0.00015,0.00008,0.00095,0.00008,0.00002,0.2442,0.00004,0.0003,0.0,0.0,0.00009,0.00004,0.0,0.0018,0.0024,0.0,0.00029,0.0063,0.00015,0.0,0.0,0.0,0.0155,0.2267,0.00012,0.00009,0.0168,0.4032,0.1851,0.0,0.0,0.00008,0.00044
34460886,0.0,0.0,0.0,0.00072,0.9398,0.0012,0.0056,0.00042,0.00015,0.00001,0.00002,0.00008,0.00002,0.0023,0.00082,0.00022,0.00021,0.00017,0.0018,0.0031,0.00005,0.0268,0.00017,0.00026,0.00002,0.0,0.0021,0.00002,0.0,0.0119,0.0017,0.00002,0.00022,0.00061,0.00001,0.0,0.0,0.00004,0.0194,0.0012,0.0019,0.00033,0.0499,0.0023,0.0121,0.0,0.0,0.00001,0.00023
34523706,0.0,0.0,0.0,0.0583,0.0035,0.0015,0.0039,0.0185,0.00015,0.00005,0.00002,0.00023,0.00006,0.0162,0.0,0.00016,0.00021,0.00039,0.0151,0.00099,0.00005,0.0329,0.00049,0.0003,0.0,0.0,0.00017,0.00001,0.0,0.001,0.1665,0.00002,0.00071,0.015,0.00001,0.0,0.0,0.0,0.0194,0.0356,0.0021,0.00084,0.0031,0.0316,0.0077,0.0,0.0,0.00043,0.00013
34876196,0.0,0.0,0.0,0.0016,0.00016,0.0119,0.8639,0.00013,0.00015,0.0,0.00002,0.00004,0.00002,0.00026,0.0,0.0732,0.00021,0.0,0.00021,0.0031,0.00002,0.0018,0.00027,0.00027,0.0,0.0,0.00009,0.00001,0.0,0.0001,0.001,0.00003,0.00022,0.9312,0.00001,0.0,0.0,0.0,0.0182,0.0356,0.00015,0.6228,0.00072,0.0014,0.0021,0.0,0.0,0.00001,0.00051
34889516,0.0,0.0,0.00001,0.0029,0.0012,0.0277,0.0213,0.0133,0.00015,0.00005,0.00003,0.00008,0.0053,0.011,0.0,0.00016,0.00021,0.00017,0.0063,0.00016,0.00002,0.0099,0.001,0.00045,0.0,0.0,0.00009,0.00002,0.0,0.00018,0.0066,0.00006,0.0029,0.0047,0.00015,0.0,0.00002,0.0,0.0019,0.0249,0.0019,0.00084,0.0583,0.0054,0.5014,0.0,0.0,0.00008,0.00061
36036496,0.0,0.0,0.0,0.00015,0.00016,0.083,0.7908,0.0185,0.0067,0.00001,0.00007,0.0,0.00007,0.00063,0.00002,0.0074,0.00026,0.00015,0.0017,0.00089,0.00002,0.0314,0.00004,0.00045,0.0,0.0,0.00017,0.0,0.0,0.00018,0.00013,0.0,0.0113,0.8263,0.00001,0.0,0.0,0.00004,0.0044,0.02,0.00012,0.5169,0.0062,0.1531,0.0076,0.0,0.00002,0.00002,0.00022
36852436,0.0,0.0,0.0,0.002,0.00033,0.0035,0.0473,0.0073,0.00023,0.00011,0.00002,0.00008,0.00007,0.9013,0.0,0.0013,0.00021,0.00038,0.0025,0.00008,0.00014,0.0048,0.00004,0.00045,0.00002,0.0,0.00009,0.00002,0.0,0.00079,0.00077,0.00002,0.00029,0.0078,0.00001,0.0,0.0,0.0,0.0194,0.0064,0.00036,0.0247,0.0097,0.0442,0.0039,0.0,0.0,0.00016,0.0018
37339206,0.0,0.00002,0.00001,0.0135,0.0052,0.0022,0.0089,0.0049,0.00023,0.00005,0.00002,0.00004,0.00007,0.0072,0.0,0.00037,0.0019,0.00038,0.0077,0.00093,0.00006,0.1469,0.00005,0.00045,0.0,0.0,0.00091,0.00016,0.0,0.0018,0.0017,0.00003,0.00086,0.0028,0.00009,0.0,0.0,0.00004,0.0028,0.0058,0.0019,0.0015,0.0227,0.0041,0.0942,0.00003,0.00002,0.00043,0.00023
32015467,0.0,0.0,0.0,0.0523,0.00033,0.0011,0.0147,0.0358,0.00015,0.00021,0.00001,0.00004,0.00007,0.0383,0.0,0.00018,0.00026,0.00012,0.00056,0.00093,0.00002,0.0066,0.00027,0.008,0.0,0.0,0.00055,0.00001,0.0,0.00033,0.5073,0.00003,0.00056,0.0143,0.00024,0.0,0.00002,0.0,0.0056,0.0412,0.00032,0.00054,0.0027,0.0037,0.0121,0.0,0.0,0.00008,0.00013
33541127,0.0,0.0,0.0,0.002,0.0023,0.0027,0.00084,0.00069,0.00015,0.00005,0.00003,0.00002,0.00006,0.0019,0.0,0.00016,0.00021,0.00017,0.0017,0.00089,0.00002,0.0123,0.00005,0.00045,0.0,0.0,0.00055,0.0,0.0,0.001,0.0343,0.0,0.00029,0.0018,0.0,0.0,0.0,0.00003,0.0015,0.009,0.0072,0.00009,0.0027,0.0059,0.0062,0.0,0.00006,0.00002,0.00041
33866227,0.0,0.0,0.00006,0.0426,0.0033,0.0013,0.025,0.0024,0.00015,0.00005,0.00007,0.00004,0.00065,0.00075,0.0,0.0013,0.00034,0.00017,0.0031,0.00057,0.00005,0.0123,0.00027,0.00026,0.00014,0.0,0.00092,0.00016,0.0,0.0134,0.0017,0.00002,0.0113,0.0012,0.00015,0.0,0.0,0.00018,0.0254,0.0026,0.0021,0.002,0.0033,0.0316,0.0323,0.0,0.0,0.00003,0.00051
34207317,0.0,0.0,0.00001,0.0143,0.00064,0.0027,0.025,0.0038,0.00023,0.00005,0.00002,0.00065,0.00006,0.0023,0.0,0.00022,0.00068,0.00038,0.0025,0.0005,0.00005,0.0119,0.00005,0.00045,0.0,0.0,0.00034,0.00025,0.0,0.00039,0.0012,0.00003,0.00029,0.0047,0.00015,0.00003,0.00013,0.00004,0.0028,0.009,0.0019,0.00084,0.0027,0.0099,0.049,0.00003,0.0,0.00043,0.00051
34282017,0.00005,0.00002,0.0011,0.0029,0.0035,0.0315,0.0174,0.0048,0.0027,0.00021,0.00007,0.0012,0.00007,0.0072,0.0,0.00079,0.0215,0.00039,0.0031,0.00024,0.00014,0.0224,0.0005,0.0011,0.0,0.00078,0.00039,0.0006,0.00038,0.0032,0.0024,0.00006,0.00071,0.0047,0.00094,0.00088,0.00013,0.00004,0.0105,0.009,0.0012,0.0016,0.0168,0.0099,0.5262,0.00037,0.0,0.00003,0.00054
34294137,0.0,0.0,0.0001,0.00045,0.00025,0.014,0.9859,0.0016,0.00015,0.00001,0.00001,0.0,0.0115,0.00041,0.0,0.0013,0.0047,0.00017,0.00056,0.0015,0.00076,0.0035,0.00005,0.00026,0.0,0.0,0.00017,0.00004,0.0,0.00017,0.00095,0.0,0.00014,0.0364,0.00001,0.0,0.00004,0.0,0.0651,0.4498,0.00037,0.5269,0.00099,0.00083,0.00071,0.0,0.0,0.0,0.00013
34684587,0.0,0.0,0.00006,0.0029,0.0014,0.0089,0.0686,0.5938,0.00023,0.00001,0.00001,0.0001,0.00039,0.003,0.00002,0.0017,0.00034,0.00017,0.0391,0.00059,0.00005,0.0654,0.00011,0.00073,0.0,0.0,0.00039,0.00002,0.00006,0.0013,0.01,0.0,0.00071,0.013,0.00015,0.00003,0.00003,0.00003,0.0935,0.8364,0.00032,0.00009,0.0168,0.0506,0.0013,0.00003,0.0,0.00004,0.0087
35036927,0.00005,0.00002,0.0037,0.0061,0.0246,0.023,0.0367,0.0062,0.0135,0.00021,0.00007,0.00078,0.00007,0.0039,0.0,0.0013,0.0098,0.00071,0.0036,0.00057,0.00014,0.0099,0.00027,0.0052,0.00002,0.00078,0.00055,0.00024,0.00038,0.0111,0.003,0.00006,0.00071,0.0047,0.004,0.00076,0.00013,0.00034,0.0074,0.0133,0.0021,0.002,0.0071,0.0156,0.0942,0.00004,0.0,0.00004,0.00051
35229257,0.0,0.0,0.0,0.00093,0.001,0.0011,0.0031,0.0015,0.00015,0.00005,0.00002,0.00023,0.00002,0.0039,0.0,0.00037,0.00015,0.00038,0.0025,0.00016,0.00057,0.0018,0.00027,0.00026,0.0,0.0,0.0003,0.0,0.0,0.001,0.0012,0.00002,0.00071,0.0029,0.00001,0.0,0.00003,0.00003,0.0019,0.009,0.0902,0.00033,0.0033,0.0013,0.0013,0.00003,0.0,0.00008,0.00077
35411967,0.0,0.0,0.0001,0.1319,0.0083,0.0022,0.0326,0.0744,0.2557,0.00005,0.00007,0.00004,0.0007,0.0023,0.0,0.002,0.00068,0.00017,0.0025,0.0007,0.00014,0.0731,0.4362,0.00045,0.0,0.0,0.0021,0.00036,0.0,0.00079,0.0016,0.00003,0.00086,0.0063,0.0078,0.00003,0.00004,0.00004,0.033,0.0151,0.0019,0.002,0.0098,0.0716,0.0013,0.00003,0.0,0.00043,0.00054
36063627,0.0,0.0,0.0,0.0143,0.00016,0.083,0.0449,0.0987,0.00023,0.0,0.00002,0.00004,0.00039,0.011,0.0,0.00094,0.0,0.00019,0.0025,0.00057,0.00002,0.0156,0.0037,0.00026,0.0,0.0,0.00034,0.0,0.0,0.00013,0.029,0.001,0.0026,0.015,0.00001,0.0,0.0,0.0,0.0019,0.0013,0.00049,0.0169,0.0108,0.2899,0.0513,0.0,0.00002,0.00002,0.0011
37211337,0.0,0.0,0.0,0.002,0.001,0.0061,0.0501,0.0016,0.00015,0.00023,0.00007,0.00002,0.00026,0.00091,0.0,0.00071,0.00034,0.00075,0.0015,0.00057,0.00005,0.0112,0.00017,0.00045,0.0,0.0,0.00009,0.00004,0.0,0.0002,0.0024,0.00006,0.00023,0.0018,0.00015,0.00003,0.00004,0.00004,0.004,0.0064,0.0045,0.0016,0.0045,0.0025,0.4208,0.0,0.00006,0.00002,0.00022
37474017,0.0,0.0,0.0,0.0088,0.8583,0.00052,0.0089,0.0024,0.00015,0.00001,0.00003,0.00023,0.00002,0.00041,0.0,0.00016,0.0001,0.00017,0.0,0.00006,0.00002,0.0329,0.00049,0.00026,0.0,0.0,0.00009,0.00004,0.0,0.00033,0.009,0.0,0.00014,0.0029,0.00001,0.00003,0.0,0.0,0.0044,0.0012,0.00036,0.00009,0.0046,0.0041,0.1107,0.00003,0.0,0.00043,0.00022
37495977,0.0,0.0,0.00006,0.0788,0.0035,0.2886,0.1253,0.033,0.00015,0.00001,0.00002,0.0015,0.0011,0.0023,0.0,0.00079,0.00034,0.00017,0.0187,0.4777,0.00006,0.5921,0.00036,0.0012,0.00002,0.0,0.00091,0.00002,0.0,0.00039,0.4359,0.00002,0.00029,0.0778,0.00001,0.00003,0.0,0.0,0.0028,0.8364,0.00026,0.00058,0.0039,0.0023,0.0013,0.0,0.0,0.00003,0.00041
32642948,0.0,0.0,0.0,0.0017,0.0012,0.0011,0.0823,0.0185,0.00015,0.0,0.00001,0.0125,0.00064,0.0507,0.0,0.00024,0.00021,0.00038,0.0187,0.00024,0.00006,0.1414,0.0,0.0279,0.0,0.0,0.00091,0.00001,0.0,0.00033,0.0013,0.00003,0.006,0.0824,0.00001,0.0,0.0,0.0,0.0194,0.0624,0.00032,0.00033,0.0023,0.1738,0.0021,0.0,0.0,0.00001,0.00077
33497988,0.00003,0.0,0.0001,0.0029,0.8989,0.0022,0.0175,0.0088,0.00015,0.00001,0.00002,0.00078,0.00026,0.0271,0.0,0.0122,0.00068,0.00038,0.0035,0.0005,0.00016,0.0207,0.00017,0.00067,0.0,0.0,0.0024,0.00004,0.0,0.001,0.0012,0.001,0.00023,0.0018,0.00015,0.00006,0.00013,0.00003,0.0254,0.003,0.0018,0.0105,0.0499,0.0986,0.0077,0.00004,0.0,0.0002,0.0018
33498908,0.0,0.0,0.00049,0.0268,0.00064,0.0012,0.0147,0.0108,0.00062,0.00005,0.00003,0.00006,0.00006,0.0023,0.0015,0.00022,0.006,0.00039,0.00095,0.00024,0.00002,0.0055,0.0022,0.00067,0.0,0.0,0.0003,0.0006,0.0,0.0053,0.029,0.00023,0.00029,0.0183,0.00015,0.00003,0.00013,0.00004,0.0112,0.0053,0.0021,0.00033,0.0027,0.0112,0.0385,0.00003,0.0,0.00004,0.0031
33667828,0.0,0.0,0.0,0.0061,0.0052,0.0012,0.3813,0.0024,0.00015,0.00001,0.00002,0.00008,0.00006,0.0072,0.0,0.0074,0.0001,0.00039,0.011,0.0131,0.00005,0.2442,0.00005,0.0003,0.0,0.0,0.00039,0.00001,0.0,0.00033,0.0039,0.00002,0.0026,0.008,0.00001,0.0,0.0,0.00003,0.077,0.0521,0.00032,0.3865,0.0648,0.1782,0.0021,0.0,0.0,0.00002,0.00077
34309908,0.0,0.0,0.0,0.00015,0.001,0.0027,0.2429,0.5938,0.00015,0.00001,0.0,0.0012,0.0007,0.0072,0.0,0.00071,0.0,0.00015,0.0041,0.0015,0.00005,0.1379,0.00005,0.00027,0.0,0.0,0.0055,0.00002,0.0,0.00018,0.032,0.0,0.00014,0.0018,0.00001,0.0,0.0,0.00043,0.0044,0.02,0.00015,0.0012,0.125,0.0628,0.0013,0.0,0.0,0.00003,0.1465
34793748,0.0,0.0,0.0,0.0788,0.0021,0.0013,0.0039,0.1828,0.00015,0.00005,0.00001,0.00004,0.00007,0.0017,0.0,0.00071,0.0,0.0,0.007,0.0025,0.00002,0.1005,0.00034,0.00045,0.0,0.0,0.00009,0.0,0.0,0.00017,0.0016,0.0079,0.00023,0.0292,0.00001,0.0,0.0,0.0,0.0013,0.1869,0.00012,0.00054,0.015,0.845,0.0035,0.0,0.0,0.00001,0.00077
34863428,0.0,0.0,0.0001,0.0046,0.0038,0.0012,0.0531,0.0239,0.00023,0.00001,0.00002,0.00023,0.00006,0.0383,0.0,0.00024,0.00021,0.00017,0.0018,0.0018,0.00002,0.0525,0.00008,0.0014,0.00002,0.0,0.00009,0.00001,0.0,0.001,0.01,0.00003,0.00029,0.0028,0.00001,0.00003,0.00004,0.0,0.0056,0.0026,0.0012,0.00033,0.0346,0.8524,0.0077,0.0,0.0,0.00001,0.00023
35124278,0.0,0.0,0.0,0.1319,0.00016,0.0011,0.0087,0.0016,0.00015,0.00005,0.00002,0.00002,0.00006,0.00049,0.0,0.00016,0.00026,0.00017,0.0015,0.00008,0.00002,0.00081,0.0078,0.00045,0.0,0.0,0.00004,0.00002,0.0,0.00079,0.00077,0.00023,0.00071,0.025,0.00001,0.0,0.0,0.0,0.0194,0.00037,0.004,0.0029,0.435,0.0014,0.0077,0.0,0.0,0.00001,0.0097
35183618,0.0,0.0,0.00001,0.002,0.0069,0.0448,0.0287,0.0049,0.00023,0.00005,0.00002,0.00008,0.0011,0.0097,0.0,0.0265,0.00021,0.00034,0.0031,0.0007,0.00005,0.0029,0.00036,0.00045,0.00014,0.0,0.00034,0.00002,0.0,0.00079,0.01,0.00006,0.00029,0.00061,0.00001,0.00003,0.00002,0.00004,0.0152,0.009,0.025,0.002,0.0071,0.0041,0.0077,0.00037,0.0039,0.00008,0.00013
35379038,0.0,0.0,0.00006,0.0046,0.00049,0.0089,0.3635,0.0133,0.00023,0.0,0.0,0.00023,0.00006,0.0072,0.0,0.002,0.00068,0.00012,0.013,0.00006,0.00002,0.1469,0.00005,0.00045,0.0,0.0,0.00009,0.0,0.0,0.00079,0.0017,0.00017,0.00071,0.008,0.00001,0.0,0.00003,0.0,0.0822,0.3236,0.00015,0.0018,0.0648,0.446,0.0013,0.0,0.0,0.0,0.00061
35871348,0.0,0.0,0.00001,0.006,0.00064,0.023,0.0501,0.0133,0.00023,0.0,0.00001,0.00008,0.00064,0.0039,0.0,0.00018,0.0013,0.00017,0.0046,0.0031,0.00014,0.0119,0.00027,0.00026,0.0,0.0,0.0079,0.00024,0.00006,0.0002,0.0066,0.00006,0.0026,0.0197,0.00001,0.0,0.0,0.0,0.0013,0.02,0.00049,0.0032,0.0131,0.0041,0.0062,0.00003,0.0,0.00008,0.00023
36189588,0.0,0.0,0.0,0.0709,0.0014,0.0105,0.0686,0.0596,0.00023,0.00005,0.00002,0.0014,0.00007,0.0072,0.0,0.0011,0.0017,0.00017,0.0041,0.0031,0.00014,0.0648,0.00005,0.00056,0.0,0.0,0.0019,0.00002,0.0,0.001,0.021,0.00017,0.0016,0.0143,0.00015,0.0,0.00013,0.0,0.0152,0.0624,0.00047,0.0032,0.0074,0.085,0.0076,0.0,0.0,0.00002,0.00013
36272218,0.0,0.0,0.0001,0.0017,0.00049,0.0022,0.0133,0.0048,0.00015,0.00005,0.00002,0.00008,0.00007,0.0019,0.0,0.00024,0.0012,0.00019,0.0269,0.00024,0.00006,0.0017,0.00017,0.003,0.0,0.00004,0.00009,0.00002,0.0,0.00039,0.0016,0.00003,0.00097,0.0047,0.00009,0.00003,0.00003,0.0,0.0014,0.0018,0.001,0.00054,0.0045,0.0023,0.0162,0.0,0.00005,0.00002,0.0037
37160798,0.0,0.0,0.00001,0.0143,0.0023,0.0022,0.0834,0.003,0.0027,0.00001,0.00002,0.00023,0.00006,0.002,0.0,0.00008,0.00021,0.0011,0.007,0.0005,0.00016,0.1115,0.00049,0.00056,0.0,0.0,0.00091,0.00016,0.0,0.0004,0.0066,0.00003,0.00029,0.0233,0.00015,0.00003,0.00003,0.00003,0.0182,0.0249,0.0045,0.0016,0.0499,0.8921,0.0025,0.0,0.0,0.00002,0.00023
37840138,0.0,0.0,0.0,0.0023,0.8989,0.0027,0.0087,0.0015,0.00015,0.0,0.00001,0.00008,0.00006,0.00041,0.0,0.00018,0.0,0.00038,0.0041,0.00006,0.00005,0.1396,0.0,0.00067,0.0,0.0,0.00009,0.00002,0.0,0.0018,0.00076,0.0,0.00014,0.0014,0.00001,0.00003,0.0,0.0,0.00053,0.0012,0.00032,0.001,0.002,0.0013,0.0265,0.0,0.0,0.00008,0.00061
34667009,0.0,0.0,0.00001,0.00072,0.00049,0.0147,0.8487,0.003,0.00023,0.0,0.0,0.00002,0.00006,0.0072,0.0,0.1444,0.0013,0.00019,0.00065,0.0025,0.00005,0.2534,0.00017,0.0019,0.0,0.0,0.00009,0.0,0.0,0.0018,0.0024,0.00006,0.00014,0.0364,0.00001,0.0,0.0,0.00003,0.0079,0.2652,0.00015,0.2532,0.0027,0.0013,0.00045,0.00003,0.0,0.00002,0.0017
31706919,0.0,0.0,0.00018,0.0023,0.016,0.0011,0.0056,0.0185,0.00015,0.00005,0.00007,0.00023,0.00006,0.00075,0.0,0.00024,0.00094,0.00019,0.0018,0.00008,0.00005,0.0048,0.00005,0.0129,0.0,0.0,0.00009,0.0,0.0,0.0025,0.0024,0.0,0.00034,0.0047,0.00001,0.00003,0.00004,0.00004,0.046,0.0026,0.0021,0.001,0.0027,0.0628,0.9179,0.0,0.00002,0.00004,0.00061
33115369,0.00003,0.0,0.0001,0.0029,0.0821,0.0015,0.0147,0.0133,0.00023,0.0,0.00001,0.0125,0.00006,0.0383,0.0,0.00016,0.00094,0.00038,0.0031,0.0005,0.00051,0.2534,0.00095,0.00045,0.0,0.0,0.0079,0.00002,0.0,0.00033,0.4359,0.00002,0.00029,0.0063,0.00001,0.0002,0.0,0.0,0.0019,0.0152,0.00099,0.00009,0.008,0.0023,0.0062,0.0,0.0,0.00001,0.0013
33604879,0.0,0.0,0.0,0.0023,0.0821,0.1198,0.0501,0.003,0.004,0.00005,0.00007,0.0,0.0011,0.0023,0.0,0.00024,0.0047,0.00019,0.0025,0.00016,0.00014,0.0537,0.00004,0.0003,0.0,0.0,0.00091,0.00002,0.0,0.0177,0.0017,0.00003,0.00071,0.0014,0.00015,0.0,0.0,0.00004,0.1461,0.0058,0.0019,0.0016,0.0074,0.0716,0.5262,0.0,0.0,0.00004,0.00022
34175409,0.0,0.0,0.0,0.0029,0.0162,0.0027,0.0089,0.0073,0.0027,0.00005,0.00002,0.00006,0.00006,0.0023,0.0,0.00024,0.00068,0.00017,0.007,0.00057,0.00006,0.0029,0.00049,0.0003,0.0,0.0,0.0055,0.00016,0.0,0.001,0.0048,0.00017,0.00071,0.0017,0.00009,0.00003,0.0,0.00003,0.00068,0.0016,0.0096,0.0032,0.005,0.0112,0.0076,0.0,0.0,0.00043,0.00061
34766639,0.0,0.0,0.00001,0.002,0.9816,0.00052,0.00084,0.00042,0.00015,0.0,0.0,0.00002,0.00006,0.00049,0.0,0.00008,0.0001,0.00004,0.00021,0.00024,0.00005,0.1243,0.00036,0.0003,0.0,0.0,0.00017,0.00002,0.0,0.00079,0.0017,0.00017,0.00071,0.0012,0.00001,0.00003,0.00002,0.0,0.00089,0.00037,0.00032,0.00009,0.00099,0.00063,0.0265,0.0,0.0,0.00002,0.00022
35501379,0.00005,0.00002,0.00018,0.0061,0.035,0.0035,0.025,0.0133,0.00059,0.00019,0.00002,0.00078,0.00039,0.014,0.0,0.00079,0.0047,0.0013,0.0063,0.00089,0.00016,0.0123,0.00017,0.0015,0.00002,0.00004,0.0033,0.00024,0.00026,0.0111,0.0089,0.00006,0.00029,0.0078,0.0076,0.00063,0.00013,0.00004,0.0152,0.0309,0.0021,0.0056,0.0112,0.0183,0.0513,0.00004,0.0,0.00016,0.00051
35757429,0.00003,0.0,0.00001,0.0015,0.0052,0.014,0.0138,0.0049,0.0027,0.0,0.00001,0.00008,0.00007,0.011,0.00066,0.0013,0.0013,0.00071,0.0165,0.0005,0.00006,0.0052,0.00004,0.00045,0.00002,0.0,0.00091,0.00002,0.00006,0.00079,0.00095,0.00017,0.00029,0.0019,0.00015,0.00003,0.00004,0.00034,0.046,0.0018,0.00036,0.00054,0.0978,0.0041,0.3353,0.00003,0.0,0.00016,0.00077
36148759,0.0,0.0,0.0,0.00072,0.00049,0.0008,0.0857,0.0022,0.00015,0.00001,0.00001,0.00004,0.00006,0.003,0.0,0.00024,0.0001,0.00038,0.0041,0.00057,0.0047,0.0029,0.00004,0.00045,0.0,0.0,0.0079,0.00002,0.0,0.00039,0.0146,0.00003,0.00029,0.0047,0.00015,0.0,0.0,0.0,0.0013,0.0088,0.0524,0.00058,0.0227,0.0014,0.00071,0.0,0.0,0.0002,0.00077
36889489,0.0,0.0,0.00001,0.0203,0.001,0.0048,0.0603,0.0024,0.00037,0.00021,0.00007,0.00004,0.00007,0.0072,0.0,0.00018,0.0047,0.00017,0.00095,0.00057,0.00005,0.0123,0.00095,0.00073,0.00002,0.00004,0.00091,0.00024,0.00006,0.0032,0.0039,0.00006,0.00023,0.0029,0.0013,0.00003,0.00004,0.00018,0.0074,0.0064,0.0368,0.0056,0.0074,0.0059,0.0544,0.00003,0.00002,0.00016,0.00022
37096339,0.0,0.0,0.0068,0.00015,0.0023,0.0225,0.0,0.00069,0.0027,0.00021,0.00043,0.00023,0.00002,0.00026,0.0,0.00016,0.3323,0.00038,0.0036,0.00024,0.00002,0.0029,0.00027,0.0019,0.0,0.0,0.00034,0.00025,0.00038,0.0032,0.00086,0.0,0.9147,0.0014,0.00024,0.00003,0.0018,0.00004,0.0254,0.0013,0.00099,0.00006,0.146,0.0041,0.9671,0.0622,1.0,0.00002,0.00006
37174709,0.0,0.0,0.0,0.028,0.0012,0.0008,0.0,0.00013,0.00015,0.00001,0.00001,0.00002,0.0,0.00041,0.0,0.00016,0.00068,0.00038,0.0031,0.00016,0.00002,0.0119,0.0037,0.00045,0.00002,0.0,0.00009,0.0,0.0,0.00054,0.0024,0.00003,0.3374,0.0047,0.00001,0.0,0.0,0.00003,0.046,0.0249,0.00037,0.00009,0.015,0.0037,0.8613,0.00044,0.9956,0.0,0.00022
