,idx,year,pmid,journal_name,title,abstract,accepted_label,multi_label,binary_label,doi,labels_gs
94,95,3206,3206055,Sleep,The effect of total sleep deprivation on plasma melatonin and cortisol in healthy human volunteers.,"Twelve healthy volunteers were included in this study. Baseline curves for melatonin and cortisol were obtained after one night of adaptation to laboratory conditions. From 10:00 p.m. to 6:00 a.m., blood samples were drawn every hour. On the third night, the subjects were kept awake at the sleep unit. Curves for the two hormones were then obtained after 36 h of total sleep deprivation (SD). The levels of these hormones were evaluated by calculating the area under the curve at each hour in both situations (basal and after sleep deprivation). It was found that the melatonin levels were increased after sleep deprivation, whereas the cortisol levels remained the same. These results suggest a mechanism by which a reset of abnormal rhythms can occur in depression.",Remaining,0,0,doi_dummy,human
96,97,1972,19728219,Journal of psychosomatic obstetrics and gynaecology,Lifetime physical and sexual abuse and the risk for depression symptoms in the first 8 months after birth.,"Despite the growing body of evidence on the significance of postpartum depression, little research has explored the contribution of lifetime or current abuse to postpartum depression. One hundred-thirty-nine women were assessed during their third trimester of pregnancy and followed for 2, 4, 6, and 8 months postpartum for abuse status and depression symptoms. Predictors of postpartum depression were also assessed. Few women reported current abuse experiences, although 37% reported having lifetime physical or sexual abuse or both. Women with a lifetime history of abuse were 3.6-8.4 times more likely to experience postpartum depression than their nonabused peers at each measurement time. This effect steadily increases during the first 6 months after birth and decreases at the 8th month. These findings extend recent reports of the chronicity of abuse and have implications for care providers. The standard of care for abuse assessments may need to be expanded to include consideration of lifetime physical and sexual abuse experiences of pregnant and postpartum women.",Remaining,0,0,doi_dummy,human
99,100,1190,11904752,Acta neuropathologica,"Vascular fibrosis and calcification in the hippocampus in aging, Alzheimer disease, and Down syndrome.","Study of the hippocampal formation of 82 subjects, including 25 control subjects from 33 to 83 years of age, 34 subjects with Alzheimer disease (AD) from 65 to 89 years of age, and 23 subjects with Down syndrome (DS) from 33 to 72 years of age, revealed hippocampal vasculopathy with fibrosis and calcification (VFC) in 40% of control, 59% of AD, and 4% of DS subjects. VFC starts in the precapillaries/capillaries in the molecular layer of the dentate gyrus (DG) and expands to the granule cell and polymorphic cell layer of the DG, and to the stratum lacunosum/molecular in the CA1 sector. Vasculopathy spreads from the tail to the body and, in a few cases, to the head of the hippocampal formation. Light and electron microscopy reveal thickening of the vascular wall with fibrosis, calcification, and enforcement of the astrocyte interface with vessels with anchorage densities associated with hemidesmosome-like structures. In moderately and severely affected cases, fragmentation and removal of calcified and occluded vessels result in local reduction of vascular network. In two AD subjects, severe vascular calcification extending from the tail to the head of the hippocampal formation was associated with loss of almost all neurons in the CA1 sector and in the subiculum proper, corresponding to hippocampal sclerosis. The topography of affected vessels and the patterns of neuronal loss reflect the middle hippocampal artery distribution with its precapillary/capillary network. The similar prevalence of vasculopathy in the AD group and in the age-matched control group, and the presence of hippocampal VFC in only one subject in the DS cohort, 96% of which is affected by Alzheimer-type pathology, oppose the link between AD and this form of vasculopathy. However, severe VFC affects the pattern of AD pathology locally by deletion of neurofibrillary degeneration and beta-amyloidosis in the CA1 sector, subiculum proper, and the molecular layer of the dentate gyrus. Hippocampal VFC appears to be a form of vascular pathology with a unique predilection for the middle hippocampal artery and corresponding capillary network, which results in patchy neuronal loss in moderately affected subjects and in almost total neuronal loss in the area of impaired blood supply in severely affected subjects. These observations suggest an etiologic link between hippocampal VFC and hippocampal sclerosis.",Remaining,0,0,doi_dummy,human
109,110,2862,28627925,Experimental and clinical psychopharmacology,Will delay discounting predict intention to quit smoking?,"Intention to quit cigarette smoking is significantly associated with making quitting attempts and actual quitting. Delay discounting is significantly associated with smoking initiation and success in quitting. To our knowledge, no studies have investigated the relationship between delay discounting and intention to quit smoking. In 2 separate observational, cross-sectional studies, the current investigation examines the relationship between delay discounting and intention to quit smoking within groups of smokers. Experiment 1 used data collected online and an adjusting-delay discounting task; Experiment 2 used data collected in the laboratory and an adjusting-amount discounting task. A total of 242 participants and 142 participants completed the online and on laboratory experiments, respectively. In both studies, participants with higher intention to quit smoking had significantly lower rates of discounting. These associations between intention to quit smoking and rates of delay discounting further support recent characterizations of delay discounting as a candidate behavioral marker of addiction. Understanding cognitive factors affecting treatment initiation such as intention to change, and the effects of delay discounting on these factors, in addition to the mechanisms by which they influence treatment outcomes might be essential to developing, disseminating, and implementing treatment interventions. (PsycINFO Database Record",Remaining,0,0,doi_dummy,human
112,113,8264,8264869,Neuroendocrinology,Alpha-melanocyte-stimulating hormone is present in the inferior petrosal sinuses in patients with Cushing's disease.,"Plasma ACTH, beta-endorphin and alpha-melanocyte-stimulating hormone levels were evaluated in the inferior petrosal sinuses and in the periphery of 22 patients affected by Cushing's disease, 11 patients with other pituitary diseases subjected to simultaneous and bilateral inferior petrosal sinus sampling and in the peripheral blood of 15 normal subjects. In patients with Cushing's disease ACTH, beta-endorphin and alpha-melanocyte-stimulating hormone levels in the inferior petrosal sinus ipsilateral to the adenoma were significantly higher than in the periphery and in the contralateral inferior petrosal sinus (p < 0.01, p < 0.01 and p < 0.05, respectively). In patients with other pituitary diseases only ACTH and beta-endorphin, but not alpha-melanocyte-stimulating hormone levels in both inferior petrosal sinuses were significantly higher than in the periphery (p < 0.01). Furthermore, no difference was found in the peripheral blood among patients with Cushing's disease, patients with other pituitary diseases and normal subjects for ACTH and beta-endorphin level. By contrast, in patients with Cushing's disease peripheral alpha-melanocyte-stimulating hormone levels were significantly higher than in patients with other pituitary diseases and in normal subjects (p < 0.05). In conclusion, the results of the present study suggest that only in patients with Cushing's disease, but not in patients with other pituitary diseases, alpha-melanocyte-stimulating hormone is released by adenomatous pituitary corticotrophs together with ACTH and beta-endorphin.",Remaining,0,0,doi_dummy,human
119,120,1267,12679234,Biological psychiatry,The human dihydropyrimidinase-related protein 2 gene on chromosome 8p21 is associated with paranoid-type schizophrenia.,"The dihydropyrimidinase-related protein (DRP) family, also called the collapsin response mediator protein, is implicated in the developmental process of the nervous system. Dysfunction of DRPs may result in neurodevelopmental abnormalities, which may be a factor in the pathogenesis of schizophrenia. The expression of one member of DRP-2 in humans has been reported to be decreased in the brains of people with schizophrenia. In addition, the DRP-2 gene (Dihydropyrimidinase-like 2; DPYSL2) is located on chromosome 8p21, a region that has been implicated in schizophrenia in genetic linkage studies.	We investigated a genetic association between five polymorphisms of the DRP-2 gene and schizophrenia in the Japanese population.	The *2236T>C polymorphism in the 3' untranslated region (3'UTR) exhibited significant differences with respect to the distribution of the genotype and allele in patients compared with control subjects. The frequency of the *2236C allele was significantly higher in control subjects than patients with schizophrenia (p =.0097) and paranoid-type schizophrenia (p =.0083).	Our results suggest that the *2236C allele in the 3'UTR of the DRP-2 gene, or an unknown mutation in linkage disequilibrium with this allele, may reduce the susceptibility to schizophrenia, especially the paranoid subtype.",Remaining,0,0,doi_dummy,human
120,121,1673,16737451,"Alcoholism, clinical and experimental research",Cold pressor task reactivity: predictors of alcohol use among alcohol-dependent individuals with and without comorbid posttraumatic stress disorder.,"The association between stress and alcohol dependence has been well established. Abnormalities in stress reactivity and hypothalamic-pituitary-adrenal axis (HPA) function may be involved in the mechanistic connection between stress and the initiation, development, and/or maintenance of alcohol dependence. Posttraumatic stress disorder (PTSD) commonly co-occurs with alcohol dependence and is characterized by HPA axis abnormalities. This study investigated the relationship between subjective and neuroendocrine stress reactivity to the cold pressor task (CPT) and prospective alcohol use among individuals with alcohol dependence, with and without comorbid PTSD.	Participants were 63 individuals with (a) alcohol dependence only (n=35) or (b) comorbid alcohol dependence and PTSD (n=28). Participants completed the CPT, a widely used physical laboratory stressor. Subjective stress, craving, adrenocorticotrophin (ACTH), and cortisol were measured before, immediately after, and at 5, 30, 60, and 120 minutes after the CPT. Alcohol use during 1 month following testing was also assessed.	For the alcohol-only group, change in craving immediately following the CPT and craving during the 120-minute recovery phase were predictive of follow-up alcohol use. For the alcohol/PTSD group, change in craving was not predictive of follow-up use. Baseline drinking was, however, predictive of followup alcohol use for the alcohol/PTSD group. For the alcohol-only group, a blunted ACTH response coupled with a higher change in craving following the CPT was associated with significantly greater frequency and intensity of drinking during the follow-up phase.	These preliminary findings demonstrate significant differences between the alcohol-only and the alcohol/PTSD group in predictors of relapse. For the alcohol-only group, reactivity to an acute laboratory stressor may be predictive of subsequent alcohol use. This was not true for the alcohol/PTSD group. Although preliminary, the findings may help shed light on the mechanistic relationship between stress reactivity and increased risk for alcohol relapse and dependence in individuals with and without other Axis I comorbidity.",Remaining,0,0,doi_dummy,human
129,130,3046,30468246,Headache,Clinical Features Contributing to Cortical Thickness Changes in Chronic Migraine - A Pilot Study.,"The objectives of this cross-sectional pilot study were threefold: to identify regions of cortical thickness that differentiate chronic migraine (CM) from controls, to assess group differences in interregional cortical thickness covariance, and to determine group differences in associations between clinical variables and cortical thickness.	Cortical thickness alterations in relation to clinical features have not been adequately explored in CM. Assessment of this relationship can be useful to describe cortical substrates for disease progression in migraine and to identify clinical variables that warrant management emphasis.	Thirty CM cases (mean age 40 years; male-to-female 1:4) and 30 sex-matched healthy controls (mean age 40 years) were enrolled. Participants completed self-administered and standardized questionnaires assessing headache-related clinical features and common psychological comorbidities. T1-weighted brain images were acquired on a 3T MRI. A whole-brain cortical thickness analysis was performed. Additionally, correlations between all brain regions were assessed to examine interregional cortical thickness covariance. Interactions were analyzed to identify clinical variables that were significantly associated with cortical thickness.	The whole brain cortical thickness analysis revealed no significant differences between CM patients and controls. However, significant associations between clinical features and cortical thickness were observed for the patients only. These associations included the right superior temporal sulcus (R[2]  = 0.72, P = .001) and the right insula (R[2]  = 0.71, P = .002) with distinct clinical variables ie, longer history of CM, posttraumatic stress disorder (PTSD), sleep quality, pain self-efficacy, and somatic symptoms. Higher interregional cortical covariance was found in CM compared to controls (OR = 3.1, CI 2.10-4.56, P < .0001), such that cortical thickness between regions tended to be more correlated in patients, particularly in the temporal and frontal lobes.	CM patients have significantly greater cortical covariance compared to controls. Cortical thickness in CM patients was predominantly accounted for by CM duration, PTSD, and poor sleep quality, while improved pain self-efficacy buffered cortical thickness. While it is important to address all CM features and comorbidities, it may be useful to emphasize optimizing the management of certain clinical features that contribute to cortical abnormalities including managing PTSD, early management to shorten duration of CM, and improving pain self-efficacy and sleep quality.",Remaining,0,0,doi_dummy,human
130,131,3522,3522814,Journal of clinical hypertension,Common carotid blood flow in patients with hypertension and stenosis of the internal carotid artery.,"Common carotid blood flow has been measured using pulsed Doppler techniques in hypertensive patients over 45 years of age, with and without stenosis of the internal carotid artery. In hypertensive patients without stenosis, arterial diameter remained within the normal range, whereas blood flow velocity and blood flow were significantly reduced. Vascular resistance was significantly increased but did not change markedly after administration of the vasodilating drug isosorbid dinitrate. Patients with hypertension and stenosis of the internal carotid artery were compared with two different populations used as controls: In comparison with hypertensive patients without stenosis of the internal carotid artery, both arterial diameter and blood flow velocity were reduced, leading to a more pronounced decrease in blood flow; and in comparison with normotensive patients with stenosis of the internal carotid artery, common carotid blood flow was more reduced at any degree of stenosis. In a subset of patients, blood flow returned toward normal ranges after endarterectomy. The study suggested that in patients with hypertension without stenosis of the internal carotid artery, the decrease in blood flow is due to a decrease in blood flow velocity with normal arterial diameter despite the elevated blood pressure, and in patients with hypertension and stenosis of the internal carotid artery, blood flow was more reduced than in the normotensive patients with stenosis of the internal carotid artery, suggesting that caution must be taken with indications of antihypertensive treatment.",Remaining,0,0,doi_dummy,human
133,134,2195,21954106,Human brain mapping,Functional connectivity changes in multiple sclerosis patients: a graph analytical study of MEG resting state data.,"Multiple sclerosis (MS) is characterized by extensive damage in the central nervous system. Within this field, there is a strong need for more advanced, functional imaging measures, as abnormalities measured with structural imaging insufficiently explain clinicocognitive decline in MS. In this study we investigated functional connectivity changes in MS using resting-state magnetoencephalography (MEG). Data from 34 MS patients and 28 age and gender-matched controls was assessed using synchronization likelihood (SL) as a measure of functional interaction strength between brain regions, and graph analysis to characterize topological patterns of connectivity changes. Cognition was assessed using extensive neuropsychological evaluation. Structural measures included brain and lesion volumes, using MRI. Results show SL increases in MS patients in theta, lower alpha and beta bands, with decreases in the upper alpha band. Graph analysis revealed a more regular topology in the lower alpha band in patients, indicated by an increased path length (λ) and clustering coefficient (γ). Attention and working memory domains were impaired, with decreased brain volumes. A stepwise linear regression model using clinical, MRI and MEG parameters as predictors revealed that only increases in lower alpha band γ predicted impaired cognition. Cognitive impairments and related altered connectivity patterns were found to be especially predominant in male patients. These results show specific functional changes in MS as measured with MEG. Only changes in network topology were related to poorer cognitive outcome. This indicates the value of graph analysis beyond traditional structural and functional measures, with possible implications for diagnostic and/or prognostic purposes in MS.",Remaining,0,0,doi_dummy,human
134,135,2295,22954836,Studies in health technology and informatics,Assessment of executive functions in patients with obsessive compulsive disorder by NeuroVR.,"Executive functions are often impaired in obsessive-compulsive disorder (OCD). We used a Virtual Reality version of the Multiple Errand Test (VMET) - developed dusing the free NeuroVR software (http://www.neurovr.org) - to evaluate the executive functions in daily life in 10 OCD patients and 10 controls. It is performed in a shopping setting where there are items to be bought and information to be obtained. The execution time for the whole task was higher in patients with OCD compared to controls, suggesting that patients with OCD need more time in planning than controls. The same difference was found in the partial errors during the task. Furthermore, the mean rank for and for interpretation failures is higher for controls, while the values of divided attention and the of self correction seems to be lower in controls. We think that obsessive patients tend to work with greater diligence and observance of rules than controls. In conclusion, these results provide initial support for the feasibility of VMET as assessment tool of executive functions. Specifically, the significant correlation found between the VMET and the neuropsychological battery support the ecological validity of VMET as an instrument for the evaluation of executive functions in patients with OCD.",Remaining,0,0,doi_dummy,human
136,137,3736,37369805,Acta neuropathologica,SMN regulates GEMIN5 expression and acts as a modifier of GEMIN5-mediated neurodegeneration.,"GEMIN5 is essential for core assembly of small nuclear Ribonucleoproteins (snRNPs), the building blocks of spliceosome formation. Loss-of-function mutations in GEMIN5 lead to a neurodevelopmental syndrome among patients presenting with developmental delay, motor dysfunction, and cerebellar atrophy by perturbing SMN complex protein expression and assembly. Currently, molecular determinants of GEMIN5-mediated disease have yet to be explored. Here, we identified SMN as a genetic suppressor of GEMIN5-mediated neurodegeneration in vivo. We discovered that an increase in SMN expression by either SMN gene therapy replacement or the antisense oligonucleotide (ASO), Nusinersen, significantly upregulated the endogenous levels of GEMIN5 in mammalian cells and mutant GEMIN5-derived iPSC neurons. Further, we identified a strong functional association between the expression patterns of SMN and GEMIN5 in patient Spinal Muscular Atrophy (SMA)-derived motor neurons harboring loss-of-function mutations in the SMN gene. Interestingly, SMN binds to the C-terminus of GEMIN5 and requires the Tudor domain for GEMIN5 binding and expression regulation. Finally, we show that SMN upregulation ameliorates defective snRNP biogenesis and alternative splicing defects caused by loss of GEMIN5 in iPSC neurons and in vivo. Collectively, these studies indicate that SMN acts as a regulator of GEMIN5 expression and neuropathologies.",Remaining,0,0,doi_dummy,human
140,141,1511,15118119,Radiology,Carotid perfusion CT with balloon occlusion and acetazolamide challenge test: feasibility.,"Carotid balloon test occlusion (BTO) is used to assess the collateral circulation and cerebrovascular reserve in patients in whom carotid artery occlusion is contemplated. Eight patients in whom the test was successful were evaluated with perfusion computed tomography (CT) in the resting state and after acetazolamide challenge. Three of the patients showed symmetric blood flow and normal response to acetazolamide. One of them underwent permanent carotid occlusion and did not develop any delayed ischemic stroke. The remaining five patients showed asymmetric blood flow. One of them had markedly low blood flow and abnormal response to acetazolamide. The patient developed ipsilateral hemispheric stroke following permanent carotid occlusion after the superficial temporal artery to middle cerebral artery bypass graft occluded. In the other four patients, the steal phenomenon was seen in ipsilateral and contralateral hemispheres. Although definitive quantitative values for perfusion CT are not yet standardized, it may be feasible to predict that the patients with symmetric blood flow and normal acetazolamide-enhanced challenge test results will do well after permanent carotid occlusion. Patients with asymmetric blood flow and abnormal response to the acetazolamide challenge test may require a revascularization procedure to protect them from delayed ischemic stroke.",Remaining,0,0,doi_dummy,human
149,150,2903,29039020,Molecular neurobiology,Systemic Inflammation and Multimodal Biomarkers in Amnestic Mild Cognitive Impairment and Alzheimer's Disease.,"There is increasing evidence suggesting that one of the most relevant pathophysiological features of Alzheimer's disease (AD) is neuroinflammation, which plays an important role in the production and regulation of AD-related proteins (amyloid beta (Aβ) and Tau) and exacerbates AD pathology. Neuroinflammation can also be induced by systemic influences (factors from outside the central nervous system). However, the role of systemic inflammation in AD pathophysiology is much less understood. Thus, our main objective in this study was to verify whether the presence of serum cytokines (IL-1β, IL-6, IL-10, IL-12, and TNF-α) affects different AD biomarkers: Aβ1-42 and Tau protein levels, hippocampal volumes (HV), and default mode network functional connectivity (DMN FC) in healthy elderly controls, amnestic mild cognitive impairment (aMCI) patients due to AD, and mild AD patients. To accomplish this, we acquired 3-T MRI, blood, and cerebrospinal fluid (CSF) samples from 42 healthy controls, 55 aMCI patients due to AD, and 33 mild AD patients. Comparing the groups, we found that the mild AD patients presented smaller HV, disrupted DMN FC, and proportionally less IL-1β than the controls. The aMCI patients only differed from the controls in DMN FC. In intra-group comparison, aMCI and mild AD with detectable levels of cytokines (TNF-α, IL-1β, IL-10, and IL-12) had decreased DMN FC. On the other hand, patients with detectable levels of IL-10 and IL-12 presented a more favorable AD biomarkers profile (larger HV, more CSF Aβ1-42, and less p-Tau), indicating a possible protective role of these ILs. Our findings indicate a possible relationship between systemic inflammation with DMN FC disruption, hippocampal atrophy, and CSF protein levels in the subjects with mild AD and aMCI.",Remaining,0,0,doi_dummy,human
152,153,2362,23629739,Family practice,Home blood pressure monitoring in hypertensive stroke patients: a prospective cohort study following a randomized controlled trial.,"We found little data on long-term home blood pressure monitoring in stroke patients.	After completing a 12-month trial of home monitoring in hypertensive stroke patients, we investigated the following: 1. The proportion of 118 control patients offered a monitor at the end of the trial without nurse support who used it at least monthly after 6 months. 2. The proportion of 119 intervention patients continuing to use their monitor monthly after 18 months. 3. Possible predictors of monitoring weekly in the first month after receiving a monitor: age, gender, ethnicity, cognition, anxiety, disability, ability to monitor blood pressure unaided and smoking.	Participants (mean age 71, 34% with disability and 21% from ethnic minorities) were surveyed 1 and/or 6 months after the trial ended by postal and/or telephone questionnaire.	Of 237 potential participants, 53 (22%) declined, 16 (6%) were lost and 9 (4%) died during follow-up. Overall, reported monthly use of the monitor without nurse support was 47% [54/114, 95% confidence interval (CI) 38.2-56.5] at 6 months and 50% (57/114, 95% CI 40.8-59.2) at 18 months. Participants who monitored weekly after 1 month were more likely than the remainder to have no disability [Rankin score ≤ 1; relative risk (RR) 1.2; 95% CI 1.0-1.5] and low anxiety levels (FEAR score = 0; RR 1.5; 95% CI 1.1-2.0).	Around half of hypertensive stroke patients offered a blood pressure monitor but no support continued to use it after 6 and 18 months. Monitoring in the first month was common in those who were not anxious or disabled.",Remaining,0,0,doi_dummy,human
153,154,2842,28428190,Clinical cancer research : an official journal of the American Association for Cancer Research,In Vivo Detection of EGFRvIII in Glioblastoma via Perfusion Magnetic Resonance Imaging Signature Consistent with Deep Peritumoral Infiltration: The φ-Index.,"Purpose: The epidermal growth factor receptor variant III (EGFRvIII) mutation has been considered a driver mutation and therapeutic target in glioblastoma, the most common and aggressive brain cancer. Currently, detecting EGFRvIII requires postoperative tissue analyses, which are ex vivo and unable to capture the tumor's spatial heterogeneity. Considering the increasing evidence of in vivo imaging signatures capturing molecular characteristics of cancer, this study aims to detect EGFRvIII in primary glioblastoma noninvasively, using routine clinically acquired imaging.Experimental Design: We found peritumoral infiltration and vascularization patterns being related to EGFRvIII status. We therefore constructed a quantitative within-patient peritumoral heterogeneity index (PHI/φ-index), by contrasting perfusion patterns of immediate and distant peritumoral edema. Application of φ-index in preoperative perfusion scans of independent discovery (n = 64) and validation (n = 78) cohorts, revealed the generalizability of this EGFRvIII imaging signature.Results: Analysis in both cohorts demonstrated that the obtained signature is highly accurate (89.92%), specific (92.35%), and sensitive (83.77%), with significantly distinctive ability (P = 4.0033 × 10[-10], AUC = 0.8869). Findings indicated a highly infiltrative-migratory phenotype for EGFRvIII[+] tumors, which displayed similar perfusion patterns throughout peritumoral edema. Contrarily, EGFRvIII[-] tumors displayed perfusion dynamics consistent with peritumorally confined vascularization, suggesting potential benefit from extensive peritumoral resection/radiation.Conclusions: This EGFRvIII signature is potentially suitable for clinical translation, since obtained from analysis of clinically acquired images. Use of within-patient heterogeneity measures, rather than population-based associations, renders φ-index potentially resistant to inter-scanner variations. Overall, our findings enable noninvasive evaluation of EGFRvIII for patient selection for targeted therapy, stratification into clinical trials, personalized treatment planning, and potentially treatment-response evaluation. Clin Cancer Res; 23(16); 4724-34. ©2017 AACR.",Remaining,0,0,doi_dummy,human
155,156,1654,16546355,Schizophrenia research,The influence of religious affiliation on time to first treatment and hospitalization.,"Longer duration of untreated psychosis (DUP) has been associated with treatment-refractory illness, significant cognitive decline, and poorer long-term outcomes. There are many factors, including social and cultural, that promote longer DUP. To date, there have been no studies to evaluate religion's effect on DUP. In this study, we evaluated the effect of certain religious affiliations and degree of religious practice on the DUP.	A total of 195 patients were recruited aged 18 to 45 years with the presence of at least 1 psychotic symptom (delusions, hallucinations, or prominent thought disorder). Patients were evaluated on their religious practice prior to the index episode using a Likert-style scale. Using a similar scale, patients were asked about their religious affiliation categorized as Catholic, Protestant, or neither.	Correlational analysis revealed that the time to first treatment and time to first hospitalization were both was negatively related to degree of religious practice (r = -0.15, N = 161, p < 0.05 and r = -0.18, N = 161, p < 0.05, respectively). Between-group comparisons revealed longer DUP in the Protestant group compared to the no affiliation and Catholic groups (p = 0.05).	From our results, it appears that the degree of religious practice does not affect length of time to treatment in psychotic patients. However, having a Protestant religious affiliation is strongly associated with having a greater delay in treatment seeking for psychosis. Factors contributing to a longer DUP in this group warrant further study.",Remaining,0,0,doi_dummy,human
156,157,2956,2956306,Journal of affective disorders,Clinical variables and hypothalamic-pituitary-adrenal function in depression. The importance of mood reactivity.,"Forty outpatients with major depressive disorder were studied with the 1 mg DST and the Afternoon Cortisol Test. No relationship was found between hypothalamic-pituitary-adrenal (HPA) axis function and Research Diagnostic Criteria subtypes of depression, with the exception of higher log post-dexamethasone cortisol levels in endogenous depressives. Patients with mood reactivity had lower cortisol values on all assessments. The data suggest that the presence of mood reactivity may be useful as a predictor of normal HPA function in depression.",Remaining,0,0,doi_dummy,human
159,160,3313,33130675,Neuropsychobiology,Temperament Profiles of Children and Adolescents with Psychotic and Mood Disorders.,"Psychiatric disorders are often linked to dysfunctions within neurotransmitter systems, and the same systems play a role in healthy temperaments. Development of a common bio-behavioural taxonomy based on functionality of neurotransmitter systems suggests examining temperament profiles in patients with various psychiatric disorders.	(1) To investigate temperament profiles in two age groups of children with delusional disorders; (2) to investigate temperament profiles in adolescents with mood disorders; (3) to investigate temperament profiles in in vitro fertilisation (IVF) children.	Sample: in total 171 participants (M/F = 91/80), healthy children and teenagers (volunteers); two age groups of children with psychotic disorders; teens with mood disorders (clients of the Federal Mental Health Center) and healthy IVF. Parents of participants completed a test based on the neurochemical model Functional Ensemble of Temperament (FET).	(1) Both age groups of children with psychotic disorders had significantly lower scores on the scales of physical endurance, tempo, plasticity, and self-satisfaction, in comparison to healthy controls; the psychotic group aged 5-11 had also lower scores on the impulsivity scale, whereas the psychotic group 12-17 had lower scores on the social endurance and social tempo scales and higher neuroticism. (2) Teens with mood disorders had lower scores on the self-confidence-satisfaction scale and higher scores on the impulsivity scale, in comparison to controls. (3) No difference between IVF and naturally conceived children were found. The results show the benefits of using the FET framework for structuring the correspondence between psychiatric disorders and temperament as it differentiates between social versus physical aspects of behaviour and orientational versus executive aspects.",Remaining,0,0,doi_dummy,human
160,161,7625,7625228,Acta medica portuguesa,[An analysis of plasma histaminase in schizophrenic patients and its relationship to clinical parameters].,"Previous studies have investigated putative alterations in histamine and histamine receptors in schizophrenia, and evidence in favour of the role of this amine as a neurotransmitter or as a neuromodulator was found. In the present study the activity of plasmatic histaminase was analysed, with histamine and with cadaverine as substrates, in a group of 23 schizophrenic patients and compared with that of healthy controls (n = 32). Plasma histaminase activity was determined using Gordon and Peters spectrophotometric method, and the results were expressed in mumoles of H2O2 transformed/hour/litre of plasma at 25 degrees C. Plasmatic histaminase, using histamine as substrate, was significantly increased in schizophrenic patients as a whole compared with the healthy controls. On the other hand, when cadaverine was used as substrate plasma histaminase was significantly reduced in female schizophrenics but not in males. When patients were divided according to 17 clinical characteristics it was found that the following subgroups were significantly associated to high levels of plasma histaminase (using histamine as substrate): the non mentally deteriorated schizophrenic patients compared with mentally deteriorated schizophrenic patients and those with thymic symptoms as opposed to those without thymic symptoms. An extension of this series and a prospective analysis are required to further define the clinical and biological significance of the alteration of this biochemical parameter in schizophrenia, and particularly in relation with a subgroup of schizophrenia with a more favourable course.",Remaining,0,0,doi_dummy,human
163,164,2086,20860567,Psychogeriatrics : the official journal of the Japanese Psychogeriatric Society,Characteristics of exploratory eye movements in elderly people: possibility of early diagnosis of dementia.,"Visual cognitive dysfunction is one of the most important signs indicating the early stage of dementia. Thus, visual testing could be used as an aid to the clinical diagnosis of dementia. In the present study, exploratory eye movement was measured to evaluate visual cognitive function in elderly subjects, including those with dementia.	We analyzed responsive search scores (RSS) from exploratory eye movements of 300 subjects who were examined with an eye mark recorder while viewing S shaped figures. Subjects were divided into three groups (dementia, intermediate, healthy) from the values of the Revised Hasegawa Dementia Scale (HDS-R), the Mini-Mental State Examination (MMSE) and the Clinical Dementia Rating. We further divided the intermediate groups into two subgroups, the high score and low score groups, based on RSS. In 202 subjects, Z-scores of voxel-based specific regional analysis system for Alzheimer's disease (VSRAD) were obtained from magnetic resonance imaging (MRI).	RSS of the dementia group were significantly lower than those in the intermediate and healthy groups, in order: dementia < intermediate < healthy groups. RSS of the low score intermediate group was significantly lower than that of the high score intermediate group. There was no significant difference between the low score intermediate and dementia groups, or between the high score intermediate and healthy groups. No significant differences of either HSD-R or MMSE were observed between the low score and the high score intermediate groups. The Z-score of VSRAD using MRI in the low score intermediate group was significantly higher than that in the high score intermediate group.	These findings suggest that RSS using an eye mark recorder is a useful psychophysiological marker to evaluate the early stage of dementia as well as at-risk elderly people.",Remaining,0,0,doi_dummy,human
164,165,1475,14757298,General hospital psychiatry,Psychiatric comorbidity and inpatient treatment history in bulimic subjects.,"Bulimia nervosa (BN) is often associated with other forms of psychopathology. There is a need to clarify which specific factors of psychopathology are linked with the referral to psychiatric or psychotherapeutic inpatient treatment. This study examined which factors of psychopathology are linked with the referral of BN patients to inpatient treatment while controlling for history of suicide attempts and history of underweight. 126 females with a current diagnosis of BN purging type were assessed with the Structured Clinical Interview for DSM-IV and interviewed about their history of treatment for the BN, history of weight, and history of suicide attempts. Logistic regressions were conducted to examine whether psychiatric comorbidity, suicide attempts, and underweight were associated with inpatient treatment history. Axis I comorbidity in general, but no specific axis I disorder, was associated with inpatient history. Axes II comorbidity, especially Cluster B disorders and to a lesser degree depressive/negativistic personality disorders, was associated with a history of inpatient treatment. History of suicide attempts was also linked with inpatient experience, but history of underweight was not. The results showed that BN patients with specific types of comorbidity are more likely to be hospitalized than others.",Remaining,0,0,doi_dummy,human
165,166,1158,11580007,The Journal of nervous and mental disease,Suicidal ideation among patients during the rehabilitation period after life-threatening physical illness.,"A total of 496 patients were examined for suicidal ideation during the acute hospital period and at 3, 6, 12, and 24 months' follow-up after suffering either stroke, traumatic brain injury, myocardial infarction, or spinal cord injury. A total of 7.3% of patients had suicidal ideation during the in-hospital evaluation (acute-onset suicidal ideation), and 11.3% developed it during the chronic 3 to 24 month rehabilitation period (delayed-onset suicidal ideation). Compared with delayed-onset suicidal patients, acute-onset suicidal patients had more predisposing risk factors (i.e., personal psychiatric history and alcohol abuse/dependence) and less social support (i.e., lower frequency of being married). Both acute and delayed-onset suicidal ideation, however, were strongly associated with the existence of major depression and impaired social functioning. These findings suggest that the detection and appropriate treatment of depressive disorders and social isolation may be the most important factor in preventing suicide both during the acute and chronic period following life-threatening physical illnesses.",Remaining,0,0,doi_dummy,human
170,171,8561,8561201,The American journal of psychiatry,Functioning and well-being of patients with panic disorder.,"The authors compared the health-related quality of life of patients with panic disorder to that of patients with other major chronic medical and psychiatric conditions.	The physical and mental health of a group of 433 patients with current panic disorder and 9,839 outpatients with psychiatric or medical disorders were assessed with the 20- and 36-item short-form surveys of the Medical Outcomes Study. After controlling for other disease conditions, demographics, and study site, the authors used multiple regression methods to estimate health-related quality of life levels for panic disorder patients and patients with hypertension, diabetes, heart disease, arthritis, chronic lung problems, and major depression.	Patients with panic disorder had levels of mental health and role functioning that were substantially lower than those of patients with other major chronic medical illnesses but were higher than or comparable to those of patients with depression. However, their physical functioning levels and perceptions of current health were more like those of patients with hypertension and were similar to general population norms.	Panic disorder is a serious societal health problem with large consequences, and it affects primarily psychological and role domains.",Remaining,0,0,doi_dummy,human
171,172,8510,8510058,Journal of psychosomatic research,Sleep disturbance in chronic fatigue syndrome.,"Sleep and fatigue characteristics were evaluated in 72 patients who met major criteria for the chronic fatigue syndrome (CFS), 57 multiple sclerosis (MS) patients preselected for fatigue complaints, and 40 healthy controls. Using previously validated rating scales, CFS patients had significant elevations in fatigue and sleep disturbance compared to the MS and healthy control groups. To confirm these subjective measures, polysomnography was carried out in a subgroup of CFS patients who included sleep disturbance as one of their symptoms on initial clinical interview. In 10 of 16 (62.5%) polysomnography revealed clinically significant and potentially treatable sleep abnormalities. Their sleep disorders included periodic movement disorder (4), excessive daytime sleepiness (3), apnea (2), and narcolepsy (1). We conclude that subjective sleep disturbance is common in CFS and some CFS patients may have objective sleep disorders.",Remaining,0,0,doi_dummy,human
173,174,2303,2303571,Journal of clinical psychology,Prevalence of depression among Israeli alcoholics.,"The Zung Depression Scale was given to 45 Israeli male alcoholics as diagnosed by DSM-III criteria. Eighteen subjects came from an outpatient alcohol clinic, and 27 came from an inpatient detoxification center. In this cohort, 60% of subjects were classified as having clinical depression, and major depressive disorder was found in 26% of inpatients and 17% of outpatients. Pattern analysis of the Zung showed a disproportionately high percentage of all subjects responding to clinical symptoms featured in bipolar disorder, while the inpatient group reported significantly more difficulty than the outpatient group on parameters of pervasive affective disorder, early and frequent waking, constipation, irritability, and emptiness.",Remaining,0,0,doi_dummy,human
174,175,2378,23788398,European eating disorders review : the journal of the Eating Disorders Association,Alterations of the olfactory-gustatory functions in patients with eating disorders.,"The purpose of this study was to assess olfactory-gustatory function impairment in patients with eating disorders.	Nineteen patients with a diagnosis of bulimia nervosa, 18 patients with a diagnosis of anorexia nervosa and a control sample of 19 healthy subjects were recruited from the day hospital service of the Complex Operative Unit for Alimentary Conduct Disorders of the Policlinico Umberto I in Rome. Evaluation of olfactory and gustatory functions was performed on patients through the 'Sniffin' Sticks' method in order to assess the olfactory threshold, the capacity for discriminating and identifying olfactory stimuli, and the overall olfactory function, and through the 'taste strip' kit method in order to assess the gustatory function. The results were processed statistically to assess differences between patients with anorexia nervosa, patients with bulimia nervosa and healthy controls.	The two groups of patients with bulimia nervosa and anorexia nervosa showed a poorer olfactory and gustatory function compared with the healthy controls; discrimination of olfactory stimuli and overall olfactory function were reduced in both samples, as well as the overall gustatory function and the perception of bitter stimuli, whereas olfactory threshold was altered only in patients with bulimia nervosa. In both samples, scores for olfactory function fell within the range of hyposmia.	Our data suggest that patients with eating disorders have an altered perception of olfactory and gustatory stimuli. The alterations observed are worth further investigation.",Remaining,0,0,doi_dummy,human
179,180,3070,30700595,Neurology,Histopathology of diffusion imaging abnormalities in cerebral amyloid angiopathy.,"We sought to determine the underlying mechanism for altered white matter diffusion tensor imaging (DTI) measures at the histopathologic level in patients with cerebral amyloid angiopathy (CAA).	Formalin-fixed intact hemispheres from 9 CAA cases and 2 elderly controls were scanned at 3-tesla MRI, including a diffusion-weighted sequence. DTI measures (i.e., fractional anisotropy [FA] and mean diffusivity [MD]) and histopathology measures were obtained from 2 tracts: the anterior thalamic radiation and inferior longitudinal fasciculus.	FA was reduced in both tracts and MD was increased in cases with CAA compared to controls. Regional FA was significantly correlated with tissue rarefaction, myelin density, axonal density, and white matter microinfarcts. MD correlated significantly with tissue rarefaction, myelin density, and white matter microinfarcts, but not axonal density. FA and MD did not correlate with oligodendrocytes, astrocytes, or gliosis. Multivariate analysis revealed that tissue rarefaction (β = -0.32 ± 0.12, p = 0.009) and axonal density (β = 0.25 ± 0.12, p = 0.04) were both independently associated with FA, whereas myelin density was independently associated with MD (β = -0.32 ± 0.12, p = 0.013). Finally, we found an association between increased MD in the frontal white matter and CAA severity in the frontal cortex (p = 0.035).	These results suggest that overall tissue loss, and in particular axonal and myelin loss, are major components underlying CAA-related alterations in DTI properties observed in living patients. The findings allow for a more mechanistic interpretation of DTI parameters in small vessel disease and for mechanism-based selection of candidate treatments to prevent vascular cognitive impairment.",Remaining,0,0,doi_dummy,human
183,184,1274,1274703,Acta neurochirurgica,The EEG in normal pressure hydrocephalus.,"Fourteen patients with NPH were studied with special reference to associated EEG changes, one case being reported in detail. In 13 cases the EEG was abnormal, the abnormality most frequently observed being a of the rhythmic slow wave type, consisting of bursts of monorhythmic theta or delta waves seen in both hemispheres. This type of abnormality was present in 7 cases. In 4 of the 5 cases with serial EEG's the abnormality became more accentuated with the advance of the illness. In 4 of 5 cases in whom postoperative EEGs were obtained there was significant improvement of the EEG after the shunting procedure. There were stron correlations between the EEG abnormality described, demonstrable ventricular reflux on cisternography, and the effectiveness of the shunt operation. It was considered that serial EEGs are a useful diagnostic procedure in following up patients at risk of developing NPH.",Remaining,0,0,doi_dummy,human
185,186,1082,10829805,Minerva medica,[Study of mapped slow auditory evoked potentials in Alzheimer's disease].,"Alzheimer's disease affects around 500,000 persons in Italy and its diagnosis remains essentially clinical. Our aim was to contribute to the diagnosis of Alzheimer's disease by mapping auditory evoked potentials (AEP). Evoked potentials represent the electric response of the CNS to an external stimulus and can be represented as a sequence of waves. Brain mapping allows a chromotopogram to be compiled showing chromatic maps.	A group of 12 patients were studied aged between 68 and 84 years old who were referred to our attention at the Department of Geriatrics and Gerontology at Catania University and the A.O. Cannizzaro, Geriatrics Unit. All patients completed an assessment form (MM-SE, ADAS) and underwent brain NMR and AEP.	These tests enabled us to identify two types of patients (Group A and Group B) based on the responses shown. The overall evaluation of results revealed that patients with Alzheimer-type dementia present an anomalous cortical neurogenic response to mapped AEP, and that patients in Group A showed anomalous wave morphology, latency and localisation and asymmetric impregnation. The data gathered in this study did not confirm any specific characteristics of AEP given that similar anomalies are found in metabolic dysfunction syndromes and demyelination pathologies.	However, while it does not constitute a specific technique for screening against Alzheimer's disease, the mapping of AEP may contribute to the diagnosis of this disease.",Remaining,0,0,doi_dummy,human
186,187,1358,1358438,Cancer research,Evidence for the involvement of a potential second tumor suppressor gene on chromosome 17 distinct from p53 in malignant astrocytomas.,"Molecular analysis of malignant astrocytomas demonstrated three distinct groups of tumors with chromosome 17p abnormalities, which include (a) deletion of the p53 locus (17p13.1) and mutations in the remaining allele, (b) deletion of the p53 locus but no detectable mutations in the remaining allele, and (c) deletions not including the p53 locus but mutations in one of the alleles. Furthermore, deletion mapping analysis demonstrated allelic loss of genes distal to D17S28/D17S5 markers (17p13.3) in group C tumors. The loss of heterozygosity of genes on chromosome 17 without detectable mutation (group B) or deletion (group C) in the p53 gene implies the presence of a second tumor suppressor gene in the telomeric region of 17p, the homozygous functional inactivation of which may play a role, either alone or in conjunction with p53, in the initiation and/or progression of astrocytic neoplasms.",Remaining,0,0,doi_dummy,human
193,194,1138,11385005,"Journal of neurology, neurosurgery, and psychiatry",Prospective study of hallucinations and delusions in Parkinson's disease.,"This study was undertaken to determine the prevalence of hallucinations and delusions in Parkinson's disease, to describe such symptoms phenomenologically, and possibly to determine factors associated with their development. In addition, the role of the visual system in relation to visual hallucinations was examined.	102 consecutive patients diagnosed with strictly defined Parkinson's disease were examined for the presence of hallucinations and delusions and assessed for visual acuity, cognition, depression using the geriatric depression scale, disease severity as measured by the UPDRS, and other clinical variables.	Of 102 consecutive patients, 29.4% (n=30) had hallucinations or delusions, four (3.9%) were determined to be psychotic due solely to delirium and were excluded from further analysis. Of the 98 remaining patients, 26.5% (n=26) had visual hallucinations. Among these, one patient also had delusions, two had auditory hallucinations, and one had gustatory hallucinations. Visual hallucinations were significantly associated with worse visual acuity, lower cognitive score, higher depression score, and worse disease severity. Hallucinations were not associated with history of psychiatric disease, dose or duration of levodopa or other antiparkinsonian medication treatment, or duration of illness.	Visual hallucinations are common symptoms in Parkinson's disease and are most likely of multifactorial origin. Although higher doses of levodopa are known to be related clinically to hallucinations in individual patients, the results suggest that several underlying characteristics of patients with Parkinson's disease (disease severity, dementia, depression, worse visual acuity) may be more important determinants of which patients experience hallucinations. The data also provide preliminary evidence that abnormality of the visual system may be related to visual hallucinations in Parkinson's disease, as has been found in other disorders with visual hallucinations.",Remaining,0,0,doi_dummy,human
194,195,2352,23524624,Neuro endocrinology letters,The effect of insulin resistance on inflammatory response and oxidative stress in acute cerebral ischemia.,"Insulin resistance (IR) has effects on inflammation and oxidative stress which have importance in acute stroke. Our aim was to investigate the relationships between IR, inflammation, oxidative stress and stroke severity in acute ischemic stroke patients.	We examined the relationships between inflammation, oxidative stress and stroke severity in 75 acute stroke patients with and without IR. Serum levels of oxidative stress markers (nitric oxide (NO), malondialdehyde (MDA), glutathione (GSH)) were measured as well as the cytokines interleukin-6 (IL-6) and interleukin-10 (IL-10).	The levels of IL-10 (13.7±19.11 vs 51.20±89.32 pg/ml, p<0.00) in IR group were significantly reduced. Patients with IR had higher levels of NO (30.26±17.63 vs 22.57±14.5 µmol/L, p=0.04) and IL6 (27.44±57.13 vs 8.68±11.8 pg/ml, p<0.00) and higher NIHSS scores (11.40±5.35 vs 8.81±5.76, p=0.04) when compared with noninsulin resistant group. IL-10 was found negatively correlated with HOMA. Additionally, the parameters with positive correlations with HOMA were NIHSS, IL-6 and NO.	Inflammation and oxidative stress are more evident in acute stoke patients with insulin resistance which may cause worse stroke severity. Our data also suggest that IL-10 as an antiinflammatory cytokine can be much lower in insulin resistance in acute phase of ischemic stroke. However it can be elevated as an adaptive mechanism in metabolic syndrome as a chronic condition.",Remaining,0,0,doi_dummy,human
207,208,2018,2018095,American journal of medical genetics,Cognitive profiles of the carrier fragile X woman.,"Cognitive deficits in females with fragile X [fra(X)] syndrome have been reported, but studies have rarely focused on women with normal intelligence, nor have they separated fra(X)-negative carriers from fra(X)-positive carriers. Questions specifically addressed here are: 1) is the degree of fragility predictive of IQ? 2) are cognitive patterns consistent across fragility levels? and 3) do consistent individual profiles exist? These questions were addressed with the help of 74 heterozygous women, 38 of whom were fra(X)-negative carriers. All women completed the WAIS-R, and full-scale IQ was normally distributed (mean = 99.65). A strong inverse relationship between IQ and fragility levels was found. Also, the group of fra(X)-positive women had a significantly different subtest pattern from that of the fra(X)-negative women. However, when results were analyzed individually, no consistent patterns emerged. The cognitive performance of fra(X)-negative carriers has probably been underestimated due to the lack of differentiation between positive and negative carrier females in previous studies. These women appear to be cognitively unimpaired and should be considered separately from fra(X)-positive women. Since consistent WAIS-R patterns are not observable on an individual basis, their use as a diagnostic/predictive tool appears to be inappropriate.",Remaining,0,0,doi_dummy,human
208,209,3219,32198120,Brain research,Apathy in frontotemporal dementia is related to medial prefrontal atrophy and is independent of executive dysfunction.,"Apathy is the most common neuropsychiatric syndrome in behavioral variant frontotemporal dementia (bvFTD), and encompasses cognitive, behavioral and affective symptoms. The neural basis of apathy in bvFTD is not completely understood. Previous neuroimaging studies have poorly considered executive impairment and dementia severity as possible confounding factors. Herein we investigated the neural basis of apathy in bvFTD through structural neuroimaging taking into account these factors.	We included patients with probable bvFTD (n = 21) and cognitively healthy controls (HC, n = 22). Participants were matched for age, sex and schooling. All subjects underwent a thorough neuropsychological examination, including tests for executive functions and social cognition. Apathy was assessed with the Starkstein Apathy Scale (SAS). All subjects underwent 3T brain MRI. We investigated correlations between SAS scores and gray matter atrophy within the bvFTD group. Executive function (Frontal Assessment Battery) and disease severity were considered as covariates in neuroimaging analyses.	Compared to HC, bvFTD patients had lower scores on global cognitive efficiency, executive functions and social cognition. All bvFTD had clinically relevant apathy (scores greater than 14 in the SAS). Performance in executive function tests did not correlate with apathy scores. The severity of apathy was negatively correlated with gray matter volumes in midline prefrontal regions, namely orbitofrontal cortex and both anterior and dorsal regions of cingulate cortex.	Apathy in bvFTD is related to a specific network of prefrontal cortical areas critically involved in effort-based behavior for rewards and appears to be independent of executive dysfunction.",Remaining,0,0,doi_dummy,human
215,216,3210,32103506,British journal of haematology,Association between hydroxycarbamide exposure and neurocognitive function in adolescents with sickle cell disease.,"Patients with sickle cell disease (SCD) are at increased risk for neurocognitive impairments. While disease-modifying treatment, such as hydroxycarbamide (hydroxyurea), may decrease this risk, it has not been systematically investigated in children with SCD. We screened neurocognitive functioning in 103 adolescents with SCD (16-17 years, 50% female) and compared outcomes between patients with a history of exposure to hydroxycarbamide (n = 12 HbSC/HbSβ[+] thalassaemia; n = 52 HbSS/HbSβ[0] thalassaemia) and those never treated with hydroxycarbamide (n = 31 HbSC/HbSβ[+] thalassaemia; n = 8 HbSS/HbSβ[0] thalassaemia). Demographic distributions were similar between the groups. After adjusting for socioeconomic status, the hydroxycarbamide group had significantly higher scores on nonverbal IQ (HbSC/HbSβ thalassaemia: P = 0·036, effect size [d] = 0·65), reaction speed (HbSS/HbSβ[0] thalassaemia: P = 0·002, d = 1·70), sustained attention (HbSS/HbSβ[0] thalassaemia: P = 0·014, d = 1·30), working memory (HbSC/HbSβ[+] thalassaemia: P = 0·034, d = 0·71) and verbal memory (HbSC/HbSβ[+] thalassaemia: P = 0·038, d = 0·84) when compared to those who did not receive hydroxycarbamide. In patients with HbSS/HbSβ[0] thalassaemia, longer treatment duration with hydroxycarbamide was associated with better verbal memory (P = 0·009) and reading (P = 0·002). Markers of hydroxycarbamide effect, including higher fetal haemoglobin (HbF), higher mean corpuscular volume (MCV) and lower white blood cell count (WBC), were associated with better verbal fluency (HbF: P = 0·014, MCV: P = 0·006, WBC: P = 0·047) and reading (MCV: P = 0·021, WBC: P = 0·037). Cognitive impairment may be mitigated by exposure to hydroxycarbamide in adolescents with SCD.",Remaining,0,0,doi_dummy,human
216,217,3076,30766591,African health sciences,"Geophagia, nutrition and health of women with pregnancy-induced hypertension.","Calcium is a major nutrient implicated in pregnancy-induced hypertension (PIH). Aside dietary sources, geophagia has been reported to provide calcium needed to prevent PIH. These soils are shown to contain significant amount of heavy metals which have been associated with hypertension.	The aim of this study was to determine the relationship between geophagia and PIH, assess the dietary intakes and health of participants.	This study was a case-control involving 30 women with PIH and 70 normotensive pregnant women.	Geophagia was not significantly associated with PIH. Women with PIH practicing geophagia recorded significantly low levels of haemoglobin, calcium and ferritin. Hypertensives recorded impaired fasting blood glucose (5.77±1.71mmol/L, p=0.051), higher levels of urea (3.60±1.29 mmol/L, p=0.000) and creatinine (382.67±11.66 µmol/L, p=0.000). Percentage intakes of macronutrients for normotensives were within the Adequate Macronutrient Distribution Range and PIH group recorded higher intakes of carbohydrate (72.75±16.16 %), lower protein (9.77±5.61 %) and fat (17.15±11.99%). Dietary calcium intakes in both groups were lower than recommended (< 1,000 mg/day).	In this study, geophagia during pregnancy is not directly associated with PIH but is detrimental to maternal health. The pregnant women in this study had considerably low intakes of energy and nutrients. There is a need for measures to ensure adequate maternal nutrition for a positive health and pregnancy outcomes.",Remaining,0,0,doi_dummy,human
218,219,3421,3421352,The American journal of psychiatry,Pattern of onset of bulimic symptoms in anorexia nervosa.,"Among patients with anorexia nervosa in a research program, the proportion of those who had developed bulimia before anorexia increased between 1976 and 1987. These preliminary results may reflect a new symptom pattern with important clinical and research implications.",Remaining,0,0,doi_dummy,human
223,224,6799,6799631,The Journal of pathology,"Human pituitary gonadotropic adenoma; histological, immunocytochemical, and ultrastructural and hormonal studies in eight cases.","Among 230 surgically removed pituitary adenomas, eight tumours showing immunostaining gonadotropic cells and elevated intratumours gonadotropin concentrations have been detected (frequency: 3.5 per cent.). By light microscopy the tumours were composed of agranular cells and generally PAS negative cytoplasm. The immunofluorescence technique revealed the presence of immunoreactive FSH (beta-subunit) alone in two cases, of both FSH and LH in six cases with immunoreactive beta endorphin in two of them. By electron microscopy, the cells contained an often dilated moderately or well developed rough endoplasmic reticulum, secretory granules measuring 150 nm to 200 nm which varied in electron density, and numerous microtubules. Basal plasma FSH and LH levels were simultaneously elevated in two cases; FSH levels alone were elevated in two cases; in three cases, both FSH and LH plasma values were normal. FSH and LH intratumour concentrations were simultaneously elevated in five cases; FSH alone was elevated in two cases. In all cases, the concentrations of the other hormones were negligible, except in two cases where beta endorphin concentration was elevated. The comparison of the immunocytochemical findings, the hormonal plasma levels and intratumour concentrations showed a good relationship between the immunoreactivity of the tumour and the intratumour RIA. The gonadotropic adenoma is uncommon but not rare. Its diagnosis is possible if immunocytochemical techniques are applied.",Remaining,0,0,doi_dummy,human
225,226,2634,2634817,Neurologia i neurochirurgia polska,[Vertebrobasilar ischemia--clinico-radiologic correlations].,"This term is used for describing disturbances of blood flow in the vertebral and basilar arteries due to atherosclerotic lesions causing stenosis or occlusion of these arteries. Clinical patterns of the resulting disturbances include transient symptoms, mainly vertigo, and stabilized syndromes with evidence of brain damage in this blood supply area. The purpose of the study was assessment of the blood flow in this vascular bed by means of dynamic computerized tomography (DCT) in relation to clinical signs, and a comparison of the results with those of similar DCT examinations in cases of circulatory disturbances in the carotid arteries. The study was carried out on 40 patients (20 with stabilized syndromes, 10 with transient disturbances and 10 with ischaemic episodes in the carotid artery supply. DCT abnormalities were found in 90% of patients with stabilized syndromes and in 40% of those with transient ischaemia. DCT may be an auxiliary diagnostic methods and may confirm the presence of vertebrobasilar circulatory failure. Normal result is not ruling out presence of changes in this arterial system.",Remaining,0,0,doi_dummy,human
230,231,1595,15957200,Schizophrenia bulletin,Reduced red blood cell membrane essential polyunsaturated fatty acids in first episode schizophrenia at neuroleptic-naive baseline.,"There is emerging evidence in schizophrenia of membrane abnormalities, primarily reductions in the essential omega-3 and omega-6 series of polyunsaturated fatty acids (PUFA). Because previous studies have largely been in chronic patients, it is not known whether these membrane abnormalities also occur early in illness. In the present study, red blood cell membrane fatty acid levels were determined by capillary gas chromatography from 24 neuroleptic-naive patients with first episode schizophrenia or schizoaffective disorder and 31 age-matched normal controls. Relative to normal subjects, patients had significant reductions in total PUFA (-13%) but not in monounsaturated or saturated fatty acids. Specifically, significant reductions were found in arachidonic acid (-18%), docosapentaenoic acid (-36%), and docosahexaenoic acid (-26%) concentrations. These reductions were not related to age, gender, smoking status, or cotinine levels. These results confirm previous findings of membrane deficits in schizophrenia and show that significant PUFA reductions occur early in the illness, prior to initiation of treatment, raising the possibility that these deficits are trait related. The findings also suggest that membrane fatty acid losses are quite specific to the highly unsaturated fatty acids.",Remaining,0,0,doi_dummy,human
232,233,3303,33034830,Acta neurologica Belgica,Silent brain infarcts and white matter lesions in patients with asymptomatic carotid stenosis.,"The association of carotid atherosclerosis with silent brain infarcts (SBIs) and white matter lesions (WMLs) currently remains unknown. This study aims to compare SBIs, deep white matter lesions (DWMLs), and periventricular white matter lesions (PWMLs) in ipsilateral and contralateral hemispheres to internal carotid artery (ICA) stenosis, and investigate their association with stenosis grade in patients with asymptomatic ≥ 50% unilateral extracranial ICA stenosis. Patients without previous history of stroke and/or transient ischemic attack who had ≥ 50% stenosis in unilateral ICA on carotid color Doppler ultrasound were enrolled in the study. Patient demographics, vascular risk factors and ICA stenosis grades; number, location, and size of SBIs, DWMLs, and PWMLs in ICA territory were evaluated in both hemispheres using magnetic resonance imaging of the brain. Of the 69 patients, 53 had 50-69% (76.8%) and 16 had ≥ 70% (23.2%) unilateral ICA stenosis. There was no statistically significant difference in SBIs between ipsilateral and contralateral hemispheres to ≥ 50% ICA stenosis. Comparison of ICA stenoses as 50-69% and ≥ 70% revealed a greater number of patients with SBI in ipsilateral hemisphere to ≥ 70% stenosis compared to contralateral (p = 0.025). The number of SBIs was also higher in ipsilateral hemisphere to ≥ 70% stenosis compared to contralateral (p = 0.022). While DWMLs and PWMLs did not differ between hemispheres, frequency of Fazekas grade 1 DWMLs was lower in ipsilateral hemisphere to either 50-69% or ≥ 70% ICA stenosis compared to contralateral (p = 0.035 and p = 0.025, respectively). Results of the present study indicate that stenosis grade may be relevant in the association between asymptomatic carotid stenosis and SBIs, and ≥ 70% stenosis may pose a risk of SBI development.",Remaining,0,0,doi_dummy,human
238,239,7305,7305695,Archives of neurology,Medial frontal cortex infarction and the alien hand sign.,"Two right-handed patients with infarction involving the left medial frontal cortex are described. Both patients exhibited a form of transcortical motor aphasia and a psychomotor disturbance involving the right arm characterized by forced grasping, motor perseveration, and the presence of apparently purposeful movements that appeared to be dissociated from conscious volition. The latter feature is noted to be identical to the alien hand sign as described in the left arm of commissurotomized patients and patients with callosal neoplasm or infarction. It is suggested that the observed dissociation of conscious intention from purposeful movement may be related to dysfunction of the medial frontal cortex contralateral to the impaired extremity as much as to hemispheric disconnection.",Remaining,0,0,doi_dummy,human
248,249,1604,16043811,Neurology,The prognosis of hearing impairment complicating HIV-negative cryptococcal meningitis.,"Eight patients who had sensorineural hearing loss (SNHL) associated with cryptococcal meningitis were studied. After a minimum 3-year follow-up, one had died. Among the seven survivors, three had improved, two stabilized, and two progressed. Predictive factors included visual disturbance, meningeal enhancements on MRI, and a CSF cryptococcal antigen titer of >1:1,024. SNHL accounted for 30.8% (8/26) of cryptococcal meningitis patients in our study.",Remaining,0,0,doi_dummy,human
252,253,2314,23149030,Psychiatry research,Predicting dementia development in Parkinson's disease using Bayesian network classifiers.,"Parkinson's disease (PD) has broadly been associated with mild cognitive impairment (PDMCI) and dementia (PDD). Researchers have studied surrogate, neuroanatomic biomarkers provided by magnetic resonance imaging (MRI) that may help in the early diagnosis of this condition. In this article, four classification models (naïve Bayes, multivariate filter-based naïve Bayes, filter selective naïve Bayes and support vector machines, SVM) have been applied to evaluate their capacity to discriminate between cognitively intact patients with Parkinson's disease (PDCI), PDMCI and PDD. For this purpose, the MRI studies of 45 subjects (16 PDCI, 15 PDMCI and 14 PDD) were acquired and post-processed with Freesurfer, obtaining 112 variables (volumes of subcortical structures and thickness of cortical parcels) per subject. A multivariate filter-based naïve Bayes model was found to be the best classifier, having the highest cross-validated sensitivity, specificity and accuracy. Additionally, the most relevant variables related to dementia in PD, as predicted by our classifiers, were cerebral white matter, and volumes of the lateral ventricles and hippocampi.",Remaining,0,0,doi_dummy,human
256,257,3067,30677716,Psychiatry research,Post-traumatic stress disorder and depression symptoms of adolescents survived from a seriously-hit area in China: A 3-year follow-up study.,"The objective of this study is to analyze the prevalence of probable PTSD and depression after earthquake and to find the risk factors. Adolescents having experienced an earthquake were recruited (n = 330) and assessed within 1 month of the trauma. Follow-up surveys were conducted 12 months, 24 months and 36 months later, respectively. Symptoms were assessed by the Children's Revised Impact of Event Scale and the Depression Self-Rating Scale for Children. Results indicate that the prevalence of probable PTSD in different stages was 42.2%, 20.1%, 30.3% and 11.2%. The corresponding rate of depression was 32.3%, 20.7%, 31.0% and 30.3%. The sub-symptoms of PTSD, intrusion and arousal, tended to decrease at the 1st year, followed by a rebound at the 2nd year, then dropping again at the 3rd year. The avoidance showed a consistent diminishing. The PTSD symptoms were significantly associated with gender and the degree of earthquake exposure. However, the gender, family relationship and despair played crucial roles in the development of depressive symptoms. Despite of the tendency of timing abatement, the prevalence of probable PTSD and depression might show rebound at the second year, which remind us a vital threshold for psychological intervention.",Remaining,0,0,doi_dummy,human
258,259,3059,30597295,Journal of affective disorders,"The relationship between attention deficit hyperactivity disorder, bipolarity and mixed features in major depressive patients: Evidence from the BRIDGE-II-Mix Study.","This study primarily focused on the relationship between comorbid attention deficit-hyperactivity disorder (ADHD), mixed features and bipolarity in major depressive patients.	The sample comprised 2777 patients with Major Depressive Episode (MDE) enrolled in a multicentre, multinational study originally designed to assess different definitions of mixed depression. Socio-demographic, familial and clinical characteristics were compared in patients with (ADHD + ) and without (ADHD-) comorbid ADHD.	Sixty-one patients (2.2%) met criteria for ADHD. ADHD was associated with a higher number of (hypo)manic symptoms during depression. Mixed depression was more represented in ADHD + patients than in ADHD- using both DSM-5 and experimental criteria. Differences were maintained after removing overlapping symptoms between (hypo)mania and ADHD. ADHD in MDE was also associated with a variety of clinical and course features such as onset before the age of 20, first-degree family history of (hypo)mania, past history of antidepressant-induced (hypo)manic switches, higher number of depressive and affective episodes, atypical depressive features, higher rates of bipolarity specifier, psychiatric comorbidities with eating, anxiety and borderline personality disorders.	The study was primarily designed to address mixed features in ADHD, with slightly reduced sensitivity to the diagnosis of ADHD. Other possible diagnostic biases due to heterogeneity of participating clinicians.	In a sample of major depressive patients, the comorbid diagnosis of current ADHD is associated with bipolar diathesis, mixed features, multiple psychiatric comorbidity and a more unstable course. Further prospective studies are necessary to confirm the possible mediating role of temperamental mood instability and emotional dysregulation in such a complex clinical presentation.",Remaining,0,0,doi_dummy,human
261,262,1910,1910699,Archives of otolaryngology--head & neck surgery,Irradiation. A significant risk factor for carotid atherosclerosis.,"Radiation exacerbates the development of atherosclerosis in the large arteries of animals and is postulated to do likewise in human beings. To study this relationship, we used high-resolution B-mode ultrasonography to measure carotid artery wall thickness in 29 previously irradiated head and neck cancer patients and compared the results with those of nine epidemiologically similar but nonirradiated head and neck cancer patients. Maximal intima-media thickness was greater in the study group (mean, 1.28 +/- SE 0.06 mm) than in the control group (mean, 0.90 +/- SE 0.05 mm). Even after the effects of age, hypertension, and tobacco consumption were controlled, these differences remained statistically significant. This study suggests that irradiation may contribute to the development of more severe and extensive carotid atherosclerosis in head and neck cancer patients who receive radiation therapy.",Remaining,0,0,doi_dummy,human
263,264,3292,32929643,European radiology,Uncontrolled hypertension associates with subclinical cerebrovascular health globally: a multimodal imaging study.,"The study aimed to analyze the association between hypertension control and subclinical cerebrovascular health using a comprehensive multimodal imaging approach.	The study included 200 hypertensive older males without previous cardiovascular diseases. Clinic blood pressure (BP) was measured using a standard approach. Cerebrovascular health was evaluated using magnetic resonance imaging in the following four aspects: Intracranial atherosclerosis as determined by vessel wall imaging; Vascular rarefaction (defined as less discernible vessels on angiography) was evaluated using a custom-developed technique. Cerebral blood flow (CBF) and white matter hyperintensity (WMH) were assessed using arterial spin-labeling imaging and fluid-attenuated inversion recovery imaging, respectively.	A total of 189 subjects had MRI scans. The mean age was 64.9 (± 7.2) years. For intracranial atherosclerosis, there was a significant association between uncontrolled hypertension and presence of intracranial plaque. When systolic and diastolic BP were analyzed separately, the association remained significant for both. For vascular rarefaction, uncontrolled hypertension was associated with less discernible vessel branches or shorter vessel length on angiography. Further analysis revealed that this is due to uncontrolled diastolic BP, but not uncontrolled systolic BP. There was an association between uncontrolled hypertension and reduced CBF, which was also mainly driven by uncontrolled diastolic BP. We also found that uncontrolled diastolic BP, but not uncontrolled systolic BP, was associated with increased WMH volume.	Uncontrolled hypertension was associated with subclinical cerebrovascular injury globally, with both small and medium-to-large arteries being affected.	• In this study, we leveraged the advantage of a series of cutting-edge MR imaging and analysis techniques and found uncontrolled hypertension is associated with subclinical globally compromised cerebrovascular health. • The detrimental consequences of uncontrolled BP affect not only the small vessels but also the medium-to-large arteries, and uncontrolled systolic and diastolic BP are both independently associated with certain types of cerebrovascular injury. • Our data suggest that cerebrovascular health is impaired globally in uncontrolled hypertension before the onset of stroke.",Remaining,0,0,doi_dummy,human
817,284,2161,21613789,Dementia and geriatric cognitive disorders,Utility and limitations of Addenbrooke's Cognitive Examination-Revised for detecting mild cognitive impairment in Parkinson's disease.,"To evaluate the utility of the Addenbrooke's Cognitive Examination-Revised (ACE-R) as a screening tool for mild cognitive impairment in Parkinson's disease (PD-MCI).	PD patients underwent comprehensive neuropsychological and neurological evaluations and ACE-R assessment.	The ACE-R was superior to the Mini-Mental State Exam (MMSE) in detecting PD-MCI, with a cutoff score of ≤93 offering a sensitivity of 61% and a specificity of 64%. The utility of the ACE-R in detecting PD-MCI is largely influenced by the fluency sub-domain score, and has optimal discriminability when utilized in patients with lower levels of education (≤12 years of formal schooling).	The ACE-R must be used cautiously as a screening tool for PD-MCI, with results being most influenced by its fluency sub-domain score and patient education levels.",Remaining,0,0,doi_dummy,human
819,286,1505,15051899,Biological trace element research,Blood lead levels in glue sniffers.,The aim of this study was to investigate blood levels of lead (Pb) among adolescents with glue sniffing in Turkey. Blood Pb levels were measured in 30 adolescent glue sniffers by atomic absorption spectrophotometry and compared with those of the 30 healthy adolescents. The Pb contents of various glue preparations marketed in Turkey and used by the abusers were also measured. Blood Pb levels were significantly higher in the study group when compared to the control group. Pb was detected at considerably high levels in the contents of all the various glue preparations most commonly used by the cases in the study group. The increased blood Pb levels in glue sniffers may be related to the high lead contents of glues marketed in Turkey. The blood Pb levels and signs of Pb toxicity should be investigated in examination of glue sniffers.,Remaining,0,0,doi_dummy,human
820,287,3664,36647082,The Kobe journal of medical sciences,Longitudinal Changes and Features of Sleep Patterns of Mothers with Preterm Infants during the Early Postpartum Period.,"This study comprised 13 mothers of preterm infants and 21 mothers of term infants. Sleep assessment was conducted using an actigraph for three consecutive days. The participants were asked to record their sleep behaviors and activities over these 3 days, and complete two questionnaires (Edinburgh Postnatal Depression Scale [EPDS] and Pittsburgh Sleep Quality Index [PSQI]). As compared to the mothers of term infants, the sleep efficiency in the preterm mothers was significantly lower than that in the term mothers. The total sleep time was shorter and nighttime awakenings were more frequent in the preterm mothers at 2 weeks after childbirth, but without a significant difference. We analyzed the changes in the sleep data of the mothers of preterm infants longitudinally, including sleep behaviors and the EPDS and PSQI scores. The total sleep time at 1 month postpartum was shorter than that at other periods, and significantly shorter than that at 2 weeks and 6 months postpartum. Our results suggested that sleep problems tended to last longer in mothers of preterm infants than in mothers of term infants, as the problems occurred twice, immediately after childbirth and immediately after discharge.",Remaining,0,0,doi_dummy,human
821,288,2870,28700589,PloS one,ANK1 is up-regulated in laser captured microglia in Alzheimer's brain; the importance of addressing cellular heterogeneity.,"Recent epigenetic association studies have identified a new gene, ANK1, in the pathogenesis of Alzheimer's disease (AD). Although strong associations were observed, brain homogenates were used to generate the data, introducing complications because of the range of cell types analyzed. In order to address the issue of cellular heterogeneity in homogenate samples we isolated microglial, astrocytes and neurons by laser capture microdissection from CA1 of hippocampus in the same individuals with a clinical and pathological diagnosis of AD and matched control cases. Using this unique RNAseq data set, we show that in the hippocampus, ANK1 is significantly (p<0.0001) up-regulated 4-fold in AD microglia, but not in neurons or astrocytes from the same individuals. These data provide evidence that microglia are the source of ANK1 differential expression previously identified in homogenate samples in AD.",Remaining,0,0,doi_dummy,human
823,290,2792,27929658,Applied neuropsychology. Adult,Executive Function Index (EFI) performance in nonclinical individuals with high levels of autistic traits.,"This study examined the ability of the Executive Function Index (EFI) to detect differences in executive functioning amongst participants with varying levels of subclinical autistic symptoms as quantified by the Autism Spectrum Quotient (ASQ). Participants were a nonclinical college subject sample classified as displaying either Low (0-15 ASQ score, n = 182) ASQ traits or High (16 or higher ASQ score, n = 91) ASQ traits. Participants were given the ASQ (Baron-Cohen et al., 2001) and the EFI (Spinella, 2005). High ASQ subjects were significantly impaired (p's < .04) on the Motivation/Drive (EFI-1) and Organization (EFI-4) subscales of the EFI, as compared to the Low ASQ subjects. However, no High/Low ASQ group differences were observed for EFI-2 (Impulse Control), EFI-3 (Empathy), EFI-5 (Planning) subscales or the EFI-Total Score (p's > .12), although these differences were in the predicted direction (High ASQ < Low ASQ). Use of the EFI as a measure of executive function performance in nonclinical ASQ trait individuals requires further study and may not be sensitive enough of an instrument to assess EF in nonclinical populations with autistic traits.",Remaining,0,0,doi_dummy,human
824,291,9745,9745353,Seishin shinkeigaku zasshi = Psychiatria et neurologia Japonica,[A study of neuroleptic malignant syndrome in the presenium and senium].,"Recently, with the increase in elderly population, we have had more opportunities to administer neuroleptics to elderly patients for hallucinatory delusional state, delirium, psychomotor excitement, wandering etc. However, little is known about the characteristics of the neuroleptic malignant syndrome (NMS) in elderly patients, which is the most serious side effect of neuroleptics. In this paper, we present the clinical course of five NMS patients in the presenium and senium. Case 1 was 72-year-old male who was diagnosed as having dementia of Alzheimer's type (with late onset). He showed nocturnal wandering, insomnia, and irritability. Tiapride 60 mg per day had been administered previously. Just after the addition of oxypertine 10 mg per day, NMS occurred, and he died of pneumonia a week later. Case 2 was 75-year-old male who was diagnosed as having vascular dementia. He showed insomnia, hyperactivity and wandering. He had been given levomepromazine (LPZ) 10 mg per day over a long period of time. At first, he had daily episodic fever, however, serum CPK levels did not increase at that time. A month later, all the symptoms of NMS appeared and then the patient's condition suddenly deteriorated and he died three days later. Case 3 was a 64-year-old male who was diagnosed as having dementia of Alzheimer's type (with early onset). He showed insomnia, irritability and violence. Tiapride 50-125 mg per day was administered along with oxypertine 50-115 mg per day. Almost two months later, NMS occurred. He had daily episodic fever at first, extrapyramidal symptoms and autonomic instabilities gradually increased. Soon after symptoms of NMS were completed. In this case, NMS seemed to be induced by bacterial pneumonia after long term administration of LPZ 5 mg per day. Case 4 was a 75-year-old female who was diagnosed as having dementia of Alzheimer's type (with late onset). She showed hallucinatory delusional state. Although she had autonomic instabilities just after adminstration of haloperidol 1-2 mg per day, NMS itself occurred after discontinuing the neuroleptic. Case 5 was a 61-year-old female who was diagnosed as having schizophrenia at the age of forty. She was given various neuroleptics over a period of time. The neuroimaging in SPECT showed her cerebral cortex was generally hypoactive. She had a tendency to have autonomic instabilities after the administration of relatively high potential neuroleptics. Risperidone 3-6 mg per day was administered, and almost a month later, autonomic instabilities increased and she was diagnosed as having NMS. All the patients would be able to have brain dysfunction, which suggested that such patients may be liable to NMS. In our patients, NMS occurred after the additional administration of oxypertine 10 mg per day or after long time administration of LPZ 5 mg per day. It was suggested that NMS could occur after the administration of low dose and relatively low potential neuroleptics in elderly patients. Our 3 of 5 patients showed the delayed type of NMS, which might be relatively more frequent in senior and presenior patients than in younger patients. In case 3, NMS was induced by the somatic disease (bacterial pneumonia), however in other cases, NMS was not always induced by somatic disease. Our 4 of 5 patients experienced some of the symptoms of NMS--episodic fever, extrapyramidal symptoms and autonomic instabilities--before the onset of NMS. Such symptoms may be 'pre-steps' to NMS. Once NMS occurred, the patient's systemic condition tended to deteriorate acutely. Due to the fact that our 2 of 5 patients died, it was suggested that the prognosis of the NMS patients in presenium and senium tends to be much worse. It is important to find the 'pre-steps' to NMS and treat them as soon as possible for better prognosis.",Remaining,0,0,doi_dummy,human
826,293,2503,25031221,Schizophrenia bulletin,Mediodorsal and visual thalamic connectivity differ in schizophrenia and bipolar disorder with and without psychosis history.,"Empirical and theoretical studies implicate thalamocortical circuits in schizophrenia, supported by emerging resting-state functional connectivity studies (rs-fcMRI). Similar but attenuated alterations were found in bipolar disorder (BD). However, it remains unknown if segregated loops within thalamocortical systems show distinct rs-fcMRI alterations in schizophrenia. For instance, the mediodorsal (MD) nucleus, known to project to prefrontal networks, may be differently altered than the lateral geniculate nucleus (LGN), known to project to the occipital cortex. Also, it remains unknown if these circuits show different patterns of alterations in BD as a function of psychosis history, which may be associated with a more severe clinical course. We addressed these questions in 90 patients with chronic schizophrenia and 73 remitted BD patients (33 with psychosis history) matched to 146 healthy comparison subjects. We hypothesized that the MD vs LGN would show dissociations across diagnostic groups. We found that MD and LGN show more qualitative similarities than differences in their patterns of dysconnectivity in schizophrenia. In BD, patterns qualitatively diverged between thalamic nuclei although these effects were modest statistically. BD with psychosis history was associated with more severe dysconnectivity, particularly for the MD nucleus. Also, the MD nucleus showed connectivity reductions with the cerebellum in schizophrenia but not in BD. Results suggest dissociations for thalamic nuclei across diagnoses, albeit carefully controlling for medication is warranted in future studies. Collectively, these findings have implications for designing more precise neuroimaging-driven biomarkers that can identify common and divergent large-scale network perturbations across psychiatric diagnoses with shared symptoms.",Remaining,0,0,doi_dummy,human
829,296,2290,22909445,Journal of psychiatry & neuroscience : JPN,Morphometric differences in central stress-regulating structures between women with and without borderline personality disorder.,"Experiences of early life stress, increased psychological arousal and the body's physiologic stress response seem to play an important role in the pathogenesis and maintenance of borderline personality disorder (BPD). In the present study, we investigated alterations in grey matter of central stress-regulating structures in female patients with BPD.	We examined T1-weighted structural magnetic resonance imaging scans of unmedicated, right-handed female patients with BPD (according to DSM-IV criteria) and healthy controls matched for age, intelligence and education using fully automated DARTEL voxel-based morphometry. Our regions of interest analyses included the hippocampus, amygdala, anterior cingulate cortex (ACC) and hypothalamus.	We enrolled 30 patients and 33 controls in our study. The grey matter of patients with BPD was reduced in the hippocampus, but increased in the hypothalamus compared with healthy participants. Hypothalamic volume correlated positively with the history of traumatization in patients with BPD. No significant alterations were found in the amygdala and ACC.	This study is limited by the lack of measures of corticotropin-releasing hormone, adrenocorticotropic hormone and cortisol levels. Furthermore, moderate sample size and comorbid disorders need to be considered.	Our findings provide new evidence for grey matter alterations in the hypothalamus and replicate previously reported decrements in hippocampal volume in patients with BPD. Understanding the role of the hypothalamus and other central stress-regulating structures could help us to further understand the neurobiological underpinnings of this complex disorder.",Remaining,0,0,doi_dummy,human
831,298,1224,12243487,Journal of homosexuality,Differences between lesbians and heterosexual women in disordered eating and related attitudes.,"This study examined differences between lesbians and heterosexual women on disordered eating, awareness and internalization of cultural attitudes concerning thinness, and body esteem concerning weight, physical condition, and sexual attractiveness. In this community sample, lesbians exhibited higher levels of body esteem concerning sexual attractiveness and lower levels of internalization of cultural standards. No differences were found on awareness of cultural standards, disordered eating, or body esteem concerning either weight or physical condition. Implications are discussed.",Remaining,0,0,doi_dummy,human
836,303,3312,33123596,Journal of diabetes research,Relationship between Illness Perception and Depressive Symptoms among Type 2 Diabetes Mellitus Patients in China: A Mediating Role of Coping Style.,"The aims of the present study were to investigate the prevalence of depressive symptoms among type 2 diabetes mellitus (T2DM) patients in China and to explore how coping style influences the relationship between illness perception and depressive symptoms.	Nine hundred and thirty-nine T2DM patients were recruited from a grade 3 Class A hospital in Harbin, China, and asked to complete a demographic questionnaire as well as the Self-rating Depression Scale (SDS), Brief Illness Perception Questionnaire-Revised (IPQ-R), and Medical Coping Modes Questionnaire (MCMQ). Hierarchical linear regression analysis and the bootstrap method were preformed to examine if coping style influenced the relationship between illness perception and depression.	The majority of patients (73.59%) exhibited depressive symptoms, including 37.27% with moderate and 6.71% with severe depressive symptoms. Depressive symptoms were more frequent in patients with complications (P < 0.05). A resignation coping style partially mediated the influence of illness perception on depressive symptoms.	Interventions to improve coping style may reduce the prevalence or severity of depressive symptoms among T2DM patients, potentially enhancing treatment adherence and clinical outcome.",Remaining,0,0,doi_dummy,human
837,304,8584,8584809,Revista de investigacion clinica; organo del Hospital de Enfermedades de la Nutricion,[Activity of aryl sulfatase A enzyme in patients with schizophrenic disorders].,"Metachromatic leukodystrophy (MLD) is a degenerative disease caused by the deficiency of aryl sulfatase (ASA). It can course with psychiatric symptoms. We determined the prevalence of ASA deficiency in a group of 23 patients with presumable schizophrenia. The median serum ASA was 53.2 nmol/mL/h (range 3.3-152.5). Six patients (26%) showed low ASA activity (< 27.5 nmol/mL/h which is the lowest value observed in 29 normal controls); five of them had clinical history of delusions of grandeur, auditive hallucinations, multiple hospitalizations, low response to neuroleptics, and abnormal evoked potentials. It is probable that the schizophrenic symptoms in these patients may be due to the enzyme deficiency. We conclude that the assay is useful in clinical practice as it may help to identify cases of MLD in patients with suspected schizophrenia.",Remaining,0,0,doi_dummy,human
839,306,1065,10652033,Kidney international,Genetic polymorphism of the renin-angiotensin system and organ damage in essential hypertension.,"The renin-angiotensin-aldosterone system (RAAS) plays a significant role in the development of hypertensive cardiac and vascular remodeling. Recently, several genetic variants of its key components, which may be clinically relevant and thus prove to be useful in the evaluation of cardiovascular risk, have been described. We therefore investigated the association between ACE I/D, AGT M235T, and AT1 A1266C gene polymorphisms and early signs of target organ damage in 215 untreated patients with essential hypertension (EH).	Genotyping was based on the polymerase chain reaction technique, with further restriction analysis when required. Albuminuria was measured as the albumin-to-creatinine ratio (ACR). The left ventricular mass index (LVMI) was assessed by echocardiography (LVH = LVMI > or = 125 g/m2), carotid wall thickness (IMT) by an ultrasonographic (US) scan, and retinal vascular changes by direct ophthalmoscopy (Keith-Wagener classification).	The prevalence of microalbuminuria (Mi), LVH, and retinal vascular changes was 14, 46, and 74%, respectively. ACE, AGT, and AT1 genotype distribution was in agreement with the Hardy-Weinberg equilibrium. There was no difference in age, duration of disease, body mass index (BMI), blood pressure, and lipid profile when data were analyzed on the basis of genotype. Serum levels of angiotensin-converting enzyme (ACE) were related to the ACE genotype (10.2 +/- 0.5, DD; 8.2 +/- 0.3, ID; 6.5 +/- 0.4 IU/mL, II; P < 0. 0001 by analysis of variance). The ACE genotype independently influences serum ACE levels and accounts for approximately 14% of its variations (F = 26.7, r2 = 0.1393, df 1 to 214, P < 0.0001). Patients with DD and ID genotypes showed higher levels of ACR (1.59 +/- 0.2, DD + ID; 0.8 +/- 0.2 mg/mmol, II; P < 0.006 by ANOVA) and bigger LVMI (124.1 +/- 2.3, DD + ID vs. 117.8 +/- 3.6 g/m2, II; P < 0.01 by ANOVA). No differences in the prevalence and degree of target organ damage (TOD) were found when data were analyzed on the basis of the AGT and AT1 genotypes, respectively. Potentially unfavorable combinations of genotypes were also investigated by K-means cluster analysis. Two subgroups of patients were identified (cluster 1, N = 70; cluster 2, N = 57), and each differed significantly with regards to the presence and degree of TOD and patterns of RAAS gene polymorphisms (F, 15.97 for ACR; F, 7.19 for IMT; F, 217.03 for LVMI; F, 3.91 for ACE; F, 4.06 for AGT; and F, 5. 22 for AT1; df 1 to 214, P < 0.02, for each one of the variables examined).	The D allele of the ACE gene may be an independent risk factor for the development of target organ damage, and evaluating it could be useful for assessing cardiovascular risk in EH. Unfavorable patterns of RAAS genotypes seem to predispose patients to subclinical cardiovascular disease in EH.",Remaining,0,0,doi_dummy,human
843,310,2908,29089221,"Presse medicale (Paris, France : 1983)",[Spouses' health-related quality of life evaluation of elderly patients with depression].,"To assess and compare the health-related quality of life (HRQoL) of spouses living at home with a patient aged 65 years or more suffering from a major depressive disorder and that of matched controls. Secondly, to investigate whether the HRQoL of spouses was correlated with the assessment of their partner's depression, their own depression and the self-perceived level of care burden experienced by the caregiver partner.	Assessment of patients was based on the clinical diagnosis of a major depressive disorder as established by the criteria of the DSM-IV-TR, the geriatric depression scale GDS-15 and the LEIPAD questionnaire specific to subjects aged 65 or over living at home. Spouses were assessed by GDS-15, the Zarit scale for assessing caregiver burden and the LEIPAD questionnaire. The HRQoL of controls, who were matched for age, sex and educational level, was assessed by LEIPAD.	The study sample (n=38) was made up of 19 patients (mean age of 76.6 years, standard deviation 8.1) and their spouses (mean age of 75.3 years, standard deviation 8.2). The HRQoL score of the spouses was significantly poorer for the scale 'Sexual functioning' (P=0.0007) than that of controls and was negatively affected by their partner's depression (P=0.02). The HRQoL scores of the spouses for 'Physical function', 'Depression and anxiety' and 'Sexual functioning' were negatively affected by their own depression (correlation coefficients r=0.50, 0.53 and 0.54, respectively). The HRQoL scores for 'Self-care', 'Sexual functioning' and 'Life satisfaction' were also negatively affected in spouses by the self-perceived burden of care (correlation coefficients r=0.59, 0.57 and 0.51, respectively).	The sexual quality of life of spouses of elderly patients suffering from a major depressive disorder was significantly impaired. The patients' and spouses' depression and the caregivers' burden also had a negative impact on several aspects of the HRQoL of the spouses. It seems to be important, therefore, to assess the mental state, care burden and HRQoL of spouses caring for elderly patients suffering from depression so as to offer help when required to partners in difficulty.",Remaining,0,0,doi_dummy,human
845,312,1870,18703815,Stroke,Dose-response relationship between cigarette smoking and risk of ischemic stroke in young women.,"Although cigarette smoking is known to be a risk factor for ischemic stroke, there are few data on the dose-response relationship between smoking and stroke risk in a young ethnically diverse population.	We used data from the Stroke Prevention in Young Women Study, a population-based case-control study of risk factors for ischemic stroke in women aged 15 to 49 years to examine the relationship between cigarette smoking and ischemic stroke. Historical data, including smoking history, was obtained through standardized interviews. Odds ratios (OR) were estimated using logistic regression. Cases (n=466) were women with stroke in the greater Baltimore-Washington area, and controls (n=604) were women free of a stroke history identified by random digit dialing.	After multivariable adjustment, the OR comparing current smokers to never smokers was 2.6 (P<0.0001); no difference in stroke risk was observed between former smokers and never smokers. Adjusted OR increased with increasing number of cigarettes smoked per day (OR=2.2 for 1 to 10 cigs/d; 2.5 for 11 to 20 cigs/d; 4.3 for 21 to 39 cigs/d; 9.1 for 40 or more cigs/d).	These results suggest a strong dose-response relationship between cigarette smoking and ischemic stroke risk in young women and reinforce the need for aggressive smoking cessation efforts in young adults.",Remaining,0,0,doi_dummy,human
851,318,3002,30029063,Psychiatry research,Deficits in physiological and self-conscious emotional response to errors in hoarding disorder.,"Hoarding disorder (HD) has been hypothesized to arise from deficits in error monitoring and abnormalities in emotional processing, but the relationship between error monitoring and emotional processing has not been examined. We examined measures of self-report, as well as behavioral, physiological, and facial responses to errors during a Stop-Change Task. 25 participants with HD and 32 healthy controls (HC) were recruited. Participants reported on number of errors committed and pre/post emotional response to errors. Skin conductance response (SCR) during correct and error commission trials was examined. Facial expression during task performance was coded for self-conscious and negative emotions. HD and HC participants had significantly different error rates but comparable error correction and post-error slowing. SCR was significantly lower for HD during error commission than for HC. During error trials, HD participants showed a significant deficit in displays of self-conscious emotions compared to HC. Self-reported emotions were increased in HD, with more negative and self-conscious emotion reported than was reported for HC participants. These findings suggest that hypoactive emotional responding at a physiological level may play a role in how errors are processed in individuals with HD.",Remaining,0,0,doi_dummy,human
854,321,3766,37660045,Translational psychiatry,Brain mediators of biased social learning of self-perception in social anxiety disorder.,"Social anxiety disorder (SAD) is characterized by an excessive fear of social evaluation and a persistently negative view of the self. Here we test the hypothesis that negative biases in brain responses and in social learning of self-related information contribute to the negative self-image and low self-esteem characteristic of SAD. Adult participants diagnosed with social anxiety (N = 21) and matched controls (N = 23) rated their performance and received social feedback following a stressful public speaking task. We investigated how positive versus negative social feedback altered self-evaluation and state self-esteem and used functional Magnetic Resonance Imaging (fMRI) to characterize brain responses to positive versus negative feedback. Compared to controls, participants with SAD updated their self-evaluation and state self-esteem significantly more based on negative compared to positive social feedback. Responses in the frontoparietal network correlated with and mirrored these behavioral effects, with greater responses to positive than negative feedback in non-anxious controls but not in participants with SAD. Responses to social feedback in the anterior insula and other areas mediated the effects of negative versus positive feedback on changes in self-evaluation. In non-anxious participants, frontoparietal brain areas may contribute to a positive social learning bias. In SAD, frontoparietal areas are less recruited overall and less attuned to positive feedback, possibly reflecting differences in attention allocation and cognitive regulation. More negatively biased brain responses and social learning could contribute to maintaining a negative self-image in SAD and other internalizing disorders, thereby offering important new targets for interventions.",Remaining,0,0,doi_dummy,human
855,322,2262,22626708,Neurology India,Chronic manganese toxicity due to substance abuse in Turkish patients.,"Manganese toxicity may lead to a levodopa-resistant akinetic-rigid syndrome. Pathological changes occur mostly in the pallidium and stratium.	We report seven patients with a new form of chronic manganese toxicity due to long-term intravenous use of a solution consisting of ephedrine, acetylsalicylic acid and potassium permanganate as a psycho-stimulant, popularly known as 'Russian Cocktail'.	The age of the patients ranged between 19 and 31 years, and the duration of substance abuse was between nine and 106 months. The onset of symptoms from first use ranged seven to 35 months. The initial symptom was impaired speech followed by gait disturbance and bradykinesia. In addition to these symptoms, choreic movements, ataxia presenting as backward falls and dystonia were also seen. Serum and urine samples revealed high levels of manganese. Hyperintense lesions on T1-weighted magnetic resonance imaging were seen in bilateral basal ganglia and brainstem, dentate nuclei, features consistent with manganese intoxication.	Manganese toxicity, which may cause a distinctive irreversible neurodegenerative disorder, can be seen frequently with 'Russian Cocktail' abuse, a substance which can be accessed very easily and at a low cost.",Remaining,0,0,doi_dummy,human
856,323,2036,20367921,Zhonghua fu chan ke za zhi,[Fetal ventriculomegaly: diagnosis using magnetic resonance imaging and its prognosis].,"To evaluate the diagnostic value of magnetic resonance imaging (MRI) on fetal ventriculomegaly identified through prenatal ultrasonography and the outcomes of these newborns were followed up.	From March 2006 to July 2008, MRI was performed on 135 pregnant women whose fetuses diagnosed as fetal ventriculomegaly at an average of 32 gestational weeks in Shengjing Hospital Affiliated to China Medical University. Mild ventriculomegaly was defined when the width of unilateral or bilateral fetal cerebral ventricle triangle was 10-15 mm, moderate ventriculomegaly 16-20 mm and severe ventriculomegaly >20 mm. We introduced the Denver developmental screening test (DDST) to follow-up the mild ventriculomegaly and normal babies, confirmed by MRI, at 6-12 months after birth and a case-control study was conducted. The intelligence and growth of these infants were analyzed.	(1) Diagnostic rate of fetal ventriculomegaly through MRI: Among the 135 gravidas, 60 (44.4%) showed isolated ventriculomegaly, 5(3.7%) complicated with ventricular hemorrhage; 12 (8.9%) complicated with agenesis of corpus callosum (ACC) and 2 (1.5%) complicated with cerebellar hypoplasia, while 56 (41.5%) were normal. Seventy-nine cases had fetal ventriculomegaly on MRI and 15.2% (n = 12) of them complicated with ACC. (2) Degree of fetal ventriculomegaly on MRI: Among the 60 isolated ventriculomegaly cases, 55 (91.7%) were mild and 5 (8.3%) moderate ones. Among the 5 cases complicated with ventricular hemorrhage, one was mild ventriculomegaly, and 4 moderate or severe cases. Among the 12 cases with ACC, 8 (66.7%) were moderate ventriculomegaly and 4 (33.3%) severe cases. The 2 cases with cerebellar hypoplasia were both moderate ventriculomegaly fetuses. (3) Follow-up at 6-12 months after birth: thirty out (case group) of the 55 isolated ventriculomegaly cases, 38 out of the 56 normal babies and 42 babies with normal MRI results were followed up, and the later 80 cases were taken as control. Four infants (13.3%) in the case group and 10 (12.5%) in the control group showed abnormal or suspected results in DDST (P > 0.05), the rest babies were all normal. (4) Clinical outcomes of the 79 ventriculomegaly fetuses diagnosed by MRI: thirty mild ventriculomegaly babies and 5 moderate ones were born at term and showed normal at follow ups. However, 7 gravidas were not compliant, 6 pregnancies were terminated, and 12 were lost. Three of the 12 cases with ACC continued the pregnancy, and postnatal MRI of the babies showed the same with the prenatal MRI, 8 pregnancies were induced and one was lost. All of the 5 fetuses with ventricular hemorrhage were induced and the prenatal diagnosis was confirmed by autopsy. One of the 2 fetuses with cerebellar hypoplasia was term delivered and diagnosed as cerebral palsy at the age of 6 months, and the other one was induced.	MRI is an indispensable complementary diagnostic method for fetal ventriculomegaly diagnosed through ultrasound. The development of intelligence and growth of babies born with mild isolated ventriculomegaly is the same as normal ones.",Remaining,0,0,doi_dummy,human
858,325,3575,3575577,Psychological medicine,"Schizophrenic syndromes, cognitive performance and neurological dysfunction.","In a sample of chronic schizophrenic patients, a group of symptoms which included poverty of speech and lack of spontaneous movement was found to be associated with poor performance in tests of conceptual thinking, object naming and long-term memory, and also with cortical neurological signs. A second group of symptoms which included formal thought disorder and inappropriate affect was associated with poor performance in tests of concentration, immediate recall and word learning, and with cortical neurological signs. The findings suggest that these two syndromes are associated with dysfunction at two different sites within the frontal lobes. A third group of symptoms, comprising various delusions and hallucinations, was associated with poor figure-ground perception, and might reflect temporal lobe dysfunction.",Remaining,0,0,doi_dummy,human
863,330,2687,26876488,Scientific reports,Brain-derived neurotrophic factor promoter methylation and cortical thickness in recurrent major depressive disorder.,"Recent studies have reported that methylation of the brain-derived neurotrophic factor (BDNF) gene promoter is associated with major depressive disorder (MDD). This study aimed to investigate the association between cortical thickness and methylation of BDNF promoters as well as serum BDNF levels in MDD. The participants consisted of 65 patients with recurrent MDD and 65 age- and gender-matched healthy controls. Methylation of BDNF promoters and cortical thickness were compared between the groups. The right medial orbitofrontal, right lingual, right lateral occipital, left lateral orbitofrontal, left pars triangularis, and left lingual cortices were thinner in patients with MDD than in healthy controls. Among the MDD group, right pericalcarine, right medical orbitofrontal, right rostral middle frontal, right postcentral, right inferior temporal, right cuneus, right precuneus, left frontal pole, left superior frontal, left superior temporal, left rostral middle frontal and left lingual cortices had inverse correlations with methylation of BDNF promoters. Higher levels of BDNF promoter methylation may be closely associated with the reduced cortical thickness among patients with MDD. Serum BDNF levels were significantly lower in MDD, and showed an inverse relationship with BDNF methylation only in healthy controls. Particularly the prefrontal and occipital cortices seem to indicate key regions in which BDNF methylation has a significant effect on structure.",Remaining,0,0,doi_dummy,human
867,334,2186,21860044,Schizophrenia bulletin,Negative symptoms and social cognition: identifying targets for psychological interventions.,"How to improve treatment for negative symptoms is a continuing topic of debate. Suggestions have been made to advance psychological understanding of negative symptoms by focusing on the social cognitive processes involved in symptom formation and maintenance.	Following the recommendations by the National Institute of Mental Health workshop on social cognition in schizophrenia, this study investigated associations between negative symptoms and various aspects of social cognition including Theory of Mind (ToM), attribution, empathy, self-esteem, and interpersonal self-concepts in 75 patients with schizophrenia spectrum disorders and 75 healthy controls.	Negative symptoms were significantly associated with difficulties in ToM, less readiness to be empathic, lower self-esteem, less self-serving bias, negative self-concepts related to interpersonal abilities, and dysfunctional acceptance beliefs. Different aspects of social cognition were mildly to moderately correlated and interacted in their impact on negative symptoms: Difficulties in ToM were associated with negative symptoms in persons with low but not in persons with medium or high levels of self-esteem. Taken together, the social cognition variables and their hypothesized interaction explained 39% of the variance in negative symptoms after controlling for neurocognition and depression.	The results highlight the relevance of self-concepts related to social abilities, dysfunctional beliefs, and global self-worth alone and in interaction with ToM deficits for negative symptoms and thereby provide a helpful basis for advancing psychosocial interventions.",Remaining,0,0,doi_dummy,human
868,335,1106,11063257,Mammalian genome : official journal of the International Mammalian Genome Society,"Human PRRX1 and PRRX2 genes: cloning, expression, genomic localization, and exclusion as disease genes for Nager syndrome.","In this study, we extend our examination of the function of the Prrx1 (a.k.a Mhox, Prx1, K-2, and Pmx1) as well as Prrx2 (a.k.a. S8 and Prx2) genes by characterizing the expression of the human orthologs and their potential for causing specific human malformations. The expression pattern of PRRX2 and its close relative, PRRX1, were analyzed in human tissue by RT-PCR. Although the expression of these human genes is similar to their mouse orthologs, there are notable differences in expression. PRRX2 was detected in the human kidney and lung, whereas in mice and chickens neither of these tissues has been reported to express Prrx2. For PRRX1 the expression pattern was quite similar to other vertebrates, but the ratio of the two isoforms was reversed. To begin the search for the gene-disease connection, both genes were mapped to human chromosomes by FISH. The PRRX1 locus maps to 1q23, whereas the PRRX2 locus maps to 9q34.1. This localization, along with the recently described phenotypes of the gene-targeted Prrx1, Prrx2 and double mutant mice, enabled us to search the human disease databases for similar malformations. This examination suggested that mutations at the PRRX1 and/or PRRX2 loci could result in Nager Acrofacial Dysostosis (NAFD) syndrome. We obtained DNA samples from eight patients with NAFD, as well as two patients with Miller syndrome, and analyzed them for mutations in the PRRX1 and PRRX2 genes. The data excludes mutations in the presumed coding sequences of these genes from causing NAFD.",Remaining,0,0,doi_dummy,human
869,336,3499,34991042,Schizophrenia research,"Neurocognition, functional outcome, and quality of life in remitted and non-remitted schizophrenia: A comparison with euthymic bipolar I disorder and a control group.","There are discrepancies about if the severity of the symptomatology in schizophrenia is related to neurocognitive performance, functional outcome, and quality of life (QoL). Also, there are controversial data about the comparison between euthymic bipolar patients and different subgroups of schizophrenia in neurocognition, functioning, and QoL level. The present study aimed to compare the neurocognitive performance, functional outcome, and QoL of remitted and non-remitted patients with SC with respect to a group of euthymic patients with BD, and a control group. It included 655 subjects: 98 patients with schizophrenia in remission (SC-R), 184 non-remitted patients with schizophrenia (SC-NR), 117 euthymic patients with bipolar I disorder (BD), and 256 healthy subjects. A comprehensive clinical, neurocognitive (six cognitive domains), functional, and QoL assessment was carried out. Remission criteria of Andreasen were used to classify schizophrenia patients as remitted or non-remitted. Compared with control subjects all groups of patients showed impaired neurocognitive performance, functioning and QoL. SC-R patients had an intermediate functioning between control subjects and SC-NR, all at a neurocognitive, functional, or QoL level. There were no significant differences between SC-R and BD. These results suggest that reaching clinical remission is essential to achieve a better level of psychosocial functioning, and QoL. Likewise, the results of this study suggest that euthymic patients with bipolar disorder and patients with schizophrenia in remission are comparable at the neurocognitive and functional levels, which might have implications in the pathophysiology of both disorders.",Remaining,0,0,doi_dummy,human
875,342,1825,18258339,Neurobiology of aging,Prefrontal cortex atrophy predicts dementia over a six-year period.,"The present study investigated prefrontal cortex (PFC) atrophy as a possible predictor of dementia. Eighty-eight older participants of the Maastricht Aging Study (MAAS) were administered for neuropsychological tests at baseline and after three years (t(3)). Magnetic resonance images were acquired at t(3) and nine years after baseline all participants were screened for dementia. Three groups were distinguished: (1) participants who did not develop dementia or cognitive decline, (2) participants who did not develop dementia but did show significant cognitive decline, and (3) participants who developed dementia. Gray matter volume of structures in the PFC and medial temporal lobe (MTL) was measured. Prefrontal volume was significantly smaller in group 3 than in the other two groups, and PFC volume was significantly better than MTL volume in distinguishing between groups 2 and 3. These findings suggest that PFC atrophy is highly associated with dementia and can be considered an important predictor of the disease. It may even be a better predictor than the MTL atrophy that has been found in earlier studies.",Remaining,0,0,doi_dummy,human
876,343,3759,37591412,Behavioural brain research,Schizotypy dimensions do not predict overshadowing.,"When two cues are presented together and reliably predict an outcome (AB-O1) an 'overshadowing' effect is typically observed. That is, the relationship between these cues and the outcome is learned about less well than a cue presented on its own with an outcome (e.g., C - O1). The current study sought to explore the relationship between overshadowing and the positive and negative dimensions of schizotypy. A total of 256 participants completed an overshadowing procedure embedded within a causal judgement task and the Short Oxford-Liverpool Inventory of Feelings and Experiences (O-LIFE) which measured the different dimensions of schizotypy. A unilateral overshadowing effect was observed, however, none of the dimensions of schizotypy predicted the magnitude of this effect. These results are the first to demonstrate this finding using an appropriately powered sample and reveal that a tendency to experience symptoms of schizophrenia does not impact upon the overshadowing effect.",Remaining,0,0,doi_dummy,human
878,345,1259,12590367,Actas espanolas de psiquiatria,[Evaluation of auditory hallucinations: the PSYRATS scale].,"Translate and adapt the PSYRATS scale for evaluation of auditory hallucinations to Spanish and study the psychometric behavior.	After being translated into Spanish, the scale was applied to a sample of 80 patients. All had a history of auditory hallucinations, 71 with Schizophrenia and 9 with schizoaffective disorder according to DSM-IV diagnostic criteria. Demographic and clinical data were collected by a semi-structured interview, tape recording the sessions for every patient. For the reliability study, 27 patients of the sample were evaluated independently by the first four auhors of this paper. For the study of concurrent validity the results of this scale were compared with those of the Krawiecka scale in 60 patients of the sample.	In the Spanish version, the 11 items were conserved with slight modifications in two of them. The scale showed high reliability with coefficients in the 11 items higher than 0.85. The concurrent validity showed high association between the hallucination item of the Krawiecka scale and the PSYRATS. In the factorial analysis four factors that explained 62% of the variance were obtained.	The Spanish version of the PSYRATS (for hallucinations) is, to our knowledge, the first scale adapted to Spanish for the study of auditory hallucinations, showing excellent psychometric properties.",Remaining,0,0,doi_dummy,human
880,347,1968,19682673,Cognition,Visual perspective taking impairment in children with autistic spectrum disorder.,"Evidence from typical development and neuroimaging studies suggests that level 2 visual perspective taking - the knowledge that different people may see the same thing differently at the same time - is a mentalising task. Thus, we would expect children with autism, who fail typical mentalising tasks like false belief, to perform poorly on level 2 visual perspective taking as well. However, prior data on this issue are inconclusive. We re-examined this question, testing a group of 23 young autistic children, aged around 8years with a verbal mental age of around 4years and three groups of typical children (n=60) ranging in age from 4 to 8years on a level 2 visual perspective task and a closely matched mental rotation task. The results demonstrate that autistic children have difficulty with visual perspective taking compared to a task requiring mental rotation, relative to typical children. Furthermore, performance on the level 2 visual perspective taking task correlated with theory of mind performance. These findings resolve discrepancies in previous studies of visual perspective taking in autism, and demonstrate that level 2 visual perspective taking is a mentalising task.",Remaining,0,0,doi_dummy,human
882,349,2878,28784338,Neurophysiologie clinique = Clinical neurophysiology,Evaluation of neuromuscular tone phenotypes in children with autism spectrum disorder: An exploratory study.,"Motor disorders are known in autism spectrum disorder (ASD), but muscle tone assessments are rarely performed. Muscle tone underpins movement. We investigated muscle tone in 34 ASD children using a standardized neuro-developmental battery, which uses the French norms for muscular tone in children.	Dangling and extensibility were used to examine passive muscle tone in the upper and lower limbs and the body axis. A comparison between muscles of the right and left sides enabled the determination of tonic laterality.	We found a disharmonious tonic typology, with a tonic component for the muscles of the trunk and the proximal muscles of the lower limbs and a laxity component for the ankles and the proximal and distal muscles of the upper limbs (wrists and shoulders). No establishment of tonic laterality was found in the upper limbs in 61% of ASD children (P<0.001).	The disturbed tonic organization influenced by subcortical structures, such as the cerebellum, may partially explain the motor disorders, and indefinite tonic laterality may also be linked to low hemispheric brain dominance described in autism. This preliminary examination is necessary before any gross motor assessments to understand the nature of movement disorders, explore typologies and highlight possible soft neuro-motor signs.",Remaining,0,0,doi_dummy,human
884,351,2392,23924461,Chinese medical journal,Nonlinear dynamics of electroencephalography study in schizophrenic patients.,"Few characteristic changes of linear electroencephalograph (EEG) have been reported in schizophrenia. The aim of the present study was to investigate the changes in temporal-spatial dimensional properties of EEG under different cognitive tasks in patients with schizophrenia.	EEG was recorded by using EEG-1518K system and mapping system (Nihon Kohden Tomioka Corporation, Japan) in 45 schizophrenic patients and 47 healthy adults (normal control, NC) under five states: eyes closed, eyes open, mental arithmetic test with eyes closed, memory test with eyes open, and number cancellation test. Correlation dimension (D2) and point-wise correlation dimension (PD2) were calculated for all EEG analyses.	(1) There were no significant differences of D2 and PD2 between NC and schizophrenic patients under states of eyes open and closed. (2) Compared with NC, schizophrenic patients showed decreased performance of D2 in mental arithmetic test with eyes closed and number cancellation test (mental arithmetic test with eyes closed: Nc 5.9 ± 0.6, Sch 3.0 ± 0.8; number cancellation test: Nc 6.0 ± 0.6, Sch 4.4 ± 0.7; P < 0.05 or P < 0.01). (3) Schizophrenic patients also showed decrease performance of PD2 in mental arithmetic test with eyes closed, memory test with eyes open, and number cancellation test (mental arithmetic test with eyes closed: Nc 6.9 ± 0.7, Sch 4.0 ± 0.8; memory test with eyes open: Nc 6.6 ± 0.8, Sch 5.0 ± 0.9; number cancellation test: Nc 7.1 ± 0.7, Sch 4.8 ± 0.9; P < 0.05 or P < 0.01).	Nonlinear dynamic analysis provided a new approach in clinical investigation of EEG signals. It was helpful to further understand the cerebral mechanism in schizophrenic cognitive process.",Remaining,0,0,doi_dummy,human
887,354,7531,7531668,Hepato-gastroenterology,Acute pancreatic injury in asymptomatic individuals after heavy drinking over the long-term.,"Recently, high-dose short-term alcohol exposure has been observed not to induce acute pancreatic damage, as evaluated by serum pancreatic enzyme activities. In this study the effect of high-dose, long-term alcohol exposure on the pancreas was investigated in 32 consecutive alcoholics admitted to a unit to treat the problems of withdrawal after a long period of heavy drinking. None of the alcoholics complained of abdominal symptoms. The signs of clinical acute pancreatitis (pain, increased serum C-reactive protein concentration or blood white cell count) were not observed in any of the alcoholics. A significant increase in serum total amylase, pancreatic isoamylase and lipase activities developed by the second day after termination of alcohol intake. These enzyme activities remained significantly increased for one week after cessation of drinking. Seven alcoholics had signs of chronic pancreatitis at ultrasonography (pancreatic calcification, pseudocyst). These results suggest that heavy alcohol intake over the long term may frequently induce subclinical pancreatic injury.",Remaining,0,0,doi_dummy,human
888,355,2182,21824113,Acta neurologica Scandinavica,Expression of hepatocyte growth factor in the skin of amyotrophic lateral sclerosis.,"Hepatocyte growth factor (HGF) is one of the most potent survival-promoting factors for motor neurons. Overexpression of neuronal HGF has been shown to result in the attenuation of neuronal cell death and progression of disease in a familial amyotrophic lateral sclerosis (ALS) transgenic mouse model. HGF might be beneficial for motor neuron survival and is a good candidate agent for the treatment of ALS. So far, studies of the skin of ALS have shown unique pathological and biochemical abnormalities. However, there has been no study of HGF in ALS skin.	We made a quantitative immunohistochemical study of the expression of HGF in the skin from 19 patients with sporadic ALS and 16 controls.	Hepatocyte growth factor immunoreactivity was positive in the epidermis, some dermal blood vessels, and glands in patients with ALS. These findings became more conspicuous as ALS progressed. The optical density for HGF immunoreactivity of the nucleus and the cytoplasm in the epidermis in ALS was significantly higher (P < 0.001 and P < 0.001) than in controls. There was a significant positive relation (r = 0.53, P < 0.02 and r = 0.73, P < 0.001) between HGF immunoreactivity and duration of illness in the nucleus and the cytoplasm in the epidermis in patients with ALS.	These findings suggest that changes in HGF in ALS skin are related to the disease process and that metabolic alterations of HGF may take place in the skin of patients with ALS.",Remaining,0,0,doi_dummy,human
900,367,2940,2940377,Journal of vascular surgery,Quantitative common carotid artery blood flow: prediction of internal carotid artery stenosis.,"Common carotid artery (CCA) blood flow was measured noninvasively with a pulsed Doppler duplex scanner modeled after the Octoson (Ultrasonics, Inc., No. Yonkers, N.Y.). The aim of the study was to determine normal values and to assess the accuracy of CCA flow as a predictor of internal carotid artery (ICA) stenosis. One hundred one people who did not have disease were studied; the overall mean flow rate was 395 +/- 79 ml/min (mean +/- S.D.). There was no significant correlation with age, height, or body surface area but there was with body weight (p less than 0.05). A statistically significant difference was evident between men (424 +/- 88 ml/min) and women (371 +/- 62 ml/min) (p less than 0.001). The intrasessional variation (S.D./mean) was 13% and the intersessional variation, 16%. No significant difference was seen between the sides. Ninety-two patients who had carotid angiography were studied and the flow rates compared with the degree of ICA stenosis on each side. The flow rate for mild ICA stenosis (1% to 39%) was 404 +/- 109 ml/min, for moderate stenoses (40% to 69%), 390 +/- 91 ml/min, and for severe stenoses (70% to 99%), 351 +/- 109 ml/min. There was a significant difference in flows only between mild and severe grades of stenosis of the ICA (p less than 0.01). With unilateral stenosis, comparison of flow values in the normal and affected sides showed the greatest discriminatory power when the absolute difference of flow values was taken (p less than 0.005).(ABSTRACT TRUNCATED AT 250 WORDS)",Remaining,0,0,doi_dummy,human
903,370,1876,18760507,Neurobiology of aging,Early diagnostic accuracy and pathophysiologic relevance of an autopsy-confirmed Alzheimer's disease peripheral biomarker.,"Treatment of Alzheimer's disease (AD) and the discovery of promising drug candidates depend on early diagnosis. Few currently available diagnostic tests have significantly improved this early uncertainty, while the 'gold standard' diagnosis continues to require clinical dementia in life and the presence of pathologic brain lesions of amyloid plaques and neurofibrillary tangles in the brain at autopsy. Here, the inflammatory agonist bradykinin, a small nano-peptide, that induces PKC-mediated phosphorylation of Erk1 and Erk2 in fibroblasts, was applied to punch-biopsy-obtained human skin fibroblasts. Quantitative imaging of the phosphorylated Erk1 and Erk2 bands was then used in a ratio that is mathematically configured into an AD-Biomarker Index (AD-Index). In the population described here (N=264), there were 64 autopsy examinations. Demented individuals were clinically diagnosed as AD with an overall accuracy of 78%. Among the 42 autopsy-confirmed cases for which there were also AD-Biomarker measurements, the overall accuracy of the AD-Biomarker was 98%. Among both the autopsy-confirmed and the clinically diagnosed patients, the AD-Index values were inversely correlated with the duration of disease, i.e., the time from the onset of dementia symptoms. Among the autopsy-confirmed cases, the AD-Biomarker diagnosis showed remarkably high sensitivity (97%) and specificity (100%) compared to clinical diagnosis (sensitivity: 78% and specificity: 20%). Using autopsy validation, the clinical diagnosis was only accurate at 52% level vs. the AD-Biomarker accuracy of 100% for cases with dementia not larger than 4 years of duration. Finally, application of soluble Abeta(1-42) to the fibroblasts of normal controls induced the abnormal AD-Biomarker phenotype, suggesting the pathophysiologic relevance of this AD-Biomarker measurement. In summary, the AD-Biomarker, as confirmed by autopsy validation, showed significantly higher sensitivity and specificity than did clinical diagnosis, particularly at early stages of disease, and pathophysiological relevance was demonstrated for the mechanistic basis of the AD-Biomarker measurements.",Remaining,0,0,doi_dummy,human
910,377,1804,18040277,Spinal cord,TGF-beta1 and TGF-beta2 expression after traumatic human spinal cord injury.,"Immunohistochemical investigation in control and lesioned human spinal cords.	To assess the spatial and temporal expression patterns of transforming growth factor-beta1 and -beta2 (TGF-beta1 and TGF-beta2) in the human spinal cord after traumatic injury.	Germany, Aachen, Aachen University Hospital.	Sections from human spinal cords from 4 control patients and from 14 patients who died at different time points after traumatic spinal cord injury (SCI) were investigated immunohistochemically.	In control cases, TGF-beta1 was confined to occasional blood vessels, intravascular monocytes and some motoneurons, whereas TGF-beta2 was only found in intravascular monocytes. After traumatic SCI, TGF-beta1 immunoreactivity was dramatically upregulated by 2 days after injury (the earliest survival time investigated) and was detected within neurons, astrocytes and invading macrophages. The staining was most intense over the first weeks after injury but gradually declined by 1 year. TGF-beta2 immunoreactivity was first detected 24 days after injury. It was located in macrophages and astrocytes and remained elevated for up to 1 year. In white matter tracts undergoing Wallerian degeneration, there was no induction of either isoform.	The early induction of TGF-beta1 at the point of SCI suggests a role in the acute inflammatory response and formation of the glial scar, while the later induction of TGF-beta2 may indicate a role in the maintenance of the scar. Neither of these TGF-beta isoforms appears to contribute to the astrocytic scar formation in nerve fibre tracts undergoing Wallerian degeneration.",Remaining,0,0,doi_dummy,human
921,388,3152,31525612,Seizure,Tuberous Sclerosis Complex in Chinese patients: Phenotypic analysis and mutational screening of TSC1/TSC2 genes.,"Tuberous sclerosis complex (TSC) is characterized by the development of hamartomas in multiple organ systems. This study attempted to screen mutations and to investigate the mutation distribution and related phenotypes including epilepsy of Chinese TSC patients.	We performed the genotypic analysis of TSC1 and TSC2 genes in 77 unrelated Chinese TSC patients using direct Sanger sequencing and Multiplex ligation-dependent probe amplification (MLPA).	Mutations were identified in a total of 63 (81.8%) cases, including 18 TSC1 mutations (8 nonsense mutations, 6 frameshift, 1 in-frame shift, 1 missense and 2 splice-site) and 45 TSC2 mutations (13 missense, 3 nonsense, 6 splicing, 6 in-frame shift,12 frameshift mutations and 5 large deletions). Large deletions were presented exclusively in TSC2 gene, accounting for 7.9% of all mutations in this study. Fourteen novel mutations were identified in this study.	Epilepsy occurs in approximately 75.3% (58/77) of patients. Hypomelanotic macules occurred significantly more often in patients with TSC2 mutations and cases with TSC1/TSC2 mutations had a significantly higher frequency of cortical nodule than patients with no mutations identified. Overall, our data expands the spectrum of mutations associated with the TSC loci and will be of value to the genetic counseling in patients with the disease.",Remaining,0,0,doi_dummy,human
922,389,1882,1882722,Acta neurochirurgica,A comparative study of the Reaction Level Scale (RLS85) with Glasgow Coma Scale (GCS) and Edinburgh-2 Coma Scale (modified) (E2CS(M)).,"In this work a new coma scale for the assessment of responsiveness in acute brain disorders, constructed near the year 1985 by Scandinavian investigators, the Reaction Level Scale (RLS85), is compared with two other coma scales namely: (i) the Glasgow Coma Scale: (GCS); (ii) the Edinburgh-2 Coma Scale, after modification: (E2CS(M)). The study proceeded in the form of a statistical analysis of assessments made on 46 patients according to RLS85 and GCS (i.e., when comparison was with GCS) and on 28 patients according to RLS85 and E2CS(M). In all 74 cases two physicians participating as 'observers' carried out the assessments. They were both contacting the patient--not together but--successively within a time interval of less than 20'. Hence the data appeared as 'pairwise' observations for any of the three scales above. The results of the analysis, arising from a rather strict statistical reasoning, can be summarized as follows: (1) The rank correlation coefficient r(s) between: (i) RLS85 and GCS sum score, (ii) RLS85 and E2CS(M), was found to be at a satisfactory level meaning that all three scales indicate almost the same 'ranking order of severity'. (2) Reliability was compared by taking into account as to what extent the two observers agreed on RLS85 and--simultaneously--disagreed on the other scale. The 'sign' test was applied and as a result RLS85 proved to be more reliable than; (i) GCS (EMY profile), (ii) GCS sum score, and (iii) E2CS(M), in all the above mentioned at a high level of significance. (3) Apart from the test above, some values of the index kappa (kappa) of interobserver agreement were calculated. Those corresponding to RLS85 are considerably higher. In particular the overall value based on 74 pairwise assessments amounted to kappa = 0.733 associated with a standard error sigma(kappa) = 0.061. This was a satisfactory result regarding the features of RLS85. (4) As far as coverage is concerned, again--by the 'sign' test--the predominance of RLS85 versus GCS (EMY profile) was accepted.",Remaining,0,0,doi_dummy,human
923,390,9268,9268809,Journal of clinical and experimental neuropsychology,The Post-Stroke Depression Rating Scale: a test specifically devised to investigate affective disorders of stroke patients.,"Owing to the lack of instruments specifically constructed to study emotional and affective disorders of stroke patients, the nature of post-stroke depression (PSD) remains controversial. With this in mind, the authors constructed a new scale, the Post-Stroke Depression Scale (PSDS) which takes into account a series of symptoms and problems commonly observed in depressed stroke patients. The PSDS and the Hamilton Depression Rating Scale (HDS) were administered to a group of 124 patients, who had been classified, on the basis of DSM III-R diagnostic criteria, in the following categories: No depression (n = 32); Minor PSD (n = 47); Major PSD (n = 45). Scores obtained by these stroke patients on the PSDS and on the HDS were compared to those obtained on the same scales by 17 psychiatric patients also classified as major depression on the basis of DSM III-R diagnostic criteria. An analysis of the symptomatological profiles clearly showed that: (1) a continuum exists between the so-called 'major' and 'minor' forms of PSD; (2) in both groups of depressed stroke patients the depressive symptomatology seems due to the psychological reaction to the devastating consequences of stroke, since the motivated aspects of depression prevailed in depressed stroke patients, whereas the (biologically determined) unmotivated aspects prevailed in patients with a functional form of major depression; and (3) in stroke patients a DSM III-based diagnosis of major PSD could be in part inflated by symptoms (such as apathy and vegetative disorders) that are typical of major depression in a patient free from brain damage, but that could be due to the brain lesion per se in a stroke patient.",Remaining,0,0,doi_dummy,human
928,395,8669,8669927,Archives of disease in childhood,Renal function in acute falciparum malaria.,"Renal function was assessed in 40 children during the acute illness and after recovery from falciparum malaria. Creatinine clearance was significantly lower during the acute illness than after recovery. Six of 18 children with impaired creatinine clearance (< 50 ml/min/1.73 m2) had evidence of acute tubular dysfunction. Hyponatraemia occurred in 12.5% during the acute phase. Fractional sodium excretion was raised in 27% during the acute illness and continuing sodium wastage occurred in 17% after recovery. Plasma potassium was significantly higher and fractional potassium excretion (FeK) significantly lower during the acute illness than after recovery. There was a positive correlation between FeNa and FeK both during and after recovery from the illness but they did not exactly mirror each other in every individual. Urine sodium:potassium ratios were similar during and after recovery from the illness and was related to FeNa. Fractional glucose excretion was zero. Mild proteinuria occurred in 40% during the acute illness but were not related to creatinine clearance, body temperature at presentation, or peripheral parasite density. Proteinuria was absent after recovery. Acute intrinsic renal impairment occurs during apparently 'uncomplicated' falciparum malaria in children.",Remaining,0,0,doi_dummy,human
929,396,2412,24120329,Revue neurologique,Cognitive profile in Wilson's disease: a case series of 31 patients.,"Wilson's disease (WD) is a rare autosomal recessive disorder of copper metabolism. If untreated, WD, which is initially a liver disease, can turn into a multi-systemic disease with neurological involvement. Very few studies have described cognitive impairment in WD. The aim of this study is to report the cognitive profile of 31 treated WD patients.	Patients were classed into two groups using the Unified Wilson Disease Rating Scale (UWDRS): WD patients without neurological signs (WD-N(-)) (n=13), and WD patients with neurological signs (WD-N(+)) (n=18). The patients participated in a neuropsychological assessment evaluating memory, executive function and visuo-spatial abilities.	Both groups performed well for verbal intelligence and episodic memory skills. However, the majority of these patients exhibited altered performance for at least one cognitive test, particularly in the executive domain. The WD-N(+) group performed less well than the WD-N(-) group on cognitive tests involving rapid motor function, abstract thinking, working memory and top-down inhibitory control.	Cognitive impairment in treated WD patients essentially affects executive function involving fronto-striatal circuits. Verbal intelligence and episodic memory abilities seem to be remarkably preserved. Neuropsychological assessment is a valuable tool to evaluate the presence and the consequences of these cognitive impairments in WD patients with or without neurological signs in the course of this chronic disease.",Remaining,0,0,doi_dummy,human
931,398,9601,960155,Stroke,Noninvasive measurement of velocity profiles and blood flow in the common carotid artery by pulsed Doppler ultrasound.,"A computer-controlled 14-channel pulsed Doppler ultrasound instrument was used as a noninvasive means to evaluate instantaneous velocity profiles and flow in the comlon carotid arteries of 22 healthy persons and in 22 patients. Of the later, 13 had severe obstructions of the extracranial portion of the carotid artery, four had obstruction of the intracranial portion, and five had severe aortic valve insufficiency (AI), with more than 60% regurgitation in all cases. Measurements could be performed within an accuracy of about +/- 20% under clinical conditions and revealed perfusion values of 5 to 8 ml per second (300 to 480 ml per minute) in healthy persons. Of the patients, values less than 3 ml per second (180 ml per minute) were detected in nine, between 3 and 5 mm per second (180 to 300 ml per minute) in four, and normal values in another four, while significant backflow was observed only in patients with severe AI. Consecutive blood flow profiles were recorded every 4 msec; these demonstratedthat, for a period lasting from 40 msec to 280 msec after the initial systolic peak, blood flow decelerated more rapidly in the central portion of the vessel lumen than near the wall. This situation was present in all healthy persons and in most patients with pathological flow. In patients with AI, flow reinversion from reverse to normal began near the vessel wall, while in the middle third of the vessel lumen, blood was still flowing backward. These phenomena seem to be in agreement with the theoretical and experimental findings of Wormersly, Müller, and others. The AI patients who underwent artificial valve implantation were studied ten days after operation and showed no or little backflow in the common carotid artery at that time.",Remaining,0,0,doi_dummy,human
932,399,2583,25833032,"Alcoholism, clinical and experimental research",Cognitive impairment following consumption of alcohol with and without energy drinks.,"The aim of this study was to assess the relative effects of alcohol mixed with energy drink (AmED) versus alcohol alone on cognitive performance across the ascending and descending breath alcohol concentration (BrAC) limb using doses similar to real-world intake.	Using a single-blind, placebo-controlled, crossover design, 19 participants completed 4 sessions where they received: (i) placebo, (ii) alcohol, (iii) AmED 500 ml energy drink (ED), and (iii) AmED 750 ml ED. Performance on measures of psychomotor function (Compensatory Tracking Task [CTT]), information processing (Digit Symbol Substitution Task [DSST]; Inspection Time Task [ITT]), and response inhibition (Brief Stop-Signal Task [Brief SST]) was assessed at ~0.05% ascending BrAC, ~0.08% peak BrAC, and ~0.05% descending BrAC.	The ITT and Brief SST showed no differential effect of AmED versus alcohol (gs < 0.30 and gs < 0.36, respectively). Moderate magnitude improvements in alcohol-induced impairment of CTT and DSST performance were observed after AmED versus alcohol on the descending BrAC limb (gs > 0.45 and gs > 0.37, respectively). A moderate magnitude decrease in DSST errors was also observed after AmED relative to alcohol at 0.050% ascending target BrAC (gs > 0.43).	Changes in cognitive function after AmED administration were dependent on the degree of intoxication, BrAC curve limb, and ED volume. Co-administration of ED doses which matched (500 ml) and exceeded (500 ml) maximum daily intake guidelines with alcohol decreased impairment of psychomotor function and global information processing after alcohol consumption. These results cannot be necessarily interpreted to suggest that people are less impaired after AmED, as behavior is the result of coordination of multiple cognitive functions, and reduced impairment on one aspect of cognition may not translate into global improvements.",Remaining,0,0,doi_dummy,human
936,403,1264,12649763,"Psychotherapie, Psychosomatik, medizinische Psychologie",[Relationship of sick leave before treatment to severity of symptoms and treatment outcome in in-patients with anxiety disorders].,"The aim of this study is to explore whether or not being already on sick leave at admission to a psychosomatic clinic indicates a higher level of severity of symptoms in patients with anxiety disorders, and whether or not this has an impact on therapy outcome. We examined 194 in-patients at 8 psychosomatic clinics upon admission and discharge by interview and psychometric testing. Being on sick leave before admission proved to be an indicator for higher global symptom distress as well as a higher severity of anxiety symptoms. Treatment duration was longer for the sick leave group than for the patients that had not been on sick leave, but each group experienced the same degree of change in pre-and-post treatment symptoms. We conclude that sick leave before admission does give information about illness severity and need of treatment in patients with anxiety disorders.",Remaining,0,0,doi_dummy,human
941,408,2813,28131932,Addictive behaviors,Common and differential brain abnormalities in gambling disorder subtypes based on risk attitude.,"Studying brain abnormalities in behavioral addiction including GD enables us to exclude possible confounding effects of exposure to neurotoxic substances, which should provide important insight that can lead to a better understanding of addiction per se. There have been a few brain structural magnetic resonance imaging studies for GD, although the results have been inconsistent. On the other hand, GD was suggested to be a heterogeneous disorder in terms of risk attitude. We aimed to examine the heterogeneity of GD by combining a behavioral economics task and voxel-based morphometry. Thirty-six male GD patients and 36 healthy male control subjects underwent a task for estimation of loss aversion, which can assess risk attitude in real-life decision-making. The GD patients were divided into two groups based on their level of loss aversion, low and high. While both groups showed common gray matter volume reduction in the left supramarginal gyrus and bilateral posterior cerebellum, high loss-aversion GD showed pronounced reduction in the left posterior cerebellum and additional reduction in the bilateral medial orbitofrontal cortex. Our study suggests that the heterogeneity of GD is underpinned at the brain structural level. This result might be useful for understanding neurobiological mechanisms and for the establishment of precise treatment strategies for GD.",Remaining,0,0,doi_dummy,human
942,409,1178,11781147,Biochimica et biophysica acta,Characterization of a missense mutation at histidine-44 in a pyruvate dehydrogenase-deficient patient.,"Genetic defects in pyruvate dehydrogenase complex (PDC) cause lactic acidosis, neurological deficits, and often early death. Most mutations of PDC are localized in the alpha subunit of the pyruvate dehydrogenase (E1) component. We have kinetically characterized a patient's missense mutation alphaH44R in E1alpha by creating and purifying three recombinant human E1s (alphaH44R, alphaH44Q, and alphaH44A). Substitutions at histidine-15 resulted in decreased V(max) values (6% alphaH44R; 30% alphaH44Q; 90% alphaH44A) while increasing K(m) values for thiamine pyrophosphate (TPP) compared to wild-type (alphaH44R, 3-fold; alphaH44Q, 7-fold; alphaH44A, 10-fold). This suggests that the volume of the residue at site 15 is important for TPP binding and substitution by a residue with a longer side chain disrupts the active site more than the TPP binding site. The rates of phosphorylation and dephosphorylation of alphaH44R E1 by E1-kinase and phospho-E1 phosphatase, respectively, were similar to that of the wild-type E1 protein. These results provide a biochemical basis for altered E1 function in the alphaH44R E1 patient.",Remaining,0,0,doi_dummy,human
947,414,2791,2791758,Zhonghua shen jing jing shen ke za zhi = Chinese journal of neurology and psychiatry,[A further study and discussion on mirror writing and the development of the Chinese written language].,"Mirror image writing was done in 72 preschool children, 40 school children, 40 normal adults and 37 stroke patients with or without aphasia. The results showed that total mirror image writing was demonstrated in only one case and partial mirror image writing in 62 (32.8%). The cases of mirror image writing with the left hand in the preschool children, school children, normal adults and patients with stroke were found in 45.8%, 10.0%, 2.5% and 24.3% respectively. The relationship between mirror image writing and left or right hand disorientation and that between mirror image writing and visual aid were observed.",Remaining,0,0,doi_dummy,human
951,418,2803,28033389,PloS one,High and Low Contrast Visual Acuity Are Not Affected in Amyotrophic Lateral Sclerosis.,"The afferent visual system may be affected by neuro-degeneration in amyotrophic lateral sclerosis (ALS) based on observations of visual function impairment and retinal inclusions on histopathology in ALS patients. To test the hypothesis that visual acuity is impaired in ALS, we compared three measures of visual acuity in ALS patients (n = 25) attending a multidisciplinary ALS clinic and age matched control subjects (n = 25). Bilateral monocular and binocular visual acuities were assessed using high contrast (black letters on white background) and low contrast (2.5%, 1.25% grey letters on white background) visual acuity charts under controlled lighting conditions following refraction. Binocular summation was calculated as the difference between binocular and best monocular acuity scores. There were no associations between binocular or monocular high contrast visual acuity or low contrast visual acuity and amyotrophic lateral sclerosis diagnosis (generalized estimating equation models accounting for age). Binocular summation was similar in both amyotrophic lateral sclerosis and control subjects. There was a small magnitude association between increased duration of ALS symptoms and reduced 1.25% low contrast visual acuity. This study does not confirm prior observations of impaired visual acuity in patients with amyotrophic lateral sclerosis and does not support this particular measure of visual function for use in broad scale assessment of visual pathway involvement in ALS patients.",Remaining,0,0,doi_dummy,human
953,420,1989,19892579,Parkinsonism & related disorders,Sexual and relationship dysfunction in people with Parkinson's disease.,"To quantify the extent of self-reported sexual and relationship problems in people with Parkinson's disease (PD).	A cross-sectional correlation design was used. All people with idiopathic PD, according to the UK Brain Bank criteria, who were known to the Northumbria Healthcare NHS Trust PD service, were asked to participate. Those who consented were assessed by a research nurse during a six month period using a series of rating scales, including the Unified Parkinson's Disease Rating Scale (UPDRS), the PD Questionnaire-39, the Mini Mental State Examination (MMSE), the Szasz sexual functioning scale and, for those in long-term relationships, the Golombok Rust Inventory of Marital State.	Concern over sexual function was reported in 22 (25%) of the 88 participants in the study. Males (p = 0.001) and younger people with PD (p = 0.001) were significantly more likely to report problems with sexual function. Gender (p = 0.007) and UPDRS score (p = 0.045) were significant independent predictors of relationship problems. Males with PD and those with increasing functional problems (UPDRS score) were more likely to report problems in their relationship. Disease duration and levels of anxiety and depression (Hospital Anxiety and Depression scale) were not associated with sexual or relationship problems.	Sexual and relationship dysfunction was a problem for many people in this study, but these problems were unlikely to be volunteered unless specifically enquired about. Problems were apparent across all age groups and genders.",Remaining,0,0,doi_dummy,human
961,428,3347,33479201,Translational psychiatry,"Brain dynamics: the temporal variability of connectivity, and differences in schizophrenia and ADHD.","We describe advances in the understanding of brain dynamics that are important for understanding the operation of the cerebral cortex in health and disease. In data from 1017 participants from the Human Connectome Project, we show that early visual and connected areas have low temporal variability of their functional connectivity. We show that a low temporal variability of the connectivity of cortical areas is related to high mean functional connectivity between those areas, and provide an account of how these dynamics arise. We then investigate how these concepts help to understand brain dynamics in mental disorders. We find that in both first episode and long-term schizophrenia, reduced functional connectivity of early visual and related temporal cortex areas is associated with increased temporal variability of the functional connectivity, consistent with decreased stability of attractor networks related to sensory processing. In ADHD, we find these functional connectivities are increased and their temporal variability is decreased, and relate this to increased engagement with visual sensory input as manifest in high screen time usage in ADHD. We further show that these differences in the dynamics of the cortex in schizophrenia, and ADHD can be related to differences in the functional connectivity of the specific sensory vs. association thalamic nuclei. These discoveries help to advance our understanding of cortical operation in health, and in some mental disorders.",Remaining,0,0,doi_dummy,human
963,430,2084,20845405,International journal of geriatric psychiatry,Low serum BDNF may indicate the development of PSD in patients with acute ischemic stroke.,"This study was to test whether serum BDNF or tissue plasminogen activator (tPA) is correlated with the development of depression at the acute stage of stroke.	Hundred ischemic stroke patients admitted to the hospital within the first 24 h of stroke onset were consecutively recruited and followed up for 14 days. The 17-item HDRS and MADRS were used to assess the severity of major depressive symptoms on day 3, day 7, and day 14 after admission. The diagnoses of depression were made in accordance with DSM-IV criteria for post-stroke depression (PSD). Serum BDNF and tPA of all the patients were determined by ELISA both on day 1 and day 7 after admission. Meanwhile, 50 healthy control subjects were also recruited and underwent measurement of serum BDNF and tPA once.	We found that 37 patients (37.0%) were diagnosed of major depression at the end of the follow-up. Serum BDNF on day 1 was significantly higher in non-PSD stroke patients than in normal controls, while PSD patients had significantly lower BDNF than non-PSD patients. There was a significant negative correlation between serum BDNF and tPA on day 1 only in PSD patients (r = -0.440, p = 0.006). Serum BDNF < 5.86 ng/ml on day 1 was independently associated with incident PSD at the acute stage of stroke (OR = 28.992; 95% CI, 8.014-104.891; p < 0.001 after adjustment).	There was a significant elevation of BDNF early after ischemic stroke. Serum BDNF on day 1 after admission may predict the risk of subsequent PSD. Moreover, tPA may be involved in the change of BDNF.",Remaining,0,0,doi_dummy,human
967,434,2312,23121308,Helicobacter,Relationship between Helicobacter pylori infection and serum interleukin-18 in patients with carotid atherosclerosis.,"Helicobacter pylori (H. pylori) infection stimulates the production of proinflammatory cytokines associated with the development of atherosclerosis. Levels of circulating interleukin-18 (IL-18) have been positively correlated with carotid intima-media thickness (IMT) and coronary plaque area and have identified IL-18 levels as important predictors of coronary events and cardiovascular mortality. This study aimed to examine the relationship between serum IL-18 and H. pylori-IgG antibody as a sign of H. pylori infection in patients with carotid atherosclerosis.	The carotid IMT, traditional atherosclerotic risk factors, levels of serum H. pylori-IgG and IL-18 were measured in 573 health checkup examinees.	Serum IL-18 and H. pylori-IgG levels were significantly increased in subjects with increased IMT in comparison with those with normal IMT. In subjects with increased IMT, serum H. pylori-IgG was positively correlated with serum IL-18 (r = .402, p = .002), and the association was independent of traditional atherosclerotic risk factors (β = 0.310, p < .001).	In health checkup examinees with increased IMT, serum IL-18 and H. pylori-IgG were independently correlated and were significantly higher than in subjects with normal IMT.",Remaining,0,0,doi_dummy,human
975,442,2653,26539989,PloS one,Intestinal Dysbiosis and Lowered Serum Lipopolysaccharide-Binding Protein in Parkinson's Disease.,"The intestine is one of the first affected organs in Parkinson's disease (PD). PD subjects show abnormal staining for Escherichia coli and α-synuclein in the colon.	We recruited 52 PD patients and 36 healthy cohabitants. We measured serum markers and quantified the numbers of 19 fecal bacterial groups/genera/species by quantitative RT-PCR of 16S or 23S rRNA. Although the six most predominant bacterial groups/genera/species covered on average 71.3% of total intestinal bacteria, our analysis was not comprehensive compared to metagenome analysis or 16S rRNA amplicon sequencing.	In PD, the number of Lactobacillus was higher, while the sum of analyzed bacteria, Clostridium coccoides group, and Bacteroides fragilis group were lower than controls. Additionally, the sum of putative hydrogen-producing bacteria was lower in PD. A linear regression model to predict disease durations demonstrated that C. coccoides group and Lactobacillus gasseri subgroup had the largest negative and positive coefficients, respectively. As a linear regression model to predict stool frequencies showed that these bacteria were not associated with constipation, changes in these bacteria were unlikely to represent worsening of constipation in the course of progression of PD. In PD, the serum lipopolysaccharide (LPS)-binding protein levels were lower than controls, while the levels of serum diamine oxidase, a marker for intestinal mucosal integrity, remained unchanged in PD.	The permeability to LPS is likely to be increased without compromising the integrity of intestinal mucosa in PD. The increased intestinal permeability in PD may make the patients susceptible to intestinal dysbiosis. Conversely, intestinal dysbiosis may lead to the increased intestinal permeability. One or both of the two mechanisms may be operational in development and progression of PD.",Remaining,0,0,doi_dummy,human
978,445,2947,29474507,"Alcohol and alcoholism (Oxford, Oxfordshire)",PNPLA3 Association with Alcoholic Liver Disease in a Cohort of Heavy Drinkers.,"Prior studies have established variation at the PNPLA3 gene to be associated with a risk of developing alcoholic liver disease (ALD). We attempt to replicate this finding and other potential genetic variations previously associated with ALD utilizing a case-control design in a cohort of subjects with alcohol use disorders.	This case-control study performed in a US clinical sample of heavy drinkers, replicates the previously reported association between ALD and rs738409 polymorphism in the PNPLA3 gene in heavy drinkers. This association persisted after accounting for the subject's diabetes status.	Patients of European ancestry with a history of ALD were identified (n = 169). Controls consisted of patients without ALD who were from the same cohorts and were ≥ 30 years of age, had lifetime total years drinking ≥20 and lifetime maximum drinks per day ≥12 (n = 259). Patients were genotyped for 40 candidate single nucleotide polymorphisms (SNPs) selected for the purpose of testing their association with ALD. The association of each SNP with ALD was tested using a logistic regression model, assuming log-additive allele effects. Bonferroni correction was applied and multivariable logistic regression models were used to account for relevant covariates.	Age, sex, and body mass index (BMI) distributions were similar between cases and controls. Diabetes was more prevalent in the ALD cases. Three SNPs were associated with ALD at the nominal significance level (rs738409 in PNPLA3, P = 0.00029; rs3741559 in AQP2, P = 0.0185; rs4290029 in NVL, P = 0.0192); only PNPLA3 rs738409 SNP was significant at the Bonferroni-corrected P-value threshold of 0.00125. Association results remained significant after adjustment for diabetes status.	Our case-control study confirmed that PNPLA3 rs738409 SNP is associated with ALD. This is an important replication in a US clinical sample with control subjects who had long histories of alcohol consumption.",Remaining,0,0,doi_dummy,human
982,449,8488,8488222,Psychological reports,The Patient Satisfaction Interview for partial hospitalization programs.,"The Patient Satisfaction Interview was developed to assess consumers' satisfaction with four dimensions of partial hospitalization programs: the physical environment, the therapists, the treatment strategies, and the preparation for community autonomy. Content validity of the measure was examined and cross-validated by independent samples of expert raters and patients. The measure was then administered to 30 patients participating in a six-month partial hospitalization program. Analyses showed test dimensions had good internal consistency and test-retest reliability. Six-month stability was good for three of the four scales as well as the over-all test score. Research using the test must examine its utility for description of satisfaction with community-based programs.",Remaining,0,0,doi_dummy,human
984,451,1806,18066467,Revista de saude publica,"[Violence against women, family cohesion and drugs].","To evaluate the association between cohesion, adaptability and mental risk in families, physical violence against women and the use of drugs.	Data for this paired case-control study was collected in 2004 and 2005 in the city of Joao Pessoa, in Northeastern Brazil. The sample included 260 women, divided into 130 battered individuals and 130 non-battered. The case study group consisted of women who lodged complaints for domestic violence at the Specialist Women's Police Station. The control group was made up of women living in the same neighborhood as those who had made the complaint. Cohesion, adaptability and mental risk were all measured using the 'Family Adaptability and Cohesion Evaluation Scales'. For the statistical analysis the Chi-square and the Fisher's Exact Tests ere used, at a significance level of 5%.	The two groups differed for measures relating to mental risk and cohesion, but had similar results for family adaptability (p=0.0917). The women victims of domestic violence had high (43.1%) and medium (39.2%) mental risk, while the non-victims had only medium risk (55.4%). There was a significant difference in drug use between the two groups, with greater consumption among the families of battered women (90.8%) compared with those of non-battered women (56.9%). The most widely used drug was alcohol, which also represented the highest risk factor for aggression if consumed daily (OR=37.33) or in conjunction with other drugs (OR=29,56).	Both the instability caused by a lack of family unity and the use of drugs significantly affect family functioning and may give rise to conflict and domestic violence.",Remaining,0,0,doi_dummy,human
987,454,1139,11393460,Journal of personality assessment,The effects of MMPI-A T-score elevation on classification accuracy for normal and clinical adolescent samples.,"In this investigation we examined the ability of the Minnesota Multiphasic Personality Inventory-Adolescent (MMPI-A; Butcher et al., 1992) to classify accurately both clinical and normal adolescents using 2 different T-score elevation ranges, T > or = 60 and T > or = 65, and using 2 different clinical base rates for the occurrence of psychopathology. A clinical base rate of 50% and 20%, respectively, were created by comparing a clinical sample of 203 adolescent inpatients with cooccurring substance abuse and psychiatric disorders with 2 subsamples from the MMPI-A normative group. These subsamples consisted of 203 adolescents matched for sex and age, and a larger subsample of 1,015 adolescents proportionately matched for sex and age, with the clinical group. Classification accuracy analyses revealed that although clinical base rate did affect the accurate classification of cases, a T-score cutoff of 65 resulted in higher levels of accurate classification overall while minimizing the misclassification of both clinical and normal cases. Implications of these findings for the recommended use of the MMPI-A 'gray zone' are presented, and the relative areas of strength and weakness of the MMPI-A are reviewed in the identification and description of psychopathology.",Remaining,0,0,doi_dummy,human
988,455,2573,25731774,Neuro-oncology,Identification and functional prediction of mitochondrial complex III and IV mutations associated with glioblastoma.,"Glioblastoma (GBM) is the most common primary brain tumor in adults, with a dismal prognosis. Treatment is hampered by GBM's unique biology, including differential cell response to therapy. Although several mitochondrial abnormalities have been identified, how mitochondrial DNA (mtDNA) mutations contribute to GBM biology and therapeutic response remains poorly described. We sought to determine the spectrum of functional complex III and IV mtDNA mutations in GBM.	The complete mitochondrial genomes of 10 GBM cell lines were obtained using next-generation sequencing and combined with another set obtained from 32 GBM tissues. Three-dimensional structural mapping and analysis of all the nonsynonymous mutations identified in complex III and IV proteins was then performed to investigate functional importance.	Over 200 mutations were identified in the mtDNAs, including a significant proportion with very low mutational loads. Twenty-five were nonsynonymous mutations in complex III and IV, 9 of which were predicted to be functional and affect mitochondrial respiratory chain activity. Most of the functional candidates were GBM specific and not found in the general population, and 2 were present in the germ-line. Patient-specific maps reveal that 43% of tumors carry at least one functional candidate.	We reveal that the spectrum of GBM-associated mtDNA mutations is wider than previously thought, as well as novel structural-functional links between specific mtDNA mutations, abnormal mitochondria, and the biology of GBM. These results could provide tangible new prognostic indicators as well as targets with which to guide the development of patient-specific mitochondrially mediated chemotherapeutic approaches.",Remaining,0,0,doi_dummy,human
994,461,1257,12570354,Journal of the International Neuropsychological Society : JINS,Prodromal frontal/executive dysfunction predicts incident dementia in Parkinson's disease.,"To identify the cognitive characteristics predictive of incident dementia in Parkinson's disease (PD), we examined the baseline neuropsychological profiles of 18 initially non-demented patients with PD who met diagnostic criteria for dementia (PDD) at one-year follow-up. PDD participants' baseline neuropsychological test scores were compared to the baseline performance of 18 patients with PD who did not meet criteria for dementia at one-year follow-up (PDND) and 18 normal controls (NC). The three groups were matched on baseline demographic and disease variables. Relative to the PDND group, the incident PDD participants demonstrated significantly poorer performance on digits backward (Wechsler Memory Scale-Revised), word list learning and recognition (California Verbal Learning Test), and perseverative errors on the Wisconsin Card Sorting Test. Each of these baseline neuropsychological variables exhibited adequate diagnostic classification accuracy in predicting PDD and PDND group membership at follow-up. These results suggest that subtle frontal/executive dysfunction is evident during the immediate PDD prodrome and may be of prognostic value in identifying PD patients at risk for dementia. Accordingly, neuropsychological evaluation may facilitate early identification of PDD and thereby inform appropriate dispositional planning.",Remaining,0,0,doi_dummy,human
995,462,2730,27309964,Journal of neurogenetics,The altered promoter methylation of oxytocin receptor gene in autism.,"Autism spectrum disorder (ASD) is one of the lifelong existing disorders. Abnormal methylation status of gene promoters of oxytonergic system has been implicated as among the etiologic factors of ASDs. We, therefore, investigated the methylation frequency of oxytocin receptor gene (OXTR) promoter from peripheral blood samples of children with autistic features. Our sample includes 66 children in total (22-94 months); 27 children with ASDs according to the DSM-IV-TR and the Childhood Autism Rating Scale (CARS) and 39 children who do not have any autistic like symptoms as the healthy control group. We investigated the DNA methylation status of OXTR promoter by methylation specific enzymatic digestion of genomic DNA and polymerase chain reaction. A significant relationship has been found between ASDs and healthy controls for the reduction of methylation frequency of the regions MT1 and MT3 of OXTR. We could not find any association in the methylation frequency of MT2 and MT4 regions of OXTR. Although our findings indicate high frequency of OXTR promoter hypomethylation in ASDs, there is need for independent replication of the results for a bigger sample set. We expect that future studies with the inclusion of larger, more homogeneous samples will attempt to disentangle the causes of ASDs.",Remaining,0,0,doi_dummy,human
996,463,2452,24526470,Journal of religion and health,Sense of purpose in life and escape from self as the predictors of quality of life in clinical samples.,"Depression is a leading mental disorder from which suffer Europeans and especially women. In clinical groups with elevated risk of suicidal tendencies, both the negative factors and psychological variables that can protect a person should be analyzed. The aims of the current study were analysis of purpose in life function in perceived quality of life-self-efficacy and life satisfaction among people suffering from depression in comparison with control group and analysis of escape from self (EfS)-function as an indicator of suicidal thoughts occurrence, for suicide attempt and perceived quality of life (life satisfaction). Two studies were conducted on two clinical groups. The first study consists of females, 20 of them with depression and 40 without depression disorder as a control group. Measures used in this study are Purpose in Life Scale, General Self-Efficacy Scale, and Satisfaction with Life Scale (SWLS). The second study consists of 60 participants, including 20 who attempted suicide. Measures used in this study are SWLS Scale and an EfS measure. There is a significant meaning of the sense of purpose of life for well-being and self-efficacy. The ability to maintain the feeling of sense of one's existence seems to be a significant factor that protects from a decrease in life quality and keeps the feeling of being able to deal in difficult situations, as well as helps to accept depression symptoms.",Remaining,0,0,doi_dummy,human
997,464,2831,28319054,Medical science monitor : international medical journal of experimental and clinical research,Association of Attention Deficit Hyperactivity Disorder and Autism Spectrum Disorders with Mean Platelet Volume and Vitamin D.,"BACKGROUND The purpose of this study was to assess the values of the mean platelet volume (MPV) in children with attention deficit hyperactivity disorder (ADHD) and with autism spectrum disorders (ASDs) to determine the risk of cardiovascular disease in these 2 disorder groups. MATERIAL AND METHODS The study included a total of 79 patients with ADHD or ASDs and controls in the Van region of Turkey. The control group included subjects of matching age and sex with no ADHD, ASDs, or chronic disease and taking no vitamins. The hematological parameters of the patients, including MPV, vitamin B12, and vitamin D, were assessed. RESULTS The study included a total of 79 children and adolescents aged 2-18 years (32 females and 47 males). Of the patients, 36 were in the ADHD group, 18 in the ASDs group, and 25 in the control group. There was no statistically significant difference in hematological parameters between the groups, but there were significant differences in terms of vitamin D and vitamin B12. The patient groups showed lower levels of vitamin B12 and vitamin D. In the ADHD group, there was a negative correlation between both vitamins and MPV (p<0.05). Partial correlation analysis of the ADHD group showed that MPV in particular was negatively correlated to vitamin D, and not to vitamin B12 (p: 0.03). CONCLUSIONS Both ADHD and ASDs may accompany increased risk for cardiovascular disease due to the presence of vitamin B12 and D deficiency and their own characteristics. Therefore, these disorders should be closely followed up.",Remaining,0,0,doi_dummy,human
999,466,2041,20414945,Journal of B.U.ON. : official journal of the Balkan Union of Oncology,Satisfaction survey of Greek inpatients with brain cancer.,"To investigate brain cancer patients' satisfaction hospitalised in a tertiary care university public hospital in Alexandroupolis, Greece, in order to improve medical, nursing, and organizational-administrative services.	This cross-sectional study involved 163 patients having been hospitalised for at least 24 hours. The patients were asked to fill in a satisfaction questionnaire previously approved by the Greek Ministry of Health. Four aspects of satisfaction were investigated (medical, hotel accommodation/ organisational facilities, nursing, global). Using Principal Component Analysis, summated scales were formed and tested for internal consistency using Cronbach's alpha coefficient. The non parametric Spearman's rank correlation coefficient was also used and the threshold p-value for statistical significance (2-sided) was set at 0.05.	The results revealed a high degree of global satisfaction (73.31%), yet satisfaction was higher for the medical (88.88%) and nursing (84.26%) services. Moreover, satisfaction derived from the accommodation facilities and the general organisation was found to be more limited (74.17%). Statistically significant differences (based on various demographic variables) in the participants' global satisfaction were not observed. On the contrary, self-assessment of health status at admission was negatively correlated with medical (r(s)=-0.157, p=0.045) and nursing (r(s)=-0.168, p=0.032) satisfaction. Greek citizenship contributed to bigger satisfaction scores in the accommodation/organisational facilities dimension (r(s)=0.158, p=0.044). Finally, age was positively linked to nursing satisfaction (r(s)=0.181, p=0.02).	The present study confirmed in part the results of previously published Greek surveys assessing general patient populations. However, more studies are urgently needed to confirm these findings in a much bigger brain cancer population.",Remaining,0,0,doi_dummy,human
1001,468,2288,22880116,PloS one,The cortical signature of amyotrophic lateral sclerosis.,"The aim of this study was to explore the pattern of regional cortical thickness in patients with non-familial amyotrophic lateral sclerosis (ALS) and to investigate whether cortical thinning is associated with disease progression rate. Cortical thickness analysis was performed in 44 ALS patients and 26 healthy controls. Group differences in cortical thickness and the age-by-group effects were assessed using vertex-by-vertex and multivariate linear models. The discriminatory ability of MRI variables in distinguishing patients from controls was estimated using the Concordance Statistics (C-statistic) within logistic regression analyses. Correlations between cortical thickness measures and disease progression rate were tested using the Pearson coefficient. Relative to controls, ALS patients showed a bilateral cortical thinning of the primary motor, prefrontal and ventral frontal cortices, cingulate gyrus, insula, superior and inferior temporal and parietal regions, and medial and lateral occipital areas. There was a significant age-by-group effect in the sensorimotor cortices bilaterally, suggesting a stronger association between age and cortical thinning in ALS patients compared to controls. The mean cortical thickness of the sensorimotor cortices distinguished patients with ALS from controls (C-statistic ≥ 0.74). Cortical thinning of the left sensorimotor cortices was related to a faster clinical progression (r = -0.33, p = 0.03). Cortical thickness measurements allowed the detection and quantification of motor and extramotor involvement in patients with ALS. Cortical thinning of the precentral gyrus might offer a marker of upper motor neuron involvement and disease progression.",Remaining,0,0,doi_dummy,human
1004,471,2793,27935389,"Journal of mental health (Abingdon, England)",The effect of Interaction Anxiousness Scale and Brief Social Phobia Scale for screening social anxiety disorder in college students: a study on discriminative validity.,"Social anxiety disorder (SAD) is one of the most prevalent mental health problems, but there is little research concerning the effective screening instruments in practice.	This study was designed to examine the discriminative validity of Interaction Anxiousness Scale (IAS) and Brief Social Phobia Scale (BSPS) for the screening of SAD through the compared and combined analysis. Firstly, 421 Chinese undergraduates were screened by the IAS and BSPS. Secondly, in the follow-up stage, 248 students were interviewed by the Structured Clinical Interview for DSM-IV. Receiver operating characteristic (ROC) analysis was used, and the related psychometric characters were checked.	The results indicated that the ROC in these two scales demonstrated discrimination is in satisfactory level (range: 0.7-0.8). However, the highest agreement (92.17%) was identified when a cut-off point of 50 measured by the IAS and a cut-off point of 34 by the BSPS were combined, also with higher PPV, SENS, SPEC and OA than that reached when BSPS was used individually, as well as PPV, SPEC and OA in IAS.	The findings indicate that the combination of these two scales is valid as the general screening instrument for SAD in maximizing the discriminative validity.",Remaining,0,0,doi_dummy,human
1006,473,7892,7892356,Psychological medicine,A longitudinal study of the neuropsychiatric consequences of HIV-1 infection in gay men. I. Neuropsychological performance and neurological status at baseline and at 12-month follow-up.,"The aim of this study was to determine whether HIV infection is associated with neurological or neuropsychological impairment in the asymptomatic and early symptomatic stages of disease. Subjects included 61 gay men (41 HIV-, 20 HIV+) who were assessed at the time of requesting their first HIV test and again 12 months later. The assessments at baseline were conducted double-blind to HIV serostatus. Measures included a neuropsychological battery, neurological examination and full psychiatric assessment. There were no differences between the asymptomatic HIV+ and HIV- groups at baseline or at follow-up in terms of mean scores on neuropsychological tests. Mean scores were within the normal range for all neuropsychological tests for both groups. Multiple regression analysis was used to predict each individual's performance at follow-up on the basis of their baseline performance, psychiatric state, neurological history and drug use for each of the neuropsychological tests. HIV+ subjects were more likely than control subjects to perform at a significantly lower level at follow-up on one or more tests than predicted on the basis of their baseline performance.",Remaining,0,0,doi_dummy,human
1008,475,3699,3699998,The International journal of neuroscience,Another look at VIQ-PIQ scores and unilateral brain damage.,"The relationship of WAIS, VIQ, PIQ and Aphasia Screening scores to unilateral brain damage was investigated using 18 subjects with left hemisphere damage (LHD) and 19 subjects with right hemisphere damage (RHD). Expected VIQ-PIQ difference scores were demonstrated only for the RHD subjects. Aphasia was significantly associated with PIQ in the LHD group. ANCOVAR using Aphasia Screening as a covariate produced significant LHD versus RHD differences on PIQ. These data question the utility of VIQ-PIQ difference scores in the diagnosis of unilateral brain damage. Second, the data suggest that LHD 'non-verbal' deficits are the result of underlying language disturbance and not the consequence of impaired visuoperceptive or visuospatial processes.",Remaining,0,0,doi_dummy,human
1016,483,1660,16603460,Substance use & misuse,Reliability testing and validation of the drug attitude scale.,"This study was designed to provide reliability testing and validity information of the Drug Attitude Scale (DAS). One hundred twenty-eight subjects were drawn from a residential substance abuse(1) treatment program within a community mental health center. Seventy-five percent of the subjects were males and 25% were females. Age ranged from 18 to 58 years. For the entire sample, coefficient alpha was found to be 0.87. Reliability estimates for the two subscales were also found to be quite similar. Clinical construct validity utilizing factor analysis strongly support the two-dimensional nature of the DAS and the accuracy of the instrument's scoring key. Initial testing of the DAS suggests that the scale represent a useful addition to the area of substance user assessment and rehabilitation.",Remaining,0,0,doi_dummy,human
1021,488,3115,31155341,Journal of clinical neuroscience : official journal of the Neurosurgical Society of Australasia,Environmental risk factors and amyotrophic lateral sclerosis (ALS): A case-control study of ALS in China.,"Amyotrophic lateral sclerosis (ALS) is a fatal neurodegenerative disease mainly involving central and peripheral motor neurons. The etiology of ALS is not clear. In China, there is a preliminary exploration of genetic factors, but the study on environmental factors is relatively inadequate, which needs to be further clarified. To investigate the protective or harmful effects of different environmental factors on ALS, and explore the possible etiology of ALS of the Chinese for further study. Case-control study were used in 123 patients and 239 healthy controls from 2013 to 2016. Statistical analysis and description were performed with SPSS24.0. The risk factors of ALS include head trauma (OR = 3.397, 95% [1.298, 8.893], P = 0.013), drinking (OR = 1.760, 95% CI [1.110,2.790], p = 0.016), smoking (OR = 3.196, 95% [1.375, 7.427], P = 0.351), low BMI (OR = 1.231, 95% CI [1.115, 1.319], P = 0.000), workers or famers (OR = 2.539, 95% [1.441,4.475], P = 0.001, 30-34 yrs); factors that reduce incidence of ALS including hypertension (OR = 0.526, 95% [0.313, 0.883], P = 0.015), severe physical activities (OR = 0.808, 95% [0.711, 0.918], P = 0.001), longer duration of education (OR = 0.183, 95% [0.078, 0.428], P = 0.000, >12 yrs), reading (OR = 0.225, 95% [0.126, 0.516], P = 0.000, 13-30 yrs), retirement or unemployment (OR = 0.040, 95% [0.005, 0.291], P = 0.000, 30-34 yrs); family history of neurologic disorder, general trauma, years and numbers of smoking, artistic activities, and other occupational factors did not show correlation with ALS. Head trauma, alcohol consumption, smoking, low BMI, workers or farmers are risk factors for ALS; high blood pressure, severe physical activity, longer duration of education, reading, retirement or unemployment are protective factors for ALS; whether there is a connection between ALS and family history, general trauma, years or numbers of smoking, artistic activities, and other occupational factors need to be confirmed by further study.",Remaining,0,0,doi_dummy,human
1024,491,2272,22729092,Current opinion in obstetrics & gynecology,Does minimally invasive surgery for endometriosis improve pelvic symptoms and quality of life?,"Endometriosis is a common gynaecological disorder estimated to affect over 70 million women worldwide. In this review we aim to give an overview of postoperative symptoms and look at factors influencing therapeutic choices and surgical techniques.	A wide range of physical and psychological factors contribute to the symptoms of disease. Patients suffer from impaired quality of life, depression, anxiety and chronic and acute pain. Validated questionnaires have been used to assess patient response. Surgical excision of endometriosis improves dyspareunia and the quality of sex life of patients. It is superior in outcomes to medical therapy in achieving increased pregnancy rates. Catastrophizing and biopsychosocial variables are implicated in the severity of pain experienced in patients with endometriosis. Patients with endometriosis score lower on quality of life assessments and the addition of psychosomatic therapy to medical treatments has shown to improve the emotional status of patients with improved treatment outcomes.	Despite its prevalence, there is no optimal treatment for endometriosis; recurrence of disease is a common problem. Laparoscopic surgery compared with medical therapies shows improved patient satisfaction outcomes in general health, quality of life and emotional wellbeing. Management of this varied aetiology improves in the context of a multidisciplinary team.",Remaining,0,0,doi_dummy,human
1025,492,9676,9676841,Clinical cancer research : an official journal of the American Association for Cancer Research,11q13 allelic loss in pituitary tumors in patients with multiple endocrine neoplasia syndrome type 1.,"Pituitary adenomas may develop sporadically or as part of the multiple endocrine neoplasia type 1 (MEN 1) syndrome. The gene responsible for MEN 1 syndrome was recently identified and cloned. Low rates of MEN 1 gene mutations and deletions have been reported in sporadic pituitary adenomas. To elucidate the role of the MEN 1 gene in the pathogenesis of MEN 1-associated pituitary tumors, we examined pituitary adenomas from 11 MEN 1 patients for the presence of 11q13 allelic loss. Ten of the 11 pituitary tumors were informative by PCR-based loss of heterozygosity analysis. Using a combination of family pedigree analysis and restriction analysis directed at the mutated allele in 8 of the 10 informative cases, it was demonstrated in all 8 cases that it is the wild-type allele that undergoes deletion. All 11 tumors, 4 of which were growth hormone secreting, were additionally analyzed for mutation in the Gs alpha subunit (gsp) gene. None of the tumors (0 of 11 tumors) revealed a gsp gene mutation. Therefore, genetic alterations of the MEN 1 gene seem to play a dominant role in MEN 1-associated pituitary tumorigenesis, whereas gsp gene mutations do not seem to be a frequent event in either growth hormone-secreting or other types of MEN 1-associated pituitary tumors. These results suggest that MEN 1-associated pituitary tumors develop via genetic pathways that differ from those of most sporadic pituitary tumors.",Remaining,0,0,doi_dummy,human
1030,497,2048,20488196,Neuropsychologia,Susceptibility to false memories in patients with ACoA aneurysm.,"We examined ACoA patients regarding their susceptibility to a range of false memory phenomena. We targeted provoked confabulation, false recall and false recognition in the Deese-Roediger-McDermott-paradigm (DRM-paradigm) as well as false recognition in a mirror reading task. ACoA patients produced more provoked confabulations and more false recognition in mirror reading than comparison subjects. Conversely, false recall/false recognition in the DRM-paradigm were similar in patients and controls. Whereas the former two indices of false memories were correlated, no relationship was revealed with the DRM-paradigm. Our results suggest that rupture of ACoA aneurysm leads to an increased susceptibility to a subset of false memories types.",Remaining,0,0,doi_dummy,human
1039,506,3828,3828153,No to shinkei = Brain and nerve,[The value of neuron specific enolase (NSE) in patients with brain tumors].,"gamma gamma-Enolase is considered a specific protein of neuron, which is called neuron specific enolase (NSE). Recent reports clarified that NSE exists not only in neurons but also in neuroendocrine cells, thrombocytes and lymphocytes. Besides normal neuronal tissues, high serum levels of NSE were noticed in the patients with neuroblastomas, small cell carcinomas of the lung, and malignant gliomas, etc. In order to clarify the usefulness of NSE as a marker for intracranial neoplasms or an indicator for prognosis of the patients with intra-cranial tumors, we studied serum, CSF and intratumoral fluid levels of NSE in 62 patients with intra-cranial tumors by radioimmunoassay. Serum level of NSE in healthy adults ranged from 4.1 to 8.9 ng/ml (5.6 +/- 1.38 ng/ml, n = 15) and that of CSF ranged from 4.9 to 7.3 ng/ml (means 6.1 ng/ml, n = 3). Serum samples from patients with malignant gliomas and primitive neuroectodermal tumors contained abnormally high level of NSE, of which mean value were 22.3 ng/ml and 16.1 ng/ml, respectively. However, serum samples from patients with low grade gliomas and other intracranial tumors arising from non-neuroectodermal tissues were within normal range. In 9 patients, not only serum levels but CSF levels and/or intratumoral cyst levels of NSE were examined at the same time. Except one meningioma case, CSF levels of NSE were higher (4.9-55.3 ng/ml, mean: 19.3 ng/ml) than that of serum levels (2.3-17.3 ng/ml, mean: 12.7 ng/ml). Mean NSE concentrations of intratumoral fluids in both malignant and benign tumors were 181.7 ng/ml, respectively.(ABSTRACT TRUNCATED AT 250 WORDS)",Remaining,0,0,doi_dummy,human
1042,509,2536,25364240,Clinical interventions in aging,The relationship between cholesterol and cognitive function is homocysteine-dependent.,"Previous studies have identified hyperlipidemia as a potential risk factor for dementia and Alzheimer's disease. However, studies on cholesterol measured in late-life and cognitive function have been inconsistent. Few studies have explored nonlinear relationships or considered interactions with other biomarker measures.	A cross-sectional sample of 1,889 participants from four rural counties in the People's Republic of China was included in this analysis. Serum total cholesterol, high-density lipoprotein, triglycerides, and homocysteine levels were measured in fasting blood samples. A composite cognitive score was derived based on nine standardized cognitive test scores. Analysis of covariance models were used to investigate the association between biomarker measures and the composite cognitive scores.	There was a significant interaction between the homocysteine quartile group and the cholesterol quartile group on cognitive scores (P=0.0478). In participants with normal homocysteine levels, an inverse U-shaped relationship between total cholesterol level and cognitive score was found, indicating that both low and high cholesterol levels were associated with lower cognitive scores. In participants with high homocysteine levels, no significant association between cholesterol and cognition was found.	The relationship between cholesterol levels and cognitive function depends upon homocysteine levels, suggesting an interactive role between cholesterol and homocysteine on cognitive function in the elderly population. Additional research is required to confirm our findings in other populations, and to explore potential mechanisms underlying the lipid-homocysteine interaction.",Remaining,0,0,doi_dummy,human
1049,516,1664,16641864,Pediatric endocrinology reviews : PER,Predictors of bone loss in young women with restrictive eating disorders.,"To evaluate the influence of Body Mass Index, body composition and hormonal factors on bone mass in young women with amenorrhea related to restrictive eating disorders.	Descriptive study of 55 patients with secondary amenorrhea due to restrictive eating disorders and 14 healthy girls used for comparison. Assessment of Bone Mineral Density, Fat Mass and Lean Mass by DEXA and of the serum hormonal profile.	Patients had lower BMI, lower Fat Mass and lower Bone Mass compared to controls; their serum levels of LH, FT(3), DHEAS, Insulin and Leptin were significantly reduced. Low Bone Density, especially in the lumbar region, correlated with concentrations of FT(3), Cortisol, Insulin and Leptin, hormones expressive of metabolic adjustment to malnutrition. Lean Mass was a strong predictor of osteopenia and osteoporosis.	Hormonal nutritional markers, together with soft tissue composition measurements, are viable options for ongoing monitoring of subjects with eating disorders.",Remaining,0,0,doi_dummy,human
1054,521,1919,19194374,Neuropsychopharmacology : official publication of the American College of Neuropsychopharmacology,A polymorphism of the MAOA gene is associated with emotional brain markers and personality traits on an antisocial index.,"Association studies suggest that the low activity variant of the monoamine oxidase A (MAOA)-uVNTR polymorphism confers risk for emotional disturbances associated with antisocial traits, particularly in males. Here, we assessed the low (MAOA-L) activity variant in relation to both brain function and a behavioral index of antisocial traits. From an initial sample of 290 healthy participants, 210 had low (MAOA-L) or high (MAOA-H) activity variants. Participants underwent a brief assessment of personality traits and event-related potential (ERP) recording during an emotion-processing task. Genotype differences in ERPs were localized using LORETA. The MAOA-L genotype was distinguished by elevated scores on the index of antisocial traits. These traits were related to altered ERPs elicited 120-280ms post-stimulus, particularly for negative emotion. Altered neural processing of anger in MAOA-L genotypes was localized to medial frontal, parietal, and superior temporo-occipital regions in males, but only to the superior occipital cortex in females. The MAOA low activity variant may increase susceptibility to antisocial traits through alterations to the neural systems for processing threat-related emotion, especially for males. Monoamines such as noradrenalin and serotonin may modulate these relationships, given that their metabolism varies according to MAOA variants, and that they modulate both emotional brain systems and antisocial aggression.",Remaining,0,0,doi_dummy,human
1055,522,3227,32279420,Journal of cellular and molecular medicine,HOTAIR/miR-125 axis-mediated Hexokinase 2 expression promotes chemoresistance in human glioblastoma.,"Drug resistance is one of the major obstacles in glioblastoma (GBM) treatments using temozolomide (TMZ) based conventional chemotherapy. Recent studies revealed that Hexokinase 2 (HK2)-mediated glycolysis is one of the sources, as the association of chemoresistance and the expression of HK2 was confirmed in multiple cancers. However, there has been little knowledge of the functional contribution of HK2 to TMZ resistance in GBM. In our study, we found that HK2 expression is crucial for GBM proliferation and chemoresistance. In contrast to the healthy brain, HK2 expression is much higher in human GBM, especially in those patients with GBM recurrence. High HK2 expression is negatively related to the overall survival in GBM patients. HK2 depletion in GBM cells suppressed the GBM cell proliferation and increased sensitivity to TMZ-induced apoptosis. Both HK2-mediated glycolysis and mitochondria permeability transition pore opening (MPTP) were associated with its function in chemoresistance. Furthermore, we also revealed that the abnormal expression of HK2 was modulated by the expression of HOTAIR, a long non-coding RNA (lncRNA). The absence of HOTAIR in GBM cells suppressed the HK2 expression in protein and mRNA level and, therefore, inhibited the cell proliferation and enhanced the cytotoxicity of TMZ both in vivo and in vitro. HOTAIR promoted the expression of HK2 by targeting mir-125, which suppressed the GBM cell proliferation and increased the TMZ-induced apoptosis. These findings shed light on a new therapeutic strategy in modulating HOTAIR/miR-125, which may interfere with the expression of HK2, and enhance the therapeutic sensitivity of GBM to TMZ.",Remaining,0,0,doi_dummy,human
1058,525,2046,20461011,Journal of clinical neurophysiology : official publication of the American Electroencephalographic Society,Large motor unit territories by scanning electromyography in patients with juvenile myoclonic epilepsy.,"Juvenile myoclonic epilepsy is a genetically inherited disorder characterized by myoclonic jerks and generalized seizures. It has been proposed that patients with juvenile myoclonic epilepsy have larger motor units (MUs) than normals by MU number estimation and macro electromyography techniques. In this study, an experimental setup for scanning electromyography was built to investigate electrophysiologic cross-sections of the MU territories in 9 patients with juvenile myoclonic epilepsy, 3 patients with spinal muscular atrophy, and 10 healthy volunteers. Scanning electromyography was performed on the biceps brachii muscle. For each MU, three-dimensional maps of the MU territories were plotted. The length of MU cross-section and the maximum amplitude of each MU were measured from these maps and compared among the three groups of subjects. Like spinal muscular atrophy patients, patients with juvenile myoclonic epilepsy had significantly larger MU territories than normal controls.",Remaining,0,0,doi_dummy,human
1060,527,2149,21497911,Journal of affective disorders,Screening for depression in adolescent paediatric patients: validity of the new Depression Screener for Teenagers (DesTeen).,"Depression in adolescents is often hard to detect. In many cases paediatricians are the first point of contact. In order to increase recognition rates, screening instruments may be a helpful support for health care professionals. However, there is a lack of valid and economical screening instruments for primary care patients. Thus, the aim of the study was the development of the new Depression Screener for Teenagers (DesTeen) and its validation in a paediatric sample.	326 patients between 13 and 16 years old completed the DesTeen and a diagnostic interview, serving as gold standard. Prevalence rate for any depressive disorder (minor depression, major depression and dysthymia) was 12.6%. Psychometric properties were calculated. For validity measures, the area under the receiver operating characteristic curves (AUC) for any depressive disorder and the diagnostic subgroups was computed.	DesTeen showed a high reliability (Cronbach's α=.87) and a high validity (AUC=.91). For the diagnostic subgroups AUC values did not significantly differ from overall accuracy of any depressive disorder (major depression: AUC=.95, p=.179; dysthymia: AUC=.88, p=.605; minor depression: AUC=.87, p=.327). The optimal cut-off point for any depressive disorder according to the Youden-Index yielded a sensitivity of .90 and a specificity of .80. An abbreviated 5-item version of DesTeen showed no loss in validity (AUC=.90, p=.695).	Overall, DesTeen can be regarded as a valid screening instrument for adolescent paediatric patients. For practical use, the 5-item version is even more promising. A replication of these results is essential.",Remaining,0,0,doi_dummy,human
1061,528,1669,16690997,Journal of geriatric psychiatry and neurology,IL-15 is elevated in cerebrospinal fluid of patients with Alzheimer's disease and frontotemporal dementia.,"Interleukin-15 is a novel proinflammatory cytokine. It is produced by activated blood monocytes, macrophages, and glial cells. The objective of our study was to assess the role of interleukin-15 as a marker of increased proinflammatory activity in patients with Alzheimer's disease and frontotemporal dementia. We measured cerebrospinal fluid interleukin-15 levels in 17 patients with Alzheimer's disease and 7 patients with frontotemporal dementia in comparison with 17 patients with amyotrophic lateral sclerosis and 15 patients with Parkinson's disease. Patients with Alzheimer's disease and frontotemporal dementia had significantly higher cerebrospinal fluid interleukin-15 levels compared with patients with noninflammatory neurological diseases (P < .05 and P < .01, respectively). In Alzheimer's disease, a significant positive correlation was noted between interleukin-15 levels and age of onset (R = .48, P = .05). Our findings suggest that interleukin-15 may be implicated in the pathophysiology of Alzheimer's disease and frontotemporal dementia.",Remaining,0,0,doi_dummy,human
1065,532,2638,2638041,Sbornik vedeckych praci Lekarske fakulty Karlovy univerzity v Hradci Kralove. Supplementum,[Correlation of Doppler echocardiography and EEG findings in stenotic processes in the carotid arteries].,"Results obtained from EEG examination and Doppler sonography in a group of 155 patients were studied and special attention was paid to ischemic cerebral lesions in stenotic processes in carotid arteries. Pair correlations of individual factors were statistically analyzed using a computer, i. e., results obtained from EEG, Doppler sonography, patients' age and final diagnosis. High statistical mutual dependence of both the methods was found which may be explained by the functional approach pursued in both the procedures. The contribution of both the methods to rapid and considerate diagnosis of vascular cerebral lesions is emphasized here.",Remaining,0,0,doi_dummy,human
1066,533,1111,11115331,Archives of general psychiatry,Increased neocortical neurofibrillary tangle density in subjects with Alzheimer disease and psychosis.,"Psychosis is common in patients with Alzheimer disease. While the relationship between psychosis and clinical variables has been examined frequently, few studies have examined the relationship between psychosis and the 2 major neuropathological hallmarks of Alzheimer disease: neurofibrillary tangles and senile plaques. We characterized the occurrence of psychosis in relation to dementia severity and determined if subjects with Alzheimer disease and psychosis had a greater neurofibrillary tangle or senile plaque burden than subjects with Alzheimer disease and no psychosis.	One hundred nine subjects with Alzheimer disease were followed longitudinally with semistructured assessments in order to assign a Clinical Dementia Rating and determine whether psychosis was present. After the subjects died, their brains were obtained for histological examination. Analysis of variance was used to compare the densities of neurofibrillary tangles, total senile plaques, and cored senile plaques in subjects with psychosis vs subjects without psychosis, in several neocortical regions, the hippocampus, and the entorhinal cortex.	Psychosis occurred commonly in Alzheimer disease, affecting 63% of subjects. The frequency of psychosis increased with increasing dementia severity. More importantly, we found that subjects with psychosis had a 2.3-fold (95% confidence interval, 1.2-3.9) greater density of neocortical neurofibrillary tangles than did subjects without psychosis. The increase was independent of dementia severity. No similar relationship with psychosis was seen for total senile plaques or cored senile plaques.	The increase in psychosis frequency that occurs with the progression of dementia severity and the independent association between psychosis and neurofibrillary tangle density suggest the possibility that some common underlying process or processes specific to Alzheimer disease may regulate both phenomena. Arch Gen Psychiatry. 2000;57:1165-1173.",Remaining,0,0,doi_dummy,human
1067,534,7862,7862761,Psychiatria polska,[Risk factors for dementia of the Alzheimer's type].,"A case-control study was conducted on 16 cases of probable Alzheimer's disease and 32 controls matched for age. The first control group was younger while the second was at the same age as patients with dementia of the Alzheimer's type. The patients were diagnosed according to DSM IIIR criteria. Information was obtained on birth and childhood, medical and surgical history, exposure to various social, psychological and biological factors as well as a family history of dementia. A structured questionnaire based on the AMDP--system was completed. Some of the variables studied reached statistical significance. First of all the sum of unfavourable environmental factors taking place during the person's childhood and elderly was predictive. Also head trauma was more frequent in patients with dementia. The findings suggest a possible etiologic role for some environmental factors in dementia of the Alzheimer's type.",Remaining,0,0,doi_dummy,human
1070,537,8637,8637946,Psychological medicine,Remission and relapse in major depression: a two-year prospective follow-up study.,"This paper reports the course with respect to remission and relapse of a cohort of predominantly in-patient RDC major depressive subjects, who were followed at 3-monthly intervals to remission and for up to 15 months thereafter. Remission was comparatively rapid with 70% of subjects remitting within 6 months. Only 6% failed to do so by 15 months. However, 40% relapsed over the subsequent 15 months, with all the relapses occurring in the first 10 months. Greater severity of the depression and longer duration of the illness predicted a longer time to remission. Greater initial severity of depression also predicted relapse. Subjects with a worse outcome had not received less adequate treatment than the remainder. Our results confirm the comparatively poor outcome subsequent to remission that has been reported in recent literature, in spite of the availability of modern methods of treatment. The clustering of relapses in the first 10 months gives some support to the distinction between relapse and later recurrence.",Remaining,0,0,doi_dummy,human
1074,541,2417,2417812,Electroencephalography and clinical neurophysiology,The diagnostic value of eye movement recordings in patients with Huntington's disease and their offspring.,"Eye movements were studied with EOG in a large number of Huntington's disease (HD) patients (N = 48) and their offspring (subjects at risk, N = 97). The following oculomotor paradigms were investigated: horizontal and vertical saccades of different sizes (10-80 degrees), smooth pursuit eye movements, optokinetic and vestibular nystagmus. It was found that 75% of the HD patients had pathologically slow saccades. This number rose to 87% if other oculomotor deficits were included. Thus a small, but definite number of HD patients had normal eye movements. This included patients with disease durations of more than 14 years. A comparison with the results of clinical and evoked potential studies on these patients showed that they were clinically only mildly affected but did not form a different group of HD patients. Subjects at risk had statistically (P less than 0.01) slower horizontal saccades (average 427 deg/sec) than the controls (455 deg/sec). For 11% of the subjects at risk horizontal saccade velocity was pathological and altogether 22% had some oculomotor deficits. Subjects with pathological slow horizontal saccades also had a high incidence (64%) of pathological evoked potentials. Thus, subjects with pathological slow horizontal saccades can be considered to have a high risk of developing the clinical symptoms of HD.",Remaining,0,0,doi_dummy,human
1078,545,2056,20565924,BMC medical genetics,Search for copy number variants in chromosomes 15q11-q13 and 22q11.2 in obsessive compulsive disorder.,"Obsessive-compulsive disorder (OCD) is a clinically and etiologically heterogeneous syndrome. The high frequency of obsessive-compulsive symptoms reported in subjects with the 22q11.2 deletion syndrome (DiGeorge/velocardiofacial syndrome) or Prader-Willi syndrome (15q11-13 deletion of the paternally derived chromosome), suggests that gene dosage effects in these chromosomal regions could increase risk for OCD. Therefore, the aim of this study was to search for microrearrangements in these two regions in OCD patients.	We screened the 15q11-13 and 22q11.2 chromosomal regions for genomic imbalances in 236 patients with OCD using multiplex ligation-dependent probe amplification (MLPA).	No deletions or duplications involving 15q11-13 or 22q11.2 were identified in our patients.	Our results suggest that deletions/duplications of chromosomes 15q11-13 and 22q11.2 are rare in OCD. Despite the negative findings in these two regions, the search for copy number variants in OCD using genome-wide array-based methods is a highly promising approach to identify genes of etiologic importance in the development of OCD.",Remaining,0,0,doi_dummy,human
1083,550,3373,33730906,The International journal of social psychiatry,'Modelling social exclusion in a diagnostically-mixed sample of people with severe mental illness'.,"Social inclusion is an important indicator of recovery in individuals with severe mental illness. The Social Inclusion Questionnaire User Experience (SInQUE) is a new measure of social inclusion for mental health service users which assesses five domains (consumption, production, access to services, social integration and civil engagement). It has good psychometric properties and is acceptable to service users and mental health professionals. It is not clear whether individuals with different diagnostic conditions experience a similar reduction in social inclusion.	(1) Investigate whether current social inclusion differs between diagnostic groups (people with schizophrenia/other psychotic disorders, common mental disorder or personality disorder); (2) Identify factors associated with lower social inclusion; (3) Examine associations between social inclusion and stigma, quality of life and loneliness.	Mental health service users with psychotic disorder, personality disorder or common mental disorder, living in the community, completed the SInQUE, alongside other validated outcome measures. Multiple regression investigated associations.	About 192 service users (55% with psychotic disorder; 26% with common mental disorder; 19% with personality disorder). Current social inclusion did not vary according to diagnosis, except for the sub-domain of productivity, where individuals with personality disorder were more socially included than the other two groups. Lower social inclusion was associated with older age (p = .008), lack of higher education (p < .001), more previous admissions (p = .005), severity of current symptoms and greater experienced stigma (p = .006) and anticipated stigma (p = .035). Greater social inclusion was associated with better quality of life (p < .001) and less loneliness (p < .001).	Barriers to social inclusion in individuals with severe mental health problems include factors related to the illness, such as symptom severity and external factors, such as stigma and discrimination. Social inclusion is a recovery goal and should be routinely assessed. Increasing people's social inclusion benefits service users in terms of improved mental health, better quality of life and reduced loneliness.",Remaining,0,0,doi_dummy,human
1084,551,2309,23092750,Thrombosis research,Incidence of venous thromboembolism in psychiatric units.,"Incidence and risk factors of venous thromboembolism (VTE) are well established in surgical and medical settings, but data in psychiatric units are lacking. The aim of this study was to estimate the incidence of VTE in hospitalized psychiatric patients, and to assess the risk factors for VTE in this specific population.	All consecutive adult patients, admitted for a psychiatric disorder for at least seven days in psychiatric units were considered for inclusion. Patients were evaluated for signs and symptoms of VTE during hospitalization. At Day 10, all participants were interviewed and a systematic compression ultrasonography of the lower limbs was performed. Patients were followed-up until Day 90.	Among the 471 included patients, 449 were evaluable at Day 10, and 458 were followed-up until Day 90. Ten deep vein thromboses (DVT) were diagnosed by Day 10 leading to an incidence of VTE of 2.2% (95% CI, 1.1%-4.1%). Six additional symptomatic VTE occurred between Day 10 and Day 90, leading to a 3.5% incidence at Day 90 (95% CI, 2.0%-5.6%). The main factors associated with VTE were age, bed rest, and diagnosis of dementia. The incidence of VTE in patients aged 75 or over with a diagnosis of dementia reached 8.2% at Day 10 and 12.5% at Day 90.	The incidence of VTE in psychiatric units appeared low. However, in older patients, especially those with dementia, the incidence of VTE increased considerably. Further studies are needed to confirm these results.",Remaining,0,0,doi_dummy,human
1085,552,2009,20097263,Neuroscience letters,"The relation between depression, anhedonia and olfactory hedonic estimates--a pilot study in major depression.","Several studies investigating olfactory hedonics in major depression have brought conflicting results and an analysis of the relation between severity of depression, anhedonia and olfactory hedonics is still lacking. In order to investigate olfactory perception in different depressive states, we carried out olfactory testing during a depressive episode (n=37) and in a remitted state (n=17). As expected, patients were significantly less depressed (p<0.001) and less anhedonic (p=0.001) in the remitted state. A comparison of olfactory perception between age- and gender-matched patients and healthy volunteers (n=37) controlled for intrinsic olfactory deficits in major depression. In the depressive episode, we applied regression analyses to investigate the relation of olfactory hedonics, severity of depression and anhedonia. The Sniffin' Sticks Test extended by analogue rating scales for intensity and hedonic estimates was employed for olfactory testing. Depression severity was assessed with the Beck Depression Inventory (BDI), anhedonia with the Snaith-Hamilton-Pleasure-Scale (SHAPS). Odour identification ability was significantly reduced during the depressive state. In contrast, no significant differences in hedonic and intensity estimates could be found between the depressive and the remitted state and healthy controls. During the depressive episode, we found a significant relation only between anhedonia and olfactory hedonics. We concluded that anhedonia has potential impact on olfactory hedonics in major depression. Our results indicate the need for (1) confirmatory studies in severe melancholic depression and (2) investigation of the impact of anhedonia on olfactory hedonics in psychiatric diseases other than major depression.",Remaining,0,0,doi_dummy,human
1092,559,2922,29228370,Neuro-oncology,An NF-κB signature predicts low-grade glioma prognosis: a precision medicine approach based on patient-derived stem cells.,"While recent genome-wide association studies have suggested novel low-grade glioma (LGG) stratification models based on a molecular classification, we explored the potential clinical utility of patient-derived cells. Specifically, we assayed glioma-associated stem cells (GASC) that are patient-derived and representative of the glioma microenvironment.	By next-generation sequencing, we analyzed the transcriptional profile of GASC derived from patients who underwent anaplastic transformation either within 48 months (GASC-BAD) or ≥7 years (GASC-GOOD) after surgery. Gene set enrichment and pathway enrichment analyses were applied. The prognostic role of a nuclear factor-kappaB (NF-κB) signature derived from GASC-BAD was tested in 530 newly diagnosed diffuse LGG patients comprised within The Cancer Genome Atlas (TCGA) database. The prognostic value of the GASC upstream regulator p65 NF-κB was assessed, by univariate and multivariate Cox analyses, in a single center case study, including 146 grade II LGGs.	The key elements differentiating the transcriptome of GASC isolated from LGG with different prognoses were mostly related to hallmarks of cancer (eg, inflammatory/immune process, NF-κB activation). Consistently, the NF-κB signature extrapolated from the GASC study was prognostic in the dataset of TCGA. Finally, the nuclear expression of the NF-kB-p65 protein, assessed using an inexpensive immunohistochemical method, was an independent predictor of both overall survival and malignant progression-free survival in 146 grade II LGGs.	This study demonstrates for the first time the independent prognostic role of NF-kB activation in LGG and outlines the role of patient-based stem cell models as a tool for precision medicine approaches.",Remaining,0,0,doi_dummy,human
1094,561,2408,24080672,The Journal of nervous and mental disease,Prevalence of psychotic symptoms in those with melancholic and nonmelancholic depression.,"The best classification of depressive disorders is still to be established. A melancholic subtype has a lengthy history, and recent research demonstrates its relevance. This study compares the prevalence of psychotic symptoms in nonmelancholic and melancholic depression and assesses whether there is a dimensional pattern in the severity of symptoms among the subtypes. Patients with unipolar depression were assessed for melancholic status, psychotic symptoms, and severity of depression. The diagnosis of melancholia was made by both Diagnostic and Statistical Manual of Mental Disorders, Fourth Edition, Text Revision (DSM-IV-TR), criteria and CORE measure. The DSM criteria assigned a much higher percentage of patients as melancholics (67.4%) than did the CORE (24.9%). Prevalence of psychosis was distinctly higher in the melancholics. Symptoms severity was higher among the melancholics when compared with the nonmelancholics. The presence of psychotic symptoms was not associated with an increase in the intensity of depressive symptoms. Psychotic symptoms are more frequently associated with the melancholic subtype of depression. This suggests clinical contiguity between the melancholic and psychotic subtypes and the clinical relevance of identifying melancholia.",Remaining,0,0,doi_dummy,human
1095,562,2847,2847077,Neuropsychobiology,Diurnal and circannual variation in platelet 3H-imipramine binding: comparative data on normal and affectively ill subjects.,"Using a cross-sectional design, we examined the diurnal and circannual variation in platelet 3H-imipramine binding in 33 patients with bipolar affective disorder, 34 patients with unipolar affective disorder and 58 normal controls. There was no evidence for statistically significant diurnal or circannual variation in the binding parameters in any of the diagnostic categories.",Remaining,0,0,doi_dummy,human
1096,563,2397,2397086,Journal of neural transmission. General section,Plasma and CSF tryptophan in cancer anorexia.,"Eighteen untreated cancer patients and ten sex- and age-matched healthy volunteers were studied. In all patients eating behavior was investigated by means of a specific questionnaire from which the presence of anorexia and anorexia-related symptoms was assessed. To investigate the role of tryptophan in cancer anorexia, fasting plasma and CSF levels of tryptophan and other neutral amino acids were assayed in patients and controls. Cancer patients showed abnormally high plasma free tryptophan levels. In case of patients with cancer anorexia a significant rise of the ratio in plasma between free and tryptophan/large neutral amino acids, competing with tryptophan for its brain entry, was observed. This increase was correlated to a consistent rise of CSF tryptophan levels suggesting a specific role of the serotoninergic system in the pathogenesis of cancer anorexia.",Remaining,0,0,doi_dummy,human
1099,566,2980,2980517,Acta radiologica. Supplementum,Regional cerebral blood flow and metabolism in patients with chronic obstructive carotid disease.,"Regional cerebral blood flow (CBF), oxygen extraction fraction (OEF) and oxygen consumption (CMRO2) were studied by PET in 26 patients with chronic occlusion(s) or severe stenosis of the internal carotid or middle cerebral artery(ies) without a large (greater than 2 cm) infarction. Most of them showed a coupled decrease of CBF and CMRO2 in the internal carotid distribution. In 5 patients (19%), the CBF in the least perfused but structurally normal tissue was reduced to critically low values while maintaining CMRO2, considerably increasing OEF. Since detection of a lesion with hemodynamic insufficiency was important for the indication for an EC/IC bypass operation, only 19 per cent of the present series would have had an indication for surgery.",Remaining,0,0,doi_dummy,human
1100,567,3747,37474017,European journal of medical genetics,Long-term follow-up and novel variant in Suleiman-El-Hattab syndrome: Expanding the genotypic and clinical spectrum of a rare neurodevelopmental disorder.,"Suleiman-El-Hattab syndrome (SULEHS, OMIM #618950) is an autosomal recessive multisystem developmental disorder characterized by distinctive facial appearance, global developmental delay/intellectual disability, poor expressive speech and happy demeanor. SULEHS is an ultra-rare disorder associated with biallelic loss-of-function variants of the TASP1 gene, and up-to-date, seven patients from five families have been reported in the literature. Loss of TASP1 function has been reported to alter H3K4 histone modifications and expression of TFIIA and HOX transcription factors in the SULEHS phenotype. In this report, a new patient molecularly diagnosed with SULEHS by a novel homozygous c.404-2A > G variant in the TASP1 gene is presented with the long-term follow-up. Although the majority of the patient's clinical characteristics were similar to those of previously reported SULEHS patients, this study was the first to describe some additional anomalies, such as cystic hygroma, increased nuchal thickness, coarctation of the aorta, pulmonary stenosis, pulmonary sequestration anomaly, chronic constipation, encephalomalacia, and aggressive behavior. Because of the remarkable similarities between the clinical features of Baraitser-Winter syndrome (BRWS) and the patient, BRWS was considered the most likely diagnosis before the molecular diagnosis. Network analysis also supported that the interaction of the SULEHS-associated TASP1 gene with the BRWS-associated ACTB and ACTG1 genes through common intermediate molecules. Overall, despite the existence of differences in clinical features, inheritance patterns, and underlying pathophysiology between BRWS and SULEHS, both diseases could be considered in the differential diagnosis due to the high clinical similarities, including the dysmorphic features, growth parameters, neurodevelopmental phenotype, neurological problems, and multisystem involvement. Additionally, this report could contribute to a better understanding of the genotypic and clinical features of SULEHS by describing a novel pathogenic variant and new clinical features, such as prenatal manifestations.",Remaining,0,0,doi_dummy,human
1103,570,2424,24243441,Schizophrenia bulletin,"Aberrant coupling within and across the default mode, task-positive, and salience network in subjects at risk for psychosis.","The task-positive network (TPN) is anticorrelated with activity in the default mode network (DMN), and possibly reflects competition between the processing of external and internal information, while the salience network (SN) is pivotal in regulating TPN and DMN activity. Because abnormal functional connectivity in these networks has been related to schizophrenia, we tested whether alterations are also evident in subjects at risk for psychosis. Resting-state functional magnetic resonance imaging was tested in 28 subjects with basic symptoms reporting subjective cognitive-perceptive symptoms; 19 with attenuated or brief, limited psychotic symptoms; and 29 matched healthy controls. We characterized spatial differences in connectivity patterns, as well as internetwork connectivity. Right anterior insula (rAI) was selected as seed region for identifying the SN; medioprefrontal cortex (MPFC) for the DMN and TPN. The 3 groups differed in connectivity patterns between the MPFC and right dorsolateral prefrontal cortex (rDLPFC), and between the rAI and posterior cingulate cortex (PCC). In particular, the typically observed antagonistic relationship in MPFC-rDLPFC, rAI-PCC, and internetwork connectivity of DMN-TPN was absent in both at-risk groups. Notably, those connectivity patterns were associated with symptoms related to reality distortions, whereas enhanced connectivity strengths of MPFC-rDLPFC and TPN-DMN were related to poor performance in cognitive functions. We propose that the loss of a TPN-DMN anticorrelation, accompanied by an aberrant spatial extent in the DMN, TPN, and SN in the psychosis risk state, reflects the confusion of internally and externally focused states and disturbance of cognition, as seen in psychotic disorders.",Remaining,0,0,doi_dummy,human
1104,571,1920,19200949,Biological psychiatry,Decreased neurokinin-1 (substance P) receptor binding in patients with panic disorder: positron emission tomographic study with [18F]SPA-RQ.,"Positron emission tomography (PET) can localize and quantify neurokinin-1 (NK(1)) receptors in brain using the nonpeptide antagonist radioligand, [(18)F]SPA-RQ. We sought to determine if patients with panic disorder have altered density of NK(1) receptors in brain because of their history of recurrent panic attacks. We also sought to determine if a drug-induced panic attack releases substance P in brain, as measured by decreased binding of [(18)F]SPA-RQ.	Positron emission tomography scans with [(18)F]SPA-RQ were performed in 14 patients with panic disorder and 14 healthy subjects. Of these two groups, 7 patients and 10 healthy subjects were scanned twice, once at baseline and once after injection of doxapram, a drug that induces panic attacks.	NK(1) receptor binding in patients (n = 14) compared with that in healthy subjects (n = 14) was significantly decreased by 12% to 21% in all brain regions. Doxapram effectively produced panic attacks in 6 of 7 patients with panic disorder but only 2 of 10 healthy subjects. Doxapram caused no significant change of [(18)F]SPA-RQ binding in either patients or healthy subjects.	Although induction of a panic attack has no significant effect on [(18)F]SPA-RQ binding to NK(1) receptors, patients with panic disorder have widespread reduction of NK(1) receptor binding in brain.",Remaining,0,0,doi_dummy,human
1105,572,1857,18579121,Brain research,Mobility decline of unknown origin in mild cognitive impairment: an MRI-based clinical study of the pathogenesis.,"Mobility dysfunction of unknown origin predicts dementia in the elderly and is associated with periventricular leukoaraiosis (LA), another predictor of dementia of still controversial pathogenesis, in the elderly with mild cognitive impairment (MCI). Thus, this study examined which gait and balance parameters best correlate with periventricular LA to better understand the pathogenesis of mobility decline in MCI. High resolution MRI and detailed mobility assessment were performed in 61 subjects (72 years+/-5) with MCI. Cognitive assessment included Free and Cued Selective Reminding Test (FCSRT) and the Trail Making test part B (TMB). Mobility assessment included reports of falls in the previous 6-month period, the walking while talking test, the timed 'up and go test' (TUG), measurement of fast gait speed, the standing test and the one-leg standing test. There was an association between marked periventricular LA and slow postural changes, slow gait (TUG and gait speed), altered balance (standing test and one-leg standing test), altered walking while talking test. But after adjusting for age and ventriculomegaly on a logistic multiple regression model, performance on the TUG test was the only clinical predictor of periventricular LA (>10 s, P=0.002). Poorer TUG performances were more frequent with vascular than Alzheimer's disease-like profiles on the FCSRT and TMB tests (P=0.01). In conclusion, the clinical profile of patients demonstrating a main MR brain correlate of mobility dysfunction supports a main pathomechanism of subtle vascular extrapyramidal dysfunction in MCI.",Remaining,0,0,doi_dummy,human
1110,577,2500,2500373,Developmental medicine and child neurology,Effects of puberty on seizure frequency.,"Seizure frequency was documented before, during and in some cases after puberty for 12 patients with continuing generalised tonic-clonic seizures (GTCS) and for 14 with complex partial seizures (CPS) who were receiving anti-epileptic drugs. For the patients with GTCS there was a significant increase in seizure frequency during the pubertal growth-spurt, with a subsequent decrease after growth ceased. There appeared to be no relationship between puberty and the frequency of CPS. Both groups were more likely to have suboptimal plasma drug-levels during puberty, suggesting that medication was not the cause of the increased GTCS frequency. Further examination of hormonal levels in relation to frequency of GTCS during puberty could provide a better understanding of the influence of hormones.",Remaining,0,0,doi_dummy,human
1111,578,3413,3413450,Scandinavian journal of rehabilitation medicine,An evaluation of the hemiplegic subject based on the Bobath approach. Part III. A validation study.,"Sixty-two hemiplegic subjects were treated with the Bobath approach for a period of three months. During this time they were evaluated on three occasions. The testing battery consisted of a Bobath evaluation, the Brunnstrom scale, the Fugl-Meyer test, the Upper Extremity Functional Test (UEFT) and the Present Pain Intensity (PPI) of the McGill pain questionnaire. A Friedman analysis of variance showed that, except for pain, all the protocols used disclosed significant progress (p less than 0.001) over time in terms of motor recovery. Except for pain, the results of the Bobath evaluation were significantly correlated (Spearman's Rho, p less than 0.001) with the results of the other testing procedures. It is concluded that the new Bobath evaluation proposed in a previous paper is as sensitive in depicting progress in motor recovery over time as are the other testing procedures used. Furthermore, this new evaluation seems to be measuring similar properties to the other tests. However, pain (PPI) appears not to be an important dependent variable.",Remaining,0,0,doi_dummy,human
1125,592,1590,15907750,Epilepsy & behavior : E&B,Differentiating anxiety and depression symptoms in patients with partial epilepsy.,"Anxiety and depression are separate psychiatric conditions that are often interrelated. This study examines whether they exist independently in this population of patients with partial epilepsy and if they affect all quality-of-life domains. Adult epilepsy patients taking two or more antiepileptic drugs completed a health status survey including demographic items, the Hospital Anxiety and Depression Scale, and the Quality of Life in Epilepsy-10 (QOLIE-10). The questionnaire was completed by 201 epilepsy patients. Symptom prevalences of anxiety (52% none, 25% mild, 16% moderate, 7% severe) and depression (62% none, 20% mild, 14% moderate, 4% severe) were high. All health-related quality-of-life (HRQOL) domains worsened significantly with increasing levels of anxiety and depression: Total QOLIE-10 scores decreased from 72+/-18 in patients with no anxiety to 54+/-13 in those with mild, 48+/-18 in those with moderate, and 40+/-23 in those with severe anxiety (P<0.0001). Total QOLIE-10 scores decreased from 70+/-16 in patients with no depression to 50+/-16 in those with mild, 45+/-16 in those with moderate, and 24+/-21 in those with severe depression (P<0.0001). No significant difference in anxiety scores was observed controlling for seizure frequency or epilepsy duration. Regression analyses showed that anxiety and depression account for different proportions of variance as predictors of HRQOL (R2=0.337 (anxiety) and 0.511 (depression)). The data suggest that patients may benefit from increased attention to the role of anxiety separately from depression.",Remaining,0,0,doi_dummy,human
1126,593,1799,17996378,Neuroscience,Working memory load-related electroencephalographic parameters can differentiate progressive from stable mild cognitive impairment.,"Recent studies described several changes of endogenous event-related potentials (ERP) and brain rhythm synchronization during memory activation in patients with Alzheimer's disease (AD). To examine whether memory-related EEG parameters may predict cognitive decline in mild cognitive impairment (MCI), we assessed P200 and N200 latencies as well as beta event-related synchronization (ERS) in 16 elderly controls (EC), 29 MCI cases and 10 patients with AD during the successful performance of a pure attentional detection task as compared with a highly working memory demanding two-back task. At 1 year follow-up, 16 MCI patients showed progressive cognitive decline (PMCI) and 13 remained stable (SMCI). Both P200 and N200 latencies in the two-back task were longer in PMCI and AD cases compared with EC and SMCI cases. During the interval 1000 ms to 1700 ms after stimulus, beta ERS at parietal electrodes was of lower amplitude in PMCI and AD compared with EC and SMCI cases. Univariate models showed that P200, N200 and log% beta values were significantly related to the SMCI/PMCI distinction with areas under the receiver operating characteristic curve of 0.93, 0.78 and 0.72, respectively. The combination of all three EEG hallmarks was the stronger predictor of MCI deterioration with 90% of correctly classified MCI cases. Our data reveal that PMCI and clinically overt AD share the same pattern of working memory-related EEG activation characterized by increased P200-N200 latencies and decreased beta ERS. They also show that P200 latency during the two-back task may be a simple and promising EEG marker of rapid cognitive decline in MCI.",Remaining,0,0,doi_dummy,human
1130,597,1184,11844891,Dementia and geriatric cognitive disorders,Factorial validation of the Severe Impairment Battery for patients with Alzheimer's disease. A pilot study.,"The Severe Impairment Battery (SIB) estimates the cognitive aptitudes and other skills of severely impaired dementia patients. The main objective of this pilot study was to clearly identify the number of factors present in the SIB and to analyze the relationships between the different cognitive domains explored by the SIB and loss of autonomy. We administered the SIB, the Mini Mental State Examination (MMSE) and two scales of dependency to 48 patients with Alzheimer's disease in its late stages. A factorial analysis (Principal Components Analysis) showed a 4-factor solution for the SIB: a cognitive factor, a praxis and visuospatial functions factor, the reactivity to external stimuli factor and the social aptitudes factor. A factorial analysis involving the dependency scales showed a cognitive factor, a dependency and constructional praxis factor, the reactivity to external stimuli factor and the social aptitudes factor. Reactivity to external stimuli and social aptitudes were not significantly correlated to cognitive aspects nor to dependency. The finding of dependency as a factor different from cognitive deterioration suggests that, in setting a treatment strategy for demented patients, attempts should be made to treat dependency in its own right. In addition, since reactivity to external stimuli and social aptitudes are not related to cognitive aspects nor to dependency, these functions should also be encouraged and stimulated.",Remaining,0,0,doi_dummy,human
1136,603,7401,740190,Neuroradiology,[CT scan in Wilson's disease (author's transl)].,We studied nine cases of Wilson's disease on CT scan. In all patients we found cerebral atrophy. In five patients without neurological symptoms we found no specific signs. In the four patients with neurological symptoms we found lenticular caudate nucleus or thalamic areas of hypodensity.,Remaining,0,0,doi_dummy,human
1138,605,1579,15797878,"Alcohol and alcoholism (Oxford, Oxfordshire)",Interleukin-1 gene cluster polymorphisms and alcoholism in Spanish men.,"In an attempt to explain differences in susceptibility to alcoholism and alcohol liver disease (ALD), different genes have been analysed, among them those encoding inflammatory cytokines. Thus, it has been reported recently that both the interleukin 1 receptor antagonist (IL1RN) and the IL1beta (IL1B) genes may influence the risk of ALD in Japanese alcoholics. We analysed the distribution of single nucleotide polymorphisms (SNPs) located in the IL1A, IL1B, IL1R1 and IL1RN genes in alcoholic and non-alcoholic Spanish subjects.	DNA samples were obtained from 139 male alcoholics, 78 of whom were diagnosed as alcohol dependent (32 patients with liver cirrhosis and 46 without ALD) and 61 as alcohol abusers (25 with liver cirrhosis and 36 without ALD). As a control, we studied 81 age- and sex-matched healthy volunteers.	Alleles -511 IL1B*1 and IL1RN*1 were represented more in alcoholic patients than in the control group. We did not find any association of alcoholism or ALD with polymorphisms in the IL1A and IL1R1 genes.	We conclude that the proteins encoded by the IL1RN and IL1B genes may be involved in susceptibility to alcoholism in Spanish men, probably through a different pathway from that involved in the regulation of the inflammatory response.",Remaining,0,0,doi_dummy,human
1142,609,9834,9834565,Journal of the Indian Medical Association,Evaluation of stroke patients with reference to CT scan findings.,"Eighty patients suffering from stroke were studied on the setting of clinical and computerised tomography (CT) scan findings and were followed up to 6 months. Even though some of the clinical and CT scan findings are found to be important in prediction of outcome of stroke patients, clinical assessment appears to be more important.",Remaining,0,0,doi_dummy,human
1148,615,2132,21320253,Bipolar disorders,Pain and rejection sensitivity in bipolar depression.,"Little is known regarding the correlates of pain in bipolar disorder. Recent neuroimaging studies support the contention that depression, as well as pain distress and rejection distress, share the same neurobiological circuits. In a recently published study, we confirmed the hypothesis that perception of increased pain during treatment-refractory depression, predominantly unipolar, was related to increased rejection sensitivity. In the present study, we aimed to test this same hypothesis for bipolar depression.	The present study analysed data from 67 patients presenting to the Black Dog Institute Bipolar Disorders Clinic in Sydney, Australia. The patients all met DSM-IV criteria for bipolar disorder and had completed a self-report questionnaire regarding perceived pain and rejection sensitivity during depression.	A significant increase in the experience of headaches (p=0.003) as well as chest pain (p=0.004) during bipolar depression was predicted by a major increase in rejection sensitivity when depressed, i.e., state rejection sensitivity. Being rejection sensitive in general, i.e., trait rejection sensitivity, did not predict pain during depression.	The experience of increased headaches and chest pain during bipolar depression is related to increased rejection sensitivity during depression. Research to further elucidate this relationship is required.",Remaining,0,0,doi_dummy,human
1151,618,1082,10826351,Lakartidningen,"[Patients' attitudes to xenotransplantation: 'I'll do anything, I don't want to die!'].","Transplantation of neural tissue is an effective therapeutical approach in Parkinson's disease, but the method is constrained by the lack of suitable donor material. Embryonic neural tissue from pigs, xenografts, is considered as an alternative source of donor tissue. The attitudes towards neural tissue grafting in general and xenografts in particular were investigated by interviewing a group of patients with Parkinson's disease. The analysis revealed an ambivalence regarding xenografts. A pragmatic view, with priority placed on survival over ethical and other reservations, became apparent.",Remaining,0,0,doi_dummy,human
1153,620,3557,35578869,"Endocrine, metabolic & immune disorders drug targets",A New Device for Remote Monitoring of Vital Parameters in Acromegalic Patients: Pilot Study.,"Acromegaly is a rare disease that results from growth hormone (GH) excess. Diabetes mellitus, hypertension,cardiomyopathy, and obstructive sleep apnoea syndrome(OSAS) are frequent complications.	Identify a useful system to obtain a reliable remote monitoring of glucose and the most important vital parameters in the acromegalic subjects.	Sixteen acromegalic patients (from 30 to 73 years old) were enrolled. We provided health monitor devices to the patients for continuous acquisition of physiological signals including twelve-lead electrocardiography (EKG) and nocturnal SpO2. At the same time, we applied on the same patients the blinded continuous glucose monitoring system(CGMS).	The lowest saturation peaks at night (<80%) were achieved in patients with a known diagnosis of OSAS. A positive correlation was demonstrated between the lowest oxygen saturation values and the CGM peaks (pV <0,0001) and between the average values of oxygen saturation and CGM (pV<0,0003). Patients with a previous diagnosis of OSAS, obtained by polysomnography, showed on the multiparametric monitor recordings superimposable to their known condition. Instead we noticed a discordance in the two EKG recording: the wireless mode showed an irregular rhythm in 5/16 patients, which was not confirmed by the recording mode with cables.	The health monitor device associated with CGM may be a new useful and versatile tool for fragile patients who can self-manage remote monitoring, and for physicians who can obtain real-time information for the clinical and therapeutic management of patients. It is also a useful tool for the follow-up of patients with OSAS. Moreover, once the interference of the OSAS is excluded, the CGM allows us to obtain a more reliable and accurate diagnosis of DM.",Remaining,0,0,doi_dummy,human
1159,626,2772,27726249,Human brain mapping,In-vivo measurements of human brain tissue conductivity using focal electrical current injection through intracerebral multicontact electrodes.,"In-vivo measurements of human brain tissue conductivity at body temperature were conducted using focal electrical currents injected through intracerebral multicontact electrodes. A total of 1,421 measurements in 15 epileptic patients (age: 28 ± 10) using a radiofrequency generator (50 kHz current injection) were analyzed. Each contact pair was classified as being from healthy (gray matter, n = 696; white matter, n = 530) or pathological (epileptogenic zone, n = 195) tissue using neuroimaging analysis of the local tissue environment and intracerebral EEG recordings. Brain tissue conductivities were obtained using numerical simulations based on conductivity estimates that accounted for the current flow in the local brain volume around the contact pairs (a cube with a side length of 13 mm). Conductivity values were 0.26 S/m for gray matter and 0.17 S/m for white matter. Healthy gray and white matter had statistically different median impedances (P < 0.0001). White matter conductivity was found to be homogeneous as normality tests did not find evidence of multiple subgroups. Gray matter had lower conductivity in healthy tissue than in the epileptogenic zone (0.26 vs. 0.29 S/m; P = 0.012), even when the epileptogenic zone was not visible in the magnetic resonance image (MRI) (P = 0.005). The present in-vivo conductivity values could serve to create more accurate volume conduction models and could help to refine the identification of relevant intracerebral contacts, especially when located within the epileptogenic zone of an MRI-invisible lesion. Hum Brain Mapp 38:974-986, 2017. © 2016 Wiley Periodicals, Inc.",Remaining,0,0,doi_dummy,human
1164,631,3592,35922871,Alzheimer's research & therapy,Inflammatory plasma biomarkers in subjects with preclinical Alzheimer's disease.,"This study investigated plasma biomarkers for neuroinflammation associated with Alzheimer's disease (AD) in subjects with preclinical AD compared to healthy elderly. How these biomarkers behave in patients with AD, compared to healthy elderly is well known, but determining these in subjects with preclinical AD is not and will add information related to the onset of AD. When found to be different in preclinical AD, these inflammatory biomarkers may be used to select preclinical AD subjects who are most likely to develop AD, to participate in clinical trials with new disease-modifying drugs.	Healthy elderly (n= 50; age 71.9; MMSE >24) and subjects with preclinical AD (n=50; age 73.4; MMSE >24) defined by CSF Aβ1-42 levels < 1000 pg/mL were included. Four neuroinflammatory biomarkers were determined in plasma, GFAP, YKL-40, MCP-1, and eotaxin-1. Differences in biomarker outcomes were compared using ANCOVA. Subject characteristics age, gender, and APOE ε4 status were reported per group and were covariates in the ANCOVA. Least square means were calculated for all 4 inflammatory biomarkers using both the Aβ+/Aβ- cutoff and Ptau/Aβ1-42 ratio.	The mean (standard deviation, SD) age of the subjects (n=100) was 72.6 (4.6) years old with 62 male and 38 female subjects. Mean (SD) overall MMSE score was 28.7 (0.49) and 32 subjects were APOE ε4 carriers. The number of subjects in the different APOE ε4 status categories differed significantly between the Aβ+ and Aβ- groups. Plasma GFAP concentration was significantly higher in the Aβ+ group compared to the Aβ- group with significant covariates age and sex, variables that also correlated significantly with GFAP.	GFAP was significantly higher in subjects with preclinical AD compared to healthy elderly which agrees with previous studies. When defining preclinical AD based on the Ptau181/Aβ1-42 ratio, YKL-40 was also significantly different between groups. This could indicate that GFAP and YKL-40 are more sensitive markers of the inflammatory process in response to the Aβ misfolding and aggregation that is ongoing as indicated by the lowered Aβ1-42 levels in the CSF. Characterizing subjects with preclinical AD using neuroinflammatory biomarkers is important for subject selection in new disease-modifying clinical trials.	ISRCTN.org identifier: ISRCTN79036545 (retrospectively registered).",Remaining,0,0,doi_dummy,human
1166,633,3562,3562743,Psychoneuroendocrinology,Psychopathological correlates of plasma cortisol after dexamethasone suppression: a polydiagnostic approach.,"Seventy-seven consecutively admitted inpatients with depressive syndromes were examined with the Present State Examination and classified according to eight different operational diagnoses of endogenous depression. All patients received a 1.5 mg dexamethasone suppression test (DST). Sensitivity, specificity and the corrected predictive values of DST nonsuppression (50 or more ng/ml at 0800 hr, 1600 hr, or 2300 hr), adjusted to a 50% prevalence of endogenous and nonendogenous depression, varied considerably depending on the diagnostic definition used. The highest predictive value (89.9%) was found with the Taylor-Abrams criteria (sensitivity = 43.9%, specificity = 95.0%), and the lowest predictive value (53.3%) with DSM-III (sensitivity = 37.7%, specificity = 68.1%). Eliminating the patients with dexamethasone levels of less than 2000 pg/ml improved the diagnostic specificity of the DST for most of the eight definitions of endogenous depression. This further indicates that plasma dexamethasone levels should be analyzed in studies designed to explore the diagnostic utility of the DST. A significant, chance-corrected association between DST nonsuppression and the diagnosis of endogenous depression was found with clinical diagnosis (according to the International Classification of Diseases), and for four out of eight operational diagnoses (Newcastle Scale I, Newcastle Scale II, Taylor-Abrams Criteria, and Vienna Research Criteria). For the other diagnoses (Research Diagnostic Criteria, DSM-III, Michigan Discriminant Index, and Hamilton Endogenomorphy Index), no significant association was found. The RDC criterion 'early or intermittent awakening' was the only one out of 28 diagnostic criteria tested which was significantly associated with DST nonsuppression.",Remaining,0,0,doi_dummy,human
1168,635,3164,31648430,Turkish journal of medical sciences,Relationship between headache and Internet addiction in children.,"We aimed to investigate Internet addiction in pediatric patients with migraine- and tension-type headache in this study.	Among our 200 subjects, 103 had migraine-type headache and 97 had tension-type headache.	Headache triggered by computer use was more common in the migraine-type headache group. There was no difference between the Internet addiction scale score of the two groups. The Internet addiction scale scores of the patients were found to differ depending on the aim and duration of computer use. Internet addiction was found in six (6%) patients. Internet addiction prevalence was 3.7% and 8.5% in the two groups, respectively.	The prevalence of Internet addiction in children with recurrent headache was lower than that found in their peers in Turkey, possibly due to avoidance of computer use as a headache trigger. This finding raises the question of whether migraine- or tension-type headaches actually prevent Internet addiction.",Remaining,0,0,doi_dummy,human
1171,638,2863,28637414,Current neurovascular research,Hyperfibrinogenemia is Significantly Associated with an Increased Risk of In-hospital Mortality in Acute Ischemic Stroke Patients.,"The impact of hyperfibrinogenemia on short-term outcomes after acute ischemic stroke (AIS) is still not well understood.	We investigated the association between hyperfibrinogenemia upon hospital admission and the short-term prognosis of AIS patients.	A total of 3,212 AIS patients enrolled from December 2013 to May 2014 across 22 hospitals in Suzhou city were included in the present study. Hyperfibrinogenemia was defined as having a serum fibrinogen＞4.0g/L. Cox proportional hazard and logistic regression models were used to estimate the effect of hyperfibrinogenemia on all-cause in-hospital mortality and poor discharge outcome (modified Rankin Scale score≥3) in AIS patients.	During hospitalization, 106 patients (3.3%) died from all-cause and 1226 (38.2%) patients experienced poor functional outcome at discharge. Multivariable model adjusted for age, sex, baseline National Institutes of Health Stroke Scale score, white blood cell count and other covariates, showed that hyperfibrinogenemia was associated with a 1.76-fold increase in the risk of in-hospital mortality (hazard ratio [HR] 1.76; 95% confidence interval [CI], 1.10-2.81; P-value=0.019). However, there was no significant association between hyperfibrinogenemia and poor outcome at discharge (adjusted odds ratios[OR]1.15; 95% CI 0.86-1.53; P-value=0.338). Sensitivity and subgroup analyses also confirmed a significant association between hyperfibrinogenemia and in-hospital mortality.	In patients with AIS, hyperfibrinogenemia at the time of admission was independently associated with increased in-hospital mortality.",Remaining,0,0,doi_dummy,human
1173,640,1695,16955437,International journal of geriatric psychiatry,Abnormal neurotransmitter metabolite levels in Alzheimer patients with a delirium.,"Delirium is a complex neuropsychiatric syndrome with an acute onset and fluctuating course. Several studies have suggested the presence of disturbed cholinergic, dopaminergic and serotonergic pathways in delirium as well as in Alzheimer's disease. Abnormal concentrations of amino acids and of neurotransmitter metabolites have been found in plasma, platelets and cerebrospinal fluid of AD patients, and in plasma and CSF of patients with a delirium. The aim of this study was to investigate amino acid and neurotransmitter metabolite levels in plasma of AD patients with a concurrent delirium.	In a case-control study of patients suffering from Alzheimer's disease (AD) with concurrent delirium, we investigated the contribution of delirium to some biochemical parameters in blood. We compared plasma amino acid and neurotransmitter metabolite levels of 17 delirious AD patients with those of 17 age- and gender-matched non-delirious AD patients and 29 age- and gender-matched controls.	Homovanillic acid (HVA) and 5-hydroxyindoleacetic acid (5-HIAA) levels were higher in delirious AD patients than in controls, but only HVA concentrations were higher in delirious AD patients than in non-delirious AD patients.	Our findings suggest that central dopaminergic and serotonergic turnover are increased in AD patients with delirium and that the high dopaminergic turnover might reflect the consequences of delirium.",Remaining,0,0,doi_dummy,human
1176,643,2267,22677621,Dementia and geriatric cognitive disorders,Prevalence and correlates of cognitive impairment in adults with subjective memory complaints in primary care centres.,"To examine the prevalence and correlates of cognitive impairment (CI) in adults over 50 years old attending primary care centres with complaints of memory failure.	A sample of 580 individuals aged 50+ years with no previous diagnosis of dementia was assessed by use of the Mini Mental State Examination, the Cambridge Cognitive Assessment-Revised and the California Verbal Learning Test - to evaluate CI-dependent variables - and administration of a questionnaire on memory complaints and other instruments - to measure correlates.	The prevalence of CI was 46.20% and positive associations were found for age, gender, level of education, subjective memory complaints, instrumental activities of daily living, reading habits and frequency of leisure activities. In the logistic regression, modelled CI was associated with older age, gender (49.12% women, 39.66% men), instrumental activities of daily living, and reading habits.	Almost half of the adults aged 50+ years attending primary care centres with subjective memory complaints were affected by CI. Early evaluation of cognitive functioning is essential to establish adequate preventive and intervention strategies.",Remaining,0,0,doi_dummy,human
1180,647,3532,35320762,Thrombosis research,Knowledge about atrial fibrillation and anticoagulation affects the risk of clinical outcomes.,"Knowledge about atrial fibrillation (AF) and oral anticoagulation (OAC) is insufficient among AF patients.	We examined the association between this knowledge and event rate.	We studied 174 anticoagulated patients with AF aged 69±10.7 years (median CHA2DS2 -VASc 4). Knowledge was assessed at baseline using the Jessa AF Knowledge Questionnaire (JAKQ). The primary endpoint was a composite of ischemic cerebrovascular events, major or non-major clinically relevant bleeding, and death, recorded during a median follow-up of 42 months.	The primary endpoint occurred in 48 (27.5%) patients (10.5 per 100 patient-years) including 12 ischemic cerebrovascular events (2.2 per 100 patient-years) and 29 bleeding episodes (5.8 per 100 patient- years). Lower baseline JAKQ scores were associated with the primary outcome (p=0.007), solely when patients who bled during follow-up were compared with the remainder (p=0.007). Patients who were aware of the importance of a regular anticoagulant intake despite the absence of AF symptoms, had, however, a lower risk of cerebrovascular events (p<0.0001). The subjects who experienced bleeding or the primary endpoint were less likely to understand the essence of AF (p=0.03), to know safe painkillers used in combination with OAC (p<0.001), and what to do when the anticoagulant was forgotten (p=0.02). Worse knowledge about AF and OAC, longer OAC therapy, and higher CHA2DS2 -VASc score were independent predictors for the primary endpoint.	Our study shows a prognostic value of low knowledge about AF and OAC supporting the need for improved education of AF patients.",Remaining,0,0,doi_dummy,human
1181,648,2554,25548266,"Philosophical transactions. Series A, Mathematical, physical, and engineering sciences",High-resolution joint symbolic analysis to enhance classification of the cardiorespiratory system in patients with schizophrenia and their relatives.,"Schizophrenia as a mental illness is one of the most serious in the world. Patients with schizophrenia have an increased cardiac mortality rate, but the reasons for this remain unclear. In addition to other factors, the role of impaired autonomic regulation during acute psychosis has become more evident in different studies applying heart rate (HR) variability analyses. But, until now, respiration and cardiorespiratory regulation, which are important for homeostatic control, have not been considered. In this study, short-term cardiorespiratory couplings (CRCs) of 23 unmedicated patients with paranoid schizophrenia (SZO), 20 of their healthy first-degree relatives (REL) and 20 healthy subjects (CON) matched according to age and sex of SZO and REL were investigated by applying high-resolution joint symbolic dynamics (HRJSD) analysis. We found a significantly (p<0.0061) altered HR pattern, respiratory pattern and CRCs in SZO and only marginal alterations for the REL group in comparison with the CON group when we applied HRJSD. These results might be an indication of decreased vagal activity within the brainstem, an altered or suppressed interaction of the brainstem and higher regulatory centres, or panic- and anxiety-related changes in the brainstem associated with the acute psychosis of these patients.",Remaining,0,0,doi_dummy,human
1186,653,3207,32072183,Schizophrenia bulletin,Reduced Auditory Mismatch Negativity Reflects Impaired Deviance Detection in Schizophrenia.,"The auditory mismatch negativity (MMN) is a translatable electroencephalographic biomarker automatically evoked in response to unattended sounds that is robustly associated with cognitive and psychosocial disability in patients with schizophrenia. Although recent animal studies have tried to clarify the neural substrates of the MMN, the nature of schizophrenia-related deficits is unknown. In this study, we applied a novel paradigm developed from translational animal model studies to carefully deconstruct the constituent neurophysiological processes underlying MMN generation. Patients with schizophrenia (N = 25) and healthy comparison subjects (HCS; N = 27) underwent MMN testing using both a conventional auditory oddball paradigm and a 'many-standards paradigm' that was specifically developed to deconstruct the subcomponent adaptation and deviance detection processes that are presumed to underlie the MMN. Using a conventional oddball paradigm, patients with schizophrenia exhibited large effect size deficits of both duration and frequency MMN, consistent with many previous studies. Furthermore, patients with schizophrenia showed selective impairments in deviance detection but no impairment in adaptation to repeated tones. These findings support the use of the many-standards paradigm for deconstructing the constituent processes underlying the MMN, with implications for the use of these translational measures to accelerate the development of new treatments that target perceptual and cognitive impairments in schizophrenia and related disorders.",Remaining,0,0,doi_dummy,human
1188,655,1510,1510872,Brain topography,Quantitative EEG in elderly depressives.,"Thirty-one elderly depressive patients were evaluated with topographic, quantitative EEG using relative measures, absolute measures, and computations of interhemispheric asymmetry and interhemispheric coherence in four frequency bands: delta, theta, alpha and beta. Patients were found to have lower than normal delta, higher than normal theta, higher than normal alpha and lower than normal beta values. EEG values were greater over the left than the right hemisphere in theta, alpha and beta bands. Lower than normal anterior interhemispheric coherence was found in all four frequency bands.",Remaining,0,0,doi_dummy,human
1189,656,2937,2937241,"Zhurnal nevropatologii i psikhiatrii imeni S.S. Korsakova (Moscow, Russia : 1952)",[Arthus reaction and delayed hypersensitivity reaction to nerve-specific proteins S-100 and 10-40-4 in schizophrenic patients].,"Using cutaneous allergic tests, the authors studied the body sensitization of schizophrenic patients to neurospecific proteins S-100 and 10-40-4. The group under study included 27 subjects: 15 schizophrenics and 12 healthy subjects. There were statistically significant differences in manifestations of Arthus' reaction and delayed type hypersensitivity reaction to these proteins in the patients versus the normal subjects. The data obtained indicate the participation of proteins S-100 and 10-40-4 in the development of the immunopathological component in mental diseases.",Remaining,0,0,doi_dummy,human
1190,657,8969,8969775,Stroke,Ultrasound densitometric analysis of carotid plaque composition. Pathoanatomic correlation.,"The components of a carotid artery plaque might affect the risk of ipsilateral stroke. The accuracy of carotid duplex scan in assessing stroke risk reflects the experience of the scan reader. Thus, methods that can enhance ultrasonic evaluation of plaque morphology might allow a more objective means of determining carotid-mediated stroke risk.	We performed densitometric analysis of B-mode images of carotid plaques in nine patients scheduled for carotid endarterectomy. All patients had preoperative duplex color imaging and cerebral arteriography. The surgical specimen was analyzed histologically to determine the plaque components (soft plaque/organized thrombus, intraplaque hemorrhage/lipid deposition, fibrosis, and calcification). The specimen findings were correlated with the densitometric measurements to determine whether the density analysis would allow a reliable determination of the plaque substratum.	With 1.0 as a reference point for the moving column of blood, the mean acoustic densities (+/-SD) were as follows: organized thrombus, 1.8 +/- 0.5; intraplaque hemorrhage/lipid deposition, 5.15 +/- 0.9; fibrosis, 9.51 +/- 2.9; and calcification, 15.5 +/- 8.6.	We conclude that densitometric evaluation allows differentiation of the various possible components of carotid plaque. The determination of plaque composition, based on density measurement, may provide information about its potential for thromboembolization.",Remaining,0,0,doi_dummy,human
1195,662,1796,17967187,BMC cardiovascular disorders,Aminotransferases are associated with insulin resistance and atherosclerosis in rheumatoid arthritis.,"Serum aminotransferase concentrations are reportedly strongly associated with insulin resistance, an established cardiovascular risk factor that is not routinely assessed in clinical practice. We therefore explored the possibility that serum aminotransferase concentrations are as closely related to large artery disease as insulin resistance in rheumatoid arthritis (RA).	Carotid artery plaque (ultrasonography), insulin resistance and liver enzymes (prior to methotrexate (MTX) were determined in 77 consecutive patients with RA (43 with and 34 without MTX).	Serum alanine aminotransferase (ALT) and aspartate aminotransferase (AST) were associated with insulin resistance in univariate analysis (R = 0.54, p < 0.0001 and R = 0.36, p = 0.001, respectively) and after adjustment for age, gender and waist circumference (partial R = 0.43, p = 0.0001 and partial R = 0.37, p = 0.001, respectively). ALT and AST concentrations were higher in patients with plaque as compared to in those without plaque (ALT (u/l): 27 2223242526272829303132 versus 20 181920212223, p = 0.02; AST (u/l): 25 2122232425262728 versus 20 19202122, p = 0.02). The odds ratios [95% CI] for plaque were 1.92 [1.14-3.24] (p = 0.01), 1.93 [1.17-3.16] (p = 0.009) and 1.82 [1.13-2.93] (p = 0.01) for 1 SD increase in ALT (~10 u/l) and AST (approximately 6 u/l) concentrations and in logarithmically transformed homeostasis model assessment of insulin resistance (HOMA-IR) (~0.2 uU.mmol/ml.l), respectively. After adjustment for the potentially confounding characteristics of age, sex, hypertension and hypothyroidism in logistic regression models, ALT (p = 0.049) and AST concentrations (p = 0.027) remained associated with plaque whereas the HOMA-IR did not (p = 0.08). AST concentrations (p = 0.049) were associated with plaque independent of insulin resistance whereas the HOMA-IR (p = 0.1) was not associated with plaque independent of AST concentrations.	Within currently recommended reference ranges, serum aminotransferase concentrations may be strongly associated with insulin resistance and atherosclerosis in patients with RA. The measurement of aminotransferase concentrations could be a useful tool in cardiovascular risk stratification in patients with RA.",Remaining,0,0,doi_dummy,human
1197,664,3715,37154884,Brain topography,Cortical and Subcortical Changes in MEG Activity Reflect Parkinson's Progression over a Period of 7 Years.,"In this study of early functional changes in Parkinson's disease (PD), we aimed to provide a comprehensive assessment of the development of changes in both cortical and subcortical neurophysiological brain activity, including their association with clinical measures of disease severity. Repeated resting-state MEG recordings and clinical assessments were obtained in the context of a unique longitudinal cohort study over a seven-year period using a multiple longitudinal design. We used linear mixed-models to analyze the relationship between neurophysiological (spectral power and functional connectivity) and clinical data. At baseline, early-stage (drug-naïve) PD patients demonstrated spectral slowing compared to healthy controls in both subcortical and cortical brain regions, most outspoken in the latter. Over time, spectral slowing progressed in strong association with clinical measures of disease progression (cognitive and motor). Global functional connectivity was not different between groups at baseline and hardly changed over time. Therefore, investigation of associations with clinical measures of disease progression were not deemed useful. An analysis of individual connections demonstrated differences between groups at baseline (higher frontal theta, lower parieto-occipital alpha2 band functional connectivity) and over time in PD patients (increase in frontal delta and theta band functional connectivity). Our results suggest that spectral measures are promising candidates in the search for non-invasive markers of both early-stage PD and of the ongoing disease process.",Remaining,0,0,doi_dummy,human
1200,667,2263,22638859,Journal of molecular neuroscience : MN,Detection of autoantibodies and increased concentrations of interleukins in plasma from patients with Tourette's syndrome.,"The aim of this study was to assess levels of autoantibodies and cytokines in patients with Tourette's syndrome (TS, n = 40) and healthy control individuals (n = 40). Plasma interleukin (IL)-1β, IL-6, IL-17, and soluble gp130 concentrations were significantly higher in the TS group compared with the control group (P < 0.001); whereas the soluble IL-6 receptor concentration was significantly decreased in the TS group compared with the control group (P < 0.001). Significantly more patients in the TS group were positive for antibrain and antinuclear antibodies, and antistreptolysin compared with the control group (P < 0.05). These findings suggest that immune activity is altered in patients with TS.",Remaining,0,0,doi_dummy,human
1203,670,9292,9292187,Brain and cognition,The decoding of emotional concepts in patients with focal cerebral lesions.,"The effects of focal brain lesions on the decoding of emotional concepts in facial expressions were investigated. Facial emotions are hierarchically organized patterns comprising (1) structural surface features, (2) discrete (primary) emotional categories and (3) secondary dimensions, such as valence and arousal. Categorical decoding was measured using (1) selection of category labels and selection of the named emotion category; (2) matching one facial expression with two choice expressions. Dimensional decoding was assessed by matching one face with two different expressions with regard to valence or arousal. 70 patients with well documented cerebral lesions and 15 matched hospital controls participated in the study. 27 had left brain damage (LBD; 10 frontal, 10 temporal, 7 parietal); 37 had right brain damage (RBD; 15 frontal, 11 temporal, 11 parietal). Six additional patients had lesions involving both frontal lobes. Right temporal and parietal lesioned patients were markedly impaired in the decoding of primary emotions. The same patients also showed a reduced arousal decoding. In contrast to several patients with frontal and left hemisphere lesions, emotional conceptualization and face discrimination was not independent in these groups. No group differences were observed in valence decoding. However, right frontal lesions appeared to interfere with the discrimination of negative valence. Moreover, a distraction by structural features was noted in RBD when facial identities were varied across stimulus and response pictures in matching tasks with differing conceptual load. Our results suggest that focal brain lesions differentially affect the comprehension of emotional meaning in faces depending on the level of conceptual load and interference of structural surface features.",Remaining,0,0,doi_dummy,human
1207,674,2282,22820582,Nan fang yi ke da xue xue bao = Journal of Southern Medical University,[Evaluation of carotid artery plaque stability with [18]F-FDG PET/CT and contrast-enhanced ultrasonography].,"To assess the value of contrast-enhanced ultrasonography (CEUS) and fluorodeoxyglucose positron emission tomography-computed tomography ([18]F-FDG PET/CT) in evaluating the stability of carotid atherosclerosis.	Seventeen patients with 21 carotid artery plaques received examinations with CEUS. According to the nature of the plaques, the patients were divided into soft and mixed plaque group and hard and calcified plaque group. The maximal enhancement intensity of the plaques (I(MAX)) and maximal plaque density (D(MAX)) were measured to quantify the neovasculature. The patients also underwent concurrent ¹⁸F-FDG PET/CT, and ¹⁸F-FDG uptake was quantified by the mean standard uptake values (SUV(mean)), an index reflecting the inflammatory activity in the plaque. The findings in CEUS and PET/CT were comparatively analyzed for these cases.	The D(MAX) of the plaque in soft and mixed plaque group was significantly greater than that in hard and calcified plaque group (4.26±3.65 vs 1.41±1.47, P<0.05); the I(MAX) was also greater in the former group, but this difference was not statistically significant (26.83±19.61 vs 24.73±29.85, P=0.869). The soft and mixed plaques tended to have higher SUVmean than the hard and calcified plaques (1.70±0.45 vs 1.47±0.12, P=0.099). The values of I(MAX) and D(MAX) were not found to correlate to SUV(mean) in these patients.	CEUS can sensitively show the status of neovascularization within the carotid atherosclerosis plaques, and PET/CT reflects the inflammatory activity in the plaques. The combination of these two imaging modalities allows the evaluation of plaque stability in terms of neoangiogenesis and inflammatory activity.",Remaining,0,0,doi_dummy,human
1208,675,3748,3748456,Neuroscience letters,A comparison of platelet monoamine oxidase activity and phosphatidylserine content between chronic paranoid schizophrenics and normal controls.,"Mitochondrial monoamine oxidase (MAO), type B, has been implicated in the etiology of schizophrenia. We have found the phospholipid, phosphatidylserine (PS) to be a highly specific inhibitor of MAO-B, which has led us to postulate that the PS-MAO interaction might offer a basis for the lower MAO levels observed in platelets from certain schizophrenic populations. In this study we compared platelet MAO activity with phospholipid composition in a group of normals and chronic paranoid schizophrenics. The phospholipids in platelets and erythrocytes were extracted and separated by high-performance liquid chromatography into major classes phosphatidylcholine (PC), phosphatidylethanolamine, lysophosphatidylethanolamine, phosphatidylinositol and PS. The paranoid subjects showed statistically significantly lower MAO activity as well as higher mean levels of PS and lower levels of PC in both platelets and erythrocytes, consistent with our hypothesis. The Ca2+-stimulated synthesis of serine-lipid in platelets was also monitored by incorporation of radioisotope into lipid extracts from 14C-labelled serine substrate, and no significant differences were found between subjects groups with respect to this parameter.",Remaining,0,0,doi_dummy,human
1211,678,1973,1973218,"Lancet (London, England)",Apomorphine test to predict dopaminergic responsiveness in parkinsonian syndromes.,"To evaluate apomorphine as an indicator of dopaminergic responsiveness, responses to subcutaneous apomorphine, to a single levodopa challenge, and to prolonged levodopa therapy were studied in 100 patients with parkinsonian syndromes (65 with idiopathic Parkinson's disease, 35 with other parkinsonian syndromes). Excellent agreement was found between the initial challenges of apomorphine and levodopa. Apomorphine also accurately predicted the response to long-term levodopa in 90% of the patients. There were 8 false-negative results; 7 were in patients with mild deficits. The apomorphine test is a quick, safe, reliable indicator of dopaminergic responsiveness in parkinsonian syndromes. The test is especially helpful to reassess patients who seem to have become less responsive to levodopa and it also has some predictive value in the assessment of an untreated patient's likely response to dopaminergic therapy.",Remaining,0,0,doi_dummy,human
1212,679,2242,22428580,Journal of neurochemistry,Parkinson's disease-associated DJ-1 mutations impair mitochondrial dynamics and cause mitochondrial dysfunction.,"Mitochondrial dysfunction represents a critical event during the pathogenesis of Parkinson's disease (PD) and expanding evidences demonstrate that an altered balance in mitochondrial fission/fusion is likely an important mechanism leading to mitochondrial and neuronal dysfunction/degeneration. In this study, we investigated whether DJ-1 is involved in the regulation of mitochondrial dynamics and function in neuronal cells. Confocal and electron microscopic analysis demonstrated that M17 human neuroblastoma cells over-expressing wild-type DJ-1 (WT DJ-1 cells) displayed elongated mitochondria while M17 cells over-expressing PD-associated DJ-1 mutants (R98Q, D149A and L166P) (mutant DJ-1 cells) showed significant increase of fragmented mitochondria. Similar mitochondrial fragmentation was also noted in primary hippocampal neurons over-expressing PD-associated mutant forms of DJ-1. Functional analysis revealed that over-expression of PD-associated DJ-1 mutants resulted in mitochondria dysfunction and increased neuronal vulnerability to oxidative stress (H(2) O(2)) or neurotoxin. Further immunoblot studies demonstrated that levels of dynamin-like protein (DLP1), also known as Drp1, a regulator of mitochondrial fission, was significantly decreased in WT DJ-1 cells but increased in mutant DJ-1 cells. Importantly, DLP1 knockdown in these mutant DJ-1 cells rescued the abnormal mitochondria morphology and all associated mitochondria/neuronal dysfunction. Taken together, these studies suggest that DJ-1 is involved in the regulation of mitochondrial dynamics through modulation of DLP1 expression and PD-associated DJ-1 mutations may cause PD by impairing mitochondrial dynamics and function.",Remaining,0,0,doi_dummy,human
1213,680,9380,9380064,Movement disorders : official journal of the Movement Disorder Society,Proton magnetic resonance spectroscopy in Steele-Richardson-Olszewski syndrome.,"Proton magnetic resonance spectroscopy, localized to the lentiform nucleus, was carried out in nine patients with a clinical diagnosis of Steele-Richardson-Olszewski syndrome (SRO) and in eight healthy age-matched controls. Three of the nine SRO patients had a so-called 'eye of the tiger sign' with high signal in the globus pallidus surrounded by a ring of low signal on T2 weighted magnetic resonance imaging previously only reported in Hallervorden-Spatz disease. One of these patients had pathologically proven SRO at postmortem. The SRO group showed a significant reduction in the median concentration from N-acetyl groups (median, 6.87 mM; range, 4.92-10.59 mM; p < 0.015) compared with the control group (median, 9.85 mM; range, 9.26-11.0 mM). The N-acetylaspartate concentration was significantly reduced in seven of the nine patients studied. The reduction of the N-acetylaspartate-creatine ratio from the lentiform nucleus in the SRO group may reflect neuronal loss, occurring predominantly in the globus pallidus. Proton magnetic resonance spectroscopy may be a useful, noninvasive technique to help differentiate the various parkinsonian syndromes.",Remaining,0,0,doi_dummy,human
1214,681,2118,21185742,Journal of stroke and cerebrovascular diseases : the official journal of National Stroke Association,Variations of blood pressure in stroke unit patients may result from alternating body positions.,"Blood pressure (BP) is one of the major vital parameters monitored in the stroke unit. The accuracy of indirect BP measurement is strongly influenced by the position of both patient and arm during the measurement. Acute stroke patients are often nursed in lateral decubitus positions. The effect of these alternating body positions in relation to affected body side on the outcome and reliability of BP readings in acute stroke patients is unknown.	An automatic oscillometric BP device was used. BP was measured in both arms in the (back) supine and both lateral decubitus positions.	In total, 54 consecutive acute stroke patients were included. Thirty-five patients had right-sided deficits and 19 patients had left-sided deficits. Supine BP readings were similar in the right and left arms regardless of side of deficit. Measurements of BP in the lateral decubitus positions resulted in significantly lower BP readings in the uppermost arm (around 12 mm Hg in both arms) and significantly higher readings in the right lowermost arm (around 6 mm Hg) compared to the supine position. This effect seemed less pronounced when the left lowermost arm was measured. There was no relation between change of BP readings in various lateral positions and side of stroke.	Alternating lateral decubitus positions according to nursing standards in acute stroke patients lead to a mean 18 mm Hg BP fluctuation. This may largely be explained by hydrostatic pressure effects, partly by anatomic factors in the left lowermost arm, but not by the side of stroke.",Remaining,0,0,doi_dummy,human
1215,682,7248,724830,"Psychiatrie, Neurologie, und medizinische Psychologie",[Personality structure and the psychopathologic picture of drug dependent youth].,"Following the examination of 50 young persons addicted to narcotics, an analysis was made of high- and low-anxiety-level groups. It was found that the anxiety data in Cattell's personality questionnaire allows the psychopathological pictures of both groups to be differentiated quite clearly. The high-anxiety-level group is characterized by a larger number of psychic disorders and also showed a higher rate of psychic and physical drug addiction. The low-anxiety-level group was characterized above all by psychopathia and often showed 'social' drug addiction only.",Remaining,0,0,doi_dummy,human
1220,687,2388,23888326,Brain imaging and behavior,Structural asymmetries of language-related gray and white matter and their relationship to language function in young children with ASD.,"Children with autism spectrum disorder (ASD) are highly variable in their language abilities, but the neural bases of these individual differences are poorly understood. Structural magnetic resonance imaging (MRI) and magnetic resonance diffusion tensor imaging (DTI) tractography were used to examine asymmetries in language-related gray- and white-matter and their relationships to language ability in a sample of 20 children with ASD, aged 4-7 years, and a reference sample of 20 typically developing (TD) children, aged 6-11 years. Children with ASD did not differ significantly from TD children in gray matter asymmetries, but were significantly less left-lateralized than TD children in the volume and radial diffusivity (RD) of the arcuate fasciculus (AF). They did not differ in the fractional anisotropy (FA) or the mean or axial diffusivity of the AF. Within the ASD group, exploratory analyses revealed that decreased leftward/increased rightward asymmetry of pars opercularis was associated with higher language ability and bilaterally increased FA and decreased RD of the AF. In conclusion, children with ASD exhibited atypical asymmetry in language-related white-matter structure as well as an atypical pattern of brain-language relationships that suggest that they may meet language milestones and acquire normal language via a different neurodevelopmental trajectory from TD children.",Remaining,0,0,doi_dummy,human
1221,688,3168,31685922,Scientific reports,Blood pressure profile and endothelial function in restless legs syndrome.,"Restless legs syndrome (RLS) is frequently comorbid with hypertension and cardiovascular diseases; however this relationship and underlying mechanisms remain controversial. After clinical evaluation, 84 drug-free patients with primary RLS (53 women; mean age 55.1 ± 12.3 years) and 76 controls (47 women; mean age 52.2 ± 15.3 years) underwent 24-hour ambulatory blood pressure (BP) and polysomnographic monitoring, and peripheral arterial tonometry to assess endothelial function for 61 patients and 69 controls. Hypertension was diagnosed in 11.9% of patients with RLS based on office measurement, and in 46.4% on the 24 h recording, with nighttime hypertension, two times more frequent than daytime hypertension. Periodic limb movement during sleep (PLMS), markers of sleep fragmentation, and systolic and mean BP non-dipping profile were more frequent among patients. BP non-dipping status was associated with older age, later RLS onset and diagnosis, RLS severity and higher sleep fragmentation. The mean 24-hour, daytime and nighttime BP values, the frequency of hypertension and the endothelial function were comparable between groups. However, both systolic and diastolic BP trajectories over a 24-hour period differed between groups. In conclusion, patients with RLS exhibit a 24-hour BP deregulation with increased frequency of systolic non-dipping profiles that could worsen the risk for CVD morbidity and mortality.",Remaining,0,0,doi_dummy,human
1223,690,1655,16553564,Journal of personality disorders,Borderline personality features predict alcohol use problems.,"This study assessed the relation between BPD features and problems associated with alcohol use 2 years later in young adults. Approximately 5,000 nonclinical young adults were screened for BPD features, and two cohorts of participants completed the laboratory phase of the study at Time 1 (total N = 421) and then again 2 years later at Time 2 (total N = 356). Measures included self-report and interview-based assessments of personality disorders, psychopathology in biological parents, Axis I psychopathology, and alcohol use problems. BPD features were found to significantly predict alcohol use problems 2 years later after controlling for parents' substance use disorders, Axis I psycho-pathology (including alcohol abuse/dependence), and non-BPD personality disorders. In addition, the BPD subscale that assesses impulsivity was found to be significantly associated with alcohol use problems once all predictors were entered into the model.",Remaining,0,0,doi_dummy,human
1224,691,2632,26321021,Parkinsonism & related disorders,Mild Cognitive Impairment in newly diagnosed Parkinson's disease: A longitudinal prospective study.,"In PD, Mild Cognitive Impairment (PD-MCI) occurs since early stages of disease. The aims were to assess presence of PD-MCI in untreated, drug-naive PD patients, and to follow-up the sample over 4 years to ascertain evolution of neurocognitive profile.	Seventy-six patients underwent neuropsychological testing at baseline (T0), and after 2 (T1:n = 62) and 4 years (T2:n = 55). Diagnosis of PD-MCI and PD-associated dementia (PDD) was made according to current consensus criteria.	PD-MCI occurred in 25/76 patients (32.9%) at baseline, and 4 of them reverted from PD-MCI to Normal Cognition (Reverters), 7 remained stable (Non-Reverters) and 2 developed PDD at T2; 12 patients were lost to the follow-up. Among the 51 patients with normal cognition (PD-CN) at T0, 27 had normal cognition at T2 (5 of them were Reverters with respect to diagnosis at T1), 5 had MCI at T1 and T2 (Non-Reverters), 9 had MCI at T2 only, whereas 1 developed PDD; 9 patients were lost to the follow-up. At baseline, Reverters (n = 9) had younger age at onset and better performance on constructional visuospatial task than Non-Reverters (n = 12). Compared to patients without PD-MCI at all evaluations (n = 19), Reverters had poorer performance on verbal immediate recall and attention tasks and higher level of apathy at T0. Reduced performance on the Stroop Test at baseline predicted PD-MCI at T2.	Executive dysfunctions predicted development of PD-MCI after few years from onset. Reversal from PD-MCI to PD-CN was related to young age at onset and high level of apathy at baseline evaluation.",Remaining,0,0,doi_dummy,human
1230,697,2746,27468663,Journal of stroke and cerebrovascular diseases : the official journal of National Stroke Association,ACE Gene in Egyptian Ischemic Stroke Patients.,"Angiotensin-1-converting enzyme (ACE) is a crucial player in vascular homeostasis and in the pathogenesis of atherosclerosis and hypertension. The present study was conducted to determine whether there is an association between the ACE insertion/deletion (I/D) polymorphism and ischemic stroke in Egyptian population. Also, we analyzed the ACE gene I/D polymorphism as a risk factor for small-vessel (SV) versus large-vessel (LV) disease.	Sixty patients with ischemic stroke were included: 30 with SV disease and 30 with LV disease. In addition, a control group of 30 apparent healthy subjects were studied. Clinical assessment, computed tomography, magnetic resonance imaging brain, and genetic study using the polymerase chain reaction of ACE gene were done for all subjects.	We found that the distribution of ACE gene polymorphism frequency was significantly different between the 3 groups. The DD genotype was far more common in stroke patients compared to controls. It was also significantly more common in each of the patient groups compared to controls but rather similar in the 2 patient groups with SV and LV diseases.	We found that the ACE gene deletion/deletion genotype is common in Egyptian patients with non-cardioembolic ischemic stroke but does not appear to be specific neither to SV nor to LV disease.",Remaining,0,0,doi_dummy,human
1231,698,6224,6224838,Journal of affective disorders,Validation of a Hamilton subscale for endogenomorphic depression.,"The current study examined the validity of a subscale for endogenomorphic depression derived from the Hamilton Rating Scale for Depression. In a sample of 147 women outpatients with primary depression, subscale (HES) scores were bimodally distributed around the mean score of 7.38. High-HES patients had significantly elevated scores on measures of depressive symptomatology, generalized symptomatic distress, and social impairment relative to low-HES patients. Classifications based on HES scores significantly predicted RDC and DSM-III subtype diagnoses of endogenous and nonendogenous depression. Diagnostic predictions based on the subscale's items were superior to predictions made using the 'non-endogenomorphic' Hamilton items. Potential applications for research are discussed.",Remaining,0,0,doi_dummy,human
1232,699,9482,9482185,Neurosurgery,Platelet-derived growth factor and its receptor expression in human oligodendrogliomas.,"Platelet-derived growth factor (PDGF) induces cellular proliferation and differentiation by activating intracellular signaling mechanisms via their cognate receptors. In previous studies, we demonstrated that human brain tumors such as meningiomas, astrocytomas, medulloblastomas, and ependymomas expressed the messenger ribonucleic acid for the PDGF subunits and their receptors. In the present study, we investigated the expression of the messenger ribonucleic acid PDGF A and B chains and the PDGF alpha and beta receptors in 17 cases of oligodendrogliomas.	Measurements of messenger ribonucleic acid levels were obtained using radioactive complementary deoxyribonucleic acid probes. Protein expression was analyzed with specific antibodies.	Sixteen of 17 tumors expressed the PDGF A subunit and all the PDGF alpha receptors. Furthermore, all the tumors expressed PDGF B and PDGF beta receptor subunits.	The results of this study suggest that oligodendrogliomas may have an autocrine loop stimulated by the interaction of PDGF and its receptor simultaneously produced by these tumors.",Remaining,0,0,doi_dummy,human
1236,703,3032,30328961,"Revista brasileira de psiquiatria (Sao Paulo, Brazil : 1999)",Metabolic syndrome and psychiatric disorders: a population-based study.,"To identify the association of metabolic syndrome (MetS) and psychiatric disorders in young adults in southern Brazil.	This population based cross-sectional study involved a total of 1,023 young adults between the ages of 21 and 32 years. Current episodes of psychiatric disorders were assessed using the Mini International Neuropsychiatric Interview - Plus version. MetS was evaluated using the National Cholesterol Education Program Adult Treatment Panel III (NCEP/ATP III).	Of the 1,023 participants, 24.3% were identified with MetS, 13.5% were diagnosed with anxiety disorders, 7.5% with current depression, 3.9% with bipolar disorders and 10.1% were at risk of suicide. MetS was associated with ethnicity (p = 0.022), excess weight (p < 0.001), current anxiety disorders (p < 0.001), current mood disorders (bipolar disorder in mood episode and current depression) (p < 0.001), and suicide risk (p < 0.001).	MetS was associated with psychiatric disorders. Awareness of factors associated with MetS can help identify high-risk individuals and stimulate disease prevention and control programs, as well as lifestyle changes.",Remaining,0,0,doi_dummy,human
1238,705,1172,11725215,"Neuropsychiatry, neuropsychology, and behavioral neurology",Behavioral changes in Huntington Disease.,"This study aimed to gain a better understanding of behavioral abnormalities in Huntington disease (HD) and to develop a method for reliably assessing these changes.	Behavioral changes are a central feature of HD and often cause considerable distress and difficulty to patients and their relatives. However, they have received little attention from research despite their prevalence and clinical significance.	One hundred thirty-four patients with HD were assessed using the Problem Behaviors Assessment for Huntington Disease (PBA-HD), an instrument for rating the presence, severity and frequency of behavioral abnormalities in HD.	The findings confirm that behavioral problems are common among patients with HD. The most common symptoms were loss of energy and initiative, poor perseverance and quality of work, impaired judgment, poor self-care and emotional blunting. Affective symptoms such as depression, anxiety and irritability occurred in around half the patients studied. Psychotic symptoms (hallucinations and delusions) were rarely reported. Factor analysis distinguished three clusters of behavioral symptoms, which were interpreted respectively as reflecting Apathy, Depression and Irritability. The 'Apathy' factor was highly correlated with duration of illness, whereas no such relationship was observed for the 'Depression' and 'Irritability' factors.	The results suggest that certain behavioral changes are fundamental to the progression of HD, whereas others have a more complex relationship to the disease process. The findings have implications for the choice of behavioral measures used to evaluate efficacy of therapeutic interventions.",Remaining,0,0,doi_dummy,human
1242,709,1661,16616844,Neuromuscular disorders : NMD,Polyneuropathies in teenagers: a clinicopathological study of 45 cases.,"The aim of the present study was to investigate the causes of polyneuropathy in teenagers and to describe some characteristic clinical, laboratory, electrophysiological and pathological features. Forty-five patients with peripheral nervous disorders aged 13-19 were studied. Hereditary polyneuropathy of different types was diagnosed in 28 patients (62%); nine showed chronic inflammatory demyelinating polyneuropathy (CIDP) and two showed vasculitic neuropathy. In two more cases polyneuropathy was attributed to toxic agents, while among the rest, one was diagnosed as metachromatic leucodystrophy (juvenile type), one as adrenoleucodystrophy, one as porphyric neuropathy and one as Fabry disease. The high incidence of hereditary neuropathies in teenagers differs from that in adults, but is similar to that encountered in children. In our study, CIDP appears to be a frequent cause of neuropathy in teenagers, while the other causes are broadly similar to those found in studies concerning children rather than adults.",Remaining,0,0,doi_dummy,human
1243,710,3272,32723375,BMC psychiatry,Potential metabolic monitoring indicators of suicide attempts in first episode and drug naive young patients with major depressive disorder: a cross-sectional study.,"Major depressive disorder is an ordinary mental disorder, and suicide is considered to be a major concern among patients with MDD. Previous studies focused on the relationship between suicide attempts and metabolism in elderly patients with MDD, while ignore the young people. The aim of this study is to find the potential relationship between suicide attempts and metabolism in young patients with MDD to find a way to prevent and ultimately reduce suicide in young patients with MDD.	Cross-sectional design was employed in the study.740 patients aged between 18 and 45 years old with MDD had been consecutively recruited in this study between 2011 and 2017, 128 of whom had suicide attempts. Their serum samples used to monitor fasting blood glucose, serum lipids as well as socio-demographic characteristics were collected. Besides, some clinical scales were also employed to measure symptoms of anxiety, depression and other conditions.	This study indicated that compared with non-suicide attempters, suicide attempters in young patients with MDD showed higher levels of FBG, TC, LDL-C (all p <  0.05) and lower levels of HDL-C(p <  0.001). Further logistic regression analysis suggested that suicide attempts were associated with increased FBG, decreased HDL-C, the course of disease, HAMD scores and obvious anxiety.	Suicide attempts in young patients with MDD may be predicted by metabolic levels in the future. And our findings suggested that the level of FBG and HDL-C can be promising biomarkers to predict the occurrence of this event.",Remaining,0,0,doi_dummy,human
1245,712,1457,14572957,Surgical neurology,Apolipoprotein E epsilon4 and the risk of unfavorable outcome after aneurysmal subarachnoid hemorrhage.,"The APOE-E4 allele has been identified as a risk factor for Alzheimer's disease and unfavorable outcomes after brain injuries. The purpose of this study was to confirm that APOE allele polymorphism also represents a risk factor for unfavorable outcomes following aneurysmal subarachnoid hemorrhage (SAH).	A total of 104 patients with aneurysmal SAH were studied. Computed tomography (CT) scan findings of SAH were assessed by Fisher's grade and clinical neurologic assessment was performed using the Hunt and Hess (H&H)grading system. Serum lipids were also analyzed. Outcomes at 3 months after SAH were determined using the Glasgow Outcome Scale.	The distributions of APOE genotypes and alleles of patients were matched with those of control subjects. That 5 of 18 patients with APOE-E4 allele (28%) had an unfavorable outcome was significantly different from those without APOE-E4 (8%, chi2, p = 0.032; OR = 4.34, 95% CI 1.20-15.75). However, the presence or absence of E2 or E3 alleles had no significant difference. The relative hazard of APOE-E4 for unfavorable outcome exited after adjustment for clinical assessment (OR = 6.95, 95% CI 1.21-39.75). Total serum cholesterol, low-density lipoprotein and apolipoprotein B were elevated in patients with unfavorable rather than favorable outcomes.	Our findings confirmed that the patients with APOE-E4 allele were predisposed to unfavorable outcomes after aneurysmal SAH even though an association between APOE and incidence of the SAH may not exist. The effect of APOE on neurobiology and lipoprotein metabolism seems to partially explain the difference in outcomes and deserves further study.",Remaining,0,0,doi_dummy,human
1246,713,2192,21921084,American journal of Alzheimer's disease and other dementias,Brain glutamate levels are decreased in Alzheimer's disease: a magnetic resonance spectroscopy study.,"Glutamate (Glu) is the most abundant excitatory neurotransmitter in the central nervous system (CNS) and is involved in the pathophysiology of Alzheimer's disease (AD) in which there is an increased excitotoxicity. Biochemical composition of living tissues including the levels of Glu was analyzed by magnetic resonance spectroscopy (MRS). Previous reports point to decreased levels of Glu in AD. As Glu plays an important role in memory, we hypothesize that Glu levels are decreased in patients with AD when compared with controls. A consecutive sample of 30 patients with mild-to-moderate AD underwent H-MRS with the voxel placed in the bilateral posterior cingulate gyrus. For comparison purposes, we carried out the same technique in 68 patients with mild cognitive impairment (MCI) and in 26 controls. The healthy controls had higher metabolite levels of N-acetyl-aspartate (NAA) than patients with MCI and AD. In turn, patients with MCI and the controls had higher levels of Glu than in patients with AD. The differences were significant in the analysis of variance (ANOVA) test model corrected for age. In the post hoc analysis, the most remarkable differences were seen between patients with AD and the rest (patients with MCI and the controls). In AD, the levels of Glu and NAA are decreased in comparison with MCI and normality, which reflects loss of neurons.",Remaining,0,0,doi_dummy,human
1247,714,7049,7049116,Archives of pathology & laboratory medicine,Gaucher's disease: a disease with chronic stimulation of the immune system.,"Concentrations of IgA, IgG, and IgM were measured in 25 patients with Gaucher's disease. The mean of each was significantly higher than that generally observed in healthy adults. A direct correlation was noted between IgA and IgG concentrations and age. Patients who underwent splenectomy had IgM concentrations significantly lower than those of persons who did not. In two of 25 patients, multiple myeloma of the nonsecretory type developed. The migration inhibition factor (MIF) test performed with the lymphocytes of our patients was positive to glucocerebroside in four of 17 patients, to glucocerebrosidase in four of 19 patients, and to the extracts of the spleen of a patient with Gaucher's disease in three of eight patients. The results of al MIF tests were negative in six control subjects with splenomegaly of other causes. Our results suggest that in Gaucher's disease there is chronic stimulation of the humoral immune system. The first expression of this stimulation is the production of polyclonal immunoglobulins and, in due time, the development of monoclonal immunoglobulin as well as multiple myeloma.",Remaining,0,0,doi_dummy,human
1248,715,2619,26190166,Suicide & life-threatening behavior,Sexual Self-Concept Ambiguity and the Interpersonal Theory of Suicide Risk.,"Mechanisms (i.e., thwarted belongingness, perceived burdensomeness, hopelessness) derived from the interpersonal theory of suicide which are hypothesized to account for the relation between sexual orientation self-concept ambiguity and active suicide ideation were examined. Participants included 349 women, among whom 42% currently self-ascribed a non-exclusively heterosexual sexual identity. Among women reporting higher levels of sexual self-concept ambiguity, greater risk for active suicide ideation is found when perceptions of burden and feelings of thwarted belonging co-occur with feelings of hopelessness. Results support relevant theory useful for understanding suicide risk among sexual minority women who acknowledge ambiguity with regard to their sexual orientation.",Remaining,0,0,doi_dummy,human
1250,717,2610,26106544,NeuroImage. Clinical,Brain activation during self- and other-reflection in bipolar disorder with a history of psychosis: Comparison to schizophrenia.,"Reflecting on the self and on others activates specific brain areas and contributes to metacognition and social cognition. The aim of the current study is to investigate brain activation during self- and other-reflection in patients with bipolar disorder (BD). In addition, we examined whether potential abnormal brain activation in BD patients could distinguish BD from patients with schizophrenia (SZ).	During functional magnetic resonance imaging (fMRI), 17 BD patients, 17 SZ patients and 21 healthy controls (HCs) performed a self-reflection task. The task consisted of sentences divided into three conditions: self-reflection, other-reflection and semantic control.	BD patients showed less activation in the posterior cingulate cortex (PCC) extending to the precuneus during other-reflection compared to HCs (p = 0.028 FWE corrected on cluster-level within the regions of interest). In SZ patients, the level of activation in this area was in between BD patients and HCs, with no significant differences between patients with SZ and BD. There were no group differences in brain activation during self-reflection. Moreover, there was a positive correlation between the PCC/precuneus activation during other-reflection and cognitive insight in SZ patients, but not in BD patients.	BD patients showed less activation in the PCC/precuneus during other-reflection. This may support an account of impaired integration of emotion and memory (evaluation of past and current other-related information) in BD patients. Correlation differences of the PCC/precuneus activation with the cognitive insight in patients with BD and SZ might reflect an important difference between these disorders, which may help to further explore potentially distinguishing markers.",Remaining,0,0,doi_dummy,human
1251,718,2097,20979638,Journal of neuroengineering and rehabilitation,Oromotor variability in children with mild spastic cerebral palsy: a kinematic study of speech motor control.,"Treating motor speech dysfunction in children with CP requires an understanding of the mechanism underlying speech motor control. However, there is a lack of literature in quantitative measures of motor control, which may potentially characterize the nature of the speech impairments in these children. This study investigated speech motor control in children with cerebral palsy (CP) using kinematic analysis.	We collected 10 children with mild spastic CP, aged 4.8 to 7.5 years, and 10 age-matched children with typical development (TD) from rehabilitation department at a tertiary hospital. All children underwent analysis of percentage of consonants correct (PCC) and kinematic analysis of speech tasks: poly-syllable (PS) and mono-syllable (MS) tasks using the Vicon Motion 370 system integrated with a digital camcorder. Kinematic parameters included spatiotemporal indexes (STIs), and average values and coefficients of variation (CVs) of utterance duration, peak oral opening displacement and velocity. An ANOVA was conducted to determine whether PCC and kinematic data significantly differed between groups.	CP group had relatively lower PCCs (80.0-99.0%) than TD group (p = 0.039). CP group had higher STIs in PS speech tasks, but not in MS tasks, than TD group did (p = 0.001). The CVs of utterance duration for MS and PS tasks of children with CP were at least three times as large as those of TD children (p < 0.01). However, average values of utterance duration, peak oral opening displacement and velocity and CVs of other kinematic data for both tasks did not significantly differ between two groups.	High STI values and high variability on utterance durations in children with CP reflect deficits in relative spatial and/or especially temporal control for speech in the CP participants compared to the TD participants. Children with mild spastic CP may have more difficulty in processing increased articulatory demands and resulted in greater oromotor variability than normal children. The kinematic data such as STIs can be used as indices for detection of speech motor control impairments in children with mild CP and assessment of the effectiveness in the treatment.",Remaining,0,0,doi_dummy,human
1266,733,9659,9659849,The American journal of psychiatry,Use of health services by hospitalized medically ill depressed elderly patients.,"The authors examined whether depression is associated with greater use of health services by elderly medical patients before and during hospitalization.	Depression and recent use of health services were assessed in 542 patients aged 60 or over who were consecutively admitted to university medical services. Depression was measured by using the Center for Epidemiologic Studies Depression Scale, the Hamilton Depression Rating Scale, and the depressive disorders section of the National Institute of Mental Health Diagnostic Interview Schedule, which was administered by a psychiatrist.	After age, sex, race, education, and severity of medical illness were controlled for, Hamilton depression score significantly predicted hospital days in the past year, hospital days and total inpatient days (hospital plus nursing home) in the past 3 months, and number of outpatient medical visits in the past 3 months. Depressed patients had more hospital days in the past year and had more hospital days, total inpatient days, and outpatient medical visits in the past 3 months than did nondepressed patients. Associations between depression and length of index hospital stay, home health visits, nursing home days, and number of prescription medications disappeared when severity of medical illness was controlled. Mental health visits were no more common among depressed than nondepressed patients.	Depressed elderly medical inpatients used more hospital and outpatient medical services than nondepressed patients, but they did not receive more mental health services. Efforts by primary care physicians and third-party payers to identify and treat depression in this population are needed.",Remaining,0,0,doi_dummy,human
1272,739,2731,27314365,International journal of environmental research and public health,Association between Cognitive Status and Physical Activity: Study Profile on Baseline Survey of the My Mind Project.,"The incidence of people with dementia is expected to increase significantly in the coming years, but it seems that there is a relationship between an active lifestyle and cognitive decline. The present study aimed to compare the characteristics and engagement in the physical activity (PA) of three groups of Italian elderly with different cognitive statuses at baseline phase.	Data were examined using the results from the 'My Mind Project' on 305 community-dwelling Italians. The sample was comprised of 93 subjects with Alzheimer's disease (AD), 109 with mild cognitive impairment (MCI) and 103 healthy elderly (HE).	Classification of subjects on the basis of Physical Activity Scale for the Elderly (PASE) score showed that 47% of HE performed the highest level of physical activity while 40% of AD performed the lowest level. MCI subjects were distributed quite homogeneously across the levels (p < 0.001). Physical activity such as walking and light sports was carried out mainly and more frequently by HE as compared to the others (p < 0.05). As regards functional status, AD presented worse conditions in basic and instrumental activities of daily living than the other groups (p < 0.001).	Our results evidenced that subjects with cognitive decline had the tendency to engage in PA less than HE. In particular, age and education negatively affected engagement in PA.",Remaining,0,0,doi_dummy,human
1273,740,1847,18479471,Cephalalgia : an international journal of headache,Involvement of corticotrophin-releasing factor and orexin-A in chronic migraine and medication-overuse headache: findings from cerebrospinal fluid.,"The study set out to investigate the role of corticotrophin-releasing factor (CRF) and orexin-A in chronic migraine (CM) and medication-overuse headache (MOH). Twenty-seven patients affected by CM and 30 with MOH were enrolled. Control CSF specimens were obtained from 20 age-matched subjects who underwent lumbar puncture for diagnostic purposes, and in all of them CSF and blood tests excluded central nervous system or systemic diseases. Orexin-A and CRF were determined by radioimmunoassay methods. Significantly higher levels of orexin-A and CRF were found in the CSF of MOH and to a lesser extent in patients with CM compared with control subjects (orexin-A: P < 0.001 and P < 0.02; CRF: P < 0.002 and P < 0.0003). A significant positive correlation was also found between CSF orexin-A values and those of CRF (R = 0.71; P < 0.0008), monthly drug intake group (R = 0.39; P < 0.03) and scores of a self-completion 10-item instrument to measure dependence upon a variety of substances, the Leeds Dependence Questionnaire (LDQ) in the MOH group (R = 0.68; P < 0.0003). The significantly higher orexin-A levels found in CM and MOH can be interpreted as a compensatory response to chronic head pain or, alternatively, as an expression of hypothalamic response to stress due to chronic pain. A potential role for orexin-A in driving drug seeking in MOH patients through activation of stress pathways in the brain can also be hypothesized.",Remaining,0,0,doi_dummy,human
1274,741,2872,28728096,European psychiatry : the journal of the Association of European Psychiatrists,Early life stress explains reduced positive memory biases in remitted depression.,"There is contradictory evidence regarding negative memory biases in major depressive disorder (MDD) and whether these persist into remission, which would suggest their role as vulnerability traits rather than correlates of mood state. Early life stress (ELS), common in patients with psychiatric disorders, has independently been associated with memory biases, and confounds MDD versus control group comparisons. Furthermore, in most studies negative biases could have resulted from executive impairments rather than memory difficulties per se.	To investigate whether memory biases are relevant to MDD vulnerability and how they are influenced by ELS, we developed an associative recognition memory task for temporo-spatial contexts of social actions with low executive demands, which were matched across conditions (self-blame, other-blame, self-praise, other-praise). We included fifty-three medication-free remitted MDD (25 with ELS, 28 without) and 24 healthy control (HC) participants without ELS.	Only MDD patients with ELS showed a reduced bias (accuracy/speed ratio) towards memory for positive vs. negative materials when compared with MDD without ELS and with HC participants; attenuated positive biases correlated with number of past major depressive episodes, but not current symptoms. There were no biases towards self-blaming or self-praising memories.	This demonstrates that reduced positive biases in associative memory were specific to MDD patients with ELS rather than a general feature of MDD, and were associated with lifetime recurrence risk which may reflect a scarring effect. If replicated, our results would call for stratifying MDD patients by history of ELS when assessing and treating emotional memories.",Remaining,0,0,doi_dummy,human
1281,748,7957,7957408,European journal of pediatrics,X-linked adrenoleukodystrophy in patients with idiopathic Addison disease.,"The two main causes of primary adrenal disease are tuberculosis and auto-immune adrenal destruction. The latter is responsible for about 70% of the cases of primary adrenal insufficiency (Addison disease). Commonly referred to as a rare cause of adrenal failure is X-linked adrenoleukodystrophy (ALD), a demyelinating peroxisomal disorder affecting 1: 20,000 Caucasian males. Albeit primary adrenal insufficiency is a rare entity per se, we decided to study patients with idiopathic Addison disease and establish the frequency of ALD as a cause of adrenal insufficiency. The biochemical defect of ALD was found in 5 out of 24 patients. The small number of cases in our series led us to include in our analysis the published results of two other groups of investigators. This analysis indicates that the proportion of cases in which Addison disease is attributable to ALD is age dependent. It is highest when the adrenal insufficiency manifests before 15 years. This study clearly demonstrates that the proportion of ALD in patients presenting primary adrenal insufficiency has been under-estimated.	Addison disease manifesting during the first decade of life has a high likelihood of being the first sign of X-linked adrenoleukodystrophy.",Remaining,0,0,doi_dummy,human
1287,754,3107,31075661,Gait & posture,Comparable walking gait performance during executive and non-executive cognitive dual-tasks in chronic stroke: A pilot study.,"Falls are a serious problem among stroke survivors due to subsequent injuries, recovery setbacks, dependence, and mortality. A growing body of dual-task (DT) studies suggests a role of executive functions in gait control and falls, particularly in subacute stroke. However, few studies have compared distinct executive and non-executive tasks, nor their effects on chronic stroke gait.	The purpose of this cross-sectional study was to compare the effects of distinct working memory (2-back) and inhibition (Stroop) tasks on walking gait performance in chronic stroke survivors.	A pilot sample of chronic stroke survivors (n = 11, 8 males, mean age = 70.91, 6-12months post-stroke event) and age-matched healthy controls (n = 13, 4 male; mean age = 68.46) were tested. Gait performance (speed, stride time, stride time variability, stride length and stride length variability) was measured using 2 wireless inertial measurement sensors under 4 walking conditions: 1) preferred walking (single-task: ST), 2) walking with a 2-back DT, 3) walking with a Stroop DT, and 4) walking with a non-executive motor response DT. The secondary tasks were also carried out in both ST (seated) and DT conditions, to examine bidirectional effects.	While the stroke survivor sample had a slower gait speed across conditions and tasks, there were no significant differences between the groups [F(1, 22) = 1.13, p =.299, η[2]p =  .049] on the spatial or temporal gait characteristics recorded: gait performance was maintained during executive and non-executive DTs. In addition, we did not find a significant effect of group on cognitive task performance (all p > .052). However, we observed a cost in accuracy on the 2-back DT for both groups, suggesting resource overlap and greater cognitive load (all t > 19.72, all p <  .001).	Our gait data contradict previous studies evidencing impaired gait post-stroke, suggesting functional recovery in this chronic stroke sample.",Remaining,0,0,doi_dummy,human
1288,755,3144,31446316,NeuroImage. Clinical,White matter microstructural abnormalities in children with severe congenital hypothyroidism.,"This study assessed white matter microstructural integrity and behavioral correlates for children with severe congenital hypothyroidism (CH) who were identified and treated early following newborn screening. Eighteen children with severe CH and 21 healthy controls underwent a battery of behavioral measures of hearing, language and communication, along with diffusion MR imaging. Tract-based spatial statistics were performed on standard diffusion parameters of fractional anisotropy and diffusivity metrics. Microscopic diffusion anisotropy mapping based on the Spherical Mean Technique was also used to evaluate biologically specific metrics. Compared with age-matched controls, children with severe CH had poorer hearing and communication skills, albeit generally within normal limits. Children with severe CH had fractional anisotropy that was significantly lower in the cerebellum, bilateral thalami and right temporal lobe, and radial diffusivity that was significantly higher in the cerebellum and bilateral thalami. Microscopic fractional anisotropy and intra-neurite volume fraction were also significantly decreased, and transverse microscopic diffusivity was significantly increased, in the CH group in areas including the cerebellum, thalamus, occipital lobe, and corpus callosum, and in the white matter adjacent to sensorimotor cortex, particularly in the left hemisphere. Significant and widespread correlations were observed between behavioral measures and measures of white matter microstructural integrity in children with CH. The results indicate that children with severe CH who are identified through newborn screening may have significant brain white matter microstructural abnormalities despite early treatment.",Remaining,0,0,doi_dummy,human
1293,760,2841,28410288,Nuclear medicine communications,The utility of the combination of a SPECT study with [123I]-FP-CIT of dopamine transporters and [123I]-MIBG myocardial scintigraphy in differentiating Parkinson disease from other degenerative parkinsonian syndromes.,"Molecular imaging of nigrostriatal dopamine transporters (DAT) and sympathetic cardiac innervation with single-photon emission computed tomography (SPECT) are useful tools for differentiating idiopathic Parkinson disease (PD) from other degenerative parkinsonian syndromes (non-PD). Nevertheless, these modalities are often insufficient for achieving a definite diagnosis. The aims of this study were to evaluate the diagnostic accuracy of the combination of these tools.	The SPECT radiotracers [I]-N-ω-fluoropropyl-2β-carbomethoxy-3β-(4-iodophenyl)-nortropane (FP-CIT) and meta-[I]-iodobenzylguanidine (MIBG) were used to research presynaptic dopaminergic projections (DAT SPECT) and myocardial adrenergic innervation (MIBG scintigraphy), respectively. PD patients (n=15; age: 61.5±13.6 years) and non-PD patients (n=19; age: 62.6±14.2 years) who underwent both tests were enrolled in this study. Receiver-operating characteristic analyses were used to set the cutoff values of the specific binding ratio in DAT SPECT and the heart to mediastinum ratio in delayed scan in MIBG scintigraphy for differentiating PD from non-PD. We calculated the sensitivity, specificity, and test accuracy of the individual methods and also the combination of these two modalities.	When DAT SPECT and MIBG scintigraphy were used individually, they showed mild accuracy in differentiating PD from non-PD (DAT, 67.6%; MIBG, 67.6%). The combination of the two approaches using cutoff values of less than 3.24 for the specific binding ratio and less than 2.745 for the delayed heart to mediastinum ratio enabled more accurate differentiation between PD and non-PD. The accuracy of these indices in distinguishing PD from non-PD was 79.4%.	These results suggested that the combination of DAT SPECT and MIBG scintigraphy may improve the diagnostic accuracy in differentiating PD from non-PD.",Remaining,0,0,doi_dummy,human
1297,764,3865,3865248,Psychiatry research,Sleep and circadian rhythms in affective patients isolated from external time cues.,"Sleep electroencephalographic activity, circadian rhythms in motor activity and rectal temperature, and clinical state were monitored longitudinally in four affectively ill patients (two depressed, one manic, and one rapidly cycling between depression and mania) who lived in isolation from external time cues (zeitgebers) for 3 to 4 weeks. In these conditions it was possible to observe the intrinsic or free-running behavior of circadian pacemakers and thereby to test several hypotheses about the role of sleep and circadian rhythms in the pathogenesis of depression. No hypothesis was consistently supported by the results. We found that the intrinsic rhythm of a circadian pacemaker appeared to free-run with an abnormally fast frequency in one patient. No patient remained stably depressed during temporal isolation. Our experience suggests that this type of study can be carried out safely with appropriate precautions. Temporal isolation is a means to test decisively predictions of several chronobiological hypotheses about affective illness and should be applied to additional patients.",Remaining,0,0,doi_dummy,human
1300,767,9666,9666878,Clinical endocrinology,Expression of an orphan nuclear receptor DAX-1 in human pituitary adenomas.,"An orphan nuclear receptor, DAX-1, is known to be involved in the development and differentiation of anterior pituitary cells. The present study aimed to examine 1) whether DAX-1 is expressed in human pituitary adenomas, and 2) if it is expressed, what types of adenoma express the factor.	Adenoma tissues examined included 18 clinically non-functioning adenomas, 14 GH-secreting adenomas and 7 PRL-secreting adenomas. The expression of the following genes were tested by reverse transcription-polymerase chain reaction (RT-PCR): DAX-1, Adrenal-4-binding protein/steroidogenic factor-1 (Ad4BP/SF-1), Pit-1, LH beta, FSH beta, gonadotrophin-releasing hormone receptor (GnRH-R), GH, PRL, and TSH beta, as well as beta-actin as a control.	Eleven clinically non-functioning adenomas expressed DAX-1, 10 of which also expressed Ad4BP/SF-1. Nine out of the 11 DAX-1 expressing adenomas also expressed LH beta, FSH beta and GnRH-R as well, indicating that these adenomas possessed gonadotrophic properties. Nine clinically non-functioning adenomas expressed Pit-1 as well as GH, PRL and/or TSH beta, thus having somatomammotrophic or thyrotrophic properties, 3 of which overlapped with the above DAX-1-expressing adenomas. One non-functioning adenoma expressed Ad4BP/SF1 and FSH beta but not DAX-1, and another one expressed DAX-1 and Ad4BP/SF-1 with PRL. On the other hand, all GH-secreting and PRL-secreting adenomas expressed Pit-1 and GH and/or PRL, but neither DAX-1 nor Ad4BP/SF-1.	The results shown here indicate that DAX-1 is expressed in the majority of human pituitary adenomas of gonadotrophic origin in parallel with Adrenal-4-binding protein/steroidogenic factor-1.",Remaining,0,0,doi_dummy,human
1306,773,2212,22126898,Schizophrenia research,Intact motivated attention in schizophrenia: evidence from event-related potentials.,"Emotionally significant stimuli typically capture attention (called motivated attention) even when they are irrelevant to tasks where attention is directed. Previous studies indicate that several components of emotional processing are intact in schizophrenia when subjects are instructed to attend to emotionally-evocative stimuli. However, few studies have examined whether emotional stimuli capture attention to a normal degree in people with schizophrenia when attention is directed elsewhere. The current event-related potential study examined motivated attention to task-irrelevant emotional stimuli in 35 stabilized outpatients and 26 healthy controls with a modified visual P300 oddball detection task. Participants viewed images of rare target and commonly occurring standard letter stimuli, as well as intermixed emotional (unpleasant, pleasant, neutral) pictures. Subjects were instructed to count the number of rare targets; the emotional valence of the picture stimuli was, therefore, task-irrelevant. We separately evaluated the Early Posterior Negativity (EPN) and Late Positive Potential (LPP) to emotional pictures and the P300 to target stimuli. Patients and controls showed similar patterns of EPN and LPP amplitude to the emotional stimuli, such that the EPN and LPP were larger for both pleasant and unpleasant versus neutral pictures. Although patients performed worse than controls on the target counting task, both groups showed comparable P300 differentiation between target versus non-target stimuli. Emotional stimuli captured attentional resources in people with schizophrenia even when the emotional stimuli were task-irrelevant, suggesting intact motivated attention at the level of early electrophysiological responding.",Remaining,0,0,doi_dummy,human
1308,775,3259,32594495,Turk psikiyatri dergisi = Turkish journal of psychiatry,2D:4D Finger Length Ratios in Individuals with Gender Dysphoria.,"The neurobiological basis of Gender Dysphoria (GD) is not yet fully known. In recent years, the role of prenatal exposure to testosterone has been emphasized in the development of the GD. The aim of this study was to compare the 2D:4D digit ratio, which is considered to be a morphological indicator of exposure to testosterone in the prenatal period, in individuals with GD.	The study included 99 participants diagnosed with GD comprising 54 assigned the female gender at birth [AFB-GD], 45 assigned the male gender at birth [AMB-GD], and 58 female and 58 male participants making up the control group. The right and the left hands of the participants were photocopied and finger lengths were measured using digital calipers.	The 2D:4D digit ratio on the right hand of the AFB-GD group was significantly lower (p=0.028) than that of the female controls, but it did not differ significantly as compared to male controls. The ratio on the left hand of the AFB-GD group did not significantly differ from that of the female controls, but it was higher than that of the male controls (p=0.045). The 2D:4D digit ratio on the right hand of the AMB-GD group did not differ significantly from that of the male controls, but they had a lower finger ratio as compared to the female controls (p<0.001). The ratio on the left hand of the AMB-GD group did not differ significantly from those of the male and female controls.	The results of this study present suggestive evidence that the AFB-GD individuals were exposed to testosterone in the prenatal period.",Remaining,0,0,doi_dummy,human
1310,777,3248,32487276,Journal of the International Neuropsychological Society : JINS,The INECO Frontal Screening for the Evaluation of Executive Dysfunction in Cerebral Small Vessel Disease: Evidence from Quantitative MRI in a CADASIL Cohort from Colombia.,"Executive dysfunction is a predominant cognitive symptom in cerebral small vessel disease (SVD). The Institute of Cognitive Neurology Frontal Screening (IFS) is a well-validated screening tool allowing the rapid assessment of multiple components of executive function in Spanish-speaking individuals. In this study, we examined performance on the IFS in subjects with cerebral autosomal dominant arteriopathy with subcortical infarcts and leukoencephalopathy (CADASIL), an inherited condition leading to the early onset of SVD. We further explored associations between performance on the IFS and magnetic resonance imaging (MRI) markers of SVD.	We recruited 24 asymptomatic CADASIL subjects and 23 noncarriers from Colombia. All subjects underwent a research MRI and a neuropsychological evaluation, including the IFS. Structural MRI markers of SVD were quantified in each subject, together with an SVD Sum Score representing the overall burden of cerebrovascular alterations. General linear model, correlation, and receiver operating characteristic curve analyses were used to explore group differences on the IFS and relationships with MRI markers of SVD.	CADASIL subjects had a significantly reduced performance on the IFS Total Score. Performance on the IFS correlated with all quantified markers of SVD, except for brain atrophy and perivascular spaces enlargement. Finally, while the IFS Total Score was not able to accurately discriminate between carriers and noncarriers, it showed adequate sensitivity and specificity in detecting the presence of multiple MRI markers of SVD.	These results suggest that the IFS may be a useful screening tool to assess executive function and disease severity in the context of SVD.",Remaining,0,0,doi_dummy,human
1312,779,8285,8285088,Family practice research journal,"Sleep, psychological distress, and somatic symptoms in perimenopausal women.","Self-report and somnographic data from 135 volunteer, disease-free, women (37-59 years) were used to determine the prevalence of perceived poor sleep and to compare women with and without 'poor' sleep on menopausal status, somnographic sleep, psychological distress, and somatic symptom cluster frequencies.	Data from identical measures done on two groups of perimenopausal-age women, one recruited for menopausal age and the other for same age but sleep problems plus controls, were tested using a two-way analysis of variance for the main effects of recruitment group and the presence or absence of 'poor' sleep as well as the joint effects of both.	'Poor' sleep was reported by more than one-third of the women, but menopausal status and perceived sleep quality were not statistically related. Women with 'poor' sleep took longer to fall asleep, spent longer in bed, and had higher scores for psychological distress and for four out of five somatic symptom clusters (p < or = 0.03), compared to women with 'good' sleep.	In sum, midlife women reporting poor sleep are likely to have trouble falling asleep and to have higher psychological distress and somatic symptoms, especially musculoskeletal discomfort and fatigue, coinciding with their perceived poor sleep.",Remaining,0,0,doi_dummy,human
1315,782,2931,29315460,Acta neurologica Scandinavica,Serum cystatin C and anti-N-methyl-D-aspartate receptor encephalitis.,"Cystatin C (CysC) is associated with many neurodegenerative disorders and autoimmune diseases, but its relationship with anti-N-Methyl-D-aspartate receptor (anti-NMDAR) encephalitis is unknown.	Serum levels of CysC were determined in 66 patients with anti-NMDAR encephalitis and 115 healthy controls. Of the 66 patients, 30 had a follow-up evaluation at 3 months after admission. Association of CysC with anti-NMDAR encephalitis and its clinical parameters were evaluated in the patients.	The serum levels of CysC were significantly lower in patients with anti-NMDAR encephalitis than in controls (0.70 ± 0.13 vs 0.83 ± 0.17 mg/mL, P < .001). Disease severity and disease duration were significantly associated with CysC levels. Furthermore, a follow-up evaluation revealed that after treatment anti-NMDAR encephalitis patients had significantly increased serum CysC levels (P < .001) and significantly decreased modified Rankin Scale (mRS) scores (P < .001) compared with before treatment. In addition, a significant negative correlation was observed between the change in CysC levels and the change in mRS scores (r = -.700, P < .001).	Our results show that the serum levels of CysC are associated with anti-NMDAR encephalitis and its clinical parameters and that the changes in CysC levels correlate with therapeutic effect. Therefore, our findings provide new insights into the association between serum CysC and anti-NMDAR encephalitis.",Remaining,0,0,doi_dummy,human
1316,783,1237,12377401,Neuropsychopharmacology : official publication of the American College of Neuropsychopharmacology,Central serotonergic activity is related to the aggressive behaviors of Alzheimer's disease.,"The clinical correlates of reduced serotonin (5-HT) in Alzheimer's disease (AD) remain unknown. The hypothesis of this study was that altered central serotonergic activity is related to aggression in AD. Twenty-two institutionalized, nondepressed elderly (12 M/10 F, mean age +/- SD: 82.2 +/- 6.4) with probable AD, severe cognitive impairment (MMSE = 4.1 +/- 4.7) and significant behavioral disturbance (Neuropsychiatric Inventory (NPI) score > or = 8) were studied. The prolactin (PRL) response to d,l-fenfluramine (60 mg p.o.) was used as an index of central serotonergic function. The NPI aggression score, NPI irritability score, and Behavioral Pathology in AD aggression score were positively correlated to prolactin concentrations following fenfluramine challenge (r(S) =.61, p =.003; r(S) =.53, p =.012; and r(S) =.47, p =.029 respectively). In addition, aggressive patients showed a greater mean PRL increase (% baseline) (215 +/- 60, n = 11) than nonaggressive subjects (123 +/- 54, n = 11) (p =.01, 2-tailed t-test). The change in PRL concentration depended on level of cognitive impairment (p =.0004) and the gender x aggression interaction (p =.015) with the overall regression model accounting for 74% of the variance (r = 0.86, F = 11.9, p =.0001). Female aggressive subjects with less cognitive impairment had the largest response to fenfluramine challenge. These results suggest a complex link between aggression in AD and central serotonergic dysfunction having interactions with gender and cognitive impairment.",Remaining,0,0,doi_dummy,human
1317,784,1002,10026387,Dementia and geriatric cognitive disorders,Behavioral syndromes in Alzheimer's disease: description and correlates.,"Behavioral disturbances in patients with Alzheimer's disease (AD) are ill-defined conditions. We hypothesize that the many behavioral disturbances hitherto described and studied might be grouped into few syndromes with separate determinants and correlates.	162 consecutive patients with probable AD admitted to a dementia unit were assessed by the UCLA Neuropsychiatric Inventory (NPI).	Factor analysis was carried out on NPI subscales, leading to three syndromes: 'mood', 'psychotic' and 'frontal'. Patients with the 'psychotic' syndrome were older, had older age at dementia onset, had poorer cognition, were more often males, and had faster rate of dementia progression. Patients with the 'frontal' syndrome had higher education, longer disease duration, and slower rate of progression.	Some combinations of behavioral disturbances occur more frequently together and might represent separate behavioral syndromes. Different clinical correlates of the syndromes suggest separate etiologies.",Remaining,0,0,doi_dummy,human
2209,95,9733,9733408,Seizure,The neurophysiological evaluation of nocturnal frontal lobe epilepsy.,"The most reliable technique for the diagnosis of nocturnal frontal lobe epilepsy (NFLE) is nocturnal video-polysomnography, which is an expensive procedure and unavailable in many Departments of Neurology and Epileptology around the world. The aim of the present study was to evaluate the role of routine video-EEG and video-EEG after sleep deprivation, during the daytime, in the diagnosis of NFLE. We studied 23 patients complaining of repeated nocturnal motor attacks using a 3-level neurophysiological evaluation, including video-EEG when awake (level 1), video-EEG after sleep deprivation, during the daytime (level 2) and nocturnal video-polysomnography (level 3). All the patients had a normal video-EEG when awake. The video-EEG after sleep deprivation (level 2) allowed a diagnosis of NFLE in 52.2% of the patients, while the nocturnal video-polysomnography (level 3) allowed this diagnosis in 87.0% of the same sample. In the patients complaining of repeated nocturnal motor attacks, a video-EEG after sleep deprivation performed during the daytime, could be useful for diagnosis in about one half of cases. This methodology is routinely performed in many Departments of Neurology and Epileptology, and is much less binding and expensive than nocturnal video-polysomnography and so it could be important economically for the health service.",Remaining,0,0,doi_dummy,human
2210,96,7193,7193787,Medicina clinica,"[Clinical, radiologic, ophthalmologic, and endocrine studies in the primary empty sella turcica syndrome (author's transl)].","The clinical, radiologic, ophthalmologic, and endocrine features of nine patients with the syndrome of primary empty sella turcica are described. Pneumoencephalography was diagnostic in the eight patients in whom it was performed, while the remaining case was diagnosed by computerized axial tomography. In two patients alterations of the visual fields were found, while another had a hypertensive eye fundus. Endocrine studies were normal in four patients; the following abnormalities were found in the remaining five cases: one case of partial deficiency of antidiuretic hormone associated to secondary amenorrhea, one case of functional galactorrhea, one case of lack of response of growth hormone to insulin hypoglycemia, one case of hypothalamic deficiency of the hypothalamus-pituitary-thyroid axis, and one case of panhypopituitarism. Pneumoencephalography gave the best diagnostic results but because of its dangers it must be performed only when computerized axial tomography gives negative or equivocal information and the patient is not a typical case (female sex, obese, multiparous, hypertensive, and or diabetid) in the forties.",Remaining,0,0,doi_dummy,human
2218,104,9520,9520072,European neurology,Cerebrospinal fluid levels of amyloid precursor protein and amyloid beta-peptide in Alzheimer's disease and major depression - inverse correlation with dementia severity.,"Alzheimer's disease (AD) is the most common neurodegenerative disorder characterized by progressive dementia that ultimately leads to death. Histopathological hallmarks of AD include brain amyloid deposits and neurofibrillary tangles. Major depression is a frequent diagnosis in every gerontopsychiatric clinic that sees patients with both cognitive and affective disorders. Many depressed patients, in fact, are clinically characterized by cognitive impairments. Thus, an assay that excludes - or confirms - probable AD in cognitively impaired patients is desirable. Such assays may use protein markers that are derived from such histopathologically relevant molecules as the amyloid precursor protein (APP) and its derivatives including the amyloid beta-peptides (Abeta). To evaluate the differential diagnostic properties of cerebrospinal fluid (CSF) Abeta and secreted soluble ectodomain (APPs), we quantitated CSF levels of these measures in AD patients and compared them to age-matched control patients with major depression. CSF levels of APPs and Abeta were similar in patients with AD or major depression, and the apolipoprotein E genotype had no influence on CSF levels of Abeta in AD patients. Measurement of Abeta peptide using a novel zinc/copper capture ELISA that detects aggregated Abeta peptides as well demonstrated similar levels in AD and major depression. In AD patients, CSF levels of total Abeta (Abeta1-40 plus Abeta1-42) were inversely correlated with a functional measure of dementia severity (NOSGER), suggesting that CSF levels of Abeta decrease with advancing severity of AD. Thus, CSF levels of Abeta are not useful for the differentiation of AD from major depression. However, CSF levels of Abeta reflect the severity of dementia and may be useful as biological markers of the stage of the disease.",Remaining,0,0,doi_dummy,human
2220,106,1819,18194524,BMC psychiatry,Factor analysis of the Zung self-rating depression scale in a large sample of patients with major depressive disorder in primary care.,"The aim of this study was to examine the symptomatic dimensions of depression in a large sample of patients with major depressive disorder (MDD) in the primary care (PC) setting by means of a factor analysis of the Zung self-rating depression scale (ZSDS).	A factor analysis was performed, based on the polychoric correlations matrix, between ZSDS items using promax oblique rotation in 1049 PC patients with a diagnosis of MDD (DSM-IV).	A clinical interpretable four-factor solution consisting of a core depressive factor (I); a cognitive factor (II); an anxiety factor (III) and a somatic factor (IV) was extracted. These factors accounted for 36.9% of the variance on the ZSDS. The 4-factor structure was validated and high coefficients of congruence were obtained (0.98, 0.95, 0.92 and 0.87 for factors I, II, III and IV, respectively). The model seemed to fit the data well with fit indexes within recommended ranges (GFI = 0.9330, AGFI = 0.9112 and RMR = 0.0843).	Our findings suggest that depressive symptoms in patients with MDD in the PC setting cluster into four dimensions: core depressive, cognitive, anxiety and somatic, by means of a factor analysis of the ZSDS. Further research is needed to identify possible diagnostic, therapeutic or prognostic implications of the different depressive symptomatic profiles.",Remaining,0,0,doi_dummy,human
2222,108,2249,22498119,Internal medicine journal,Changes in liquid emptying in migraine patients: diagnosed with liquid phase gastric emptying scintigraphy.,"Gastric stasis is suspected mostly to be encountered during acute migraine attack. The aim of this study is to evaluate the liquid phase gastric emptying and motility in migraine patients in ictal and interictal periods in comparison to normal subjects with gastric emptying scintigraphy. Seven women with migraine and age, sex matched controls who applied to the Neurology Department from May 2009 to May 2010 were compared. Gastric emptying study with a standard liquid was performed one time in the non-migraineur group and two times in the migraineur group. Non-migraineur controls and migraineurs were compared. The mean T1/2 was longer in ictal period in migraineurs. The T1/2 of migraineurs interictally and the control groups were similar. The T1/2 of migraineurs ictally and migraineurs interictally were also compared. We also considered the percentage of the radioactive material remaining in the stomach. There were no significant differences between non-migraineurs and migraineurs interictally. However, increased amount of radioactive material remaining in the stomach was observed in migraineurs ictally. We concluded that the liquid emptying was delayed in spontaneous migraine attacks in migraine without aura, however in the interictal period the emptying of liquids did not differ between migraineurs and non-migraineurs.",Remaining,0,0,doi_dummy,human
2223,109,2567,25675779,Klinichna khirurhiia,[The role of multidetector computer tomography in diagnosis of acute pancreatitis].,"With the objective to improve the diagnostic semiotics of an acute pancreatitis (AP) 35 patients were examined, using 64-cut computeric tomograph Lightspeed VCT (GE, USA) with intravenous augmentation in arterial and portal phases. Basing on analysis of the investigations conducted, using multidetector computeric tomography (MDCT), the AP semiotics was systematized, which is characteristic for oedematous and destructive forms, diagnosed in 19 (44.2%) and 16 (45.8%) patients, accordingly. The procedure for estimation of preservation of the organ functional capacity in pancreonecrosis pres- ence was elaborated, promoting rising of the method diagnostic efficacy by 5.3 - 9.4%.",Remaining,0,0,doi_dummy,human
2225,111,3594,35946705,Arquivos de neuro-psiquiatria,Diagnostic accuracy of CompCog: reaction time as a screening measure for mild cognitive impairment.,"Reaction time is affected under different neurological conditions but has not been much investigated considering all types of mild cognitive impairment (MCI).	This study investigated the diagnostic accuracy of CompCog, a computerized cognitive screening battery focusing on reaction time measurements.	A sample of 52 older adults underwent neuropsychological assessments, including CompCog, and medical appointments, to be classified as a control group or be diagnosed with MCI. The accuracy of CompCog for distinguishing between the two groups was calculated.	The results from diagnostic accuracy analyses showed that the AUCs of ROC curves were as high as 0.915 (CI 0.837-0.993). The subtest with the highest sensitivity and specificity (choice reaction time subtest) had 91.7% sensitivity and 89.3% specificity. The logistic regression final model correctly classified 92.3% of individuals, with 92.9% specificity and 91.7% sensitivity, and included only four variables from different subtests.	In summary, the study showed that reaction time assessed through CompCog is a good screening measure to differentiate between normal aging and MCI. Reaction time measurements in milliseconds were more accurate than correct answers. This test can form part of routine clinical tests to achieve the objectives of screening for MCI, indicating further procedures for investigation and diagnosis and planning interventions.	O tempo de reação é afetado em diferentes condições neurológicas, mas não foi muito investigado considerando todos os tipos de comprometimento cognitivo leve (CCL).	Este estudo investigou a acurácia diagnóstica do CompCog, uma bateria computadorizada de rastreio cognitivo focada em medidas de tempo de reação.	Uma amostra de 52 idosos passou por uma avaliação neuropsicológica, incluindo o CompCog, e uma consulta médica para serem classificados como grupo controle ou serem diagnósticos com CCL. A acurácia do teste para distinguir entre os dois grupos foi calculada.	Os resultados das análises de acurácia diagnóstica mostraram AUC das curvas ROC tão altas quanto 0,915 (CI 0,837-0,993). O subteste com maior sensibilidade e especificidade - subteste de tempo de reação de escolha - apresentou sensibilidade de 91,7% e especificidade de 89,3%. O modelo final de regressão logística classificou corretamente 92,3% dos indivíduos, com especificidade de 92,9% e sensibilidade de 91,7%, e incluiu apenas 4 variáveis ​​de diferentes subtestes.	Em resumo, o estudo mostrou que o tempo de reação avaliado pelo CompCog é uma boa medida de rastreio para diferenciar entre envelhecimento normal e CCL. Medidas de tempo de reação em milissegundos se mostraram melhores que o número de respostas corretas. O teste pode fazer parte de testes clínicos de rotina para atingir o objetivo de rastrear o CCL, indicar outros procedimentos para investigação e diagnóstico e planejar intervenções.",Remaining,0,0,doi_dummy,human
2234,120,3452,34523706,Tijdschrift voor psychiatrie,"[Parental support, parental self-efficacy and borderline personality features in adolescents].","Parenting an adolescent with borderline personality disorder (BPD) features can be challenging due to, for example, emotional dysregulation, impulsivity and/or self-destructive behavior. Parents confronted with challenging behavior of their child, may experience less parental-self-efficacy (PSE). Subsequently this lower PSE might strengthen the relationship between low parental support and BPD features.	To increase our understanding of the association between parenting related factors and features of BPD in adolescents.	The sample consisted of 81 adolescents, in the age of 13-21, from a clinical population and their parents. Parents completed (online) questionnaires on parental self-efficacy and adolescents reported on parental support and BPD features.	Adolescents who experienced lower parental support reported more BPD features. Lower parental self-efficacy was not related to BPD features in adolescence, but (more) self-efficacy was related to (older) age. Subsequently no evidence was found for a combined effect of perceived parental support and parental self-efficacy on adolescent BPD features.	Adolescents in a clinical population with higher levels of BPD perceived lower levels of parental support. Parental self-efficacy was not related to levels of BPD. This research is a first step in understanding parenting related factors and BPD features. Longitudinal research is needed to gain more insight in transactions between parenting related factors and symptoms of adolescent BPD.",Remaining,0,0,doi_dummy,human
2242,128,2580,25807477,Journal of neuro-ophthalmology : the official journal of the North American Neuro-Ophthalmology Society,Correlation Between Structural and Functional Retinal Changes in Parkinson Disease.,"To evaluate structural changes in the retina and correlate those with visual function measurements in patients with Parkinson disease (PD).	A cross-sectional comparative study of 20 patients with PD and 20 age-matched healthy controls was conducted. Visual acuity, color vision, contrast sensitivity, visual fields, pattern visual-evoked response (VER), and multifocal electroretinogram were recorded to determine functional change, whereas structural changes were evaluated with retinal nerve fiber layer (RNFL) thickness, macular thickness, macular volume, and ganglion cell-inner plexiform layer complex (GCL-IPL) thickness using spectral domain ocular coherence tomography (SD-OCT).	PD patients ranged from Stage 1-3, with median Stage 2 (Hoehn and Yahr Classification) with mean Unified Parkinson Disease Rating Scale III score of 19 ± 10.42, and average disease duration of 5.8 ± 2.78 years. Visual acuity, color vision, and visual fields were unaffected but contrast sensitivity was significantly worse than controls (P < 0.001). Multifocal electroretinogram values in the central 2° field revealed decreased foveal electrical activity, with increased pattern VER amplitude and latency. Significant RNFL thinning was observed in the average RNFL (P = 0.033), superior (P = 0.018), and temporal (P = 0.036) quadrants. Significant ganglion cell layer loss was captured on SD-OCT with average, minimum GCL-IPL, and all 6 sectors showing thinning (P ≤ 0.003). The functional changes correlated significantly with structural changes, disease duration, and severity. There was no correlation between structural changes in the retina and disease duration or severity.	Subclinical visual dysfunction was observed in patients with PD with good structural-functional correlation. GCL-IPL thinning may be a more reliable parameter than RNFL thickness for structural alterations of the retina in patients with PD.",Remaining,0,0,doi_dummy,human
2247,133,1595,15957677,Journal of studies on alcohol,Persistent cognitive deficits in community-treated alcoholic men and women volunteering for research: limited contribution from psychiatric comorbidity.,"The contribution of psychiatric comorbidity to cognitive status was assessed in a sample of treatment-seeking alcoholics who met criteria to participate in studies of effects of chronic alcohol misuse on brain structure and cognition.	Alcoholic men (n = 43) and women (n = 21) who responded to notices about a research study were screened, clinically assessed and administered Wechsler Memory and Intelligence tests after 3 months of sobriety, on average. Cognitive performance was compared with that of an age-matched sample of healthy controls (n = 51).	As a group, the alcoholics achieved significantly lower scores than controls on summary indices of the Wechsler Memory and Adult Intelligence Scales and showed greater decline from estimated premorbid intelligence levels than controls. Almost 60% of the alcoholics had at least one additional psychiatric (mood or anxiety) or past substance-dependence comorbidity. There were no marked sex differences in patterns of comorbidity. Comorbid alcoholics were younger, had consumed less alcohol over their lifetime and performed between noncomorbid alcoholics and controls on all tests.	Mood and anxiety comorbidity did not necessarily compound poor cognitive test performance associated with chronic alcohol misuse. While unexpected, this finding suggests that, in this sample, poorer cognitive performance was more a function of alcoholism per se than nonalcoholic comorbidity.",Remaining,0,0,doi_dummy,human
2248,134,2129,21294942,The international journal of neuropsychopharmacology,"Stability of prepulse inhibition and habituation of the startle reflex in schizophrenia: a 6-year follow-up study of initially antipsychotic-naive, first-episode schizophrenia patients.","Deficits in information processing appear to be core features in the pathogenesis of schizophrenia. Prepulse inhibition (PPI) and habituation of the startle reflex are operational measures of early information processing. Impaired PPI in schizophrenia has been replicated in many studies and is regarded as an endophenotype for schizophrenia. However, reports on the stability of PPI over a longer period of time are lacking, both for patients with schizophrenia and for healthy subjects. The current study examined 25 initially drug-naive, first-episode schizophrenia patients and 23 healthy matched controls. Three PPI measures [stimulus onset asynchrony (SOA) 30, 60, 120 ms] and habituation were assessed at baseline, and again after 6 yr. Sixteen patients and 17 healthy controls completed the study, and 13 patients and 17 healthy controls were included in the final analysis. The schizophrenia patients had PPI deficits compared to controls at baseline. After 6 yr, no significant group differences were found. PPI had increased significantly in the patients and had decreased significantly in controls. In addition, patients showed significantly less habituation than controls while habituation did not change in patients or controls. The present results show that PPI in drug-naive, first-episode schizophrenia patients can improve significantly over time. As PPI increased in patients over the same period that it decreased in controls, it is likely that the increase was caused by disease-related factors such as disease process, clinical state, or medication.",Remaining,0,0,doi_dummy,human
2249,135,1685,16850255,Metabolic brain disease,Neurocircuitry of disgust and anxiety in obsessive-compulsive disorder: a positron emission tomography study.,"Disgust and fear are basic emotions that have different elicitors and expressions, and that appear to be mediated by different neurocircuits. Although obsessive-compulsive disorder (OCD) is classified as an anxiety disorder, disgust may be involved in its pathogenesis. Functional magnetic resonance imaging (fMRI) studies of disgust-inducing visual stimuli in OCD have suggested disorder specific alterations in brain activation during these tasks.	Subjects with OCD and healthy controls (HC) underwent positron emission tomography (PET) brain scanning after injection of H(2) (15)O. During PET, subjects either watched slides designed to evoke feelings of disgust (OCD = 5, HC = 11), expected the delivery of an electrical shock (OCD = 11, HC = 13), or rested (OCD = 11, HC = 14). After the anticipatory anxiety and resting tasks, anxiety ratings, heart rate, and electrodermal measures were obtained. Statistical parametric mapping (SPM) was used to analyze regional cerebral blood flow (rCBF) data.	Comparison of OCD subjects with controls on differences in rCBF across the disgust-inducing and resting tasks showed that OCD was characterized by greater rCBF in the left insula. In OCD the disgust-inducing task increased right lateral orbitofrontal cortex rCBF compared to resting, whereas in controls there was no difference in rCBF between these tasks. Anxiety ratings, heart rate, and electrodermal activity increased during anticipatory anxiety in both groups, and comparison of rCBF in OCD subjects with controls in anticipatory anxiety versus resting state also found no significant differences.	OCD may be characterized by a disruption in disgust processing, such that there is a decrease in appropriate disgust (such as that evoked by observing disgust in others) and an increase in inappropriate disgust (such as that evoked by contamination stimuli). The insula may play a particularly important role in mediating such putative disruptions. The sample studied here was small, and further work is required to determine whether disgust-induced activation patterns in OCD are more apparent in specific subtypes of this disorder, whether they are specific to OCD, and whether they are normalized by treatment.",Remaining,0,0,doi_dummy,human
2250,136,8726,8726540,Clinical neuropharmacology,Lack of relation between genetic polymorphism of cytochrome P-450IID6 and sporadic idiopathic Parkinson's disease.,"We investigated genetic polymorphism of the cytochrome P-450 CYP2D6 gene from white patients with idiopathic Parkinson's disease (IPD). The mutations of the CYP2D6 gene associated with the poor metabolizer (PM) phenotype of the debrisoquine/sparteine polymorphism were analyzed in DNA of 130 IPD patients by a polymerase chain reaction (PCR)-based DNA amplification combined with Xba I restriction fragment length polymorphism (RFLP) analysis in 105 patients. Another mutation located in exon 6 was analyzed by Hha I RFLP in 94 IPD patients. The frequencies of the different CYP2D6 gene mutations were compared to the frequencies in sex- and age-matched white control population with chronic bronchitis. The rate of genotypically defined PM and the frequencies of the different mutations were not significantly different in IPD patients and controls. These results fail to confirm the previously reported results concerning CYP2D6 gene mutations in IPD. These equivocal results might be related to methodologic problems. However, other hypotheses have been suggested: impairment of neuronal CYP 2D6 expression, transient modification of CYP 2D6 phenotype, or linkage of CYP2D6 gene to the candidate gene locus directly involved in IPD.",Remaining,0,0,doi_dummy,human
2254,140,2216,22163278,PloS one,A blood-based screening tool for Alzheimer's disease that spans serum and plasma: findings from TARC and ADNI.,"There is no rapid and cost effective tool that can be implemented as a front-line screening tool for Alzheimer's disease (AD) at the population level.	To generate and cross-validate a blood-based screener for AD that yields acceptable accuracy across both serum and plasma.	Analysis of serum biomarker proteins were conducted on 197 Alzheimer's disease (AD) participants and 199 control participants from the Texas Alzheimer's Research Consortium (TARC) with further analysis conducted on plasma proteins from 112 AD and 52 control participants from the Alzheimer's Disease Neuroimaging Initiative (ADNI). The full algorithm was derived from a biomarker risk score, clinical lab (glucose, triglycerides, total cholesterol, homocysteine), and demographic (age, gender, education, APOE*E4 status) data.	Alzheimer's disease.	11 proteins met our criteria and were utilized for the biomarker risk score. The random forest (RF) biomarker risk score from the TARC serum samples (training set) yielded adequate accuracy in the ADNI plasma sample (training set) (AUC = 0.70, sensitivity (SN) = 0.54 and specificity (SP) = 0.78), which was below that obtained from ADNI cerebral spinal fluid (CSF) analyses (t-tau/Aβ ratio AUC = 0.92). However, the full algorithm yielded excellent accuracy (AUC = 0.88, SN = 0.75, and SP = 0.91). The likelihood ratio of having AD based on a positive test finding (LR+) = 7.03 (SE = 1.17; 95% CI = 4.49-14.47), the likelihood ratio of not having AD based on the algorithm (LR-) = 3.55 (SE = 1.15; 2.22-5.71), and the odds ratio of AD were calculated in the ADNI cohort (OR) = 28.70 (1.55; 95% CI = 11.86-69.47).	It is possible to create a blood-based screening algorithm that works across both serum and plasma that provides a comparable screening accuracy to that obtained from CSF analyses.",Remaining,0,0,doi_dummy,human
2261,147,2833,28333604,The Permanente journal,Patient Preferences for Discussing Childhood Trauma in Primary Care.,"Exposure to traumatic events is common in primary care patients, yet health care professionals may be hesitant to assess and address the impact of childhood trauma in their patients.	To assess patient preferences for discussing traumatic experiences and posttraumatic stress disorder (PTSD) with clinicians in underserved, predominantly Latino primary care patients.	Cross-sectional study.	We evaluated patients with a questionnaire assessing comfort to discuss trauma exposure and symptoms using the Adverse Childhood Experiences (ACE) Study questionnaire and the Primary Care-PTSD screen. The questionnaire also assessed patients' confidence in their clinicians' ability to help with trauma-related issues. Surveys were collected at an integrated medical and behavioral health care clinic.	Of 178 adult patients asked, 152 (83%) agreed to participate. Among participants, 37% screened positive for PTSD, 42% reported 4 or more ACEs, and 26% had elevated scores on both measures. Primary Care-PTSD and ACE scores were strongly positively correlated (r = 0.57, p < 0.001). Most patients agreed they were comfortable being asked about trauma directly or through screening questionnaires and did not oppose the inclusion of trauma-related information in their medical record. In addition, most patients perceived their clinician as comfortable asking questions about childhood trauma and able to address trauma-related problems.	Screening is acceptable to most primary care patients regardless of trauma exposure or positive PTSD screening. Findings may aid primary care clinicians to consider screening regularly for ACEs and PTSD to better serve the health care needs of trauma-exposed patients.",Remaining,0,0,doi_dummy,human
2265,151,9426,9426989,Ethnicity & health,Symptoms in children of British and of Bangladeshi parents measured by the Rutter B2 Questionnaire.,"Bangladeshi children are less frequently referred to a child psychiatric clinic than their British peers. This study aimed to ascertain if teachers observed less psychological symptoms in Bangladeshi than British children.	Teachers completed a Rutter B2 Scale on samples of 113 'Bangladeshi' and 61 British children aged between 5 and 11 years.	Teachers recognised less symptomatology in the Asian children than their British peers. This trend was significant in children under the age of 8, but there was no significant difference in those aged 8-11 years. Only 13% of Bangladeshi children were fully fluent in English.	Two alternate hypotheses are put forward to explain these findings: (a) because more of the younger children could not speak English and communicate freely with their teachers, their symptoms were not noted by teachers; (b) the symptoms of the older children were a response to the pressures both the children and families faced as new immigrants. This study clearly needs to be replicated with a larger sample and also with interviews with both children and parents in order to validate the Rutter B2 questionnaires as an appropriate measure of disturbance in Bangladeshi children. It should be replicated with validated assessments of the children's fluency in English. It is also important to discuss with Bangladeshi parents what support they would like from both the school and from child psychiatric services, to promote their children's psychological health.",Remaining,0,0,doi_dummy,human
2266,152,2915,29155708,Journal of visualized experiments : JoVE,Enrichment of Detergent-insoluble Protein Aggregates from Human Postmortem Brain.,"In this study, we describe an abbreviated single-step fractionation protocol for the enrichment of detergent-insoluble protein aggregates from human postmortem brain. The ionic detergent N-lauryl-sarcosine (sarkosyl) effectively solubilizes natively folded proteins in brain tissue allowing the enrichment of detergent-insoluble protein aggregates from a wide range of neurodegenerative proteinopathies, such as Alzheimer's disease (AD), Parkinson's disease and amyotrophic lateral sclerosis, and prion diseases. Human control and AD postmortem brain tissues were homogenized and sedimented by ultracentrifugation in the presence of sarkosyl to enrich detergent-insoluble protein aggregates including pathologic phosphorylated tau, the core component of neurofibrillary tangles in AD. Western blotting demonstrated the differential solubility of aggregated phosphorylated-tau and the detergent-soluble protein, Early Endosome Antigen 1 (EEA1) in control and AD brain. Proteomic analysis also revealed enrichment of β-amyloid (Aβ), tau, snRNP70 (U1-70K), and apolipoprotein E (APOE) in the sarkosyl-insoluble fractions of AD brain compared to those of control, consistent with previous tissue fractionation strategies. Thus, this simple enrichment protocol is ideal for a wide range of experimental applications ranging from Western blotting and functional protein co-aggregation assays to mass spectrometry-based proteomics.",Remaining,0,0,doi_dummy,human
2271,157,1052,10527059,Neuropsychology,Dissociation between two forms of conceptual priming in Alzheimer's disease.,"Patients with Alzheimer's disease (AD) and healthy control participants performed 2 conceptual repetition priming tasks, word-associate production and category-exemplar production. Both tasks had identical study-phases of reading target words aloud, had the most common responses as target items, and required production of a single response. Patients with AD showed normal priming on word-associate production but impaired priming on category-exemplar production. This dissociation in AD suggests that conceptual priming is not a unitary form of memory but rather is mediated by separable memory systems.",Remaining,0,0,doi_dummy,human
2281,167,2299,22990044,The American journal of the medical sciences,Relationship between psychiatric disorders and quality of life in nondialysis patients with chronic kidney disease.,"The aim of this study was to investigate the relationship between psychiatric disorders (anxiety and depression) and quality of life (QOL) in nondialysis patients with chronic kidney disease (CKD).	QOL was evaluated in a sample of 57 nondialysis patients with CKD using the 36-item Short Form Health Survey questionnaire comprising 8 scales, including the physical component summary and mental component summary measures. Depression and anxiety were estimated using the Hamilton Depression Rating Scale and Hamilton Anxiety Rating Scale, respectively.	Depression and anxiety scores were negatively correlated with 7 of the 8 scales of the Short Form 36 questionnaire, and with the physical component summary and mental component summary scores, despite 38.6% patients with depression and 54.4% with anxiety, whereas QOL in the depression group, the anxiety group, and the anxiety and depression comorbid group was lower than that for those without the corresponding psychiatric disorders (P < 0.05).	This study demonstrates that depression and anxiety, commonly encountered in patients with CKD, could be a risk factor for QOL in these patients.",Remaining,0,0,doi_dummy,human
2284,170,4230,423003,Journal of neurosurgery,Cerebral hemodynamic changes during plateau waves in brain-tumor patients.,"The plateau wave, one of the wave forms observed in patients with increased intracranial pressure, has previously been extensively investigated, but its pathophysiological aspect is as yet unclear. The authors undertook a study of cerebral hemodynamic changes while the plateau waves were observed in five brain-tumor patients. Although the number of cases studied was small, a remarkable decrease in cerebrovascular resistance was seen in all patients during the plateau waves. It is suggested that the plateau waves are caused by a marked cerebral vasodilatation. The present results support the thesis that cerebral blood volume is increased during the plateau waves. The plateau waves are closely related to the intrinsic vasomotor control of cerebral circulation, and can occur as long as cerebral vasodilating ability is maintained, irrespective of the existence of cerebral autoregulation.",Remaining,0,0,doi_dummy,human
2288,174,7771,7771669,"Alcoholism, clinical and experimental research",The Obsessive Compulsive Drinking Scale: a self-rated instrument for the quantification of thoughts about alcohol and drinking behavior.,"It has been suggested that a crucial dimension of alcohol 'craving' includes the concept of both obsessive thoughts about alcohol use and compulsive behaviors toward drinking. An interview-based rating scale, the Yale-Brown Obsessive Compulsive Scale-heavy drinkers (YBOCS-hd), has been found useful in quantifying this concept in alcohol-dependent individuals. A self-rating scale, the Obsessive Compulsive Drinking Scale (OCDS) has been developed by us as a modification of the YBOCS-hd. The YBOCS-hd showed excellent interrater reliability in our hands. The correlation between the YBOCS-hd and the OCDS total scores obtained on 60 alcohol-dependent individuals was 0.83. The test-retest correlation for the OCDS total score was 0.96, and the obsessive and compulsive subscales test-retest correlations were 0.94 and 0.86, respectively. The internal consistency of the items in the OCDS was high (0.86) and did not improve significantly with removal of individual items. The shared variance between the OCDS scores and alcohol consumption during the period of evaluation was only approximately 20%, indicating that the dimension measured by the scale was somewhat independent of actual drinking. As such, it might act as an independent measure of the 'state of illness' for alcohol-dependent individuals. When used during a prospective 12-week treatment research study, initial results indicate that the OCDS seems to validly measure a dimension of alcohol dependence, because it decreased from baseline during alcohol reduction and increased in relationship to relapse drinking.(ABSTRACT TRUNCATED AT 250 WORDS)",Remaining,0,0,doi_dummy,human
2291,177,3032,3032641,European neurology,The haematic thiamine level in the course of alcoholic neuropathy.,"The specific roles of ethanol and malnutrition in the pathogenesis of neurological disorders of chronic alcoholism remain unclear. We measured plasmatic thiamine levels and erythrocyte transketolase activity in 30 alcoholics with peripheral neuropathy and in 4 with a Wernicke-Korsakoff (W-K) syndrome. Thiamine levels in the first group were comparable to those of normal subjects while a significantly lower concentration was found in W-K syndrome. Transketolase activity was lower for both groups in comparison with normal subjects. We suggest that a defect in thiamine utilization is involved in peripheral neuropathy of alcoholics, rather than a lack of thiamine itself.",Remaining,0,0,doi_dummy,human
2292,178,1457,14572619,Psychiatry research,Homocysteine metabolism and B-vitamins in schizophrenic patients: low plasma folate as a possible independent risk factor for schizophrenia.,"Two apparently unrelated disorders, neural tube defects (NTD) and schizophrenia showed increased risks in birth cohorts exposed to famine during early gestation. NTD is associated with impaired folate metabolism. We investigated whether schizophrenia is also linked with a dysfunctional folate metabolism. In addition to the prevalence of the 677C-->T mutation in the 5,10-methylenetetrahydrofolate reductase (MTHFR) gene, we compared plasma and red blood cell (RBC) folate, vitamin B6, vitamin B12, and homocysteine (Hcy) concentrations of 35 schizophrenic patients with those of 104 unrelated controls. Schizophrenic patients had significantly lower plasma folate concentrations after adjustment for Hcy levels, and elevated RBC folate levels compared to controls. Vitamin B6, vitamin B12, and Hcy levels did not differ from control values. Plasma folate levels below the 10th percentile of controls were associated with an approximate 4-7-fold (before and after adjustment of folate levels for Hcy, respectively) risk of having schizophrenia. In addition, a significant dose-response relation between plasma folate concentrations and risk for schizophrenia suggested a protective effect by high plasma folate concentrations. Elevated Hcy levels and, in line with this finding, homozygosity for the 677C-->T mutation in the MTHFR gene were not associated with an increased risk for schizophrenia. Evidence is presented suggesting that folate metabolism is disturbed in schizophrenic patients, independently of Hcy.",Remaining,0,0,doi_dummy,human
2293,179,1831,18314446,"The journals of gerontology. Series A, Biological sciences and medical sciences",Association of NRH:quinone oxidoreductase 2 gene promoter polymorphism with higher gene expression and increased susceptibility to Parkinson's disease.,"The N-ribosyldihydronicotinamide (NRH):quinone oxidoreductase 2 (NQO2) gene encodes an enzyme that catalyzes activation of quinones. Blood DNA from 80 control individuals and 118 age-matched Parkinson's disease patients were analyzed for NQO2 gene promoter polymorphisms. The results revealed three allelic variants, designated I-29, I-16, and D. These results were confirmed in fibroblast cell lines. In patients with Parkinson's disease, there was a significant increase in the frequency of the D allele, but there was no difference in the frequency of the alleles in familial compared to sporadic Parkinson's disease. The D and I-16 promoters direct higher NQO2 gene expression that results in higher enzyme activity. Overexpression of NQO2 in the catecholaminergic neuroblastoma SH-SY5Y cells resulted in increased production of reactive oxygen species when exposed to exogenous dopamine. The results suggest that the association of the D promoter with Parkinson's disease may be due to an increase in expression of the NQO2 gene.",Remaining,0,0,doi_dummy,human
2297,183,2111,21112701,Drug and alcohol dependence,Psychopathic heroin addicts are not uniformly impaired across neurocognitive domains of impulsivity.,"Impulsivity is a hallmark characteristic of drug addiction and a prominent feature of externalizing disorders such as psychopathy that are commonly comorbid with drug addiction. In a previous study (Vassileva et al., 2007) we have shown that psychopathic heroin addicts evidence more impulsive decision-making on the Iowa Gambling Task relative to non-psychopathic heroin addicts. The goal of the current study was to investigate whether the observed impulse-control deficits in psychopathic heroin addicts would generalize to other neurocognitive domains of impulsivity, such as delay discounting and behavioral inhibition among a group of relatively 'pure' heroin addicts in Bulgaria who participated in our previous study.	We tested 92 currently abstinent male heroin addicts, classified as psychopathic or non-psychopathic based on the Hare Psychopathy Checklist - Revised (PCL-R). We administered two neurocognitive tasks of impulsivity: (1) Delayed Rewards Discounting Task, a measure of temporal discounting of rewards; and (2) Passive Avoidance Learning Task, a measure of behavioral inhibition.	Psychopathic heroin addicts were not impaired relative to non-psychopathic heroin addicts on the Delayed Rewards Discounting Task and the Passive Avoidance Learning Task, on the latter of which they showed better attentional capacity.	These results indicate that psychopathic heroin users are not uniformly impaired across neurocognitive domains of impulsivity. Combined with our previous findings, results suggest that the presence of psychopathy may exacerbate decision-making deficits in psychopathic heroin addicts, but it may not have significant effect on other neurocognitive domains of impulsivity in this population.",Remaining,0,0,doi_dummy,human
2301,187,1991,19911113,Acta neurochirurgica,Aftercare in patients with Cushing's disease and acromegaly: is there room for improvement?,"Evaluation of aftercare, medical therapy and remission rate for Cushing's disease (CD) and acromegaly (AC).	Fifty-eight CD and 83 AC patients operated on over 10 years were carefully evaluated. The patients received a disease-related questionnaire and were invited for a follow-up at the outpatient clinic of the Department of Neurosurgery. Thirty-three CD and 52 AC patients returned the questionnaire; 25 CD and 37 AC patients participated personally. CD patients underwent a dexamethasone suppression test, and IGF-1 levels were assessed in AC patients. Data on postoperative therapy were assessed.	84.8% of those with CD and 75.0% of those with AC had been followed by endocrinologists; 9.1% of CD and 1.9% of AC patients had been under no aftercare; 96% of CD patients were in remission. A recurrence occurred in four patients, two were newly detected by our study. IGF-1 was postoperatively normalized in 25 of 37 AC patients (67.6%). Twenty patients remained in remission, five relapsed. One patient received medical therapy upon recurrence and presented normal IGF-1; four patients with relapse had not been treated yet. Ten of 12 patients with elevated early postoperative IGF-1 received medical therapy that was commenced within 6 months in nine cases. The mean duration of medical therapy was 36 months (range 2-92). IGF-1 was still elevated at the last follow-up in eight of these ten patients, all of them receiving monotherapy. In four patients, the dose had been increased once.	The postoperative transfer back to the endocrinologist after operative treatment is achieved well in both groups. In uncured AC, medical therapy is initiated early, but options of therapy offer room for improvement. Therapy of recurrence is delayed in both pathologies.",Remaining,0,0,doi_dummy,human
2304,190,1509,15096530,Journal of pediatric psychology,"Relationship of structural magnetic resonance imaging, magnetic resonance perfusion, and other disease factors to neuropsychological outcome in sickle cell disease.","To investigate the relationship between neuropsychological functioning and radiographic findings in children with sickle cell disease (SCD) with no history of clinical neurological events.	Thirty-one patients with SCD randomly selected from a regional treatment center underwent neuropsychological and disease severity assessments. Of these, 22 also had structural magnetic resonance imaging and magnetic resonance perfusion studies performed.	Forty-five percent of the imaged subgroup showed imaging abnormalities that were found to be correlated with disease severity but not neuropsychological level of performance indices. A significant relationship, however, was found between imaging abnormalities and increased variability in neuropsychological performance.	These results corroborate the high rate of rheologic and vascular pathology in SCD and underscore the importance of representing neuropsychological functioning in multiple ways.",Remaining,0,0,doi_dummy,human
2307,193,3480,3480684,Acta paediatrica Scandinavica,Early feeding problems in an affluent society. IV. Impact on growth up to two years of age.,"A study was undertaken to investigate growth in children with different types of early feeding problems without any obvious medical explanation. Altogether 42 children were studied and followed up to the age of two years. Twenty-five children refused to eat (RTE), nine had colic, seven had vomiting and one child displayed hyperirritability at mealtimes. Comparisons were made with controls matched for sex, age and residential area. Attained weight and length were measured frequently; rates of gain were calculated and the growth variables were transformed to standard deviation scores (SD scores). After the onset of the symptoms the SD scores of attained weight and length decreased significantly in the children with RTE and in those with vomiting (p less than 0.05), and the rate of weight gain was significantly lower in the RTE group than in the control group (p less than 0.001). At two years of age the children with vomiting had recovered and showed a complete catch-up growth, while the RTE group had attained significantly lower SD scores of attained weight (p less than 0.001) and length (p less than 0.001) than the control group. It was found that the risk of growth impairment was greatest in children who refused all food or all food except breast milk.",Remaining,0,0,doi_dummy,human
2316,202,3418,3418380,Journal of neurosurgery,CSF leukotriene C4 following subarachnoid hemorrhage.,"Leukotrienes derive from arachidonic acid metabolism via the lipoxygenase pathway and modulate several cellular events. In the central nervous system, leukotrienes are mainly synthesized in the gray matter and in vascular tissues. Their production is enhanced in ischemic conditions and in experimental subarachnoid hemorrhage (SAH). Previous studies have indicated the ability of the leukotrienes C4 and D4 to constrict arterial vessels in vivo and in vitro and have suggested their involvement in the pathogenesis of cerebral arterial spasm. In the present study, the authors measured lumbar and cisternal cerebrospinal fluid (CSF) levels of leukotriene C4 in 48 patients who had suffered aneurysmal SAH. In 12 of the cases, symptomatic and radiological spasm was evident. The mean lumbar CSF level of immunoreactive-like activity of leukotriene C4 (i-LTC4) was significantly higher (p less than 0.005) than in control cases, while the cisternal CSF level was higher than the lumbar mean concentration (p less than 0.005). Patients presenting with vasospasm had significantly higher levels of i-LTC4 compared to patients without symptomatic vasospasm. This is the first report concerning monitoring of i-LTC4 levels in the CSF after SAH. The results of this study suggest that: 1) metabolism of arachidonic acid via the lipoxygenase pathway is enhanced after SAH; 2) the higher cisternal CSF levels of i-LTC4 may be part of the biological response in the perianeurysmal subarachnoid cisterns after the hemorrhage; and 3) the higher CSF levels of i-LTC4 in patients presenting with vasospasm suggest that a relationship exists between this compound and arterial spasm and/or reflect the development of cerebral ischemic damage.",Remaining,0,0,doi_dummy,human
2317,203,2707,27070004,Journal of Parkinson's disease,Impaired Switching from Self-Prepared Actions in Mild Parkinson Disease.,"Planned and initiated actions frequently need to be terminated in favor of another action. It is known that many individuals with Parkinson's disease (PD) have more difficulty self-initiating movement (i.e., endogenously evoked movement)than moving in response to environmental stimuli (i.e., exogenously evoked movement). However, it is not known if individuals with PD display this same endogenous-exogenous asymmetry when needing to terminate, disengage, and reprogram movements.	This study used a novel reaction time (RT) paradigm to test whether patients with mild PD have subclinical deficits of endogenous movement initiation and endogenous movement reprogramming.	Twelve non-demented individuals with PD on medication and 15 demographically similar healthy control (HC)participants completed an experimental paradigm that examined their RTs (key press) following self-selected valid action preparation (endogenous cues) versus valid exogenously presented cues. The paradigm also assessed participants' ability to rapidly stop their endogenous or exogenous preparation following an invalid cue and execute an alternative action (key press).	Participants with PD produced similar RTs as controls following endogenous and exogenous valid cues, and following invalid exogenous cues. However, following invalid endogenous cues, PD participants were slower than HC participants to stop an endogenous preparation and execute an alternative action.	Despite having mild disease and being on dopaminergic medication, these individuals with PD displayed deficits in motor disengagement and reprograming of self-selected actions. Future studies should examine how this phenomenon influences every day actions, as well as possible treatments for this deficit.",Remaining,0,0,doi_dummy,human
2323,209,1262,12624948,Molekuliarnaia biologiia,[Polymorphism of the serotonin receptor (5-HTR2A) gene and verbal fluency in normalcy and schizophrenia].,"To study the effect of the serotonergic brain system on verbal fluency (i.e., the ability to rapidly extract necessary words from the vocabulary), the T102C polymorphism of the serotonin receptor type 2A (5-HTR2A) gene was tested for association with verbal fluency in 108 patients with schizophrenia or schizotypic disorders and 97 mentally healthy individuals. A significant association was observed only in male schizophrenics (N = 67), with homozygotes A2A2 having lower verbal fluency. The results did not support the association between the 5-HTR2A polymorphism and verbal fluency in normalcy, and agree with the assumed contribution of genotype A2A2 to the severity of schizophrenia.",Remaining,0,0,doi_dummy,human
2328,214,3095,30952413,Neurologic clinics,Polyarteritis Nodosa Neurologic Manifestations.,"Polyarteritis nodosa (PAN) is a necrotizing vasculitis affecting medium-sized vessels whose main manifestations are weight loss, fever, peripheral neuropathy, renal, musculoskeletal, gastrointestinal tract and/or cutaneous involvement(s), hypertension and/or cardiac failure. Peripheral neuropathy is one of the most frequent and earliest symptoms, affecting 50% to 75% of PAN patients. Central nervous system involvement affects only 2% to 10% of PAN patients, often late during the disease course. Treatment relies on combining corticosteroids and an immunosuppressant (mainly cyclophosphamide) in patients with poor prognoses. In patients with hepatitis B virus-related PAN, plasma exchanges and antiviral drugs should be combined with corticosteroids.",Remaining,0,0,doi_dummy,human
2331,217,1611,16116613,Movement disorders : official journal of the Movement Disorder Society,Brain atrophy rates in Parkinson's disease with and without dementia using serial magnetic resonance imaging.,"Increased rates of brain atrophy are seen in Alzheimer's disease, but whether rates are similarly increased in other dementias such as Parkinson's disease dementia (PDD) has not been well examined. We determined the rates of brain atrophy using serial magnetic resonance imaging (MRI) in PDD and compared this finding to rates seen in cognitively intact Parkinson's disease (PD) patients and age-matched control subjects. Thirty-one patients (PD = 18, PDD = 13) and 24 age-matched controls underwent serial volumetric 1.5 T MRI scans, approximately 1 year apart. Baseline and repeat scans were registered and quantification of the brain boundary shift integral was used to determine whole-brain atrophy rates. Rates of brain atrophy were significantly increased in PDD (1.12 +/- 0.98%/year) compared to PD (0.31 +/- 0.69%/year; P = 0.018) and control subjects (0.34 +/- 0.76%/year; P = 0.015). There were no differences in atrophy rates between controls and PD (P = 0.79). No correlations between increased atrophy rates and age or dementia severity (Mini-Mental State Examination score) were observed. Serial MRI may be a useful tool for monitoring disease progression in PDD and further studies should investigate its utility for early diagnosis.",Remaining,0,0,doi_dummy,human
2333,219,1139,11390547,"Journal of nuclear medicine : official publication, Society of Nuclear Medicine",Ictal hyperperfusion of cerebellum and basal ganglia in temporal lobe epilepsy: SPECT subtraction with MRI coregistration.,"The ictal hyperperfusion (compared with the interictal state) of the cerebellum and basal ganglia has not been investigated systematically in patients with temporal lobe epilepsy (TLE). Their ictal perfusion patterns were analyzed in relation to temporal and frontal hyperperfusion during TLE seizures using SPECT subtraction.	Thirty-three TLE patients had interictal and ictal SPECT, video-electroencephalographic (EEG) monitoring, and volumetric MRI. SPECT subtraction with MRI coregistration was performed using commercial software. The presence of ictal hyperperfusion was determined in the ipsilateral and contralateral temporal lobe, frontal lobe, cerebellum, and basal ganglia.	All patients showed ictal hyperperfusion in the temporal lobe of seizure origin. Vermian cerebellar hyperperfusion (CH) was observed in 26 patients (78.8%) and hemispheric CH was found in 25 (75.8%). Compared with the side of the epileptogenic temporal lobe, there were 7 patients with ipsilateral hemispheric CH (28.0%), 15 with contralateral hemispheric CH (60.0%), and 3 with bilateral hemispheric CH (12.0%). CH was observed more frequently in patients with additional frontal hyperperfusion (14/15, 93.3%; 2 ipsilateral to the seizure focus, 10 contralateral, and 2 bilateral) than in patients without frontal hyperperfusion (11/18, 61.1%). Among 18 patients with temporal hyperperfusion without frontal hyperperfusion, 11 patients showed hemispheric CH (5 ipsilateral to seizure focus, 5 contralateral, 1 bilateral). Hyperperfusion in the basal ganglia (BGH) was seen in 11 of the 15 patients with temporal and frontal hyperperfusion (73.3%) and in 11 of the 18 with only temporal hyperperfusion (61.1%). In 17 patients with unilateral BGH (13 ipsilateral to the seizure focus, 4 contralateral), CH contralateral to the BGH was observed in 14 (82.5%), CH ipsilateral to the BGH was found in 2 (11.8%), and CH bilateral to the BGH was found in 1 (5.9%).	During TLE seizures, hemispheric CH occurred not only in contralateral but also in ipsilateral or bilateral cerebellar hemispheres to the side of seizure origin. Although temporal lobe origin seizures associated with additional frontal hyperperfusion produced more frequent hemispheric CH, seizures showing only temporal hyperperfusion without frontal hyperperfusion could produce BGH and CH. To determine the side of hemispheric CH, the most important factor appears to be the side of BGH, not the side of seizure origin.",Remaining,0,0,doi_dummy,human
2334,220,3962,3962925,American journal of community psychology,Social support as a multifaceted concept: examination of important dimensions for adjustment.,"Four commonly used operationalizations of the social support concept: network contact frequency, satisfaction with support (including nine dimensions), perceived availability of support, and use of support, were related to two measures of psychological adjustment (Beck Depression Inventory and Symptom Checklist-90) and to one measure of physical adjustment (Cornell Medical Index). Subjects were 68 45- to 85-year-old, highly stressed care-givers to spouses with Alzheimer's disease. Results indicate that of the four operationalizations, Satisfaction with Support was the only significant predictor of depression and general psychopathology. The set of four support variables showed the strongest relationship to depression level, next strongest to general psychopathology, and least to physical health. The satisfaction with nine social support dimensions related differentially to the types of adjustment. Results suggest the importance of specificity (sample, support operationalization, dimensions, adjustment measures) in social support research.",Remaining,0,0,doi_dummy,human
2335,221,3512,35124278,Journal of proteomics,"Isotopic N,N-dimethyl leucine tags for absolute quantification of clusterin and apolipoprotein E in Alzheimer's disease.","Alzheimer's disease (AD) is the most common form of dementia and one of the leading causes of death in the United States. In the past decades, extensive efforts have been devoted to biomarker discovery for early diagnosis and treatment of AD. Herein, this study aims to quantify clusterin (CLU) and apolipoprotein E (APOE) in blood samples from AD patients and evaluate these two proteins as potential biomarkers in AD diagnosis. In-house synthesized 5-plex isotopic N,N-dimethyl leucine (iDiLeu) tags were used to label target peptide standards at different concentrations to construct standard curves. Our study revealed that the levels of CLU and APOE exhibited clear differences in male vs. female AD groups but not in male vs. female non-AD groups. In contrast, the levels of serum CLU and APOE did not show statistically significant differences in the AD groups and non-AD groups. Principal component analysis (PCA) with CLU and APOE showed some separation between the AD and non-AD participants. Significance: Dissecting CLU and APOE heterogeneity in AD pathogenesis may therefore facilitate delineating the pathological relevance for sex-related pathways, leading to personalized medicine in the future. Collectively, this study introduces a cost-effective absolute quantitative proteomics strategy for target protein quantitation and lays the foundation for future investigation of CLU and APOE as potential biomarkers for AD. SIGNIFICANCE STATEMENT: As blood-based biomarkers for AD diagnosis are cost-effective and introduce less invasiveness, discovery and validation of biomarkers in the blood samples of AD patients have become a hot topic in Alzheimer's and dementia research. Thus far, amyloid β (Aβ), total-tau and phosphorylated tau (p-tau) in blood show great accuracy and specificity in diagnosis of AD. However, the underlying mechanism of AD pathology remains to be elusive and complex. Besides these well studied proteins, many other proteins, such as clusterin (CLU) and apolipoprotein E (APOE) have also been found to be related to AD development. It has been implicated that these two proteins are involved in Aβ clearance and deposition. In this study, we measure the absolute concentrations of these two proteins in blood and shed some light on the potential roles of CLU and APOE in AD pathology. Dissecting CLU and APOE heterogeneity in AD pathogenesis may therefore facilitate delineating the pathological relevance for specific pathways between different genders, leading to personalized medicine in the future. Collectively, this study introduces a cost-effective absolute quantitative proteomics strategy for target protein quantitation and lays the foundation for future investigation of CLU and APOE as potential biomarkers for AD.",Remaining,0,0,doi_dummy,human
2341,227,1567,15673232,Adolescence,Eating attitudes and their psychological correlates among Turkish adolescents.,"This study examined the eating attitudes and psychological characteristics of Turkish late adolescents. Seven hundred eighty-three university students were administered the Eating Attitudes Test, Rosenberg Self-Esteem Scale, State-Trait Anxiety Inventory, and Social Physique Anxiety Scale. More than one in ten (9.2% of the males and 13.1% of the females) had abnormal eating attitude scores. Chi-square analysis revealed that there were no significant differences in the prevalance of abnormal eating behaviors based on gender. Analysis of covariance indicated that participants who had disturbed eating attitudes had lower self-esteem, higher social physique anxiety, and higher trait anxiety than those who had normal eating attitudes. It was concluded that the prevalence of disturbed eating attitudes was high among these Turkish late adolescents, and that disturbed eating attitudes were related to several psychological characteristics.",Remaining,0,0,doi_dummy,human
2344,230,9865,9865667,Journal of cardiovascular risk,Cardiovascular risk factors for early carotid atherosclerosis in the general population: the Edinburgh Artery Study.,"Recent attempts to identify cardiovascular risk factors affecting early-stage carotid atherosclerosis, measured by ultrasonographically assessed intima-media thickness, have been inconclusive.	To study the relationship between traditional cardiovascular risk factors and intima-media thickness.	Ultrasonic evaluation of the intima-media thickness of the common carotid artery was included in the 5-year follow-up examination of participants of the Edinburgh Artery Study. We had valid readings of intima-media thickness for 1106 men and women aged 60-80 years. Information on a range of cardiovascular risk factors had been collected during the baseline examination.	For men, in addition to age, lifetime smoking (measured in terms of pack years) was the only cardiovascular risk factor associated with increased intima-media thickness (P< or = 0.01) in the univariate analysis. Both systolic blood pressure (P < or = 0.001) and the high-density lipoprotein (HDL: total cholesterol ratio (P < or = 0.01) were correlated with intima-media thickness for women. When all the variables had been included in a multivariate analysis, pack years of smoking and the HDL:total cholesterol ratio were associated with early atherosclerotic development in men. In an equivalent analysis for women, alcohol consumption, systolic blood pressure and the HDL:total cholesterol ratio were associated with intima-media thickness.	These data suggest that risk factors affecting intima-media thickness differ for men and women. Further sex-specific analyses of prospective population studies are required in order to clarify the role of 'traditional' cardiovascular risk factors in the early stages of carotid atherosclerosis.",Remaining,0,0,doi_dummy,human
2346,232,3214,32149692,IEEE transactions on neural systems and rehabilitation engineering : a publication of the IEEE Engineering in Medicine and Biology Society,Quantitative Assessment of Upper-Limb Motor Function for Post-Stroke Rehabilitation Based on Motor Synergy Analysis and Multi-Modality Fusion.,"Functional assessment is an essential part of rehabilitation protocols after stroke. Conventionally, the assessment process relies heavily on clinical experience and lacks quantitative analysis. In order to objectively quantify the upper-limb motor impairments in patients with post-stroke hemiparesis, this study proposes a novel assessment approach based on motor synergy quantification and multi-modality fusion. Fifteen post-stroke hemiparetic patients and fifteen age-matched healthy persons participated in this study. During different goal-directed tasks, kinematic data and surface electromyography(sEMG) signals were synchronously collected from these participants, and then motor features extracted from each modal data could be fed into the respective local classifiers. In addition, kinematic synergies and muscle synergies were quantified by principal component analysis (PCA) and k weighted angular similarity (k WAS) algorithm to provide in-depth analysis of the coactivated features responsible for observable movement impairments. By integrating the outputs of local classifiers and the quantification results of motor synergies, ensemble classifiers can be created to generate quantitative assessment for different modalities separately. In order to further exploit the complementarity between the evaluation results at kinematic and muscular levels, a multi-modal fusion scheme was developed to comprehensively analyze the upper-limb motor function and generate a probability-based function score. Under the proposed assessment framework, three types of machine learning methods were employed to search the optimal performance of each classifier. Experimental results demonstrated that the classification accuracy was respectively improved by 4.86% and 2.78% when the analysis of kinematic and muscle synergies was embedded in the assessment system, and could be further enhanced to 96.06% by fusing the characteristics derived from different modalities. Furthermore, the assessment result of multi-modality fusion framework exhibited a significant correlation with the score of standard clinical tests (R = - 0.87, P = 1.98e - 5). These promising results show the feasibility of applying the proposed method to clinical assessments for post-stroke hemiparetic patients.",Remaining,0,0,doi_dummy,human
2353,239,2708,2708041,Headache,Cardiovascular sympathetic hypofunction in muscle contraction headache and migraine.,"There have been some recent reports proposing that muscle contraction headache (MCH) and migraine are similar and may have a common etiology. It has been hypothesized that derangement of the autonomic nervous system (ANS) plays an important role in the pathogenesis of migraine. However, reports on the ANS function in MCH have rarely been submitted. Therefore, in this report, MCH patients were investigated as well as migraine patients. The cardiovascular reflex responses by orthostatic test, isometric work test and the pulse rate (R-R interval) variation in fifteen MCH patients and fifteen migraine patients were recorded during headache-free intervals. The plasma norepinephrine (NE) levels were also measured throughout the orthostatic tests. Fifteen healthy subjects served as the age-matched control group. In the MCH group and the migraine group, blood pressure immediately after going from the supine to the erect position decreased more significantly than in the control group. The basal NE level was significantly low in both the MCH group and the migraine group, in comparison with the control group. MCH patients as well as migraine patients showed cardiovascular sympathetic hypofunction.",Remaining,0,0,doi_dummy,human
2354,240,1099,10997853,Psychiatry and clinical neurosciences,Habitual snoring in an outpatient population in Japan.,"In order to investigate the occurrence and history of sleep problems in Japan, the 11-Centre Collaborative Study on Sleep Problems (COSP) project was carried out. Complaints of snoring are examined, and its prevalence, risk factors and screening reliability are discussed. The subjects who participated in the study were 6445 new outpatients from a general hospital. They were asked to answer a sleep questionnaire that consisted of 34 items with seven demographic items; each item was composed of four grades of frequency. In order to offset possible seasonal variations in sleep habits, data were collected across four seasons. Sleep patterns, insomnia, hypersomnia, parasomnia and circadian rhythm sleep disorders were covered. Habitual snoring was seen in 16.0% of males and 6.5% of females. Male predominance was noted. From these data, the relationship between habitual snoring and sleep complaints was statistically analyzed. Habitual snorers (HS) were observed to wake up more frequently during sleep (17.8% of males, 21.5% of females) than were non-habitual snorers (NHS; 6.6% of males, 9.7% of females). Mid-sleep awakening of HS was also more frequent than it was for NHS; however, there were no differences in difficulty in falling asleep and early morning awakening. Body mass index, cigarette smoking and alcohol consumption were also correlated with habitual snoring.",Remaining,0,0,doi_dummy,human
2358,244,2697,26975614,European archives of psychiatry and clinical neuroscience,Nightmare frequency in adults with attention-deficit hyperactivity disorder.,"Nightmare frequency in adult ADHD patients has not yet been studied systematically. In a sample of 65 patients, it could be shown that nightmare frequency was elevated in ADHD patients compared to a sample representative for Germany. Frequent nightmares (once a week or more often) were reported by 4.62 % of the patients and 1.77 % of the controls. This increase was neither explained by the increased dream recall in general nor by the presence of a comorbid mental disorder. Questions about nightmares should be included in the diagnostic procedures for ADHD patients, and it should be tested whether well-established nightmare treatment strategies like imagery rehearsal treatment might be beneficial to those patients with nightmares.",Remaining,0,0,doi_dummy,human
2363,249,2273,22733427,Movement disorders : official journal of the Movement Disorder Society,Rapid eye movement sleep behavior disorder and subtypes of Parkinson's disease.,"Numerous studies have explored the potential relationship between rapid eye movement sleep behavior disorder (RBD) and manifestations of PD. Our aim was to perform an expanded extensive assessment of motor and nonmotor manifestations in PD to identify whether RBD was associated with differences in the nature and severity of these manifestations. PD patients underwent polysomnography (PSG) to diagnose the presence of RBD. Participants then underwent an extensive evaluation by a movement disorders specialist blinded to PSG results. Measures of disease severity, quantitative motor indices, motor subtypes, therapy complications, and autonomic, psychiatric, visual, and olfactory dysfunction were assessed and compared using regression analysis, adjusting for disease duration, age, and sex. Of 98 included patients, 54 had RBD and 44 did not. PD patients with RBD were older (P = 0.034) and were more likely to be male (P < 0.001). On regression analysis, the most consistent links between RBD and PD were a higher systolic blood pressure (BP) change while standing (-23.9 ± 13.9 versus -3.5 ± 10.9; P < 0.001), a higher orthostatic symptom score (0.89 ± 0.82 versus 0.44 ± 0.66; P = 0.003), and a higher frequency of freezing (43% versus 14%; P = 0.011). A systolic BP drop >10 could identify PD patients with RBD with 81% sensitivity and 86% specificity. In addition, there was a probable relationship between RBD and nontremor predominant subtype of PD (P = 0.04), increased frequency of falls (P = 0.009), and depression (P = 0.009). Our results support previous findings that RBD is a multifaceted phenomenon in PD. Patients with PD who have RBD tend to have specific motor and nonmotor manifestations, especially orthostatic hypotension.",Remaining,0,0,doi_dummy,human
2366,252,2268,22680244,Journal of neurosurgery,Diagnostic value of the optic nerve sheath subarachnoid space in patients with intracranial hypotension syndrome.,"The size of the subarachnoid space in the optic nerve sheath (ONS) on MR images is thought to reflect intracranial pressure. The diagnostic value of this space was investigated in patients with spontaneous intracranial hypotension (SIH) syndrome.	Coronal fat-saturated T2-weighted MRI of the orbit was performed in 15 patients with SIH fulfilling the diagnostic criteria for headache caused by low CSF pressure of the International Classification of Headache Disorders or the criteria for spontaneous spinal CSF leaks and intracranial hypotension. The size of the subarachnoid space in the ONS was measured in 2 slices behind the eyeballs. The images were compared before and after treatment. The CSF pressure was measured by lumbar puncture.	Before treatment, the diameter of the ONS subarachnoid space ranged from 2.58 to 4.21 mm (mean 3.34 mm) and the thickness from 0 to 0.48 mm (mean 0.15 mm). Both measurements showed significant correlations with CSF opening pressure, and 8 patients had no CSF space before treatment. The size of CSF space increased in many patients after effective treatment.	Disappearance of the CSF space in the ONS was frequently observed in patients with SIH. This characteristic finding may be useful in the diagnosis of SIH as well as in the evaluation of treatment effectiveness.",Remaining,0,0,doi_dummy,human
2367,253,1631,16319418,Journal of lipid research,Increased sphingomyelin content impairs HDL biogenesis and maturation in human Niemann-Pick disease type B.,"We previously reported that human Niemann-Pick Disease type B (NPD-B) is associated with low HDL. In this study, we investigated the pathophysiology of this HDL deficiency by examining both HDL samples from NPD-B patients and nascent high density lipoprotein (LpA-I) generated by incubation of lipid-free apolipoprotein A-I (apoA-I) with NPD-B fibroblasts. Interestingly, both LpA-I and HDL isolated from patient plasma had a significant increase in sphingomyelin (SM) mass (approximately 50-100%). Analysis of LCAT kinetics parameters (V(max) and K(m)) revealed that either LpA-I or plasma HDL from NPD-B, as well as reconstituted HDL enriched with SM, exhibited severely decreased LCAT-mediated cholesterol esterification. Importantly, we documented that SM enrichment of NPD-B LpA-I was not attributable to increased cellular mass transfer of SM or unesterified cholesterol to lipid-free apoA-I. Finally, we obtained evidence that the conditioned medium from HUVEC, THP-1, and normal fibroblasts, but not NPD-B fibroblasts, contained active secretory sphingomyelinase (S-SMase) that mediated the hydrolysis of [(3)H]SM-labeled LpA-I and HDL(3). Furthermore, expression of mutant SMase (DeltaR608) in CHO cells revealed that DeltaR608 was synthesized normally but had defective secretion and activity. Our data suggest that defective S-SMase in NPD leads to SM enrichment of HDL that impairs LCAT-mediated nascent HDL maturation and contributes to HDL deficiency. Thus, S-SMase and LCAT may act in concert and play a crucial role in the biogenesis and maturation of nascent HDL particles.",Remaining,0,0,doi_dummy,human
2368,254,1487,14872042,Neurology,Reversible leukoencephalopathy associated with cerebral amyloid angiopathy.,"The authors describe three patients with reversible leukoencephalopathy associated with cerebral amyloid angiopathy (CAA). Rapid progression of neurologic symptoms was followed by dramatic clinical and radiographic improvement. Pathologically, CAA was associated with varying degrees of inflammation ranging from none to transmural granulomatous infiltration. In the appropriate clinical context, the MRI finding of lobar white matter edema with evidence of prior hemosiderin deposition may indicate the presence of a reversible CAA leukoencephalopathy.",Remaining,0,0,doi_dummy,human
2369,255,2594,25947039,Neuropsychological rehabilitation,"Cognitive complaints in cancer: The French version of the Functional Assessment of Cancer Therapy-Cognitive Function (FACT-Cog), normative data from a healthy population.","Cancer patients often report cognitive changes after chemotherapy. The Functional Assessment of Cancer Therapy-Cognitive Function (FACT-Cog) is a self-report questionnaire that assesses these changes. The aims of the present study were (1) to establish normative data, and (2) to compare the scores of patients and healthy controls to assess whether or not the questionnaire is able to discriminate between these populations. The normative sample included 213 healthy participants. The patient group included 63 cancer patients treated with chemotherapy, who were compared to a subsample of 63 matched healthy controls. The questionnaire had good internal consistency reliability (Cronbach's alphas = .74-.91). The oldest patients had significantly more cognitive complaints (p < .001). Cognitive complaints were significantly related with Trail Making Test scores (p < .001). Furthermore, the FACT-Cog subscales correlated significantly with anxiety and depression. Patients had more complaints than matched controls on the subscales Perceived Cognitive Impairments (p = .01), Impact on Quality of Life (p = .001) and Perceived Cognitive Abilities (p = .027). The reference values from the healthy population reported here could be used for comparison with the values measured in French-speaking cancer patients. The values provide a benchmark against which clinicians can evaluate the impact of the disease and/or the treatments on cognitive complaints and help to improve quality of life by providing appropriate care.",Remaining,0,0,doi_dummy,human
2372,258,2955,29554099,PLoS computational biology,The Pathway Coexpression Network: Revealing pathway relationships.,"A goal of genomics is to understand the relationships between biological processes. Pathways contribute to functional interplay within biological processes through complex but poorly understood interactions. However, limited functional references for global pathway relationships exist. Pathways from databases such as KEGG and Reactome provide discrete annotations of biological processes. Their relationships are currently either inferred from gene set enrichment within specific experiments, or by simple overlap, linking pathway annotations that have genes in common. Here, we provide a unifying interpretation of functional interaction between pathways by systematically quantifying coexpression between 1,330 canonical pathways from the Molecular Signatures Database (MSigDB) to establish the Pathway Coexpression Network (PCxN). We estimated the correlation between canonical pathways valid in a broad context using a curated collection of 3,207 microarrays from 72 normal human tissues. PCxN accounts for shared genes between annotations to estimate significant correlations between pathways with related functions rather than with similar annotations. We demonstrate that PCxN provides novel insight into mechanisms of complex diseases using an Alzheimer's Disease (AD) case study. PCxN retrieved pathways significantly correlated with an expert curated AD gene list. These pathways have known associations with AD and were significantly enriched for genes independently associated with AD. As a further step, we show how PCxN complements the results of gene set enrichment methods by revealing relationships between enriched pathways, and by identifying additional highly correlated pathways. PCxN revealed that correlated pathways from an AD expression profiling study include functional clusters involved in cell adhesion and oxidative stress. PCxN provides expanded connections to pathways from the extracellular matrix. PCxN provides a powerful new framework for interrogation of global pathway relationships. Comprehensive exploration of PCxN can be performed at http://pcxn.org/.",Remaining,0,0,doi_dummy,human
2373,259,2554,25544506,Attention deficit and hyperactivity disorders,The effects of attention deficit hyperactivity disorder on clothing selection and habits among Turkish University students.,"The purpose of this study was to identify the factors that influence the shopping attitudes of college students with and without ADHD. This study also examined the effects of ADHD on the academic and social lives of college students. The sample consisted of 219 university students. These students were interviewed by a psychiatrist with regard to ADHD symptoms according to the DSM-IV. The Adult ADHD Self Report Scale (ASRS), the Teen Interpersonal Influence Scale, and a demographic information form were used as measurement devices. The ADHD and control groups were classified in three different ways: (1) met the ADHD criteria for both Clinical Diagnosis and the ASRS; (2) met only the criteria for Clinical Diagnosis; or (3) met only the criteria of the ASRS. Our research shows that individuals with ADHD experience more problems with money management and are more affected by the media, friends, and brands compared with individuals without ADHD. Smoking and alcohol use disorders, accidents, being held back, and disciplinary actions often accompany ADHD in college students. To the best of our knowledge, the shopping attitudes of young adults with ADHD and the influence of the media, peers, family, and brands have not been studied until now.",Remaining,0,0,doi_dummy,human
