idx,pmid,journal_name,title,abstract,keywords,accepted_label,multi_label,binary_label,animal_label
1040,31434803,JCI insight,Transcription factor EB overexpression prevents neurodegeneration in experimental synucleinopathies.,"The synucleinopathies Parkinson's disease (PD) and Multiple system atrophy (MSA) - characterized by α-synuclein intracytoplasmic inclusions into, respectively, neurons and oligodendrocytes - are associated with impairment of the autophagy-lysosomal pathways (ALP). Increased expression of the master regulator of ALP, transcription factor EB (TFEB), is hypothesized to promote the clearance of WT α-synuclein and survival of dopaminergic neurons. Here, we explore the efficacy of targeted TFEB overexpression either in neurons or oligodendrocytes to reduce the pathological burden of α-synuclein in a PD rat model and a MSA mouse model. While TFEB neuronal expression was sufficient to prevent neurodegeneration in the PD model, we show that only TFEB oligodendroglial overexpression leads to neuroprotective effects in the MSA model. These beneficial effects were associated with a decreased accumulation of α-synuclein into oligodendrocytes through recovery of the ALP machinery. Our study demonstrates that the cell type where α-synuclein aggregates dictates the target of TFEB overexpression in order to be protective, paving the way for adapted therapies.",Autophagy| Gene therapy| Neuroscience| Parkinson’s disease| Therapeutics,Animal-drug-intervention,6,1,1
1041,30902870,The Journal of neuroscience : the official journal of the Society for Neuroscience,Anti-Nogo-A Antibodies As a Potential Causal Therapy for Lower Urinary Tract Dysfunction after Spinal Cord Injury,"Loss of bladder control is common after spinal cord injury (SCI) and no causal therapies are available. Here we investigated whether function-blocking antibodies against the nerve-fiber growth inhibitory protein Nogo-A applied to rats with severe SCI could prevent development of neurogenic lower urinary tract dysfunction. Bladder function of rats with SCI was repeatedly assessed by urodynamic examination in fully awake animals. Four weeks after SCI, detrusor sphincter dyssynergia had developed in all untreated or control antibody-infused animals. In contrast, 2 weeks of intrathecal anti-Nogo-A antibody treatment led to significantly reduced aberrant maximum detrusor pressure during voiding and a reduction of the abnormal EMG high-frequency activity in the external urethral sphincter. Anatomically, we found higher densities of fibers originating from the pontine micturition center in the lumbosacral gray matter in the anti-Nogo-A antibody-treated animals, as well as a reduced number of inhibitory interneurons in lamina X. These results suggest that anti-Nogo-A therapy could also have positive effects on bladder function clinically.SIGNIFICANCE STATEMENT After spinal cord injury, loss of bladder control is common. Detrusor sphincter dyssynergia is a potentially life-threatening consequence. Currently, only symptomatic treatment options are available. First causal treatment options are urgently needed in humans. In this work, we show that function-blocking antibodies against the nerve-fiber growth inhibitory protein Nogo-A applied to rats with severe spinal cord injury could prevent development of neurogenic lower urinary tract dysfunction, in particular detrusor sphincter dyssynergia. Anti-Nogo-A therapy has entered phase II clinical trial in humans and might therefore soon be the first causal treatment option for neurogenic lower urinary tract dysfunction.",CRF| Nogo-A| neuro-urology| neurogenic lower urinary tract dysfunction| spinal cord injury| urodynamics,Animal-drug-intervention,6,1,1
1042,7512580,Journal of neuroimmunology,Transforming growth factor-beta 1 inhibits tumor necrosis factor-alpha/lymphotoxin production and adoptive transfer of disease by effector cells of autoimmune encephalomyelitis.,"We previously reported that the CD4+ suppressor cells (Ts) that regulate recovery of Lewis rats from experimental autoimmune encephalomyelitis (EAE) produce transforming growth factor-beta (TGF-beta). We also reported that TGF-beta downregulates interferon-gamma (IFN-gamma), but not interleukin-2 (IL-2) production, by the CD4+ effector T cells (Te) that mediate EAE. We now report that TGF-beta also inhibits the production of tumor necrosis factor/lymphotoxin (TNF/LT) by EAE effector cells. When activated in vitro with myelin basic protein (MBP), Te produced TNF/LT, as measured using a WEHI 164 cytotoxicity assay. The specificity of cytokine action was demonstrated using neutralizing antibodies to TNF/LT. When added to the Te+MBP cultures, TGF-beta inhibited TNF/LT production in a dose-dependent fashion. Moreover, neutralizing anti-TGF-beta antibodies augmented TNF/LT production in the Te+MBP cultures. We also confirm that TGF-beta inhibits adoptive transfer of EAE. In contrast, murine IL-10 only partially inhibited TNF/LT and IFN-gamma production by Te. We conclude that TGF-beta production by Ts plays a major role in recovery from EAE in the Lewis rat by inhibiting TNF/LT and IFN-gamma production by the effector cells that mediate EAE.",,Animal-drug-intervention,6,1,1
1043,15319703,Clinical neuropharmacology,Levetiracetam Interferes With the L-dopa priming process in MPTP-lesioned drug-naive marmosets.,"Levetiracetam (LEV; Keppra, UCB Pharma) has been shown to reduce established l-3,4 dihydroxyphenylalanine (l-dopa)-induced dyskinesia. This study investigated whether LEV can modify induction of dyskinesia by l-dopa or the process of priming.	Drug-naive MPTP (1-methyl-4-phenyl-1,2,3,6-tetrahydropyridine) -lesioned marmosets were treated for 21 days with l-dopa/LEV or l-dopa alone. Subsequently, the animals were left untreated for 1 week and then both groups were challenged with a single dose of l-dopa alone on day 29. Behavior was assessed by automated activity counts and by post hoc analysis of videotapes using validated rating scales.	LEV had no significant effect on the appearance of dyskinesia when administered de novo in combination with l-dopa. However, after a week of drug holiday, the 2 groups exhibited a different response to an acute l-dopa challenge. Thus, animals previously treated with l-dopa alone exhibited a similar level of dyskinesia to that seen on day 21 of the repeated treatment phase of the study. However, animals previously treated with l-dopa/LEV demonstrated significantly reduced dyskinesia compared with day 21 of the repeated treatment phase of the study.	LEV does not modify the onset of dyskinesia following de novo treatment with l-dopa. However, concomitant treatment with l-dopa/LEV reduces the level of dyskinesia induced by l-dopa following a drug holiday. Thus, prior treatment with LEV appears to modify the mechanisms responsible for the maintenance of l-dopa-induced dyskinesia.",,Animal-drug-intervention,6,1,1
1044,8091756,Voprosy virusologii,[The therapeutic and prophylactic effect of 4-iodoantipyrine in experimental tick-borne encephalitis].,"The antiviral activity of iodantipyrine-4 belonging to the group of nonsteroid anti-inflammatory compounds was studied in inbred white mice of 10-12 g given a single subcutaneous injection of the Absettarov strain of tick-borne encephalitis virus. Iodantipyrine-4 in different doses was administered orally or parenterally, and the animals were observed for 21 days. In the group of mice infected with 10 LD50 of TBE virus which were treated with the drug orally in a dose of 50 mg/kg a reliable therapeutic effect was established in 60%, after parenteral injection in 53.4%. Prophylactic administration of the drug followed by challenge with 10 LD50 of virus was effective in 47% of mice. In the group of mice infected with 100 LD50 of the virus the therapeutic effect was observed in 38% and prophylactic in 30%. Iodantipyrine-4 was found to induce interferon production.",,Animal-drug-intervention,6,1,1
1045,19781222,Zhonghua xin xue guan bing za zhi,[rhG-CSF promotes re-endothelialization and attenuates intima hyperplasia in carotid artery of rabbits post balloon catheter injury].,"To investigate the effect of rhG-CSF on mobilizing bone marrow-MSCs, re-endothelialization and intima hyperplasia in carotid artery of rabbits post balloon catheter injury.	Rabbits were treated with rhG-CSF (25 microg/kg, twice daily, i.p, n = 35) or saline (n = 32) for 5 days, then, carotid arteries of rabbits were injured by balloon catheter. The number of peripheral MSCs was detected with FACS. The morphology of injured artery was examined with hematoxylin and eosin stain, PCNA was determined with immunohistochemistry.	(1) Number of peripheral MSCs was similar at baseline and significantly increased at 24 hours and peaked at 7 days and remained increased till 14 days post rhG-CSF. (2) Significant endothelial cell deletion was evidenced in the control group, while scatter endothelial cells was observed in the rhG-CSF group at 1 week post injury. Two weeks after injury, new endothelial area was significantly higher in rhG-CSF group compared to control group. At 4 weeks post injury, endothelial connection was evidenced and regularly displayed in rhG-CSF treated group. (3) PCNA-positive cells in the tunica intima were significantly lower in rhG-CSF treated rabbits at 7, 14 and 28 days compared that in control rabbits (all P < 0.01).	rhG-CSF could mobilize the bone marrow-MSCs and promote re-endothelialization and attenuate intima hyperplasia post balloon catheter injury in carotid arteries of rabbits.",,Animal-drug-intervention,6,1,1
1046,33779331,Human & experimental toxicology,Bone marrow mesenchymal stem cells-derived exosomes reduce apoptosis and inflammatory response during spinal cord injury by inhibiting the TLR4/MyD88/NF-κB signaling pathway.,"Spinal cord injury (SCI) is one of the most common destructive injuries, which may lead to permanent neurological dysfunction. Currently, transplantation of bone marrow mesenchymal stem cells (BMSCs) in experimental models of SCI shows promise as effective therapies. BMSCs secrete various factors that can regulate the microenvironment, which is called paracrine effect. Among these paracrine substances, exosomes are considered to be the most valuable therapeutic factors. Our study found that BMSCs-derived exosomes therapy attenuated cell apoptosis and inflammation response in the injured spinal cord tissues. In in vitro studies, BMSCs-derived exosomes significantly inhibited lipopolysaccharide (LPS)-induced PC12 cell apoptosis, reduced the secretion of pro-inflammatory factors including tumor necrosis factor (TNF)-α and IL (interleukin)-1β and promoted the secretion of anti-inflammatory factors including IL-10 and IL-4. Moreover, we found that LPS-induced protein expression of toll-like receptor 4 (TLR4), myeloid differentiation factor 88 (MyD88) and nuclear transcription factor-κB (NF-κB) was significantly downregulated after treatment with BMSCs-derived exosomes. In in vivo studies, we found that hindlimb motor function was significantly improved in SCI rats with systemic administration of BMSCs-derived exosomes. We also observed that the expression of pro-apoptotic proteins and pro-inflammatory factors was significantly decreased, while the expression of anti-apoptotic proteins and anti-inflammatory factors were upregulated in SCI rats after exosome treatment. In conclusion, BMSCs-derived exosomes can inhibit apoptosis and inflammation response induced by injury and promote motor function recovery by inhibiting the TLR4/MyD88/NF-κB signaling pathway, which suggests that BMSCs-derived exosomes are expected to become a new therapeutic strategy for SCI.",Spinal cord injury| bone marrow mesenchymal stem cells| exosomes| inflammatory response| the TLR4/MyD88/NF-κB pathway,Animal-drug-intervention,6,1,1
1047,25804195,Chinese journal of integrative medicine,Combination of total Astragalus extract and total Panax notoginseng saponins strengthened the protective effects on brain damage through improving energy metabolism and inhibiting apoptosis after cerebral ischemia-reperfusion in mice.,"To explore the effects and molecular mechanisms of the combination between total Astragalus extract (TAE) and total Panax notoginseng saponins (TPNS) against cerebral ischemia-reperfusion injury.	C57BL/6 mice were randomly divided into sham-operated group, model group, TAE (110 mg/kg) group, TPNS (115 mg/kg) group, TAE-TPNS combination group and Edaravone (4 mg/kg) group, treated for 4 days, then, cerebral ischemia-reperfusion injury was established by bilateral common carotid artery (CCA) ligation for 20 min followed by reperfusion for 1 and 24 h.	TPNS could increase adenosine triphosphate (ATP) level, TAE and TAE-TPNS combination increased ATP, adenosine diphosphate (ADP) contents and Na[+]-K[+]-ATPase activity, and the effects of TAE-TPNS combination were stronger than those of TAE or TPNS alone after reperfusion for 1 h. After reperfusion for 24 h, TAE, TPNS and TAE-TPNS combination significantly increased neurocyte survival rate and decreased the apoptosis rate as well as down-regulated the expression of phosphorylated c-June N-terminal kinase1/2 (p-JNK1/2), cytochrome C (Cyt C), cysteine aspartic acid-specific protease (Caspase)-9 and Caspase-3. Furthermore, the effects in TAE-TPNS combination were better than those in TAE or TPNS alone.	The combination of TAE 110 mg/kg and TPNS 115 mg/kg could strengthen protective effects on cerebral ischemia injury, the mechanism underlying might be related to improving jointly the early energy metabolism, and relieving the delayed apoptosis via inhibiting the mitochondrial apoptosis pathway of JNK signal transduction.",C-Jun N-terminal kinase signal transduction| Chinese medicine| cerebral ischemia-reperfusion| combination| energy metabolism| mitochondrial apoptosis pathway| total Astragalus extract| total Panax notoginseng saponins,Animal-drug-intervention,6,1,1
1048,20801087,Epilepsy & behavior : E&B,Antiepileptic action of exogenous dehydroepiandrosterone in iron-induced epilepsy in rat brain.,"In the study described here, the antiepileptic effect of dehydroepiandrosterone (DHEA) treatment on iron-induced focal epileptiform activity in the rat brain was investigated. DHEA is a neuroactive corticosteroid hormone synthesized both in the adrenal cortex and in the brain. Its antioxidant properties are well known. As oxidative stress seems to play a major role in epileptogenesis in the iron-induced model of posttraumatic epilepsy, it was of interest to examine whether DHEA would exert antiepileptic activity. DHEA at a dose of 30 mg/kg/day administered intraperitoneally for 7, 14, and 21 days to iron-induced epileptic rats prevented epileptiform electrophysiological activity. Morris water maze and open-field tests on iron-induced epileptic rats revealed that DHEA also prevented behavioral alterations related to epileptiform activity. Thus, DHEA attenuated the cognitive defects produced by epileptic activity. Moreover, alterations in epileptogenesis-related biochemical parameters-lipid peroxidation, protein oxidation and Na(+), K(+)-ATPase (sodium pump) activity--were also countered by DHEA.",,Animal-drug-intervention,6,1,1
1049,30462117,Food & function,Resveratrol alleviates motor and cognitive deficits and neuropathology in the A53T α-synuclein mouse model of Parkinson's disease.,"Parkinson's disease (PD) is a neurodegenerative disorder characterized by Lewy pathology and progressive loss of dopaminergic neurons in the substantia nigra. Lewy pathology mainly consists of abnormal aggregates of α-synuclein, which play a pivotal role in PD pathophysiology. However, the complexity of PD leads to clinical challenges, and there are still no treatments to halt or slow the neurodegenerative process. Resveratrol (RV) is a natural polyphenol compound with multiple biological activities, which has been reported to exert neuroprotective effects on several neurological diseases. Here we first provided evidence that RV treatment alleviated motor and cognitive deficits in the A53T α-synuclein mouse model of PD in a dose-dependent manner. The beneficial effects of RV against PD resulted from inhibiting α-synuclein aggregation and cytotoxicity, lowering the levels of total α-synuclein and oligomers, reducing neuroinflammation and oxidative stress. These findings suggest that RV has promising therapeutic potential for PD and other synucleinopathies.",,Animal-drug-intervention,6,1,1
1050,32374299,Food & function,"Effects of compound K, a metabolite of ginsenosides, on memory and cognitive dysfunction in db/db mice involve the inhibition of ER stress and the NLRP3 inflammasome pathway","Accumulating clinical and epidemiological evidence indicates a close relationship between diabetes mellitus and dementia. The ginsenoside compound K (CK) has been reported to ameliorate diabetes mellitus and confer protection to the central nervous system. In this study, we investigated whether CK could improve memory impairment and cognitive dysfunction in diabetic db/db mice. Firstly, we found that CK treatments significantly improved behavioral impairment and cognitive dysfunction based on Morris water maze, Y-maze, and fear conditioning tests. Besides, CK decreased the fasting glucose level, increased lipid metabolism, and ameliorated glucose tolerance, insulin sensitivity, and dyslipidemia in diabetic db/db mice. In addition, CK treatments alleviated oxidative stress and inhibited the inflammatory response in hippocampal tissue. Further investigations showed that CK treatments inhibited the NLRP3 inflammasome pathway, as evidenced by the declined expression of TXNIP, NLRP3 inflammasomes, ASC, cleaved caspase-1, and mature IL-1β in hippocampal tissues. Moreover, CK treatments alleviated ER stress via down-regulating the level of BiP, CHOP, p-PERK, p-IRE1α and ATF6 in the hippocampus of db/db mice. These results suggest that CK improves memory and cognitive dysfunction, possibly by ameliorating glucose tolerance, insulin sensitivity, and dyslipidemia, suppressing oxidative stress and inflammatory response and modulating the NLRP3 inflammasome pathway and ER stress.",,Animal-drug-intervention,6,1,1
1051,36789825,Pakistan journal of pharmaceutical sciences,Inhibition of drug induced Parkinsonism by chronic supplementation of quercetin in haloperidol-treated wistars.,"Haloperidol is a neuroleptic medication that is used to treat a wide range of neuropsychiatric conditions. It has been shown to produce medicinal effects against hyperactivity, agitation and mania, as well as schizophrenia. Long-term usage of haloperidol raises the risk of acquiring a neurological condition like Parkinson's disease. Haloperidol causes drug-induced Parkinsonism (DIP) by blocking central dopamine receptors and causing extrapyramidal symptoms during long-term treatment. Quercetin has been shown to reduce the loss of striatal neurons, which may enhance motor capabilities and protect against agents that cause the production of reactive oxygen species (ROS). As a result, present study intended to evaluate the efficacy of quercetin on haloperidol-related motor abnormalities. To develop behavioral impairments, rats (n=24) randomly divided to control and haloperidol group for four weeks. The animals were split into four groups after four weeks: Control, quercetin, haloperidol and haloperidol + quercetin. Animals were administered haloperidol i.p injections of 5mg/kg and quercetin (100mg/kg) orally for 21 days. The treatment of haloperidol-treated rats with quercetin was successful in reversing the haloperidol alterations. It decreased animal food intake and alleviated anxiogenic behavior. The chronic treatment of quercetin further reduced the movement abnormalities in animal model of drug induced pseudo-Parkinson.",,Animal-drug-intervention,6,1,1
1052,25547329,Neurological sciences : official journal of the Italian Neurological Society and of the Italian Society of Clinical Neurophysiology,Triptolide (TPL) improves locomotor function recovery in rats and reduces inflammation after spinal cord injury.,"In this study, we studied the effect of triptolide (TPL) on locomotor function in rats with spinal cord injury. A total of 40 rats were studied after dividing them in two major groups, one was experimental group denoted as TPL group while other was control group denoted as PBS group. Each group was subdivided in four subgroups having five rats each (n = 5). TPL was given intraperitonially at the rate of 5 mg/kg/day in TPL group while PBS was given at the same time interval in the same manner in control group for comparison. A reduction in the cavity area of tissue sections was observed by bright field microscopy from 0.22 ± 0.05 to 0.12 ± 0.05 mm(2) in experimental group after 28 days of treatment while BBB score also improved from 1 to 5 after 14 days of treatment. SPSS software, one way ANOVA, was used for recording statistical analysis and values were expressed as mean ± SEM where P value of <0.01 was considered significant. The expression of I-kBα and NF-kB p65 was also studied using western blotting and after recording optical density (OD) values of western blots. It was observed that treatment with TPL significantly reduced the expression of these factors after 28 days of treatment compared with controls.",,Animal-drug-intervention,6,1,1
1053,29676814,Fundamental & clinical pharmacology,"Potential of carnosine, a histamine precursor in rat model of bilateral common carotid artery occlusion-induced vascular dementia.","The present study investigates the potential of Carnosine, a histamine precursor in rat model of bilateral common carotid artery occlusion (BCCAo)-induced vascular dementia (VaD). Wistar rats were subjected to BCCAo procedure under anaesthesia to induce VaD. The rats were subjected to Morris water maze (MWM) test (6th day onwards post-surgery). MWM test was employed to assess learning and memory of the animals whereby escape latency time, time spent in target quadrant and Path length (distance travelled) taken as important parameters. Serum nitrite level; Brain thiobarbituric acid reactive substances (TBARS) and reduced glutathione (GSH) levels; Brain acetylcholinesterase (AChE) activity; brain Myeloperoxidase activity (MPO) and neutrophil count were estimated as per standard procedures. BCCAo in rats produced a significant vascular endothelial dysfunction, as reflected by decrease in serum nitrite levels. Further, these animals showed poor performance on MWM, depicting impairment of learning and memory. There was a significant rise in brain oxidative stress level as indicated by increase in TBARS and decrease in GSH levels. An increase in brain AChE activity was also observed. Moreover, these rats also exhibited an increase in MPO activity and neutrophil infiltration in brain (as marker of inflammation). Treatment of Carnosine (200 and 400 mg/kg, i.p.)/Donepezil (0.3 mg/kg, i.p.) ameliorated BCCAo-induced memory deficits; endothelial dysfunction; biochemical and histopathological changes. It is concluded that Carnosine has shown efficacy in rat model of BCCAo-induced VaD and can be considered as an important therapeutic agent for the treatment of VaD.",bilateral common carotid artery occlusion| carnosine| cognitive impairment| histamine| oxidative stress| vascular dementia,Animal-drug-intervention,6,1,1
1054,26827641,Neurobiology of aging,Dl-3-n-butylphthalide-induced upregulation of antioxidant defense is involved in the enhancement of cross talk between CREB and Nrf2 in an Alzheimer's disease mouse model,"Synapse impairment in the Alzheimer's disease (AD) brain is an early event leading to cognitive dysfunction. Most oxidative stress localizes to the synapse, and synapse loss is the basis of cognitive decline in AD. Dl-3-n-butylphthalide (Dl-NBP), a small molecule compound has been shown to ameliorate oxidative stress. We evaluated the effects of a 5-month oral delivery with Dl-NBP on oxidative stress and cognitive function in APP/PS1 transgenic mice. Dl-NBP treatment reduced oxidative stress in the APP/PS1 mouse brain and alleviated learning and memory deficits. Dl-NBP supplementation meliorated synaptic plasticity, diminished soluble amyloid beta and amyloid beta oligomer in the APP/PS1 mouse brain. Dl-NBP administration caused an increase of cyclic adenosine monophosphate-response element binding protein (CREB)-binding protein (CBP)-associated Ser133-phosphorylated CREB (p-CREB) protein. Chromatin immunoprecipitation analysis revealed that Dl-NBP increased the recruitment of CBP to the promoters of best-characterized genes downstream of nuclear factor erythroid 2-related factor 2, nicotinamide adenine dinucleotide phosphate (NADPH) quinone oxidoreductase 1, and γ-glutamylcysteine synthetase modifier subunit. We demonstrate that the Dl-NBP-triggered upregulation of antioxidant defenses is involved in the enhancement of cross talk between CREB and nuclear factor erythroid 2-related factor 2 via CBP. Our results suggest that Dl-NBP may be a useful agent for the treatment of AD.",Alzheimer's disease| CREB| Cognitive dysfunction| Dl-NBP| Nrf2| Oxidative stress,Animal-drug-intervention,6,1,1
1055,3119161,Brain research bulletin,Bidirectional effects of beta-carbolines in reflex epilepsy.,"Derivatives of ethyl-beta-carboline-3-carboxylate, ZK 91296, ZK 93423 and ZK 95962 have potent anticonvulsant activity against sound-induced seizures in audiogenic DBA/2 mice and against photically-induced seizures in the baboon, Papio papio. The convulsant beta-carbolines, DMCM and beta-CCM, have proconvulsant and convulsant activity in the same animal models. DMCM and beta-CCM are similar in potency as convulsants in DBA/2 mice (ED50 value for DMCM: 1.3 mg/kg; ED50 value for beta-CCM; 0.8 mg/kg), but differ with respect to their profiles for protection by anticonvulsant drugs. The anticonvulsant potencies of diazepam and clobazam are similar against both types of beta-carboline-induced seizures, whereas quazepam protects better against beta-CCM seizures (4 fold elevation in ED50 value at 1 mg/kg quazepam IP) than against DMCM seizures (1.7 fold elevation in ED50 value), supporting a preferential action of beta-CCM on BZ1 receptors. Valproate (400 mg/kg) and gamma-vinyl-GABA (1.5 g/kg) protect better against beta-CCM seizures (9.5 and 5.9 fold elevations in ED50 values respectively) than against DMCM seizures (1.8 and 2.7 fold elevations in ED50 values respectively). The excitatory amino acid antagonist, 2-amino-7-phosphonoheptanoic acid, has significant anticonvulsant activity against DMCM seizures. The elevated regional GABA levels in brains of DBA/2 mice observed during beta-CCM seizures are eliminated by the pretreatment with Ro 15-1788, which also blocks the seizure activity.",,Animal-drug-intervention,6,1,1
1056,9130303,"Pharmacology, biochemistry, and behavior",Correlation between hippocampal neuronal damage and spatial learning deficit due to global ischemia.,"Global cerebral ischemia leads to selective neuronal damage in the CA1 sector of the hippocampus and in the striatum. This ischemia leads to a deficit in spatial learning and memory in the water maze. The results of earlier studies that have examined the relationship between neuronal damage and the deficit in the water maze were not clear-cut. It has been observed that neuroprotection reduces both the deficit in the water maze and the neuronal damage. The present study therefore approached the relationship between the neuronal damage and the deficit in the water maze by pharmacological means. Global cerebral ischemia was induced in male Wistar rats by four-vessel occlusion for 20 min. Ischemic rats were then treated with the noncompetitive non-NMDA receptor antagonist GYKI 52466 (30 mg/kg), the radical scavenger LY 231617 (20 mg/kg), the inhibitor of protein kinase C staurosporine (0.1 mg/kg), or solvent. Treatment with GYKI 52466 or LY 231617 reduced the deficit in spatial learning by limiting the increase in swim distance due to ischemia. In addition, LY 231617 reduced the deficit in spatial memory as demonstrated by minimizing the ischemia-induced reduction in time spent in the quadrant of the former platform position during the probe trial. Staurosporine had no influence on the ischemia-induced behavioural changes. Histological examination revealed neuronal damage in the hippocampus and in the striatum in all of the ischemic rats. However, treatment with GYKI 52466 or LY 231617 reduced the hippocampal damage. Correlation analysis demonstrated a correlation between hippocampal damage and total swim distance (r = 0.88, P < 0.001). No correlation was found between hippocampal damage and quadrant time of the probe trial (r = -0.24, p > 0.1). No correlation was observed between striatal damage and either total swim distance of the escape trials (r = 0.28. p > 0.1) or quadrant time of the probe trial (r = -0.08, p > 0.6). It is concluded that a correlation exists between hippocampal damage and the deficit in spatial learning following global cerebral ischemia.",,Animal-drug-intervention,6,1,1
1057,25971300,Journal of the National Cancer Institute,FGL2 as a Multimodality Regulator of Tumor-Mediated Immune Suppression and Therapeutic Target in Gliomas.,"Fibrinogen-like protein 2 (FGL2) may promote glioblastoma multiforme (GBM) cancer development by inducing multiple immune-suppression mechanisms.	The biological significance of FGL2 expression was assessed using the The Cancer Genome Atlast (TCGA) glioma database and tumor lysates analysis. The therapeutic effects of an anti-Fgl2 antibody and the role of immune suppression regulation by Fgl2 were determined in immune-competent, NOD-scid IL2Rgammanull (NSG), and FcɣRIIB-/- mice (n = 3-18 per group). Data were analyzed with two-way analysis of variance, log-rank survival analysis, and Pearson correlation. All statistical tests were two-sided.	In low-grade gliomas, 72.5% of patients maintained two copies of the FGL2 gene, whereas 83.8% of GBM patients had gene amplification or copy gain. Patients with high levels of FGL2 mRNA in glioma tissues had a lower overall survival (P = .009). Protein levels of FGL2 in GBM lysates were higher relative to low-grade glioma lysates (11.48±5.75ng/mg vs 3.96±1.01ng/mg, P = .003). In GL261 mice treated with an anti-FGL2 antibody, median survival was 27 days compared with only 17 days for mice treated with an isotype control antibody (P = .01). The anti-FGL2 antibody treatment reduced CD39(+) Tregs, M2 macrophages, programmed cell death protein 1 (PD-1), and myeloid-derived suppressor cells (MDSCs). FGL2-induced increases in M2, CD39, and PD-1 were ablated in FcɣRIIB-/- mice.	FGL2 augments glioma immunosuppression by increasing the expression levels of PD-1 and CD39, expanding the frequency of tumor-supportive M2 macrophages via the FcγRIIB pathway, and enhancing the number of MDSCs and CD39(+) regulatory T cells. Collectively, these results show that FGL2 functions as a key immune-suppressive modulator and has potential as an immunotherapeutic target for treating GBM.",,Animal-drug-intervention,6,1,1
1058,32317025,Alzheimer's research & therapy,"A selective p38α/β MAPK inhibitor alleviates neuropathology and cognitive impairment, and modulates microglia function in 5XFAD mouse","BACKGROUND: Chronic neuroinflammation, aggressive amyloid beta (Aβ) deposition, neuronal cell loss, and cognitive impairment are pathological presentations of Alzheimer's disease (AD). Therefore, resolution of neuroinflammation and inhibition of Aβ-driven pathology have been suggested to be important strategies for AD therapy. Previous efforts to prevent AD progression have identified p38 mitogen-activated protein kinases (MAPKs) as a promising target for AD therapy. Recent studies showed pharmacological inhibition of p38α MAPK improved memory impairment in AD mouse models. METHODS: In this study, we used an AD mouse model, 5XFAD, to explore the therapeutic potential of NJK14047 which is a novel, selective p38α/β MAPK inhibitor. The mice were injected with 2.5 mg/kg NJK14047 or vehicle every other day for 3 months. Morris water maze task and histological imaging analysis were performed. Protein and mRNA expression levels were measured using immunoblotting and qRT-PCR, respectively. In vitro studies were conducted to measure the cytotoxicity of microglia- and astrocyte-conditioned medium on primary neurons using the MTT assay and TUNEL assay. RESULTS: NJK14047 treatment downregulated phospho-p38 MAPK levels, decreased the amount of Aβ deposits, and reduced spatial learning memory loss in 9-month-old 5XFAD mice. While the pro-inflammatory conditions were decreased, the expression of alternatively activated microglial markers and microglial phagocytic receptors was increased. Furthermore, NJK14047 treatment reduced the number of degenerating neurons labeled with Fluoro-Jade B in the brains of 5XFAD mice. The neuroprotective effect of NJK14047 was further confirmed by in vitro studies. CONCLUSION: Taken together, a selective p38α/β MAPK inhibitor NJK14047 successfully showed therapeutic effects for AD in 5XFAD mice. Based on our data, p38 MAPK inhibition is a potential strategy for AD therapy, suggesting NJK14047 as one of the promising candidates for AD therapeutics targeting p38 MAPKs.",Alzheimer’s disease| Amyloid-β| Kinase inhibitor| Microglia| P38 mitogen-activated protein kinase,Animal-drug-intervention,6,1,1
1059,18501411,"Pharmacology, biochemistry, and behavior",Neuropeptide Y in the central nucleus of the amygdala suppresses dependence-induced increases in alcohol drinking.,"The anxiolytic effects of neuropeptide Y (NPY) are mediated in part by the central nucleus of the amygdala (CeA), a brain region involved in the regulation of alcohol-drinking behaviors. Centrally administered NPY suppresses alcohol drinking in subpopulations of rats vulnerable to the development of high alcohol-drinking behavior. The purpose of the current study was to determine the role of NPY in the CeA on elevated alcohol drinking produced by alcohol dependence. Adult male Wistar rats were trained to respond for 10% w/v alcohol in an operant situation with the use of a supersaccharin fading procedure. Following stabilization of responding, rats were divided into two groups matched for intake and given daily access to either alcohol-containing (9.2% v/v) liquid diet or an isocaloric control diet. Following extended access to the diet and reliable separation of operant responding between dependent and non-dependent rats during 6-h withdrawal tests, all rats were implanted bilaterally with cannulae aimed at the CeA. Rats were then infused with 4 NPY doses (0.0, 0.25, 0.5, 1.0 microg/0.5 microl aCSF) in a within-subjects Latin-square design during acute withdrawal and tested for operant alcohol responding 30 min later. Alcohol-dependent rats exhibited higher operant alcohol responding than non-dependent rats when infused with vehicle, but responding was similar in the two groups following infusion of all doses of NPY. These results indicate that NPY abolishes dependence-induced elevations in alcohol drinking and implicate the recruitment of limbic NPY systems in the motivational drive to consume alcohol following the transition to dependence.",,Animal-drug-intervention,6,1,1
1060,23545424,Neurobiology of aging,Small molecule p75NTR ligand prevents cognitive deficits and neurite degeneration in an Alzheimer's mouse model,"The p75 neurotrophin receptor (p75(NTR)) is associated with multiple mechanisms linked to Alzheimer's disease (AD); hence, modulating its function might confer therapeutic effects. In previous in vitro work, we developed small molecule p75(NTR) ligands that inhibited amyloid-β-induced degenerative signaling and prevented neurite degeneration. In the present study, a prototype p75(NTR) ligand, LM11A-31, was administered orally to the Thy-1 hAPP(Lond/Swe) (APP(L/S)) AD mouse model. LM11A-31 reached brain concentrations known to inhibit degenerative signaling without toxicity or induction of hyperalgesia. It prevented deficits in novel object recognition after 2.5 months and, in a separate cohort, deficits in Y-maze performance after 3 months of treatment. Stereology studies found that the number and size of basal forebrain cholinergic neurons, which are normal in APP(L/S) mice, were unaffected. Neuritic dystrophy, however, was readily apparent in the basal forebrain, hippocampus and cortex, and was significantly reduced by LM11A-31, with no effect on amyloid levels. These studies reveal that p75(NTR) is an important and tractable in vivo drug target for AD, with LM11A-31 representing a novel class of therapeutic candidates.",,Animal-drug-intervention,6,1,1
1061,37339206,Proceedings of the National Academy of Sciences of the United States of America,Enhancement of the liver's neuroprotective role ameliorates traumatic brain injury pathology.,"Traumatic brain injury (TBI) is a pervasive problem worldwide for which no effective treatment is currently available. Although most studies have focused on the pathology of the injured brain, we have noted that the liver plays an important role in TBI. Using two mouse models of TBI, we found that the enzymatic activity of hepatic soluble epoxide hydrolase (sEH) was rapidly decreased and then returned to normal levels following TBI, whereas such changes were not observed in the kidney, heart, spleen, or lung. Interestingly, genetic downregulation of hepatic Ephx2 (which encodes sEH) ameliorates TBI-induced neurological deficits and promotes neurological function recovery, whereas overexpression of hepatic sEH exacerbates TBI-associated neurological impairments. Furthermore, hepatic sEH ablation was found to promote the generation of A2 phenotype astrocytes and facilitate the production of various neuroprotective factors associated with astrocytes following TBI. We also observed an inverted V-shaped alteration in the plasma levels of four EET (epoxyeicosatrienoic acid) isoforms (5,6-, 8,9-,11,12-, and 14,15-EET) following TBI which were negatively correlated with hepatic sEH activity. However, hepatic sEH manipulation bidirectionally regulates the plasma levels of 14,15-EET, which rapidly crosses the blood-brain barrier. Additionally, we found that the application of 14,15-EET mimicked the neuroprotective effect of hepatic sEH ablation, while 14,15-epoxyeicosa-5(Z)-enoic acid blocked this effect, indicating that the increased plasma levels of 14,15-EET mediated the neuroprotective effect observed after hepatic sEH ablation. These results highlight the neuroprotective role of the liver in TBI and suggest that targeting hepatic EET signaling could represent a promising therapeutic strategy for treating TBI.","14,15-epoxyeicosatrienoic acid| astrocytes| liver| soluble epoxide hydrolase| traumatic brain injury",Animal-drug-intervention,6,1,1
1062,25189791,Psychopharmacology,The effect of acute morphine on delay discounting in dependent and non-dependent rats.,"Chronic opiate use is associated with increased impulsivity in both humans and animals, and previous studies suggest that acute morphine can increase impulsivity in non-dependent rats. However, the extent to which chronic opiate usage modulates the effect of acute morphine is unknown.	Rats were trained to delay discount 20 % sucrose solution and then randomly assigned to either a dependent group that received a nightly 30 mg/kg subcutaneous dose of morphine or a non-dependent group that received a nightly saline injection. Once dependence was established, rats were then assigned to one of four acute morphine doses (0, 1.25, 2.5, 5 mg/kg). For 5 days, delay discounting curves were determined 22.5 h after maintenance doses and 1 h after their prescribed acute injections.	In non-dependent rats, 2.5 and 5 mg/kg doses of morphine caused decreased preference for the large reward at all delays. Acute morphine had no effect on discounting curves in dependent rats.	Morphine dependence can cause tolerance to the effects of acute morphine on delay discounting.",,Animal-drug-intervention,6,1,1
1063,31951767,The International journal of neuroscience,Investigation on beneficial role of l-carnosine in neuroprotective mechanism of ischemic postconditioning in mice: possible role of histidine histamine pathway.,"The present study was undertaken to investigate the possible role of histidine-histamine pathway in the neuroprotective effects produced by L-carnosine hand in hand with ischemic postconditioning in the animal model of cerebral ischemia.	Cerebral ischemia was induced in swiss albino mice by performing BCCAO surgery. Morris water-maze test was utilized to assess the learning ability and memory of the animals. The whole brain acetylcholinesterase (AChE) activity, TBARS, GSH levels and MPO activity were evaluated as the biochemical parameters. For histopathological evaluation of the cerebral infarct size, TTC staining was employed.	Administration of L-carnosine (500   mg/kg, i.p.) successfully attenuated the manifestations of cerebral ischemia. Higher levels of AChE, TBARS, and MPO were observed in BCCAO treated animals, which were successfully attenuated by treatment with L-carnosine and ischemic postconditioning. Whereas administration of L-carnosine and ischemic postconditioning significantly increased the level of GSH in BCCAO treated animals. Moreover, treatment with ranitidine, an H2 blocker (30 NMol, i.c.v) antagonized the neuroprotective actions of L-carnosine evidenced by decrease in MWM performance, increase in the level of AChE and oxidative stress, while decrease in GSH level in brain. The cerebral infarct size was found to be more in BCCAO inflicted animals, which was improved by the administration of L-carnosine, while the cerebral infarct size worsened by treatment with ranitidine (3   nmol, i.c.v.).	It is concluded that L-carnosine exerts neuroprotective effect via involvement of histidine-histamine pathway since the beneficial effects of L-carnosine were abolished by the H2-blocker.",l-carnosine| BCCAO| Cerebral ischemia| histidine-histamine pathway,Animal-drug-intervention,6,1,1
1064,16678804,Brain research,Intracarotid injection of granulocyte-macrophage colony-stimulating factor induces neuroprotection in a rat transient middle cerebral artery occlusion model.,"Granulocyte-macrophage colony-stimulating factor (GM-CSF) was found to promote collateral flow in patients with coronary artery disease and also to induce arteriogenesis in a rat hypoperfusion brain model. Activated macrophages have been shown to induce vascular proliferation and play an important role in ischemic stroke. In this study, we examined the therapeutic effect of GM-CSF on the ischemic brain by activating microglia/macrophages. Rats were subjected to 1-h intraluminal middle cerebral artery occlusion (MCAO) and received an intracarotid injection of GM-CSF (5 ng) or saline immediately after reperfusion. Infarct volume, neurological function and histological findings were assessed 48 h later. An intracarotid injection of GM-CSF reduced the infarct volume and improved neurological function at 48 h after reperfusion. Histological analysis revealed that the number of activated microglia/macrophages to be increased and the number of apoptotic cells to be decreased in the area of the penumbra. These results suggest that intracarotid injection of GM-CSF may have a therapeutic effect on brain ischemia via activation of microglia/macrophages.",,Animal-drug-intervention,6,1,1
1065,23262119,Experimental neurology,Serotonergic pharmacotherapy promotes cortical reorganization after spinal cord injury.,"Cortical reorganization plays a significant role in recovery of function after injury of the central nervous system. The neural mechanisms that underlie this reorganization may be the same as those normally responsible for skilled behaviors that accompany extended sensory experience and, if better understood, could provide a basis for further promoting recovery of function after injury. The work presented here extends studies of spontaneous cortical reorganization after spinal cord injury to the role of rehabilitative strategies on cortical reorganization. We use a complete spinal transection model to focus on cortical reorganization in response to serotonergic (5-HT) pharmacotherapy without any confounding effects from spared fibers left after partial lesions. 5-HT pharmacotherapy has previously been shown to improve behavioral outcome after SCI but the effect on cortical organization is unknown. After a complete spinal transection in the adult rat, 5-HT pharmacotherapy produced more reorganization in the sensorimotor cortex than would be expected by transection alone. This reorganization was dose dependent, extended into intact (forelimb) motor cortex, and, at least in the hindlimb sensorimotor cortex, followed a somatotopic arrangement. Animals with the greatest behavioral outcome showed the greatest extent of cortical reorganization suggesting that the reorganization is likely to be in response to both direct effects of 5-HT on cortical circuits and indirect effects in response to the behavioral improvement below the level of the lesion.",,Animal-drug-intervention,6,1,1
1066,30806143,The world journal of biological psychiatry : the official journal of the World Federation of Societies of Biological Psychiatry,ACE activity in blood and brain axis in an animal model for schizophrenia: Effects of dopaminergic manipulation with antipsychotics and psychostimulants.,"Objectives: Angiotensin I-converting enzyme (ACE) was initially correlated with schizophrenia (SCZ) in studies showing a correlation of ACE increased enzyme activity with memory impairments. Possible role for ACE in SCZ was also suggested by ACE activity interaction with dopaminergic mechanisms to modulate abnormalities of sensorimotor gating. In addition, we have demonstrated higher ACE activity in blood of SCZ subjects, its implication in cognitive performance in SCZ and its power as a predictor for SCZ diagnosis.Methods: ACE activity was determined in the serum and in selected brain regions of an animal model presenting SCZ-like behaviour, before and after the treatment with typical and atypical antipsychotics, and also in the serum of animals receiving the psychostimulants amphetamine/lisdexamphetamine.Results: Dopaminergic manipulations with antipsychotics and psychostimulants influenced the ACE activity, but with no correlation with the animal blood pressure.Conclusions: The validity of measuring ACE activity in animal blood to predict activity in the CNS, as well as the lack of correlation between the activity and blood pressure, before and after the treatment with antipsychotics, were confirmed here. Correlations of the present findings with data from clinical studies also strengthen the value of this animal model for studying several aspects of SCZ.",ACE enzyme activity| animal model| blood pressure| central nervous system| schizophrenia,Animal-drug-intervention,6,1,1
1067,29616753,Advances in clinical and experimental medicine : official organ Wroclaw Medical University,"Isobolographic additivity among lacosamide, lamotrigine and phenobarbital in a mouse tonic-clonic seizure model.","Epilepsy is a serious neurological disease affecting about 1% of people worldwide (65 million). Seizures are controllable with antiepileptic drugs (AEDs) in about 70% of epilepsy patients, however, there remains about 30% of patients inadequately medicated with these AEDs, who need a satisfactory control of their seizure attacks. For these patients, one of the treatment options is administration of 2 or 3 AEDs in combination.	To determine the anticonvulsant effects of a combination of 3 selected AEDs (i.e., lacosamide - LCM, lamotrigine - LTG and phenobarbital - PB) at the fixed-ratio of 1:1:1 in a mouse maximal electroshock-induced (tonic-clonic) seizure model by using isobolographic analysis.	Seizure activity was evoked in adult male albino Swiss mice by a current (sinewave, 25 mA, 500 V, 50 Hz, 0.2 s stimulus duration) delivered via auricular electrodes. Type I isobolographic analysis was used to detect interaction for the 3-drug combination.	With type I isobolographic analysis, the combination of LCM, LTG and PB (at the fixed-ratio of 1:1:1) exerted additive interaction in the mouse maximal electroshock-induced (tonic-clonic) seizure model.	The combination of LCM with LTG and PB produced additive interaction in the mouse tonicclonic seizure model, despite various molecular mechanisms of action of the tested AEDs.",3-drug combination| antiepileptic drugs| isobolographic analysis| maximal electroshock,Animal-drug-intervention,6,1,1
1068,20550947,European journal of pharmacology,Effect of 5-aza-2-deoxycytidine microinjecting into hippocampus and prelimbic cortex on acquisition and retrieval of cocaine-induced place preference in C57BL/6 mice.,"The long lasting addiction-related abnormal memory is one of the most important foundations for relapse. DNA methylation may be a possible mechanism for persistence of such memory. Here we injected the DNA methyltransferases (DNMTs) inhibitor, 5-aza-2-deoxycytidine (5-aza) into hippocampus CA1 area and prelimbic cortex during the stages of acquisition and expression of cocaine-induced place preference in C57BL/6 mice. Results showed that in CA1 DNA methylation inhibitors could restrain acquisition but had no impact on expression of the cocaine-induced conditioned place preference (CPP). On the contrary, in prelimbic cortex, 5-aza had no effect on acquisition but blocked expression. Our results indicated that DNA methylation in hippocampus is required for learning; while DNA methylation in prelimbic cortex is necessary for memory retrieval. The present finding is consistent with the role of the hippocampus as a structure contributing to cocaine-induced memory acquisition, and prelimbic cortex, a part of prefrontal cortex as an area responsible for cocaine-induced memory retrieval. In conclusion, DNA methylation does play an important role in drug-induced learning and memory although the detailed effect still calls for further research.",,Animal-drug-intervention,6,1,1
1069,23336815,Neurological research,Atorvastatin and pitavastatin reduce oxidative stress and improve IR/LDL-R signals in Alzheimer's disease.,"To examine and compare the pleiotropic effects on oxidative stress and metabolic signaling pathways of atorvastatin and pitavastatin in mouse model of Alzheimer's disease (AD).	We gave the transgenic (Tg) mice either atorvastatin or pitavastatin from 5-20 months (M) of age, and performed immunohistological analysis [4-hydroxy-2-nonenal (4-HNE)-positive, advanced glycation end products (AGEs), low-density lipoprotein receptor (LDL-R)-positive neurons, apolipoprotein E (ApoE)-positive senile plaque (SP), and insulin receptor (IR)-positive endothelium], and biochemistry analysis (adiponectin and leptin).	The numbers of 4-HNE- and AGE-positive neurons and the sum of ApoE-positive SP size progressively increased with age in amyloid precursor protein (APP)-Tg mice, while the amount of IR-positive endothelium and the number of LDL-R-positive neurons decreased. Adiponectin and leptin serum levels were lower in APP-Tg mice than in non-Tg mice. Treatment with statins reduced the number of AGE-positive neurons from as early as 10 M, preserved the numbers of 4-HNE- and LDL-R-positive neurons and the amount of IR-positive endothelium at 15 M, and reduced the sum of ApoE-positive SP size and adiponectin serum level at 20 M.	Atorvastatin and pitavastatin reduced the level of oxidative stress, as revealed by the presence of 4-HNE and AGE, in AD mouse brains, and that treatment with statins improves insulin signaling and LDL-R/ApoE systems. The beneficial effects of these statins may be associated with direct pleiotropic effects on AD mouse brains, indirect effects through improving the serum adiponectin/leptin balance, or both.",,Animal-drug-intervention,6,1,1
1070,23274740,Biochimica et biophysica acta,Magnolol attenuates neointima formation by inducing cell cycle arrest via inhibition of ERK1/2 and NF-kappaB activation in vascular smooth muscle cells.,"Endovascular injury induces switching of contractile phenotype of vascular smooth muscle cells (VSMCs) to synthetic phenotype, thereby causing proliferation of VSMCs leading to intimal thickening. The purpose of this study was to assess the effect of magnolol on the proliferation of VSMCs in vitro and neointima formation in vivo, as well as the related cell signaling mechanisms.	Tumor necrosis factor alpha (TNF-alpha) induced proliferation ofVSMCs was assessed using colorimetric assay. Cell cycle progression and mRNA expression of cell cycle associated molecules were determined by flow cytometry and reverse transcription polymerase chain reaction (RT-PCR) respectively. The signaling molecules such as ERK1/2,JNK, P38 and NF-kappaB were determined by Western blot analysis. In addition, rat carotid artery balloon injury model was performed to assess the effect of magnolol on neointima formation in vivo.	Oral administration of magnolol significantly inhibited intimal area and intimal/medial ratio (I/M). Our in vitro assays revealed magnolol dose dependently induced cell cycle arrest at G0/G1. Also, magnolol inhibited mRNA and protein expression of cyclin D1, cyclin E, CDK4 and CDK2 in vitro and in vivo. The cell cycle arrest was associated with inhibition of ERK1/2 phosphorylation and NF-kappaB translocation.	Magnolol suppressed proliferation of VSMCs in vitro and attenuated neointima formation in vivo by inducing cell cycle arrest at G0/G1 through modulation of cyclin D1, cyclin E, CDK4 and CDK2 expression.	Thus, the results suggest that magnolol could be a potential therapeutic candidate for the prevention of restenosis and atherosclerosis.",,Animal-drug-intervention,6,1,1
1071,34622713,Bioengineered,Effects of dexmedetomidine on postoperative cognitive function of sleep deprivation rats based on changes in inflammatory response.,"We aimed to assess the effects of dexmedetomidine (DEX) on postoperative cognitive function of sleep deprivation (SD) rats based on changes in inflammatory response. Male rats were randomly divided into blank control (C), SD, DEX, and SD+DEX groups. The SD model was established through intraperitoneal injection of DEX. The escape latency was detected through Morris water maze test daily, and the mechanical withdrawal threshold and thermal withdrawal latency were detected for 8 d. The content of malondialdehyde (MDA) and activity of superoxide dismutase (SOD) in hippocampus homogenate were determined, and the morphological changes in neurons were detected through Nissl staining. The concentration of interleukin-1β (IL-1β), tumor necrosis factor-α (TNF-α), and IL-6 in the hippocampus was detected by enzyme-linked immunosorbent assay, and the Rac1/protein kinase B (AKT)/nuclear factor-κB (NF-κB) expressions were detected by Western blotting. The changes in immunofluorescence localization of NF-κB were observed by confocal microscopy. Compared with SD group, the escape latency was shortened, original platform-crossing times increased, MDA content declined, SOD activity rose, neurons were arranged orderly and number of Nissl bodies increased in the hippocampal CA1 region, levels of IL-1β, TNF-α, and IL-6 in the hippocampus decreased, Rac1/AKT/NF-κB expressions were down-regulated, and proportion of NF-κB entering the nucleus declined in SD+DEX group (P < 0.05). DEX can effectively alleviate postoperative hippocampal inflammation and improve cognitive function of SD rats. The ability of DEX to relieve oxidative stress of hippocampal neurons, restore damaged cells, and reduce hippocampal inflammation in SD rats may be related to the Rac1/AKT/NF-κB pathway.",Sleep deprivation| cognitive function| dexmedetomidine| inflammatory response| rat,Animal-drug-intervention,6,1,1
1072,34445158,International journal of molecular sciences,Nasal Rifampicin Improves Cognition in a Mouse Model of Dementia with Lewy Bodies by Reducing α-Synuclein Oligomers,"α-Synuclein oligomers are thought to play an important role in the pathogenesis of dementia with Lewy bodies (DLB). There is no effective cure for DLB at present. Previously, we demonstrated that in APP- and tau-transgenic mice, oral or intranasal rifampicin reduced brain Aβ and tau oligomers and improved mouse cognition. In the present study, we expanded our research to DLB. Rifampicin was intranasally administered to 6-month-old A53T-mutant α-synuclein-transgenic mice at 0.1 mg/day for 1 month. The mice displayed memory impairment but no motor deficit at this age, indicating a suitable model of DLB. α-Synuclein pathologies were examined by the immunohistochemical/biochemical analyses of brain tissues. Cognitive function was evaluated by the Morris water maze test. Intranasal rifampicin significantly reduced the levels of [pSer129] α-synuclein in the hippocampus and α-synuclein oligomers in the visual cortex and hippocampus. The level of the presynaptic marker synaptophysin in the hippocampus was recovered to the level in non-transgenic littermates. In the Morris water maze, a significant improvement in spatial reference memory was observed in rifampicin-treated mice. Taken together with our previous findings, these results suggest that intranasal rifampicin is a promising remedy for the prevention of neurodegenerative dementia, including Alzheimer's disease, frontotemporal dementia, and DLB.",dementia with Lewy bodies| intranasal administration| oligomer| prevention| rifampicin| α-synuclein,Animal-drug-intervention,6,1,1
1073,15334696,World journal of gastroenterology,Tumor necrosis factor alpha antibody prevents brain damage of rats with acute necrotizing pancreatitis.,"To study the protective effects of tumor necrosis factor alpha (TNFalpha) antibody on pancreatic encephalopathy in rats.	One hundred and twenty SD rats were randomly divided into normal control group, acute necrotizing pancreatitis group and TNFalpha antibody treated group. Acute hemorrhage necrotizing pancreatitis model in rats was induced by retrograde injection of 50 g/L sodium taurocholate into the pancreatobiliary duct. Serum TNFalpha was detected and animals were killed 12 h after drug administration. Changes in content of brain water, MDA and SOD as well as leucocyte adhesion of brain microvessels were measured.	In TNFalpha antibody treated group, serum TNFalpha level was decreased. Content of brain water, MDA and SOD as well as leucocyte adhesion were decreased significantly in comparison with those of acute necrotizing pancreatitis group (P<0.05).	TNFalpha antibody can alleviate the brain damage of rats with acute hemorrhage necrotizing pancreatitis.",,Animal-drug-intervention,6,1,1
1074,6406929,Neurosurgery,Furosemide and mannitol in the treatment of acute experimental intracranial hypertension,"Intracranial hypertension was induced in dogs and a small number of baboons by the inflation of epidural balloons. The resulting increased intracranial pressure (ICP) was treated with standard clinical doses of furosemide (0.7 mg/kg), ""mini"" doses of mannitol (0.75 g/kg), or both agents in combination. Mannitol consistently and rapidly reduced ICP in all animals. When results were averaged, furosemide used alone caused a slow reduction in ICP, but the results were variable in individual animals--with ICP actually increased in some. When furosemide and mannitol were given together, the ICP fell rapidly and remained low for considerably longer than after either agent alone.",,Animal-drug-intervention,6,1,1
1075,8303890,Voprosy virusologii,[The use of immunostimulants for enhancing the immunogenicity of a herpes vaccine].,"National immunostimulators and interferon inducers (poludan, ridostin, larifan, myelopide, vegetan) in combination with a commercial herpes vaccine (HV) were used for experimental immunization of mice. A 3-fold or greater rise of specific antibody titres was observed after a single immunization of intact BALB/c mice. In experiments in chronically infected animals a single inoculation of HV resulted in a 3-fold rise of specific antibody titres at 6 days postimmunization but not in later periods (20, 30 days). Administration of larifan, an interferon inducer, but not the immunostimulator myelopide, induced a synergic effect in these experiments. Activation of alpha-interferon production was observed early after combined use of HV and immunostimulators. It is concluded that combined experimental use of HV and immunostimulators activated both specific antibody production and interferon production.",,Animal-drug-intervention,6,1,1
1076,20305306,Neuropsychopharmacologia Hungarica : a Magyar Pszichofarmakologiai Egyesulet lapja = official journal of the Hungarian Association of Psychopharmacology,[The effects of duloxetine on beta-actin stress response in rat brain].,"Depression is a frequent prodromal symptom of Alzheimer's disease (AD). Stress factors play an important role in the etiopathology of both diseases, since increased corticosteroid levels caused by chronic stress indirectly induce neuronal damage. The aim of our experiments was to evaluate the changes induced by stress in the transcription of amyloid precursor protein (APP), mitogen activated protein kinase-1 (MAPK-1) and beta-actin, of which the latest plays a leading role in synaptic plasticity. Additionally we intended to examine how duloxetine - a serotonin-norepinephrin reuptake inhibitor type antidepressant - would modify the stress-induced changes. Wistar rats were exposed to immobilization stress for five hours daily through 21 days, while part of the animals received 45 mg/bwkg of duloxetine. At the end of the third week total RNA was purified from the cortex and hippocampus. The amount of beta-actin, APP and MAPK-1 mRNA was determined by real time PCR method. On protein level, semiquantitative measurement was performed by Western blot. The expression of beta-actin mRNA in the animals exposed to stress was four times as intense as in the control group. The increase in the beta-actin mRNA levels was repressed by the duloxetine treatment. In the case of APP and MAPK-1 no changes were detected. According to the Western blot results, the antidepressant treatment slightly, the drug along with the stress treatment strongly decreased the amount of the beta-actin protein. Our findings indicate that antidepressant treatment with duloxetine could play a protective role against the chronic stress-induced changes in the nervous system, such as disorders of synaptic plasticity, and the consequent cognitive dysfunctions in case of both affective disorders and AD.",,Animal-drug-intervention,6,1,1
1077,29713894,Neuroscience bulletin,Fluoxetine is Neuroprotective in Early Brain Injury via its Anti-inflammatory and Anti-apoptotic Effects in a Rat Experimental Subarachnoid Hemorrhage Model.,"Fluoxetine, an anti-depressant drug, has recently been shown to provide neuroprotection in central nervous system injury, but its roles in subarachnoid hemorrhage (SAH) remain unclear. In this study, we aimed to evaluate whether fluoxetine attenuates early brain injury (EBI) after SAH. We demonstrated that intraperitoneal injection of fluoxetine (10 mg/kg per day) significantly attenuated brain edema and blood-brain barrier (BBB) disruption, microglial activation, and neuronal apoptosis in EBI after experimental SAH, as evidenced by the reduction of brain water content and Evans blue dye extravasation, prevention of disruption of the tight junction proteins zonula occludens-1, claudin-5, and occludin, a decrease of cells staining positive for Iba-1, ED-1, and TUNEL and a decline in IL-1β, IL-6, TNF-α, MDA, 3-nitrotyrosine, and 8-OHDG levels. Moreover, fluoxetine significantly improved the neurological deficits of EBI and long-term sensorimotor behavioral deficits following SAH in a rat model. These results indicated that fluoxetine has a neuroprotective effect after experimental SAH.",Blood-brain barrier| Fluoxetine| Microglial activation| Neuronal apoptosis| Subarachnoid hemorrhage,Animal-drug-intervention,6,1,1
1078,8764376,The Journal of pharmacology and experimental therapeutics,Chronic intrathecal infusion of phosphorothioate or phosphodiester antisense oligonucleotides against cytokine responsive gene-2/IP-10 in experimental allergic encephalomyelitis of lewis rat,"The role of CRG-2 protein (murine IP-10) in experimental allergic encephalomyelitis (EAE), an animal model of multiple sclerosis, was tested by blocking crg-2 mRNA synthesis using chronic infusion of antisense oligonucleotides into lumbar subarachnoid space by osmotic minipumps. After injection with myelin basic protein, rats developed hind limb paralysis and their spinal cords showed crg-2 mRNA expression and the presence of inflammation. When antisense phosphorothioate oligonucleotides to crg-2 (AS-PScrg2) or nonspecific oligonucleotides (AS-PSscram) were infused at rates from 0.18 to 5.4 nmol/hr, they caused hind limb paralysis that was clinically different from EAE and tissue necrosis of the spinal cord. Natural phosphodiester (AS-PO) oligonucleotides that were infused at rates from 1.8 to 5.4 nmol/hr had no toxic effects. AS-POcrg2 reduced the initial appearance of crg-2 mRNA and this may be responsible for the significant reduction in the EAE scores at the height of clinical disease. The antisense treatment did not alter inflammation of the spinal cord. While AS-PS oligonucleotides were unsuitable for intrathecal administration, AS-POcrg2 were not toxic and reduced paralysis due to EAE.",,Animal-drug-intervention,6,1,1
1079,22898296,Neurochemistry international,Naringenin ameliorates Alzheimer's disease (AD)-type neurodegeneration with cognitive impairment (AD-TNDCI) caused by the intracerebroventricular-streptozotocin in rat model,"Oxidative stress is involved in Alzheimer's disease (AD)-type neurodegeneration with cognitive impairment (AD-TNDCI) as well as age related cognitive deficit. The present study was designed to investigate the pre-treatment effects of naringenin (NAR), a polyphenolic compound on cognitive dysfunction, oxidative stress in the hippocampus, and hippocampal neuron injury in a rat model of AD-TNDCI. The rats were pre-treated with NAR at a selective dose (50mg/kg, orally) for 2 weeks followed by intracerebroventricular-streptozotocin (ICV-STZ) (3mg/kg; 5μl per site) injection bilaterally. Behavioral alterations were monitored after 2 weeks from the lesion using passive avoidance test and Morris water maze paradigm. Three weeks after the lesion, the rats were sacrificed for measuring non-enzymatic [4-hydroxynonenal (4-HNE), malonaldehyde (MDA), thiobarbituric reactive substances (TBARS), hydrogen peroxide (H(2)O(2)), protein carbonyl (PC), reduced glutathione (GSH)] content and enzymatic [glutathione peroxidase (GPx), glutathione reductase (GR), glutathione-S-transferase (GST), superoxide dismutase (SOD), catalase (CAT) and Na(+)/K(+)-ATPase] activity in the hippocampus, and expression of choline acetyltransferase (ChAT) positive neuron, and histopathology of hippocampal neurons. The non-enzymatic level and enzymatic activity was significantly increased and decreased, respectively, with striking impairments in spatial learning and memory, loss of ChAT positive neuron and severe damage to hippocampal neurons in the rat induced by ICV-STZ. These abnormalities were significantly improved by NAR pre-treatment. The study suggests that NAR can protect against cognitive deficits, neuronal injury and oxidative stress induced by ICV-STZ, and may be used as a potential agent in treatment of neurodegenerative diseases such as AD-TNDCI.",,Animal-drug-intervention,6,1,1
1080,16894184,The Journal of general virology,A humanized murine monoclonal antibody protects mice either before or after challenge with virulent Venezuelan equine encephalomyelitis virus.,"A humanized monoclonal antibody (mAb) has been developed and its potential to protect from or cure a Venezuelan equine encephalomyelitis virus (VEEV) infection was evaluated. The VEEV-neutralizing, protective murine mAb 3B4C-4 was humanized using combinatorial antibody libraries and phage-display technology. Humanized VEEV-binding Fabs were evaluated for virus-neutralizing capacity, then selected Fabs were converted to whole immunoglobulin (Ig) G1, and stable cell lines were generated. The humanized mAb Hy4-26C, designated Hy4 IgG, had virus-neutralizing capacity similar to that of 3B4C-4. Passive antibody protection studies with purified Hy4 IgG were performed in adult Swiss Webster mice. As little as 100 ng Hy4 IgG protected 90 % of mice challenged with 100 intraperitoneal (i.p.) mean morbidity (MD(50)) doses of virulent VEEV (Trinidad donkey) 24 h after antibody transfer; also, 500 mug Hy4 IgG protected 80 % of mice inoculated with 100 intranasal MD(50) doses of VEEV. Moreover, 10 mug passive Hy4 IgG protected 70 % of mice from a VEEV challenge dose as great as 10(7) i.p. MD(50). Hy4 IgG also protected mice from challenge with another epizootic VEEV variety, 1C (P676). Importantly, therapeutic administration of the humanized mAb to mice already infected with VEEV cured 90 % of mice treated with Hy4 IgG within 1 h of VEEV inoculation and 75 % of mice treated 24 h after virus infection.",,Animal-drug-intervention,6,1,1
1081,6972995,The Journal of experimental medicine,Effector T lymphocytes in lymphocytic choriomeningitis virus-infected mice. Cytolytic activity of Lyt-23 spleen cells in vitro does not correlate with elimination of infectious virus from spleens.,"The T lymphocytes from mice recovering from infection with lymphocytic choriomeningitis virus were selected for subclasses by treatment with anti-Lyt antisera and complement. Lyt-23 cells and mixtures of lyt-1 and Lyt-23 cells caused up to one-half the destruction of cultivated target cells as compared with untreated T lymphocytes; Lyt-1 cells alone were not cytotoxic. Selected and unselected spleen T cells were also inoculated intravenously into previously infected mice. Whereas unselected cells reduced infectious virus in the spleens of the recipients approximately 100-fold, only marginal effects, which were not preferentially associated with one particular subclass, were seen with selected LYT-23 or Lyt-1 lymphocytes or a mixture of both. Apparently the Lyt-23 cells, shown to by cytolytic for infected cells in vitro, did not cause elimination of a measurable quantity of the virus from mice.",,Animal-drug-intervention,6,1,1
1082,26388120,Thrombosis research,Prasugrel reduces ischaemic infarct volume and ameliorates neurological deficits in a non-human primate model of middle cerebral artery thrombosis,"Several clinical trials have demonstrated the benefits of thienopyridine monotherapy in ischaemic stroke patients. Non-human primate models of ischaemic stroke have been used for various antithrombotic agents; however, to the best of our knowledge, there is no data on the effects of P2Y12 antagonists in models, such as the thrombotic middle cerebral artery occlusion (MCAO) monkey model. Accordingly, it remains unclear what level of inhibition of platelet aggregation (IPA) is required for optimal treatment of ischaemic stroke. In the present study, we investigated the effects of prasugrel, a third-generation thienopyridine antiplatelet drug, on platelet aggregation, thrombus formation and cerebral infarct volume in a non-human primate model. Daily oral administration of prasugrel resulted in significant and stable platelet inhibitory effects on Day 3, with IPA values ranging from 31% to 36% at 0.3mg/kg/day and from 44% to 50% at 1mg/kg/day. These IPA levels encompassed values observed in clinical trials of clopidogrel, and were thus selected for further study. In the thrombotic MCAO model, prasugrel increased MCA patency in a dose-dependent manner and significantly reduced ischaemic infarct volume by approximately 70% at 0.3mg/kg/day and 90% at 1mg/kg/day without increasing haemorrhagic infarction. Prasugrel also significantly reduced neurological deficit scores by 60% at 0.3mg/kg/day and 80% at 1mg/kg/day. In conclusion, prasugrel treatment resulted in effective reduction of ischaemic infarction and an associated improvement in neurological function without increasing haemorrhagic infarction. These data suggest that prasugrel monotherapy would be effective for the prevention of thrombotic stroke.",Ischemic stroke| Non-human primate| P2Y(12) antagonist| Platelet| Prasugrel,Animal-drug-intervention,6,1,1
1083,34500626,"Molecules (Basel, Switzerland)",Apigenin Ameliorates Scopolamine-Induced Cognitive Dysfunction and Neuronal Damage in Mice.,"We investigated the protective effect and mechanisms of apigenin against cognitive impairments in a scopolamine-injected mouse model. Our results showed that intraperitoneal (i.p.) injection of scopolamine leads to learning and memory dysfunction, whereas the administration of apigenin (synthetic compound, 100 and 200 mg/kg/day) improved cognitive ability, which was confirmed by behavioral tests such as the T-maze test, novel objective recognition test, and Morris water maze test in mice. In addition, scopolamine-induced lipid peroxidation in the brain was attenuated by administration of apigenin. To further evaluate the protective mechanisms of apigenin on cognitive and memory function, Western blot analysis was carried out. Administration of apigenin decreased the B-cell lymphoma 2-associated X/B-cell lymphoma 2 (Bax/Bcl-2) ratio and suppressed caspase-3 and poly ADP ribose polymerase cleavage. Furthermore, apigenin down-regulated the β-site amyloid precursor protein-cleaving enzyme, along with presenilin 1 (PS1) and PS2 protein levels. Apigenin-administered mice showed lower protein levels of a receptor for advanced glycation end-products, whereas insulin-degrading enzyme, brain-derived neurotrophic factor (BDNF), and tropomyosin receptor kinase B (TrkB) expression were promoted by treatment with apigenin. Therefore, this study demonstrated that apigenin is an active substance that can improve cognitive and memory functions by regulating apoptosis, amyloidogenesis, and BDNF/TrkB signaling pathways.",apigenin| cognitive ability| neuronal damage| oxidative stress| scopolamine,Animal-drug-intervention,6,1,1
1084,27973536,PLoS pathogens,A Single Subcutaneous Injection of Cellulose Ethers Administered Long before Infection Confers Sustained Protection against Prion Diseases in Rodents,"Prion diseases are fatal, progressive, neurodegenerative diseases caused by prion accumulation in the brain and lymphoreticular system. Here we report that a single subcutaneous injection of cellulose ethers (CEs), which are commonly used as inactive ingredients in foods and pharmaceuticals, markedly prolonged the lives of mice and hamsters intracerebrally or intraperitoneally infected with the 263K hamster prion. CEs provided sustained protection even when a single injection was given as long as one year before infection. These effects were linked with persistent residues of CEs in various tissues. More effective CEs had less macrophage uptake ratios and hydrophobic modification of CEs abolished the effectiveness. CEs were significantly effective in other prion disease animal models; however, the effects were less remarkable than those observed in the 263K prion-infected animals. The genetic background of the animal model was suggested to influence the effects of CEs. CEs did not modify prion protein expression but inhibited abnormal prion protein formation in vitro and in prion-infected cells. Although the mechanism of CEs in vivo remains to be solved, these findings suggest that they aid in elucidating disease susceptibility and preventing prion diseases.",,Animal-drug-intervention,6,1,1
1085,16086036,British journal of pharmacology,Neuroprotective effect of paeoniflorin on cerebral ischemic rat by activating adenosine A1 receptor in a manner different from its classical agonists.,"The effects of paeoniflorin (PF), a compound isolated from Paeony radix, on neurological impairment and histologically measured infarction volume following transient and permanent focal ischemia were examined in Sprague-Dawley rats. In transient ischemia model, rats were subjected to a 1.5-h occlusion of the middle cerebral artery (MCA). The administration of PF (2.5 and 5 mg kg(-1), s.c.) produced a dose-dependent decrease in both neurological impairment and the histologically measured infarction volume. Similar results were also obtained when PF (2.5, 5, and 10 mg kg(-1), s.c.) was given in permanent ischemia model. The neuroprotective effect of PF (10 mg kg(-1), s.c.) was abolished by pretreatment of DPCPX (0.25 mg kg(-1), s.c.), a selective adenosine A1 receptor (A1R) antagonist. PF (10, 40, and 160 mg kg(-1), i.v.) had no effect on mean arterial pressure (MAP) and heart rates (HR) in the conscious rat. Additionally, PF (10(-3) mol l(-1)) had no effect on noradrenaline- (NA-) or high K+ concentration-induced contractions of isolated rabbit primary artery. In competitive binding experiments, PF did not compete with the binding of [3H]DPCPX, but displaced the binding of [3H]NECA to the membrane preparation of rat cerebral cortex. This binding manner was distinguished from the classical A1R agonists. The results demonstrated that activation of A1R might be involved in PF-induced neuroprotection in cerebral ischemia in rat. However, PF had no 'well-known' cardiovascular side effects of classical A1R agonists. The results suggest that PF might have the potential therapeutic value as an anti-stroke drug.",,Animal-drug-intervention,6,1,1
1086,22851280,"Age (Dordrecht, Netherlands)",Growth hormone and insulin-like growth factor-I alter hippocampal excitatory synaptic transmission in young and old rats.,"In rats, as in humans, normal aging is characterized by a decline in hippocampal-dependent learning and memory, as well as in glutamatergic function. Both growth hormone (GH) and insulin-like growth factor-I (IGF-I) levels have been reported to decrease with age, and treatment with either GH or IGF-I can ameliorate age-related cognitive decline. Interestingly, acute GH and IGF-I treatments enhance glutamatergic synaptic transmission in the rat hippocampus of juvenile animals. However, whether this enhancement also occurs in old rats, when cognitive impairment is ameliorated by GH and IGF-I (des-IGF-I), remains to be determined. To address this issue, we used an in vitro CA1 hippocampal slice preparation and extracellular recording techniques to study the effects of acute application of GH and IGF-I on compound field excitatory postsynaptic potentials (fEPSPs), as well as AMPA- and NMDA-dependent fEPSPs, in young adult (10 months) and old (28 months) rats. The results indicated that both GH and IGF-I increased compound-, AMPA-, and NMDA-dependent fEPSPs to a similar extent in slices from both age groups and that this augmentation was likely mediated via a postsynaptic mechanism. Initial characterization of the signaling cascades underlying these effects revealed that the GH-induced enhancement was not mediated by the JAK2 signaling element in either young adult or old rats but that the IGF-I-induced enhancement involved a PI3K-mediated mechanism in old, but not young adults. The present findings are consistent with a role for a GH- or IGF-I-induced enhancement of glutamatergic transmission in mitigating age-related cognitive impairment in old rats.",,Animal-drug-intervention,6,1,1
1087,13129593,Brain & development,Erythropoietin exerts neuroprotective effect in neonatal rat model of hypoxic-ischemic brain injury,"Hypoxic-ischemic encephalopathy seen in survivors of perinatal asphyxia is a frequently encountered and a major clinical problem for which there is currently no effective treatment. Hematopoietic neuroprotective agents, such as erythropoietin (EPO) may rescue neurons from cell death in this setting. EPO is a cytokine hormone that has neuroprotective effect in vitro and in vivo. In this study, we evaluated the effect of posthypoxic EPO administration in an animal model of neonatal hypoxic-ischemic injury. Our results show that a single intracerebroventricular injection of EPO immediately after hypoxic-ischemic insult in neonatal rat model of hypoxic-ischemia reduced the extent of hypoxic-ischemic brain damage. The mean infarct volume assessed 7 days after hypoxia was significantly smaller in EPO-treated group than in the control group. These findings suggest that EPO may provide benefit after hypoxic-ischemic events in the developing brain, a major contributor to static encephalopathy and cerebral palsy.",,Animal-drug-intervention,6,1,1
1088,2148665,Acta neurochirurgica,The NMDA antagonist MK-801 improved metabolic recovery after 10 minutes global cerebral ischaemia in rats measured with 31 phosphorous magnetic resonance spectroscopy.,"The blockade of postsynaptic receptors for excitatory amino acids is a promising new field for the possible treatment of cerebral ischaemia. The most important receptor seems to be the N-methyl-D-aspartate (NMDA) subtype of the glutamate receptors and MK-801 is a potent non-competitive antagonist to the NMDA receptor. 31P NMR Spectroscopy was used to measure the recovery of intracellular pH and the high energy phosphates Phosphocreatine (PCr) and ATP after ten minutes of temporary global cerebral ischaemia in the rat. Cerebral ischaemia was obtained by combining bilateral carotid ligation and systemic hypotension (2 vessel occlusion model). Two intervention groups with intravenous injection of MK-801 in doses of 0.25 mg/kg and 0.5 mg/kg 15 minutes before onset of ischaemia were compared to a control group. Both intervention groups showed a more rapid recovery of PCr and ATP than the control group, but there were no significant differences for intracellular pH.",,Animal-drug-intervention,6,1,1
1089,32507685,Journal of pharmacological sciences,"Inhibition of STAT3 phosphorylation attenuates impairments in learning and memory in 5XFAD mice, an animal model of Alzheimer's disease","The pathophysiological roles of astrocytes in the reactive state are thought to have important significance in the pathogenesis of neurodegenerative diseases, including Alzheimer's disease (AD). However, the detailed mechanisms underlying the transition of astrocytes from the resting state to the reactive state during neurodegenerative disease largely remain to be defined. Here, we investigated the pathways involved in activating astrocytes from the resting state to the reactive state in primary cultured astrocytes treated with oligomeric Aβ and in the hippocampus of 5XFAD mice. Treatment with oligomeric Aβ induced an increase in reactive astrocytes, as assessed by the protein level of glial fibrillary acidic protein (GFAP) and this increase was caused by STAT3 phosphorylation in primary cultured astrocytes. The administration of Stattic, an inhibitor of STAT3, rescued the activation of astrocytes in primary cultured astrocytes and in the hippocampus of 6-month-old 5XFAD mice as well as impairments in learning and memory. Collectively, these results demonstrated that reactive astrocytes in the AD brain are induced via STAT3 and the impairments in learning and memory observed in 5XFAD mice are rescued by STAT3 inhibition, suggesting that the inhibition of STAT3 phosphorylation in astrocytes may be a novel therapeutic target for cognitive impairment in AD.",5XFAD mice| Alzheimer's disease| Astrocyte| JAK / STAT3| Memory,Animal-drug-intervention,6,1,1
1090,35642994,Journal of neuroimmunology,Activation of TRESK background potassium channels by cloxyquin exerts protective effects against excitotoxic-induced brain injury and neuroinflammation in neonatal rats.,"We investigated effects of activation of TRESK channels by selective activator cloxyquin on excitotoxic-induced brain injury and neuroinflammation involving brain mast cells and inflammatory cytokines in neonatal rats. Three different doses of cloxyquin (0.2, 1 and 5 mg/kg) were studied in ibotenate-induced perinatal brain injury (PBI) in P5 rat-pups. Cerebral lesions and mast cells in coronal brain sections were evaluated. Concentrations of activin A, IL-1β, IL-6 and IL-10 in brain homogenates were measured using ELISA. Cloxyquin dose-dependently exerted protective effects against excitotoxic-induced neonatal brain injury and neuroinflammation. TRESK channels may be a promising new target for the treatment of PBIs.",Brain mast cells| Cloxyquin| Excitotoxicity| Neuroinflammation| Perinatal brain damage| TRESK background potassium channels,Animal-drug-intervention,6,1,1
1091,15317469,Journal of medicinal chemistry,Phenyl-tetrazolyl acetophenones: discovery of positive allosteric potentiatiors for the metabotropic glutamate 2 receptor.,"Herein we disclose the discovery of a new class of positive allosteric potentiators of the metabotropic glutamate receptor 2 (mGlu2), phenyl-tetrazolyl acetophenones, e.g. 1-(2-hydroxy-3-propyl-4-[4-[4-(2H-tetrazol-5-yl)phenoxy]butoxy]phenyl) ethanone (4). These potentiators were shown to have no effect in the absence of glutamate as well as no effect at mGlu3 or the other mGlu receptors. The compounds were also evaluated in rodent models with potential relevance for schizophrenia, and 4 was shown to have activity in the inhibition of ketamine-induced norepinephrine release and ketamine-induced hyperactivity. This represents the first example of the efficacy of mGlu2 receptor potentiators in these models.",,Animal-drug-intervention,6,1,1
1092,9260992,"Hypertension (Dallas, Tex. : 1979)",Early induction of angiotensin I-converting enzyme in rat carotid artery after balloon injury.,"Several studies have demonstrated the effectiveness of angiotensin I-converting enzyme (ACE) inhibitors in preventing the neointima formation found after denudation of the rat carotid artery by balloon injury. The aim of the present study was to determine the role of ACE in this model and to compare the treatment with the ACE inhibitor ramiprilat with that with the angiotensin II antagonist HR 720. The endothelial layer of the left carotid artery was removed using an inflated balloon catheter. Injured and control vessels were both submitted to histomorphological analysis and DNA content quantification at 2, 4, 6, 8, 12, and 14 days after injury. Evaluation of neointima thickening demonstrated a slow but steady increase of neointima that was significant after day 6 and reached 30% of the lumen in 2 weeks. This was paralleled by an increase in DNA content, which was significant 4 days after injury. ACE mRNA levels were quantified by polymerase chain reaction after reverse transcription. Measurement of ACE mRNA levels revealed a significant upregulation 2 and 8 days after injury, with no significant difference when compared with control tissue at later time points. ACE activity was also significantly enhanced at 2 and 8 days after injury, with no significant difference when compared with control tissue at later time points. In addition, the treatment with ramiprilat was more efficient in reducing neointima formation than that with HR 720. These data underlie the role of ACE in this model of restenosis. The early induction of ACE expression after endothelial injury but before significant changes in the vessel structure suggests that ACE activity might be one of the mechanisms that trigger neointima formation in the rat.",,Animal-drug-intervention,6,1,1
1093,37669383,Proceedings of the National Academy of Sciences of the United States of America,Nasal administration of anti-CD3 monoclonal antibody ameliorates disease in a mouse model of Alzheimer's disease,"Emerging evidence suggests that dysregulation of neuroinflammation, particularly that orchestrated by microglia, plays a significant role in the pathogenesis of Alzheimer's disease (AD). Danger signals including dead neurons, dystrophic axons, phosphorylated tau, and amyloid plaques alter the functional phenotype of microglia from a homeostatic (M0) to a neurodegenerative or disease-associated phenotype, which in turn drives neuroinflammation and promotes disease. Thus, therapies that target microglia activation constitute a unique approach for treating AD. Here, we report that nasally administered anti-CD3 monoclonal antibody in the 3xTg AD mouse model reduced microglial activation and improved cognition independent of amyloid beta deposition. In addition, gene expression analysis demonstrated decreased oxidative stress, increased axogenesis and synaptic organization, and metabolic changes in the hippocampus and cortex of nasal anti-CD3 treated animals. The beneficial effect of nasal anti-CD3 was associated with the accumulation of T cells in the brain where they were in close contact with microglial cells. Taken together, our findings identify nasal anti-CD3 as a unique form of immunotherapy to treat Alzheimer's disease independent of amyloid beta targeting.",3xTg mice| T cells| microglia| nasal anti-CD3,Animal-drug-intervention,6,1,1
1094,21396684,Thrombosis research,Bleeding response induced by anti-thrombotic doses of a phosphoinositide 3-kinase (PI3K)-β inhibitor in mice.,"Published evidence suggests that phosphoinositide 3 kinase-β (PI3K-β) plays an important role in platelet aggregation and shear activation. TGX-221 is a selective PI3K-β inhibitor with a good separation of anti-thrombotic efficacy and bleeding (therapeutic index) in rats. Our goal was to further evaluate potential of a PI3K-β inhibitor as an anti-thrombotic agent by determining the therapeutic index in another species and efficacy model. Reported effects of TGX-221 in rats were also confirmed.	TGX-221 (0.3 + 0.3, 1 + 1, 3 + 3 mg/kg + mg/kg/hr, i.v.) or vehicle was given to mice starting 15 min prior to FeCl(3) arterial thrombosis (AT), tail or kidney bleeding time (BT) procedures.	Integrated blood flow over 30 min (%baseline mean ± SEM) improved (p < 0.05) with TGX-221 doses 1 + 1 (49 ± 13.9%) and 3+3 (88 ± 10.6%) versus 0.3 + 0.3 (10 ± 0.8%) and vehicle (10 ± 0.6%). Vascular patency (non-occluded/total arteries) improved (p < 0.01) with TGX-221 doses of 3 + 3 (7/8), but not 0.3 + 0.3 (0/8) or 1 + 1 (4/8) versus vehicle (0/8). Tail BT (sec) increased (p < 0.05) with TGX-221 doses of 3 + 3 (median 1560) and 1 + 1 (1305) versus vehicle (225). Mean renal BT (sec) increased (p < 0.05) in all TGX-221 groups (3 + 3: 510 + 26; 1 + 1: 478 + 41; 0.3 + 0.3: 246 + 37) versus vehicle (123 + 9). For comparison, a reference agent, aspirin (30 mpk, i.p.) increased tail BT 1.9X and renal BT 2.6X.	The novel finding of a clear impact on hemostasis by TGX-221 was demonstrated by increased bleeding in two models in mice at anti-thrombotic doses. The results suggest a narrower therapeutic index for this PI3K-β inhibitor than previously recognized, at least for this species.",,Animal-drug-intervention,6,1,1
1095,17011205,Neurobiology of disease,Oral uridine pro-drug PN401 is neuroprotective in the R6/2 and N171-82Q mouse models of Huntington's disease,"Previously, uridine pro-drug 2',3',5'-tri-O-acetyluridine (PN401) was shown to be protective in the mitochondrial complex II inhibitor 3-nitropropionic acid model of Huntington's disease (HD). In this study, PN401 increased survival and improved motor function on the rotarod in both R6/2 and N171-82Q polyglutamine repeat mouse models of HD. PN401 significantly decreased neurodegeneration in both the piriform cortex and striatum although PN401 decreased huntingtin protein aggregates only in the striatum. Cortical and striatal brain-derived neurotrophic factor (BDNF) protein levels were reduced in the +/- compared to the -/- N171-82Q mice and PN401 treatment significantly increased cortical BDNF in both +/- and -/- mice, but PN401 did not affect striatal BDNF. These results suggest that PN401 may have beneficial effects in the treatment of neurodegenerative diseases such as HD.",,Animal-drug-intervention,6,1,1
1096,34549339,Journal of molecular neuroscience : MN,Resveratrol Improves Synaptic Plasticity in Hypoxic-Ischemic Brain Injury in Neonatal Mice via Alleviating SIRT1/NF-κB Signaling-Mediated Neuroinflammation.,"Neonatal hypoxic-ischemic encephalopathy (HIE) is an obstinate disease that troubles neonatologists. At present, cognitive impairment after HIE has received increasing attention. Synaptic plasticity determines the development of cognitive function, so it is urgent to develop new drugs that can improve HIE-induced cognitive impairment. Hypoxia-ischemia (HI)-induced neuroinflammation affects synaptic plasticity. As a SIRT1 agonist, resveratrol has a powerful anti-inflammatory effect, but whether it has an effect on impaired synaptic plasticity in HIE and the potential mechanism remain unclear. In the present study, resveratrol was used to intervene in hypoxic-ischemic brain injury (HIBI) mice, and the effects on hippocampal synaptic plasticity and further mechanisms were explored through performing neurobehavioral, morphological observations, Golgi sliver staining, western blotting, and quantitative real-time polymerase chain reaction experiments. We first found that resveratrol improves HI-induced long-term cognitive and memory deficits, and then we found that resveratrol reduces hippocampal neuronal damage and increases dendritic spine density and the expression of synaptic proteins. Finally, we found that this effect may be exerted by regulating the neuroinflammatory response mediated by the SIRT1/NF-κB axis. This study provides a new theoretical basis for resveratrol to prevent long-term neurological dysfunction following HIBI.",,Animal-drug-intervention,6,1,1
1097,24893798,Neurochemical research,Effects of long-term treatment with quercetin on cognition and mitochondrial function in a mouse model of Alzheimer's disease,"Amyloid-β (Aβ)-induced mitochondrial dysfunction has been recognized as a prominent, early event in Alzheimer's disease (AD). Therefore, therapeutics targeted to improve mitochondrial function could be beneficial. Quercetin, a bioflavanoid, has been reported to have potent neuro-protective effects, but its preventive effects on Aβ-induced mitochondrial dysfunction and cognitive impairment have not been well characterised. Three-month-old APPswe/PS1dE9 transgenic mice were randomly assigned to a vehicle group, two quercetin (either 20 or 40 mg kg(-1) day(-1)) groups, or an Aricept (2 mg kg(-1) day(-1)) group. After 16 weeks of treatment, we observed beneficial effects of quercetin (40 mg kg(-1) day(-1)), including lessening learning and memory deficits, reducing scattered senile plaques, and ameliorating mitochondrial dysfunction, as evidenced by restoration of mitochondrial membrane potential, reactive oxygen species and ATP levels in mitochondria isolated from the hippocampus compared to control. Furthermore, the AMP-activated protein kinase (AMPK) activity significantly increased in the quercetin-treated (40 mg kg(-1) day(-1)) group. These findings suggest that a reduction in plaque burden and mitochondrial dysfunction through the activation of AMPK may be one of the mechanisms by which quercetin improves cognitive functioning in the APPswe/PS1dE9 transgenic mouse model of AD.",,Animal-drug-intervention,6,1,1
1098,16267375,Biological research for nursing,Effects of estrogen on platelet reactivity after transient forebrain ischemia in rats.,"Estrogen's prothrombotic effects are of increasing concern, particularly in stroke risk and recovery. Using an ischemic rodent model, the authors sought to determine (a) if estrogen replacement increases postischemic platelet reactivity, (b) if changes in estrogen status alter intraplatelet endothelial nitric oxide synthase (eNOS) synthesis, and (c) if estrogen-mediated effects on platelets alter cerebral blood flow during reperfusion. Intact (I), ovariectomized (OVX), and OVX + 17 beta-estradiol (E50) rats were subjected to 30 min of forebrain ischemia and 60 min of reperfusion. Using the platelet activation marker P-selectin, postischemic platelet reactivity was quantified by flow cytometry. In a separate cohort (I, OVX, E50), the authors quantified platelet eNOS by Western blot. Another cohort (OVX, E50) was subjected to ischemia/reperfusion, and cerebral blood flow was determined using the iodoantipyrine technique. Collagen-stimulated platelet P-selectin expression was increased in the OVX rats at 60 min of reperfusion, and this effect was reversed by estrogen treatment. No differences in platelet eNOS expression were detected among groups. Cerebral blood flow at 60 min reperfusion was comparable between the OVX and the E50 rats. The authors conclude that during reper-fusion, estrogen deficiency increases postischemic platelet sensitivity to stimuli in estrogen-deficient rats. Estrogen treatment mitigates effects of estrogen loss on platelets, but this early effect is apparently not caused by intraplatelet eNOS depression. Neither estrogen deficiency nor estrogen treatment changes early postischemic regional brain blood flow. In this rodent global cerebral ischemic model, physiologic doses of estrogen are not deleterious to platelet reactivity and may initially reduce postischemic platelet reactivity.",,Animal-drug-intervention,6,1,1
1099,28701075,Neurological research,The effect of orexin-A on motor and cognitive functions in a rat model of Parkinson's disease,"OBJECTIVE:  The aim of this study was to evaluate the effect of orexin-A (OX-A) and the orexin-1 receptor antagonist SB-334867 (SB) on motor and cognitive functions in a rat model of Parkinson's disease. METHODS: Parkinson was induced by intracerebroventricular (i.c.v) injection of 6- hydroxydopamine (6-OHDA) (200 μg/rat). 72 h later, the treatment was initiated by i.c.v administration of SB (30 nmol/rat) and/or OX-A (0.3 nmol/rat) for 10 days. Motor functions were monitored using rotarod and hanging tests. Cognitive function was assessed by passive avoidance test (Shuttle box). Results: OX-A administration in 6-OHDA treated rats remarkably increased the time which animals run on rod (in rotarod test) and also the latency to fall (in hanging test) (P < 0.01 and P < 0.001, respectively). Conversely, administration of SB in 6-OHDA-treated rats decreased the mentioned indices (P < 0.05 for latency to fall). Administration of agonist and/or antagonist of orexin-1 receptors had no significant effect on 6-OHDA induced cognitive impairment in rats. CONCLUSION:  Results of this study suggest that the orexinergic system might be involved in sensory-motor deficits of Parkinson's disease.",6- hydroxydopamine| Parkinson’s disease| SB.334867| orexin-a| rat,Animal-drug-intervention,6,1,1
1100,10321670,Critical care medicine,Propranolol blocks cocaine-induced cerebral vasodilation in newborn sheep,"OBJECTIVE: The objective of this study was to test the hypothesis that cocaine-induced cerebral vasodilation in newborn sheep is mediated via beta-adrenergic receptor activation. DESIGN: The cerebral effects of a single intravenous injection of cocaine (4 mg/kg) given 30 mins after pretreatment with propranolol (1 mg/kg) were studied and compared with the results from a previous study using an identical cocaine protocol without propranolol pretreatment. SUBJECTS: Seven chronically catheterized, unanesthetized newborn sheep (6 +/- 1 days old). MEASUREMENTS: Cerebral blood flow using radiolabeled microspheres, mean arterial blood pressure (MAP), heart rate, and cerebral arterial and venous oxygen content were measured at baseline, after administration of propranolol, and 0.5, 5, 15, and 60 mins after cocaine injection. Cerebrovascular resistance was calculated as the MAP divided by the cerebral blood flow. MAIN RESULTS: Propranolol injection alone caused no systemic or cerebral physiologic changes other than an 11 +/- 2% (mean +/- SEM) decrease in heart rate, which was sustained after cocaine injection. In contrast to previous studies showing cerebral vasodilation (25% decrease in cerebrovascular resistance) and acute hypertension (57% increase in MAP) 30 secs after cocaine injection, there were no changes in cerebrovascular resistance after cocaine injection and after propranolol pretreatment and there was only a 23 +/- 7% increase in MAP 30 secs after injection, with a return to baseline by 15 mins. Cocaine and norepinephrine levels were similar to those previously reported in the newborn sheep after an injection of 4 mg/kg cocaine. CONCLUSION: Propranolol blocks cocaine-induced cerebral vasodilation and blunts the acute hypertension in newborn sheep, suggesting that cocaine's cerebrovascular effects in the developing brain are mediated, at least in part, by beta-adrenergic receptor activation.",,Animal-drug-intervention,6,1,1
1101,29883694,Journal of controlled release : official journal of the Controlled Release Society,Effect of mannose targeting of hydroxyl PAMAM dendrimers on cellular and organ biodistribution in a neonatal brain injury model,"Neurotherapeutics for the treatment of central nervous system (CNS) disorders must overcome challenges relating to the blood-brain barrier (BBB), brain tissue penetration, and the targeting of specific cells. Neuroinflammation mediated by activated microglia is a major hallmark of several neurological disorders, making these cells a desirable therapeutic target. Building on the promise of hydroxyl-terminated generation four polyamidoamine (PAMAM) dendrimers (D4-OH) for penetrating the injured BBB and targeting activated glia, we explored if conjugation of targeting ligands would enhance and modify brain and organ uptake. Since mannose receptors [cluster of differentiation (CD) 206] are typically over-expressed on injured microglia, we conjugated mannose to the surface of multifunctional D4-OH using highly efficient, atom-economical, and orthogonal Cu(I)-catalyzed alkyne-azide cycloaddition (CuAAC) click chemistry and evaluated the effect of mannose conjugation on the specific cell uptake of targeted and non-targeted dendrimers both in vitro and in vivo. In vitro results indicate that the conjugation of mannose as a targeting ligand significantly changes the mechanism of dendrimer internalization, giving mannosylated dendrimer a preference for mannose receptor-mediated endocytosis as opposed to non-specific fluid phase endocytosis. We further investigated the brain uptake and biodistribution of targeted and non-targeted fluorescently labeled dendrimers in a maternal intrauterine inflammation-induced cerebral palsy (CP) rabbit model using quantification methods based on fluorescence spectroscopy and confocal microscopy. We found that the conjugation of mannose modified the distribution of D4-OH throughout the body in this neonatal rabbit CP model without lowering the amount of dendrimer delivered to injured glia in the brain, even though significantly higher glial uptake was not observed in this model. Mannose conjugation to the dendrimer modifies the dendrimer's interaction with cells, but does not minimize its inherent inflammation-targeting abilities.",Activated glia| CD206| Cerebral palsy| Dendrimer| Mannose receptors| Nanoparticle| Neuroinflammation| Targeting,Animal-drug-intervention,6,1,1
1102,35457070,International journal of molecular sciences,The Memory Benefit to Aged APP/PS1 Mice from Long-Term Intranasal Treatment of Low-Dose THC,"THC has been used as a promising treatment approach for neurological disorders, but the highly psychoactive effects have largely warned off many scientists from pursuing it further. We conducted an intranasal treatment using low-dose THC on 12-month-old APP/PS1 mice daily for 3 months to overcome any potential psychoactive response induced by the systemic delivery. Our results demonstrate that the THC nasal treatment at 0.002 and 0.02 mg/kg significantly slowed the memory decline compared to that in the vehicle-treated transgenic mouse control group. An enzyme-linked immunosorbent assay showed that the Aβ1-40 and 1-42 peptides decreased in the THC-treated groups. The Western blot data indicate that long-term low-dose THC intranasal administration promoted p-tau level reduction and mitochondrial function marker redistribution. The blood biochemical parameter data demonstrate some insignificant changes in cytokine, immunoglobulin, and immune cell profiles during intranasal THC treatment. Intranasal delivery is a non-invasive and convenient method that rapidly targets therapeutics to the brain, minimizing systemic exposure to avoid unwanted adverse effects. Our study provides new insights into the role of low-dose THC intranasal treatment as a pharmacological strategy to counteract alterations in Alzheimer's disease-related cognitive performance.",APP/PS1| THC| amyloid beta| p-tau,Animal-drug-intervention,6,1,1
1103,37465679,Frontiers in immunology,Guizhi Fuling capsule relieves memory deficits by inhibition of microglial neuroinflammation through blocking JAK2/STAT3 pathway in presenilin1/2 conditional double knockout mice.,"Chronic neuroinflammation has been regarded as an important part of the pathological initiation of Alzheimer's disease (AD), which is associated with the regulation of microglial activation. Preventing microglial activation to inhibit neuroinflammation may become a potential target for the treatment of neurodegenerative diseases. Guizhi Fuling capsule (GZFL) has a strong repression on inflammatory responses. Here, the presenilin1/2 conditional double knockout (PS cDKO) mice, a well-established mouse model of AD, were divided into: WT mice (WT), WT mice+GZFL (WT+GZFL), PS cDKO mice (cDKO), and PS cDKO mice+GZFL (cDKO+GZFL). Mice in the WT+GZFL and cDKO+GZFL group were fed standard chow containing 2000 ppm GZFL for 90 days. After 60 days of GZFL treatment, mice were given to behavioral tests for 30 days in order to explore the effects of GZFL on cognitive and motor function. Then, mice were sacrificed for examining the effects of GZFL on inflammation. Furthermore, primary microglia were obtained from neonatal Sprague-Dawley rats and pretreated with or without GZFL (50 μg/ml) for 1 h in the absence or presence of lipopolysaccharide (LPS) (100 ng/ml) stimulation to speculate whether the underlying mechanism of GZFL's anti-inflammatory potential was closely associated with Janus kinase 2 (JAK2)/signal transducer and activator of transcription 3 (STAT3) signaling pathway. Our findings indicated that GZFL has the ability to alleviate memory deficits in PS cDKO mice, which attributes to the improvement of neuroinflammation by inhibiting microglial activation and the levels of pro-inflammatory mediators. In addition, GZFL could inverse the tau hyperphosphorylation and the lessened expression of synaptic proteins in hippocampus of PS cDKO mice. Furthermore, GZFL prevented LPS-induced neuroinflammatory responses in primary microglia by decreasing the levels of pro-inflammatory mediators. It is noteworthy that therapeutic effects of GZFL on memory impairment are depended on the inhibition of neuroinflammatory responses by the blockage of JAK2/STAT3 signaling pathway. Taken together, GZFL may be an effective compound Chinese medicine for the improvement and postponement of neurodegenerative progression in AD.",Alzheimer’s disease| Guizhi Fuling capsule| JAK2/STAT3 pathway| memory deficits| microglial activation| neuroinflammation,Animal-drug-intervention,6,1,1
1104,2764645,Archives of gerontology and geriatrics,Effects of idebenone on lipid peroxidation and hemolysis in erythrocytes of stroke-prone spontaneously hypertensive rats.,"Stroke-prone spontaneously hypertensive rats (SHRSP) were kept on a 1% NaCl solution as drinking water to shorten the onset-time of a stroke. The level of lipoperoxide (LPO) in the erythrocytes of SHRSP loaded with salt for 22 days was significantly higher than that of the controls. Idebenone treatment (30 mg/kg per day, p.o.) markedly decreased the LPO to the level of the controls. Hemolysis in SHRSP was accelerated by the salt-loading. Idebenone significantly inhibited the hemolysis in a dose-dependent manner. These results suggest that idebenone inhibits lipid peroxidation in erythrocytes and stabilizes the erythrocyte membrane.",,Animal-drug-intervention,6,1,1
1105,1691458,Neuropharmacology,Chronic administration of benzodiazepines--V. Rapid onset of behavioral and neurochemical alterations after discontinuation of alprazolam.,"Discontinuation of chronic treatment with alprazolam may cause a characteristic clinical syndrome. To assess the basis of this syndrome, mice were treated with alprazolam, 2 mg/kg, for 7 days, a regimen associated with the development of tolerance and downregulation of receptors. Effects on motor activity and the binding and function of GABA receptors were evaluated 1, 2, 4 and 7 days after discontinuation. Motor activity was similar to controls 1 day after cessation of alprazolam, increased from days 2 to 4 after-alprazolam, and returned to control values by 7 days. The binding of benzodiazepines in vivo and in vitro was increased in the cortex 2 and 4 days after alprazolam and in the hypothalamus at 4 days after alprazolam. Binding returned to control values in all areas by 7 days. Binding at the chloride channel, using [35S]t-butylbicyclophosphorothionate, was not significantly altered after discontinuation. Muscimol-stimulated uptake of [36Cl-] in cortical synaptoneurosomes was increased at 4 days after alprazolam, compared to days 1, 2 and 7. Thus, behavioral and neurochemical alterations was associated with the discontinuation of alprazolam. These alterations were qualitatively similar to those observed following discontinuation of lorazepam but occurred more rapidly and with differing regional specificity.",,Animal-drug-intervention,6,1,1
1106,25386957,Translational psychiatry,Long-term exposure to intranasal oxytocin in a mouse autism model,"Oxytocin (OT) is a neuropeptide involved in mammalian social behavior. It is currently in clinical trials for the treatment of autism spectrum disorder (ASD). Previous studies in healthy rodents (prairie voles and C57BL/6J mice) have shown that there may be detrimental effects of long-term intranasal administration, raising the questions about safety and efficacy. To investigate the effects of OT on the aspects of ASD phenotype, we conducted the first study of chronic intranasal OT in a well-validated mouse model of autism, the BTBR T+ Itpr3tf/J inbred strain (BTBR), which displays low sociability and high repetitive behaviors. BTBR and C57BL/6J (B6) mice (N=94) were administered 0.8  IU/kg of OT intranasally, daily for 30 days, starting on day 21. We ran a well-characterized set of behavioral tasks relevant to diagnostic and associated symptoms of autism, including juvenile reciprocal social interactions, three-chambered social approach, open-field exploratory activity, repetitive self-grooming and fear-conditioned learning and memory, some during and some post treatment. Intranasal OT did not improve autism-relevant behaviors in BTBR, except for female sniffing in the three-chambered social interaction test. Male saline-treated BTBR mice showed increased interest in a novel mouse, both in chamber time and sniffing time, whereas OT-treated male BTBR mice showed a preference for the novel mouse in sniffing time only. No deleterious effects of OT were detected in either B6 or BTBR mice, except possibly for the lack of a preference for the novel mouse's chamber in OT-treated male BTBR mice. These results highlight the complexity inherent in understanding the effects of OT on behavior. Future investigations of chronic intranasal OT should include a wider dose range and early developmental time points in both healthy rodents and ASD models to affirm the efficacy and safety of OT.",,Animal-drug-intervention,6,1,1
1107,12941437,Life sciences,Modulation of MK-801-elicited mouse popping behavior by galantamine is complex and dose-dependent.,"The ability of phencyclidine (PCP), a noncompetitive antagonist of NMDA receptor-mediated neurotransmission, to precipitate a schizophreniform psychosis in susceptible individuals is consistent with the hypothesized pathologic occurrence of NMDA receptor hypofunction in this disorder. Because the psychosis caused by PCP resembles schizophrenia in all of the relevant domains of psychopathology, investigators have sought to characterize animal models of NMDA receptor hypofunction. MK-801 (dizocilpine) binds to the same hydrophobic channel domain in the NMDA receptor-associated ionophore as PCP, and has been shown to elicit intense irregular episodes of jumping behavior in mice, termed 'popping.' MK-801-elicited mouse popping is an animal model of NMDA receptor hypofunction that has been used to screen novel candidate compounds for the treatment of schizophrenia. Recently, a selective abnormality in the transduction of the acetylcholine signal at the level of the alpha 7 nicotinic receptor has been described in schizophrenia. The existence of a nicotinic cholinergic abnormality in schizophrenia has stimulated interest in a potential therapeutic role for positive allosteric modulation of nicotinic receptors. Galantamine is a compound that possesses two interesting properties: inhibition of acetylcholinesterase and positive allosteric modulation of nicotinic neurotransmission. Theoretically, galantamine would be expected to increase the efficiency or likelihood that acetylcholine will promote channel opening and ionic conductance at nicotinic receptors. As expected, in the current investigation statistically significant popping behavior was elicited by MK-801 in mice (T(22) = 2.16, P < 0.05). This MK-801-elicited popping was significantly attenuated by 100 mg/kg of galantamine (T(22) = 2.24, P < 0.05). The data show that nicotinic interventions can influence NMDA receptor-mediated neurotransmission in the intact mouse.",,Animal-drug-intervention,6,1,1
1108,28044452,Canadian journal of physiology and pharmacology,"Nitric oxide mediates effects of acute, not chronic, naltrexone on LPS-induced hepatic encephalopathy in cirrhotic rats.","Recent studies suggest endogenous opioids and nitric oxide (NO) are involved in the pathophysiology of hepatic encephalopathy (HE). In this study, the interaction between the opioid receptor antagonist and NO was investigated on lipopolysaccharide (LPS)-induced HE in cirrhotic rats. Male rats were divided in the sham- and bile duct ligation (BDL)-operated groups. Animals were treated with saline; naltrexone (10 mg/kg, i.p.); or L-NAME (3 mg/kg, i.p.), alone or in combination with naltrexone. To induce HE, LPS (1 mg/kg, i.p.) was injected 1 h after the final drug treatment. HE scoring, hepatic histology, and plasma NO metabolites levels and mortality rate were recorded. Deteriorated level of consciousness and mortality after LPS administration significantly ameliorated following both acute and chronic treatment with naltrexone in cirrhotic rats. However, acute and chronic administration of L-NAME did not change HE scores in cirrhotic rats. The effects of acute but not chronic treatment of naltrexone on HE parameters were reversed by L-NAME. Plasma NOx concentrations elevated in BDL rats, which were decreased after acute and chronic treatment by naltrexone or L-NAME, significantly. We suggest both acute and chronic treatment with naltrexone improved LPS-induced HE. But, only acute treatment with naltrexone may affect through NO pathway.",acute| aigu| chronic| chronique| cirrhose| cirrhosis| encéphalopathie hépatique| hepatic encephalopathy| naltrexone| nitric oxide| opioids| opioïdes| oxyde nitrique| rats,Animal-drug-intervention,6,1,1
1109,29614295,Journal of neuroscience methods,Methodology and effects of repeated intranasal delivery of DNSP-11 in awake Rhesus macaques.,"To determine if the intranasal delivery of neuroactive compounds is a viable, long-term treatment strategy for progressive, chronic neurodegenerative disorders, such as Parkinson's disease (PD), intranasal methodologies in preclinical models comparable to humans are needed.	We developed a methodology to evaluate the repeated intranasal delivery of neuroactive compounds on the non-human primate (NHP) brain, without the need for sedation. We evaluated the effects of the neuroactive peptide, DNSP-11 following repeated intranasal delivery and dose-escalation over the course of 10-weeks in Rhesus macaques. This approach allowed us to examine striatal target engagement, safety and tolerability, and brain distribution following a single [125]I-labeled DNSP-11 dose.	Our initial data support that repeated intranasal delivery and dose-escalation of DNSP-11 resulted in bilateral, striatal target engagement based on neurochemical changes in dopamine (DA) metabolites-without observable, adverse behavioral effects or weight loss in NHPs. Furthermore, a [125]I-labeled DNSP-11 study illustrates diffuse rostral to caudal distribution in the brain including the striatum-our target region of interest.	The results of this study are compared to our experiments in normal and 6-OHDA lesioned rats, where DNSP-11 was repeatedly delivered intranasally using a micropipette with animals under light sedation.	The results from this proof-of-concept study support the utility of our repeated intranasal dosing methodology in awake Rhesus macaques, to evaluate the effects of neuroactive compounds on the NHP brain. Additionally, results indicate that DNSP-11 can be safely and effectively delivered intranasally in MPTP-treated NHPs, while engaging the DA system.",Drug delivery| Intranasal| Parkinson’s disease| Peptide,Animal-drug-intervention,6,1,1
1110,6287578,"Science (New York, N.Y.)",Stereoselective antagonism of phencyclidine's discriminative properties by adenosine receptor agonists.,"Rats trained to discriminate between phencyclidine and saline vehicle were used to test various agents for their ability to mimic or block the phencyclidine cue. ketamine, dexoxadrol, tiletamine, and phencyclidine analogs were found to mimic phencyclidine's behavioral effects. Treatment with the adenosime receptor agonists N6-cyclohexyladenosine and L-phenylisopropyladenosine blocked the discriminative properties of phencyclidine. These results suggest that adenosine receptor agonists might be useful in treating phencyclidine-induced psychosis.",,Animal-drug-intervention,6,1,1
1111,29160120,Journal of cerebral blood flow and metabolism : official journal of the International Society of Cerebral Blood Flow and Metabolism,Oral administration of a novel lipophilic PPARδ agonist is not neuroprotective after rodent cerebral ischemia,"Peroxisome proliferator-activated receptors are regulators of inflammatory signaling. This has fostered hope that PPAR agonists might have neuroprotective potential. We hypothesized that PPARδ activation by the novel orally administered lipophilic PPARδ agonist SAR145 may improve short- and long-term outcome after focal brain ischemia. We induced ischemia by transient filamentous middle cerebral artery occlusion (MCAo) in 227 C57BL/6 mice and administered SAR145 in varying doses and time windows post-injury. Outcome was assessed by three functional tests and histologically determining ischemic lesion sizes. In a second experiment, we tested SAR145 treatment in 40 PPARδ-knockout mice using the same procedures. Three independent groups treated with 10 mg/kg bodyweight SAR145 directly after filament removal showed a mean reduction in lesion sizes of 18 ± 10% compared to vehicle-treated groups. We did not observe a consistent improvement in the long-term functional outcome by SAR145-treatment. PPARδ-knockout mice showed a significantly higher mortality after MCAo. As expected, we did not find a reduction of lesion size by SAR145-treatment in PPARδ-knockout mice. In summary, we found no evidence of a long-term neuroprotective effect of post-injury SAR145 treatment in cerebral ischemia. However, PPARδ appears to play a pathophysiologic role in acute infarct development and overall mortality after brain ischemia.",Animal studies| brain ischemia| focal ischemia| neuroprotection| stroke,Animal-drug-intervention,6,1,1
1112,3205385,Neuropharmacology,Increased central noradrenergic activity during benzodiazepine withdrawal: an electrophysiological study.,"Spontaneous discharge rates of cerebellar Purkinje neurons were decreased in rats withdrawn from chronic treatment with alprazolam, diazepam, and lorazepam relative to discharge rates recorded from control rats. Prior treatment with 6-hydroxydopamine to deplete cerebellar levels of norepinephrine significantly reduced this effect of diazepam upon Purkinje cell firing rates. The data suggest that increased noradrenergic activity may be occurring during withdrawal from benzodiazepines.",,Animal-drug-intervention,6,1,1
1113,38393915,Journal of Alzheimer's disease : JAD,Effects of Intranasal Dantrolene Nanoparticles on Brain Concentration and Behavior in PS19 Tau Transgenic Mice,"BACKGROUND: Repurposing dantrolene to treat Alzheimer's disease has been shown to be effective in amyloid transgenic mouse models but has not been examined in a model of tauopathy. OBJECTIVE: The effects of a nanoparticle intranasal formulation, the Eagle Research Formulation of Ryanodex (ERFR), in young adult and aged wild type and PS19 tau transgenic mice was investigated. METHODS: The bioavailability of intranasal ERFR was measured in 2 and 9-11-month-old C57BL/6J mice. Blood and brain samples were collected 20 minutes after a single ERFR dose, and the plasma and brain concentrations were analyzed. Baseline behavior was assessed in untreated PS19 tau transgenic mice at 6 and 9 months of age. PS19 mice were treated with intranasal ERFR, with or without acrolein (to potentiate cognitive dysfunction), for 3 months, beginning at 2 months of age. Animal behavior was examined, including cognition (cued and contextual fear conditioning, y-maze), motor function (rotarod), and olfaction (buried food test). RESULTS: The dantrolene concentration in the blood and brain decreased with age, with the decrease greater in the blood resulting in a higher brain to blood concentration ratio. The behavioral assays showed no significant changes in cognition, olfaction, or motor function in the PS19 mice compared to controls after chronic treatment with intranasal ERFR, even with acrolein. CONCLUSIONS: Our studies suggest the intranasal administration of ERFR has higher concentrations in the brain than the blood in aged mice and has no serious systemic side effects with chronic use in PS19 mice.",Alzheimer’s disease| PS19 mice| blood-brain barrier| calcium| cognition| dantrolene| pharmacokinetics| ryanodine receptor| tau protein| therapeutics,Animal-drug-intervention,6,1,1
1114,29512783,Molecular medicine reports,Therapeutic window for YC‑1 following glutamate‑induced neuronal damage and transient focal cerebral ischemia.,"3-(5'-Hydroxymethyl-2'-furyl)-1-benzylindazole (YC-1), has been demonstrated to inhibit platelet aggregation, vascular contraction and hypoxia‑inducible factor 1 activity in vitro and in vivo. The present study investigated the neuroprotective efficacy of YC‑1 in cultured neurons exposed to glutamate‑induced excitotoxicity and in an animal model of stroke. In a cortical neuronal culture model, YC‑1 demonstrated neurotoxicity at a concentration >100 µM, and YC‑1 (10‑30 µM) achieved potent cytoprotection against glutamate‑induced neuronal damage. Additionally, YC‑1 (30 µM) effectively attenuated the increase in intracellular Ca2+ levels. Delayed treatment of YC‑1 (30 µM) also protected against glutamate‑induced neuronal damage and cell swelling in cultured neurons, though only at 4 h post‑treatment. In addition, immediate treatment of YC‑1 (30 µM) following the exposure of cortical neurons to glutamate (300 µM) produced a marked reduction in intracellular pH. Delayed treatment of YC‑1 (25 mg/kg) protected against ischemic brain damage in vivo, though only when administered at 3 h post‑insult. Thus, YC‑1 exhibited neuroprotection against glutamate-induced neuronal damage and in mice subjected to transient focal cerebral ischemia. This neuroprotection may be mediated via its ability to limit the glutamate‑induced excitotoxicity. However, the neuroprotective therapeutic window of YC‑1 is only at 3 h in vivo and 4 h in vitro, which may, at least in part, be attributed to its ability to reduce the intracellular pH in the early phase of ischemic stroke. Although YC‑1 provided the potential for clinical therapy, the treatment time point must be carefully evaluated following ischemia.",3-(5'-Hydroxymethyl-2'-furyl)-1-benzylindazole| glutamate| intracellular pH| therapeutic window| ischemic stroke,Animal-drug-intervention,6,1,1
1115,6324347,"Science (New York, N.Y.)",Anatomically distinct opiate receptor fields mediate reward and physical dependence.,Rats never before exposed to opioids rapidly learned to press a lever for microinjections of morphine into the ventral tegmental area. Challenge by a narcotic antagonist produced no signs of physical dependence. Dependence was not seen after long-term morphine infusions into the ventral tegmentum but was seen after similar infusions into the periventricular gray region. Thus a major rewarding property of morphine is independent of the drug's ability to produce physical dependence. These data challenge models of drug addiction that propose physical dependence as necessary for the rewarding effects of opioids.,,Animal-drug-intervention,6,1,1
1116,32093571,Nutritional neuroscience,Piperine mitigates behavioral impairments and provides neuroprotection against 3-nitropropinoic acid-induced Huntington disease-like symptoms.,"Background: Piperine (PIP) is a powerful anti-oxidant and anti-inflammatory alkaloid which has been widely used in the treatment of various pathological conditions. However, few studies have clearly discussed the protective effects and potential mechanism of PIP in different neurological diseases. The aim of this study was to investigate the neuroprotective effect of PIP against 3-nitropropioninc acid (3-NP) induced neurobehavioral, biochemical and histopathological alterations in animals.Methods: Adult male Wistar rats were randomly divided into three groups. Group 1, the vehicle administered control group, received normal saline (p.o.). Group 2 received 3-NP (20 mg/kg.b.wt., i.p.) for 4 consecutive days. Group 3 received PIP (10 mg/kg.b.wt., p.o.) twice daily for a period of 4 days, 30 min before and 6 h after the 3-NP injection. Upon termination of treatment schedule, behavioral experiments were performed to access the behavioral outcomes. The brain striatal tissue was used for the estimation of monoamine oxidase activity and serotonin level. In addition, astrocytes activation was observed by GFAP immunostaining.Results: Our results showed that 3-NP induced behavioral impairments are attenuated by PIP co-treatment. Next, the extent of neuronal loss and astrocytes activation was reduced in the striatal brain region in PIP treated rats. Finally, it was observed that PIP alleviated the behavioral, biochemical, immunohistochemical and histological alterations.Conclusion: The results of the current study reveal the neuroprotective competency of PIP against Huntington disease like symptoms in rats.",3-nitropropioninc acid| Huntington’s disease| behavioural impairments| neuroprotection| piperine,Animal-drug-intervention,6,1,1
1117,17459424,Microvascular research,"Effects of L-arginine on cerebral blood flow, microvascular permeability, number of perfused capillaries, and brain water content in the traumatized mouse brain.","It is has been suggested that decreased production of the vasodilatory and anti-aggregative substance NO (nitric oxide) may result in lower cerebral blood flow (CBF) in injured areas of the traumatized brain. The NO-precursor L-arginine has been shown to counteract CBF decreases early after trauma, but microcirculatory and more long-term effects on CBF of L-arginine have not been investigated. In an attempt to analyze effects of L-arginine on the microcirculation in the traumatized brain, the present study was designed to evaluate the effects of L-arginine compared to vehicle (0.9% saline) following a standardized controlled cortical-impact brain trauma in mice. Cerebral blood flow (autoradiography [(14)C]-iodoantipyrine), number of perfused capillaries (FITC-dextran fluorescence technique), brain water content (wet vs. dry weight) and the blood to brain transfer constant K(i) for [(51)Cr]-EDTA were analyzed in the injured and the contralateral cortex. Cortical blood flow in the injured cortex was 0.43+/-0.3 mL/g/min and 0.81+/-0.3 mL/g/min 3 h after trauma in the vehicle and L-arginine groups, respectively (p<0.05), and no treatment effect was seen 24 h after trauma. The number of perfused capillaries decreased following trauma and was unaffected by L-arginine. K(i) increased following trauma and was unaffected by L-arginine. Brain water content was lower in the L-arginine group than in the vehicle group 3 h after trauma and there was no difference between the groups 24 h after trauma. We conclude that L-arginine reduces brain edema formation and improves cortical blood flow in the early phase after a brain trauma, whereas no circulatory effects can be seen after prolonged treatment.",,Animal-drug-intervention,6,1,1
1118,34180761,Drug delivery,Nose-to-brain delivery of borneol modified tanshinone IIA nanoparticles in prevention of cerebral ischemia/reperfusion injury.,"Targeted treatment of cerebral ischemia/reperfusion injury (CIRI) remains a problem due to the difficulty in drug delivery across the blood-brain barrier (BBB). In this study, we developed Bo-TSA-NP, a novel tanshinone IIA (TSA) loaded nanoparticles modified by borneol, which has long been proved with the ability to enhance other drugs' transport across the BBB. The Bo-TSA-NP, with a particle size of about 160 nm, drug loading of 3.6%, showed sustained release and P-glycoprotein (P-gp) inhibition property. It demonstrated a significantly higher uptake by 16HBE cells in vitro through the clathrin/caveolae-mediated endocytosis and micropinocytosis. Following intranasal (IN) administration, Bo-TSA-NP significantly improved the preventive effect on a rat model of CIRI with improved neurological scores, decreased cerebral infarction areas and a reduced content of malondialdehyde (MDA) and increased activity of superoxide dismutase (SOD) in rat brain. In conclusion, these results indicate that Bo-TSA-NP is a promising nose-to-brain delivery system that can enhance the prevention effect of TSA on CIRI.",PEG–PLGA nanoparticles| borneol| cerebral ischemia/reperfusion injury| intranasal delivery| tanshinone IIA,Animal-drug-intervention,6,1,1
1119,29518790,Neonatology,Impact of Xenon on CLIC4 and Bcl-2 Expression in Lipopolysaccharide and Hypoxia-Ischemia-Induced Periventricular White Matter Damage.,"Premature birth is a significant health care burden. Xenon (Xe) is a general anesthetic with neuroprotective effects.	Here, we investigate the neuroprotective role of Xe in a lipopolysaccharide (LPS)- and hypoxia-ischemia (HI)-induced white matter damage (WMD) model.	Three-day-old Sprague-Dawley rats were randomly divided into a sham group (group A, n = 24), an LPS + HI group (group B, n = 24), and an LPS + HI + Xe group (group C, n = 72). The onset of Xe inhalation started at 0, 2, and 5 h in subgroups C1, C2, and C3, respectively. Next, we performed TUNEL and hematoxylin and eosin (HE) staining; and examined the expression of CLIC4 and Bcl-2 in brain tissues.	HE staining revealed distorted cytoarchitecture, tangled nerve fibers, and pyknosis in group B, while Xe treatment improved these histological alterations in the group C pups. Following LPS and HI insult, the number of apoptotic cells significantly increased in group B at 48 and 72 h (p < 0.05), and Xe significantly alleviated apoptosis (p < 0.001) at 24, 48, and 72 h, respectively. Similarly, CLIC4 mRNA expression was significantly increased in group B (p < 0.05), and Xe produced a marked reduction in CLIC4 mRNA expression in group C subgroups (p < 0.05). Western blotting demonstrated enhanced Bcl-2 expression in group C when compared to group B (p < 0.05).	These results demonstrate that LPS and HI successfully induced WMD, and Xe decreased neuronal apoptosis via Bcl-2- and CLIC4-mediated pathways. Moreover, the therapeutic time window of Xe extended for up to 5 h. These findings suggest that Xe can be used as a protective treatment for WMD in premature infants.",Bcl-2| CLIC4| Hypoxia-ischemia| Lipopolysaccharide| Premature birth| White matter damage| Xenon,Animal-drug-intervention,6,1,1
1120,7684468,Journal of virology,Cross-protection against lymphocytic choriomeningitis virus mediated by a CD4+ T-cell clone specific for an envelope glycoprotein epitope of Lassa virus.,"Recombinant vaccinia virus expressing the Lassa virus (LV) envelope glycoprotein precursor, V-LSGPC, was used to study the basis of LV-induced cross-protective immunity against the closely related arenavirus lymphocytic choriomeningitis virus (LCMV). C3H/HeJ mice primed with V-LSGPC developed neither circulating antibodies nor CD8+ cytotoxic T cells specific for LCMV, yet they resisted a normally lethal LCMV challenge. Spleen cells from such mice gave a proliferative response to LCMV in vitro that was inhibitable by anti-CD4 antibody. Synthetic peptides corresponding to predicted T-cell sites common to the envelope glycoprotein precursor (GP-C) of LV and that of LCMV were used to map the specificity of the proliferative response to an epitope located between amino acids 403 and 417 of LV GP-C. Several CD4+ T-cell clones specific for the 403-417 peptide were isolated and found to produce gamma interferon in response to both the peptide and LCMV. One of these clones, C9, was selected for further study. C9 lysed I-AK-bearing target cells, and when adoptively transferred to C3H/HeJ mice, it was capable of mediating both a peptide-specific delayed hypersensitivity reaction and resistance to lethal LCMV challenge. These collective findings demonstrate, for the first time, that CD4+ T cells can play a major role in arenavirus-specific cross-protective immunity.",,Animal-drug-intervention,6,1,1
1121,22627142,Neurobiology of disease,"Subchronic ketamine treatment leads to permanent changes in EEG, cognition and the astrocytic glutamate transporter EAAT2 in mice.","Ketamine is an NMDA receptor antagonist with psychotomimetic, dissociative, amnestic and euphoric effects. When chronically abused, ketamine users display deficits in cognition and information processing, even following long-term abstinence from the drug. While animal studies have shown evidence of behavioral changes and cognitive deficits that mimic those seen in humans within the period immediately following subchronic ketamine, a few animal studies have assessed long-term changes following cessation of ketamine exposure. To this end, the present study assessed event related potentials (ERPs) and EEG oscillations in mice exposed to subchronic ketamine following a 6month period of abstinence from the drug. Ketamine-treated mice showed no change in P20, but did show marked reductions in amplitude of the later N40 and P80 components, consistent with previous studies of acute ketamine exposure. Additionally, ketamine-treated animals showed a significant reduction in stimulus evoked theta oscillations. To assess the functional significance of these changes, mice were also assessed on a series of behavioral and cognitive tests, including progressive ratio (motivation), extinction (behavioral flexibility) and win-shift radial maze (spatial memory). Subchronic ketamine produced marked disruptions in reversal learning and spatial memory. Analysis of brains from ketamine-treated mice failed to show evidence of neuronal degeneration as determined by NueN immunohistochemistry, but did show increased astrocyte proliferation and decreased expression of the glial specific glutamate transporter, GLT-1. These results strongly suggest: 1) that subchronic ketamine induces significant changes in brain function that long exceed exposure to the drug; 2) that ketamine exposure in mice induces lasting cognitive impairments closely resembling those observed in human ketamine abusers; 3) that ERP and EEG measures are highly sensitive to alterations in brain function associated with reduced cognitive function; and 4) that the brain changes induced by chronic ketamine treatment are suggestive of long-term adaptive or plastic, rather than degenerative, changes.",,Animal-drug-intervention,6,1,1
1122,22778851,ACS chemical neuroscience,Oral treatment with the d-enantiomeric peptide D3 improves the pathology and behavior of Alzheimer's Disease transgenic mice,"Several lines of evidence suggest that the amyloid-β-peptide (Aβ) plays a central role in the pathogenesis of Alzheimer's disease (AD). Not only Aβ fibrils but also small soluble Aβ oligomers in particular are suspected to be the major toxic species responsible for disease development and progression. The present study reports on in vitro and in vivo properties of the Aβ targeting d-enantiomeric amino acid peptide D3. We show that next to plaque load and inflammation reduction, oral application of the peptide improved the cognitive performance of AD transgenic mice. In addition, we provide in vitro data elucidating the potential mechanism underlying the observed in vivo activity of D3. These data suggest that D3 precipitates toxic Aβ species and converts them into nonamyloidogenic, nonfibrillar, and nontoxic aggregates without increasing the concentration of monomeric Aβ. Thus, D3 exerts an interesting and novel mechanism of action that abolishes toxic Aβ oligomers and thereby supports their decisive role in AD development and progression.",Alzheimer’s disease| Mirror image phage display| d-enantiomeric peptide| drugs| oligomers,Animal-drug-intervention,6,1,1
1123,2542370,Journal of neuroimmunology,Delta 9-tetrahydrocannabinol: a novel treatment for experimental autoimmune encephalomyelitis,"Since multiple sclerosis (MS) is believed to be an immune-mediated disease, it follows that its therapies should be directed towards modulating the immune system. Current MS treatments, which include the use of exogenous steroids that are immunosuppressive, do not meet therapeutic objectives. delta 9-Tetrahydrocannabinol (THC), an active component of marijuana, has been shown to be immunosuppressive. To test THC's ability to suppress an immune-mediated disease, experimental autoimmune encephalomyelitis (EAE), the laboratory model of MS, was used. Lewis rats and strain 13 guinea pigs were administered THC either before inoculation for EAE or treated with THC after injection. Control animals received placebo. The effect of dose, in addition to the timing of treatment, was also investigated. All animals treated with placebo developed severe clinical EAE 10-12 days post-injection (d.p.i.) and more than 98% died by 15 d.p.i. THC-treated animals had either no clinical signs or mild signs with delayed onset (13-15 d.p.i.) with survival greater than 95%. Examination of central nervous system tissue revealed a marked reduction of inflammation in the THC-treated animals. Therefore, as THC has been shown to inhibit both clinical and histologic EAE, it may prove to be a new and relatively innocuous agent for the treatment of immune-mediated diseases.",,Animal-drug-intervention,6,1,1
1124,17011126,Neuroscience letters,Neuroprotective effect of pentosan polysulphate on ischemia-related neuronal death of the hippocampus.,"Pentosan polysulphate (PPS) negatively charged sulphated glycosaminoglycan was studied in ischemia-related hippocampal neuronal death and compared with a low molecular weight of heparin, named dalteparin in rats. Transient global ischemia was produced by four vessel-occlusion, the occlusion of the bilateral common carotid arteries following the electrocautherization of the vertebral arteries. 3mg/kg of PPS or 300IU/kg of dalteparin was administered i.v. immediately after 7min-occlusion/reperfusion. Seven days after the operation, the animals were perfused with 4% paraformaldehyde, and paraffinized coronal brain sections measuring 6microm in thickness were stained with hematoxylin and eosin. Neuronal damage was then estimated as a ratio of the number of degenerated neurons to that of both the surviving and degenerated neurons in three distinct area of the CA1 subfield. The ratio of neuronal death increased with the length of the occlusion-time, at 5, 7 and 10min. Both PPS and dalteparin significantly inhibited the neuronal damage induced by 7min-occlusion. These results demonstrated that both PPS and dalteparin could thus protect brain neurons against ischemia/reperfusion-induced damage thus suggesting that they may be potentially useful therapeutic agents for acute ischemic stroke.",,Animal-drug-intervention,6,1,1
1125,16473330,Brain research,The pre-ischaemic neuroprotective effects of the polyamine analogues BU43b and BU36b in permanent and transient focal cerebral ischaemia models in mice,"The present study investigated the neuroprotective potential of two novel polyamine analogues, BU43b and BU36b, when administered 30 min prior to cerebral ischaemia. Neuroprotection in a permanent and a transient focal cerebral ischaemia mouse model (induced by intraluminal middle cerebral artery occlusion (MCAO)) was investigated using a range of histological and behavioural assessments. In the permanent ischaemia model, BU43b reduced oedema and showed a trend towards reduction in %HLV (percentage hemisphere lesion volume) when administered at a dose of 30 mg/kg i.p. Following transient ischaemia, treatment with BU43b decreased the %HLV and reduced oedema when administered at 30 mg/kg. BU43b also improved the locomotor activity (LMA) in MCAO mice at both 20 mg/kg and 30 mg/kg doses. BU36b was less effective than BU43b in both the permanent and the transient models, with its most pronounced effect being a trend towards reduction in oedema in both models. These results demonstrate that BU43b administered 30 min before ischaemia provided a good level of neuroprotection in the two models of cerebral ischaemia used and may have potential as a neuroprotective treatment for stroke.",,Animal-drug-intervention,6,1,1
1126,12854756,Journal of neurosurgery,Neuroprotective activity of tamoxifen in permanent focal ischemia.,"The authors have previously shown that tamoxifen is effective in protecting brain tissue from ischemic injury in a rat model of reversible focal ischemia. In this study the authors tested whether similar protective effects are found in a rat model of permanent focal ischemia (permanent middle cerebral artery [MCA] occlusion).	Tamoxifen (20 mg/kg) was given either before or at 1, 3, or 6 hours after permanent MCA occlusion in rats, with sustaining doses given every 12 hours thereafter. The median infarct volume measured after 72 hours was 113 mm3 for the vehicle (dimethyl sulfoxide) groups, compared with 31 mm3 for pretreatment, and 14, 27, and 98 mm3 for treatment beginning at 1, 3, and 6 hours, respectively, after permanent MCA occlusion. The infarct reductions in the pretreated and 1- and 3-hour post-MCA occlusion treatment groups were statistically significant (p < 0.05). At 3 hours after permanent MCA occlusion, tamoxifen also significantly reduced the infarct size at a lower dose of 5 mg/kg but not at 1 mg/kg; the same sustaining doses of 5 and 1 mg/kg were given every 12 hours.	Tamoxifen is as effective in a permanent model of focal ischemia as it is in the reversible model, and the therapeutic window of 3 hours after initiation of ischemia is identical. This effectiveness is likely due to several properties of the drug, including its known ability to cross the blood-brain barrier. Because tamoxifen has been administered safely in humans for treatment of gliomas at similarly high doses to those used in this study, it may be clinically useful as a treatment for ischemic stroke.",,Animal-drug-intervention,6,1,1
1127,33895270,Brain research bulletin,NLRP3 inflammasome inhibition by histone acetylation ameliorates sevoflurane-induced cognitive impairment in aged mice by activating the autophagy pathway.,"Age-related cognitive impairment is associated with diminished autophagy and progressively increased neuroinflammation. Histone acetylation has been shown to be a key process in sevoflurane-induced neurobehavioral abnormalities. Here, we investigated whether histone acetylation regulates the interaction between autophagy and the NLRP3 inflammasome in models of sevoflurane-induced cognitive impairment and explored the underlying molecular mechanisms. Aged C57BL/6 J mice and cultured primary hippocampal neurons were exposed to 3% sevoflurane for 2 h. Hippocampal tissue samples and hippocampal neurons were harvested. The processes of histone acetylation and autophagy and the activation of the NLRP3 inflammasome were observed using western blotting, immunofluorescence staining, and transmission electron microscopy. Suberoylanilide hydroxamic acid (SAHA), an inhibitor of histone deacetylases, increased histone H3 and H4 acetylation in both the mouse hippocampus and primary neurons. Concomitantly, sevoflurane upregulated components of the NLRP3 inflammasome (NLRP3, cleaved caspase-1, and IL-1β) by promoting autophagic degradation in the aging brain. Cognitive deficits and inadequate autophagy induced by sevoflurane were reversed and NLRP3 inflammasome activation was inhibited by SAHA. Treatment with 3-MA, an autophagy inhibitor, eliminated the neuroprotective effects of SAHA on improving cognition in mice, activating autophagy and downregulating the NLRP3 inflammasome. Based on these results, histone acetylation activates autophagy plays an important role in inhibiting the activation of the NLRP3 inflammasome to protect the host from excessive neuroinflammation and sevoflurane-induced cognitive dysfunction in the aging brain.",Autophagy| Cognitive dysfunction| Histone acetylation| NLRP3 inflammasome| Sevoflurane,Animal-drug-intervention,6,1,1
1334,37454780,Neurobiology of disease,Progressive human-like tauopathy with downstream neurodegeneration and neurovascular compromise in a transgenic rat model,"Tauopathies, including frontotemporal dementia (FTD) and Alzheimer's disease (AD), clinically present with progressive cognitive decline and the deposition of neurofibrillary tangles (NFTs) in the brain. Neurovascular compromise is also prevalent in AD and FTD however the relationship between tau and the neurovascular unit is less understood relative to other degenerative phenotypes. Current animal models confer the ability to recapitulate aspects of the CNS tauopathies, however, existing models either display overaggressive phenotypes, or do not develop neuronal loss or genuine neurofibrillary lesions. In this report, we communicate the longitudinal characterization of brain tauopathy in a novel transgenic rat model, coded McGill-R955-hTau. The model expresses the longest isoform of human P301S tau. Homozygous R955-hTau rats displayed a robust, progressive accumulation of mutated human tau leading to the detection of tau hyperphosphorylation and cognitive deficits accelerating from 14 months of age. This model features extensive tau hyperphosphorylation with endogenous tau recruitment, authentic neurofibrillary lesions, and tau-associated neuronal loss, ventricular dilation, decreased brain volume, and gliosis in aged rats. Further, we demonstrate how neurovascular integrity becomes compromised at aged life stages using a combination of electron microscopy, injection of the tracer horseradish peroxidase and immunohistochemical approaches.",human tauopathy| neurofibrillary tangles| neurovascular compromise| transgenic rat model,Animal-other,5,1,0
1335,35733405,"Genes, brain, and behavior",Abnormal whisker movements in the 3xTg-AD mouse model of Alzheimer's disease,"Alzheimer's disease is the most frequent form of dementia in elderly people. The triple transgenic (3xTg-AD) mouse model of Alzheimer's Disease is important in biomedical research as these mice develop both neuropathological and behavioural phenotypes. However, their behavioural phenotype is variable, with findings depending on the specific task, as well as the age and sex of the mice. Whisker movements show motor, sensory and cognitive deficits in mouse models of neurodegenerative disease. Therefore, we examined whisker movements in 3, 12.5 and 17-month-old female 3xTg-AD mice and their B6129S/F2 wildtype controls. Mice were filmed using a high-speed video camera (500 fps) in an open arena during a novel object exploration task. Genotype and age differences were found in mice exploring the arena prior to object contact. Prior to whisker contact, the 3-month-old 3xTg-AD mice had smaller whisker angles compared with the wildtype controls, suggesting an early motor phenotype in these mice. Pre-contact mean angular position at 3 months and whisking amplitude at 17 months of age differed between the 3xTg-AD and wildtype mice. During object contact 3xTg-AD mice did not reduce whisker spread as frequently as the wildtype mice at 12.5 and 17 months, which may suggest sensory or attentional deficits. We show that whisker movements are a powerful behavioural measurement tool for capturing behavioural deficits in mouse models that show complex phenotypes, such as the 3xTg-AD mouse model.",Alzheimer's| animal behaviour| disease model| mouse model| neurodegeneration| rodent| sensorimotor| transgenic| vibrissae| whisker,Animal-other,5,1,0
1336,34726298,Glia,Astrocyte-neuronal network interplay is disrupted in Alzheimer's disease mice,"Alzheimer's disease (AD) is associated with senile plaques of beta-amyloid (Aβ) that affect the function of neurons and astrocytes. Brain activity results from the coordinated function of neurons and astrocytes in astroglial-neuronal networks. However, the effects of Aβ on astroglial and neuronal network function remains unknown. Simultaneously monitoring astrocyte calcium and electric neuronal activities, we quantified the impact of Aβ on sensory-evoked cortical activity in a mouse model of AD. At rest, cortical astrocytes displayed spontaneous hyperactivity that was related to Aβ density. Sensory-evoked astrocyte responsiveness was diminished in AD mice, depending on the density and distance of Aβ, and the responses showed altered calcium dynamics. Hence, astrocytes were spontaneously hyperactive but hypo-responsive to sensory stimulation. Finally, AD mice showed sensory-evoked electrical cortical hyperresponsiveness associated with altered astrocyte-neuronal network interplay. Our findings suggest dysfunction of astrocyte networks in AD mice may dysregulate cortical electrical activity and contribute to cognitive decline.",APP/PS1| Alzheimer's disease| astrocyte| astrogliosis| beta amyloid| cortex,Animal-other,5,1,0
1337,12511771,Stroke,Differential regulation of thrombospondin-1 and thrombospondin-2 after focal cerebral ischemia/reperfusion.,"Angiogenesis occurs after cerebral ischemia, and the extent of angiogenesis has been correlated with survival in stroke patients. However, postischemic angiogenesis is short-lived and may be completely terminated within a few weeks after ischemic insult. The molecular mechanism underlying the dissolution of postischemic angiogenic processes is poorly understood. Although the expression of angiogenic genes has been studied in ischemic stroke models, the activation of angiostatic genes after cerebral ischemia has not been investigated. Thrombospondin (TSP)-1 and TSP-2 are naturally occurring angiostatic factors, which inhibit angiogenesis in vivo. The aim of the present study was to explore the expression of TSP-1 and TSP-2 in relation to the evolution of angiogenic process in a focal ischemia model in rats.	Rats underwent cortical ischemia in the middle cerebral artery territory for 60 minutes and reperfusion for up to 2 weeks. Northern and Western blot analysis were used to study the temporal profile of TSP-1 and TSP-2 expression at the mRNA and protein level, respectively. In situ hybridization and immunohistochemical studies were used to examine the spatial expression patterns. Double immunostaining was applied to define the cellular origins of TSP-1 and TSP-2.	A biphasic expression of TSP-1 was noted after ischemia, peaking at 1 and 72 hours. Endothelial cells in the leptomeninges were the only source of the first TSP-1 peak, whereas endothelial, glial, neuronal, and macrophage cells contributed to the second peak of TSP-1 expression. TSP-2 expression occurred much later and in a monophasic manner, peaking 2 weeks after ischemia. TSP-2 immunoreactivity was observed in endothelial, neuronal, and macrophage, but not glial, cells. TSP-1 was expressed before the peak of angiogenesis, whereas robust TSP-2 expression occurred at the peak of angiogenesis and continued into the period when angiogenesis had completely resolved.	Robust expression of TSP-1 and TSP-2, 2 major angiostatic factors, was noted in the ischemic brain with different temporal expression profiles from different cellular origins. The expression of these angiostatic factors, especially TSP-2, likely contributes to the spontaneous resolution of postischemic angiogenesis. Further studies are needed to explore the molecular mechanisms that regulate the balance of angiogenic and angiostatic factors in the ischemic brain.",,Animal-other,5,1,0
1338,20077474,Movement disorders : official journal of the Movement Disorder Society,Kinematic and electromyographic tools for characterizing movement disorders in mice.,"Increasing interest in rodent models for movement disorders has led to an increasing need for more accurate and precise methods for both delineating the nature of abnormal movements and measuring their severity. These studies describe application of simultaneous high-speed video kinematics with multichannel electromyography (EMG) to characterize the movement disorder exhibited by tottering mutant mice. These mice provide a uniquely valuable model, because they exhibit paroxysmal dystonia superimposed on mild baseline ataxia, permitting the examination of these two different problems within the same animals. At baseline with mild ataxia, the mutants exhibited poorly coordinated movements with increased variation of stance and swing times, and slower spontaneous walking velocities. The corresponding EMG showed reduced mean amplitudes of biceps femoris and vastus lateralis, and poorly modulated EMG activities during the step cycle. Attacks of paroxysmal dystonia were preceded by trains of EMG bursts with doublets and triplets simultaneously in the biceps femoris and vastus lateralis followed by more sustained coactivation. These EMG characteristics are consistent with the clinical phenomenology of the motor phenotype of tottering mice as a baseline of mild ataxia with intermittent attacks of paroxysmal dystonia. The EMG characteristics of ataxia and dystonia in the tottering mice also are consistent with EMG studies of other ataxic or dystonic animals and humans. These studies provide insights into how these methods can be used for delineating movement disorders in mice and for how they may be compared with similar disorders of humans.",,Animal-other,5,1,0
1339,15580376,"Magma (New York, N.Y.)",Vessel size imaging using low intravascular contrast agent concentrations.,"Vessel size index (VSI) measurements have been validated on rats bearing a glioma with high doses of contrast agent. The aim of this study was to evaluate the impact of using a reduced dose of contrast agent, necessary for clinical trials. Experiments were performed on rats at three doses of AMI-227 and clearly show higher VSI values at lower doses, whatever the region of interest (contralateral, peritumoral and intratumoral tissue). These results are in good correlation with Monte-Carlo simulations on healthy brain and suggest that only relative values can be obtained at clinical contrast agent doses and magnetic fields.",,Animal-other,5,1,0
1340,3927342,Psychopharmacology,Evidence that the selectively bred long- and short-sleep mouse lines display common narcotic reactions to many depressants.,"This report challenges the notion that the long-sleep and short-sleep selectively bred mouse lines display unique narcotic reactions to alcohols. First, we found that the specific ethanol sensitivity hypothesis is not supported by the relevant literature. Second, we found that much of the ambiguity with respect to this hypothesis concerns just pentobarbital. Consequently, the major intent of this paper was to further explore what effect pentobarbital had on these two mouse lines. Additionally, we examined the effects of barbital and ethanol. Our results for each of these compounds clearly indicate that when these mouse lines can be differentiated by particular doses the long-sleep animals always displayed greater narcotic reactions. In this inquiry only one sex was employed, and testing was always initiated at the same time of day. It is our contention that many of the equivocal findings that have been reported concerning pentobarbital are due to combining data from both sexes, circadian rhythmicity, and similar procedural variables.",,Animal-other,5,1,0
1341,1687857,Human & experimental toxicology,"A comparison of spongiosis induced in the brain by hexachlorophene, cuprizone and triethyl tin in the Sprague-Dawley rat.","The effect of hexachlorophene (HCP; 2,2'-methylenebis(3,4,6-trichlorophenol), cuprizone (CPZ; bicyclohexone oxaldihydrazone) and triethyl tin (TET; triethyl tin sulphate) in producing vacuoles in the brain of the Sprague-Dawley rat has been quantified by image analysis of the extent of the spongy change in the white matter. The state of the astrocytes was assessed by immunocytochemical staining for glial fibrillary acidic protein (GFAP). HCP and TET caused a dose-related spongiosis, but cuprizone had no significant effect on the brain. With chronic HCP treatment, the spongiosis was accompanied by astrocyte hypertrophy and proliferation, and the extent of the gliotic reaction was related to the dose of HCP. The results demonstrate that HCP can produce and maintain astrocyte proliferation in the rat brain. Such an agent was required for use in an investigation of a putative tumour promoter in the rat.",,Animal-other,5,1,0
1342,23665943,The Journal of toxicological sciences,Biochemical evaluation of the neurotoxicity of MPTP and MPP[+] in embryonic and newborn mice.,"One of the toxicities caused by 1-Methyl-4-phenyl-1, 2, 3, 6-tetrahydropyridine (MPTP) is damage to dopaminergic neurons. When injected into C57BL/6J mice, MPTP penetrates into the brain and is converted to 1-methyl-4-phenylpyridinium (MPP[+]) by monoamine oxidase (MAO)-B in astrocytes. MPP[+] has high affinity for the dopamine transporter (DAT) on dopaminergic neurons, and is taken up into the cell to cause cell death. There have been relatively few researches on the acute MPTP toxicity to embryonic or newborn mice. In the present study, we attempted to evaluate the influence of MPTP and MPP[+] on embryonic and newborn mice by measuring sequential changes in major indexes of MPTP toxicity and MPTP metabolism; levels of Tyrosine Hydroxylase (TH), DAT, MAO-A and MAO-B. In addition, we measured the levels of dopamine and its metabolites, 3,4-dihydroxy-phenylacetic acid (DOPAC) and homovanillic acid (HVA), in the brain of newborn mice. A single injection of MPTP and MPP[+] reduced the levels of dopamine and its metabolites, DOPAC and HVA, in the brain of newborn mice about 6-12 hr after the injection. Similarly the levels of mRNAs and proteins of DAT and TH were lowered in the brain of embryonic and newborn mice as well. The levels of these indexes were generally recovered at 24 hr after injection, indicating that the neurotoxicity induced by a single injection of MPTP or MPP[+] is temporary and recoverable in embryonic and newborn mice. By contrast, no significant changes in the expression levels of MAO-A and MAO-B were observed in either MPTP- or MPP[+]-treated mice.",,Animal-other,5,1,0
1343,34787377,"Advanced science (Weinheim, Baden-Wurttemberg, Germany)",Dysmyelination by Oligodendrocyte-Specific Ablation of Ninj2 Contributes to Depressive-Like Behaviors,"Depression is a mental disorder affecting more than 300 million people in the world. Abnormalities in white matter are associated with the development of depression. Here, the authors show that mice with oligodendrocyte-specific deletion of Nerve injury-induced protein 2 （Ninj2) exhibit depressive-like behaviors. Loss of Ninj2 in oligodendrocytes inhibits oligodendrocyte development and myelination, and impairs neuronal structure and activities. Ninj2 competitively inhibits TNFα/TNFR1 signaling pathway by directly binding to TNFR1 in oligodendrocytes. Loss of Ninj2 activates TNFα-induced necroptosis, and increases C-C Motif Chemokine Ligand 2 (Ccl2) production, which might mediate the signal transduction from oligodendrocyte to neurons. Inhibition of necroptosis by Nec-1s administration synchronously restores oligodendrocyte development, improves neuronal excitability, and alleviates depressive-like behaviors. This study thus illustrates the role of Ninj2 in the development of depression and myelination, reveals the relationship between oligodendrocytes and neurons, and provides a potential therapeutic target for depression.",Ninj2| depression| necroptosis| oligodendrocytes,Animal-other,5,1,0
1344,33765634,Journal of stroke and cerebrovascular diseases : the official journal of National Stroke Association,Recovery of Hypoxic Regions in a Rat Model of Microembolism.,"Endovascular treatment (EVT) has become the standard of care for acute ischemic stroke. Despite successful recanalization, a limited subset of patients benefits from the new treatment. Human MRI studies have shown that during removal of the thrombus, a shower of microclots is released from the initial thrombus, possibly causing new ischemic lesions. The aim of the current study is to quantify tissue damage following microembolism.	In a rat model, microembolism was generated by injection of a mixture of polystyrene fluorescent microspheres (15, 25 and 50 µm in diameter). The animals were killed at three time-points: day 1, 3 or 7. AMIRA and IMARIS software was used for 3D reconstruction of brain structure and damage, respectively.	Microembolism induces ischemia, hypoxia and infarction. Infarcted areas persist, but hypoxic regions recover over time suggesting that repair processes in the brain rescue the regions at risk.",Hypoxia| Infarction| Ischemia| Microembolism| Stroke,Animal-other,5,1,0
1345,19836928,European neuropsychopharmacology : the journal of the European College of Neuropsychopharmacology,The development- and phencyclidine-regulated induction of synapse-associated protein-97 gene in the rat neocortex.,"Using the RNA arbitrarily-primed PCR and the competitive RT-PCR, we have isolated the neocortical transcripts that are upregulated and unchanged in the adult and infant rats, respectively, after a systemic injection of an N-methyl-d-aspartate (NMDA) receptor antagonist phencyclidine (PCP), and found them identical to the synapse-associated protein-97 (SAP97) gene mRNAs. The upregulation of the SAP97 transcripts in the adult neocortex after the acute PCP injection was mimicked by another NMDA antagonist, dizocilpine, but not by the indirect dopamine agonists, methamphetamine and cocaine, a selective D1 receptor antagonist SCH23390, a D2 receptor-preferring antagonist haloperidol and a GABAergic anesthetic pentobarbital. Moreover, the pretreatment with a typical antipsychotic haloperidol failed to antagonize the increased neocortical SAP97 gene expression by PCP. These findings suggest that SAP97 might be involved in the molecular basis of the development-dependent onset of the non-dopaminergic symptoms seen in schizophrenia and the schizophrenia-like psychosis induced by NMDA receptor blocking.",,Animal-other,5,1,0
1346,37208415,Scientific reports,An 8-cage imaging system for automated analyses of mouse behavior,"The analysis of mouse behavior is used in biomedical research to study brain function in health and disease. Well-established rapid assays allow for high-throughput analyses of behavior but have several drawbacks, including measurements of daytime behaviors in nocturnal animals, effects of animal handling, and the lack of an acclimation period in the testing apparatus. We developed a novel 8-cage imaging system, with animated visual stimuli, for automated analyses of mouse behavior in 22-h overnight recordings. Software for image analysis was developed in two open-source programs, ImageJ and DeepLabCut. The imaging system was tested using 4-5 month-old female wild-type mice and 3xTg-AD mice, a widely-used model to study Alzheimer's disease (AD). The overnight recordings provided measurements of multiple behaviors including acclimation to the novel cage environment, day and nighttime activity, stretch-attend postures, location in various cage areas, and habituation to animated visual stimuli. The behavioral profiles were different in wild-type and 3xTg-AD mice. AD-model mice displayed reduced acclimation to the novel cage environment, were hyperactive during the first hour of darkness, and spent less time at home in comparison to wild-type mice. We propose that the imaging system may be used to study various neurological and neurodegenerative disorders, including Alzheimer's disease.",,Animal-other,5,1,0
1347,24059061,Sheng wu yi xue gong cheng xue za zhi = Journal of biomedical engineering = Shengwu yixue gongchengxue zazhi,[Expression of hippocampus Klotho protein and insulin-like growth factor-1 in rats with dementia].,"This study aims to assess the expression of Klotho and insulin-like growth factor-1 (IGF-1) and the association between Klotho and IGF-1 in rats with dementia model. Thirty rats were randomly divided into three groups. Morris water maze was used to investigate the learning and memory functions, and enzyme linked immunosorbent assay was used to analyze the levels of Klotho and IGF-1. Klotho and IGF-1 levels in the model group were lower than those in other 2 groups. Morris water maze test showed that the model group had longer escape latency times and shorter step platform times compared to other groups. Line correlation model demonstrated that Klotho level was positively correlated with IGF-1 level in rats with dementia (P= 0. 029). The levels of Klotho and IGF-1 both reduced at hippocampus in rats with dementia model, suggesting that it may be a close relationship between Klotho and IGF-1 in the pathogenesis of dementia.",,Animal-other,5,1,0
1348,34312771,Molecular neurobiology,Genetic Depletion of Amylin/Calcitonin Receptors Improves Memory and Learning in Transgenic Alzheimer's Disease Mouse Models.,"Based upon its interactions with amyloid β peptide (Aβ), the amylin receptor, a class B G protein-coupled receptor (GPCR), is a potential modulator of Alzheimer's disease (AD) pathogenesis. However, past pharmacological approaches have failed to resolve whether activation or blockade of this receptor would have greater therapeutic benefit. To address this issue, we generated compound mice expressing a human amyloid precursor protein gene with familial AD mutations in combination with deficiency of amylin receptors produced by hemizygosity for the critical calcitonin receptor subunit of this heterodimeric GPCR. These compound transgenic AD mice demonstrated attenuated responses to human amylin- and Aβ-induced depression of hippocampal long-term potentiation (LTP) in keeping with the genetic depletion of amylin receptors. Both the LTP responses and spatial memory (as measured with Morris water maze) in these mice were improved compared to AD mouse controls and, importantly, a reduction in both the amyloid plaque burden and markers of neuroinflammation was observed. Our data support the notion of further development of antagonists of the amylin receptor as AD-modifying therapies.",Alzheimer’s disease| Amylin| Amylin receptor| Amyloid-β protein| Calcitonin receptor| Hippocampus| Long-term potentiation| Spatial memory,Animal-other,5,1,0
1349,22745378,"Journal of immunology (Baltimore, Md. : 1950)",Transcriptional regulator Id2 is required for the CD4 T cell immune response in the development of experimental autoimmune encephalomyelitis.,"An effective immune response to Ag challenge is critically dependent on the size of the effector cell population generated from clonal activation of Ag-specific T cells. The transcription network involved in regulating the size of the effector population, particularly for CD4 Th cells, is poorly understood. In this study, we investigate the role of Id2, an inhibitor of E protein transcription factors, in the generation of CD4 effectors. Using a T cell-specific conditional Id2 knockout mouse model, we show that inhibitor of DNA binding (Id)2 is essential for the development of experimental autoimmune encephalomyelitis. Although Ag-specific and IL-17-producing CD4 T cells are produced in these mice, the activated CD4 T cells form a smaller pool of effector cells in the peripheral lymphoid organs, exhibit reduced proliferation and increased cell death, and are largely absent in the CNS. In the absence of Id2, E protein targets, including the proapoptotic protein Bim and SOCS3, are expressed at higher levels among activated CD4 T cells. This study reveals a critical role of Id2 in the control of effector CD4 T cell population size and the development of a Th17-mediated autoimmune disease.",,Animal-other,5,1,0
1350,12759259,The American journal of pathology,Induction of pathogenic sets of genes in macrophages and neurons in NeuroAIDS.,"The etiology of the central nervous system (CNS) alterations after human immunodeficiency virus (HIV) infection, such as dementia and encephalitis, remains unknown. We have used microarray analysis in a monkey model of neuroAIDS to identify 98 genes, many previously unrecognized in lentiviral CNS pathogenesis, whose expression is significantly up-regulated in the frontal lobe of simian immunodeficiency virus-infected brains. Further, through immunohistochemical illumination, distinct classes of genes were found whose protein products localized to infiltrating macrophages, endothelial cells and resident glia, such as CD163, Glut5, and ISG15. In addition we found proteins induced in cortical neurons (ie, cyclin D3, tissue transglutaminase, alpha1-antichymotrypsin, and STAT1), which have not previously been described as participating in simian immunodeficiency virus or HIV-related CNS pathology. This molecular phenotyping in the infected brains revealed pathways promoting entry of macrophages into the brain and their subsequent detrimental effects on neurons. These data support the hypothesis that in HIV-induced CNS disease products of activated macrophages and astrocytes lead to CNS dysfunction by directly damaging neurons, as well as by induction of altered gene and protein expression profiles in neurons themselves which are deleterious to their function.",,Animal-other,5,1,0
1351,8546018,Zentralblatt fur Veterinarmedizin. Reihe B. Journal of veterinary medicine. Series B,Cerebral coeneurosis in chamois (Rupicapra pyrenaica).,"Two cases of cerebral coeneurosis in chamois (Rupicapra pyrenaica) from Catalonia (northeastern Spain) are described. This disease, of which few cases have been reported, may, in fact, be relatively frequent. Although the characteristic symptom of the disease in sheep is circling, that symptom was not observed in this study. Chamois may act as a host within the sheep-shepherd-dog cycle, but is probable that red fox (Vulpes vulpes) also acts as a definitive host.",,Animal-other,5,1,0
1352,25774662,PLoS neglected tropical diseases,Post-treatment vascular leakage and inflammatory responses around brain cysts in porcine neurocysticercosis.,"Cysticidal treatment of neurocysticercosis, an infection of humans and pig brains with Taenia solium, results in an early inflammatory response directed to cysts causing seizures and focal neurological manifestations. Treatment-induced pericystic inflammation and its association with blood brain barrier (BBB) dysfunction, as determined by Evans blue (EB) extravasation, was studied in infected untreated and anthelmintic-treated pigs. We compared the magnitude and extent of the pericystic inflammation, presence of EB-stained capsules, the level of damage to the parasite, expression of genes for proinflammatory and regulatory cytokines, chemokines, and tissue remodeling by quantitative PCR assays between treated and untreated infected pigs and between EB-stained (blue) and non stained (clear) cysts. Inflammatory scores were higher in pericystic tissues from EB-stained cysts compared to clear cysts from untreated pigs and also from anthelmintic-treated pigs 48 hr and 120 hr after treatment. The degree of inflammation correlated with the severity of cyst wall damage and both increased significantly at 120 hours. Expression levels of the proinflammatory genes for IL-6, IFN-γ, TNF-α were higher in EB-stained cysts compared to clear cysts and unaffected brain tissues, and were generally highest at 120 hr. Additionally, expression of some markers of immunoregulatory activity (IL-10, IL-2Rα) were decreased in EB-stained capsules. An increase in other markers for regulatory T cells (CTLA4, FoxP3) was found, as well as significant increases in expression of two metalloproteases, MMP1 and MMP2 at 48 hr and 120 hr post-treatment. We conclude that the increase in severity of the inflammation caused by treatment is accompanied by both a proinflammatory and a complex regulatory response, largely limited to pericystic tissues with compromised vascular integrity. Because treatment induced inflammation occurs in porcine NCC similar to that in human cases, this model can be used to investigate mechanisms involved in host damaging inflammatory responses and agents or modalities that may control damaging post treatment inflammation.",,Animal-other,5,1,0
1353,25540200,The Journal of biological chemistry,Tau monoclonal antibody generation based on humanized yeast models: impact on Tau oligomerization and diagnostics.,"A link between Tau phosphorylation and aggregation has been shown in different models for Alzheimer disease, including yeast. We used human Tau purified from yeast models to generate new monoclonal antibodies, of which three were further characterized. The first antibody, ADx201, binds the Tau proline-rich region independently of the phosphorylation status, whereas the second, ADx215, detects an epitope formed by the Tau N terminus when Tau is not phosphorylated at Tyr(18). For the third antibody, ADx210, the binding site could not be determined because its epitope is probably conformational. All three antibodies stained tangle-like structures in different brain sections of THY-Tau22 transgenic mice and Alzheimer patients, and ADx201 and ADx210 also detected neuritic plaques in the cortex of the patient brains. In hippocampal homogenates from THY-Tau22 mice and cortex homogenates obtained from Alzheimer patients, ADx215 consistently stained specific low order Tau oligomers in diseased brain, which in size correspond to Tau dimers. ADx201 and ADx210 additionally reacted to higher order Tau oligomers and presumed prefibrillar structures in the patient samples. Our data further suggest that formation of the low order Tau oligomers marks an early disease stage that is initiated by Tau phosphorylation at N-terminal sites. Formation of higher order oligomers appears to require additional phosphorylation in the C terminus of Tau. When used to assess Tau levels in human cerebrospinal fluid, the antibodies permitted us to discriminate patients with Alzheimer disease or other dementia like vascular dementia, indicative that these antibodies hold promising diagnostic potential.",Alzheimer Disease| Antibody| Protein Folding| Protein Oligomer| Tau Protein (Tau)| Yeast,Animal-other,5,1,0
1354,37918702,Brain research,A rat model established by simulating genetic-environmental interactions recapitulates human Alzheimer's disease pathology,"BACKGROUND: In humans, Alzheimer's disease (AD) is typically sporadic in nature, and its pathology is usually influenced by extensive factors. The study established a rat model based on the genetic-environmental interaction. METHODS: A rat model was established by transduction of an adeno-associated virus combined with acrolein treatment. Rats were assigned to the normal control (NC), acrolein group, AAV (-) group, AAV-APP group, and AAV-APP/acrolein group. The success of model construction was verified in multiple ways, including by assessing cognitive function, examining microstructural changes in the brain in vivo, and performing immunohistochemistry. The contribution of genetic (APP mutation) and environmental (acrolein) factors to AD-like phenotypes in the model was explored by factorial analysis. RESULTS: 1) The AAV-APP/acrolein group showed a decline in cognitive function, as indicated by a reduced gray matter volume in key cognition-related brain areas, lower FA values in the hippocampus and internal olfactory cortex, and Aβ deposition in the cortex and hippocampus. 2) The AAV-APP group also showed a decline in cognitive function, although the group exhibited atypical brain atrophy in the gray matter and insignificant Aβ deposition. 3) The acrolein group did not show any significant changes in Aβ levels, gray matter volume, or cognitive function. 4) The genetic factor (APP mutation) explained 39.74% of the AD-like phenotypes in the model factors, and the environmental factor (acrolein exposure) explained 33.3%. CONCLUSIONS: The genetic-environmental interaction rat model exhibited a phenotype that resembled the features of human AD and will be useful for research on AD.",Alzheimer's disease| Interaction| MRI| Rat model,Animal-other,5,1,0
1355,35501379,Nature neuroscience,Maladaptive myelination promotes generalized epilepsy progression,"Activity-dependent myelination can fine-tune neural network dynamics. Conversely, aberrant neuronal activity, as occurs in disorders of recurrent seizures (epilepsy), could promote maladaptive myelination, contributing to pathogenesis. In this study, we tested the hypothesis that activity-dependent myelination resulting from absence seizures, which manifest as frequent behavioral arrests with generalized electroencephalography (EEG) spike-wave discharges, promote thalamocortical network hypersynchrony and contribute to epilepsy progression. We found increased oligodendrogenesis and myelination specifically within the seizure network in two models of generalized epilepsy with absence seizures (Wag/Rij rats and Scn8a(+/mut) mice), evident only after epilepsy onset. Aberrant myelination was prevented by pharmacological seizure inhibition in Wag/Rij rats. Blocking activity-dependent myelination decreased seizure burden over time and reduced ictal synchrony as assessed by EEG coherence. These findings indicate that activity-dependent myelination driven by absence seizures contributes to epilepsy progression; maladaptive myelination may be pathogenic in some forms of epilepsy and other neurological diseases.",,Animal-other,5,1,0
1356,34896334,Experimental neurology,"Contusion brain damage in mice for modelling of post-traumatic epilepsy with contralateral hippocampus sclerosis: Comprehensive and longitudinal characterization of spontaneous seizures, neuropathology, and neuropsychiatric comorbidities","Traumatic brain injury (TBI) is a leading cause of acquired epilepsy referred to as post-traumatic epilepsy (PTE), characterized by spontaneous recurrent seizures (SRS) that start in the months or years following TBI. There is a critical need to develop small animal models for advancing the neurotherapeutics of PTE, which accounts for 20% of all acquired epilepsy cases. Despite many previous attempts, there are few PTE models with demonstrated consistency or longitudinal incidence of SRS, a critical feature for creating models for investigation of novel therapeutics for preventing PTE. Over the past few years, we have made in-depth updates and several advances to our mouse model of TBI in which SRS consistently occurs upon 24/7 monitoring for 4 months. Here, we show that an advanced cortical contusion damage in mice elicits a chronic state of PTE with SRS and robust epileptiform activity, along with cognitive comorbidities. We observed SRS in 33% and 87% of moderate and severe injury cohorts, respectively. Though incidence was higher in the severe cohort, moderate injury elicited a robust epileptogenesis. Progressive neuronal damage, neurodegeneration, and inflammation signals were evident in many brain regions; comorbid behavior and cognitive deficits were observed for up to 4-months. SRS onset was correlated with the inception of interneuron loss after TBI. Contralateral hippocampal sclerosis was unique and well correlated with SRS, confirming a potential network basis for epileptogenesis. Collectively, this mouse model exhibits a number of hallmark TBI sequelae reminiscent of human PTE. This model provides a vital tool for probing molecular pathological mechanisms and therapeutic interventions for post-traumatic epileptogenesis. SIGNIFICANCE STATEMENT: TBI is a leading cause of post-traumatic epilepsy (PTE). Despite many attempts to create PTE in animals, success has been limited due to a lack of consistent spontaneous ""epileptic"" seizures after TBI. We present a comprehensive phenotype of PTE after contusion brain injury in mice, which exhibits robust spontaneous seizures along with neuronal loss, inflammation, and cognitive dysfunction. Our broad profiling of a TBI mouse reveals features of progressive, long-lasting epileptic activity, unique contralateral hippocampal sclerosis, and comorbid mood and memory deficits. The PTE mouse shows a striking consistency in recapitulating major pathological sequelae of human PTE. This mouse model will be helpful in assessing mechanisms and interventions for TBI-induced epilepsy and mood dysfunction.",Brain injury| CCI| HFOs| Hippocampus| Microgliosis| Post-traumatic epilepsy| Seizure,Animal-other,5,1,0
1357,35599484,Journal of Alzheimer's disease : JAD,A Signal Detection Analysis of Olfactory Learning in 12-Month-Old 5xFAD Mice,"Although Alzheimer's disease is most often studied in terms of memory impairments, olfactory dysfunction begins in the early stages. We tested olfactory learning, sensitivity, and response bias using signal detection methods in 12-month-old male and female 5xFAD mice and their wildtype controls in the operant olfactometer. Odor detection was not reduced in the 5xFAD mice, but learning was, which was worse in female 5xFAD mice than in males. Female mice were more conservative in their response strategy. Signal detection analysis allows us to discriminate between cognitive and sensory deficits of male and female mouse models of AD.",Accuracy| Alzheimer model mice| false alarms| olfactory learning| response bias| sensitivity| signal detection,Animal-other,5,1,0
1358,6524198,"Zhurnal nevropatologii i psikhiatrii imeni S.S. Korsakova (Moscow, Russia : 1952)",[Possible significance of the gastrointestinal 'steal' syndrome in experimental cerebral ischemia].,"The authors studied the clinical manifestations of cerebral ischemia induced by the ligation of the right common carotid artery and by a 3-minute ligation of the left carotid artery in two groups of clawed jirds: 28 animals on the usual diet and 34 animals which were given the usual meal 2-3 hours prior to the operation after 24 hours of fasting. The clinical manifestations of cerebral ischemia were more significantly pronounced in the second group. This group was also characterized by a more marked hyperemia of the gastrointestinal tract as shown both macro- and microscopically. It is suggested that a more severe course of ischemia in this group of animals is induced by the redistribution of the blood into the bed of the gastrointestinal arteries, which leads to a decrease in the cerebral blood content and aggravated conditions of the collateral blood supply in cases of brain ischemization.",,Animal-other,5,1,0
1359,24837743,Behavioural brain research,"Neophobia, NQO1 and SIRT1 as premorbid and prodromal indicators of AD in 3xTg-AD mice.","Increased oxidative stress seems to be a key factor underlying natural processes of aging, but also to occur prior to neuropathological hallmarks of neurodegenerative diseases. The present work studied the temporal variation of three key antioxidant enzymes in cortex and hippocampus during the development of behavioral and cognitive symptoms in 3xTg-AD mice, and as compared to age-matched controls. At 2 months of age, when no intraneuronal Aβ immunoreactivity has been reported, increased neophobia shown as a delayed and reduced rearing, evidenced the onset of BPSD-like symptoms at premorbid stages of disease. In these animals, NQO1 was found increased in both the hippocampus (800%) and cortex (400%) and progressively diminished at older ages. SOD1 was increased in the hippocampus at 4 months of age, when neuronal Aβ accumulation has been established. These hippocampal increases of antioxidants before the prodromal emergence of cognitive symptoms support their role as defense mechanisms. SIRT1 levels showed opposite age-dependent changes in cortex (increase) and hippocampus (decrease) relative to controls. Prodromal cognitive deficits emerged at 6 months of age, concomitantly to cortical overexpression of SIRT1 but down-regulation of NQO1 and SIRT1 in the hippocampus, suggesting inadequate antioxidative protection to prevent or delay the subjacent neuronal damage. The present data further support the link between oxidative status and the anxious profile. Their crosstalk may underline AD-pathological mechanisms that may lead to deranged physiology and selective neuronal degeneration. It also points out increased neophobia and high expression of NQO1 among the first indicators of disease in the 3xTg-AD mice.",3xTg-AD mouse| AD-C| AD-P| Alzheimer's disease| Antioxidant enzymes| Behavior,Animal-other,5,1,0
1360,26118726,Journal of sleep research,"Physiological time structure of the tibialis anterior motor activity during sleep in mice, rats and humans","The validation of rodent models for restless legs syndrome (Willis-Ekbom disease) and periodic limb movements during sleep requires knowledge of physiological limb motor activity during sleep in rodents. This study aimed to determine the physiological time structure of tibialis anterior activity during sleep in mice and rats, and compare it with that of healthy humans. Wild-type mice (n = 9) and rats (n = 8) were instrumented with electrodes for recording the electroencephalogram and electromyogram of neck muscles and both tibialis anterior muscles. Healthy human subjects (31 ± 1 years, n = 21) underwent overnight polysomnography. An algorithm for automatic scoring of tibialis anterior electromyogram events of mice and rats during non-rapid eye movement sleep was developed and validated. Visual scoring assisted by this algorithm had inter-rater sensitivity of 92-95% and false-positive rates of 13-19% in mice and rats. The distribution of the time intervals between consecutive tibialis anterior electromyogram events during non-rapid eye movement sleep had a single peak extending up to 10 s in mice, rats and human subjects. The tibialis anterior electromyogram events separated by intervals <10 s mainly occurred in series of two-three events, their occurrence rate in humans being lower than in mice and similar to that in rats. In conclusion, this study proposes reliable rules for scoring tibialis anterior electromyogram events during non-rapid eye movement sleep in mice and rats, demonstrating that their physiological time structure is similar to that of healthy young human subjects. These results strengthen the basis for translational rodent models of periodic limb movements during sleep and restless legs syndrome/Willis-Ekbom disease.",animal| computer-assisted detection| nocturnal myoclonus| normative data| polysomnography| sleep related movement disorders,Animal-other,5,1,0
1361,23461676,The European journal of neuroscience,Uncovering novel actors in astrocyte-neuron crosstalk in Parkinson's disease: the Wnt/β-catenin signaling cascade as the common final pathway for neuroprotection and self-repair.,"Parkinson's disease (PD) is a common neurodegenerative disorder characterized by progressive loss of dopaminergic (DAergic) neuronal cell bodies in the substantia nigra pars compacta and gliosis. The cause and mechanisms underlying the demise of nigrostriatal DAergic neurons are ill-defined, but interactions between genes and environmental factors are recognized to play a critical role in modulating the vulnerability to PD. Current evidence points to reactive glia as a pivotal factor in PD pathophysiology, playing both protective and destructive roles. Here, the contribution of reactive astrocytes and their ability to modulate DAergic neurodegeneration, neuroprotection and neurorepair in the 1-methyl-4-phenyl-1,2,3,6-tetrahydropyridine (MPTP) rodent model of PD will be discussed in the light of novel emerging evidence implicating wingless-type mouse mammary tumor virus integration site (Wnt)/β-catenin signaling as a strong candidate in MPTP-induced nigrostriatal DAergic plasticity. In this work, we highlight an intrinsic Wnt1/frizzled-1/β-catenin tone that critically contributes to the survival and protection of adult midbrain DAergic neurons, with potential implications for drug design or drug action in PD. The dynamic interplay between astrocyte-derived factors and neurogenic signals in MPTP-induced nigrostriatal DAergic neurotoxicity and repair will be summarized, together with recent findings showing a critical role of glia-neural stem/progenitor cell (NPC) interactions aimed at overcoming neurodegeneration and inducing neurorestoration. Understanding the intrinsic plasticity of nigrostriatal DAergic neurons and deciphering the signals facilitating the crosstalk between astrocytes, microglia, DAergic neurons and NPCs may have major implications for the role of stem cell technology in PD, and for identifying potential therapeutic targets to induce endogenous neurorepair.",,Animal-other,5,1,0
1362,35183618,Behavioural brain research,Age-related deficits in working memory in 5xFAD mice in the Hebb-Williams maze,"The 5xFAD mouse model of Alzheimer's disease (AD) develops age-related neuropathology and sensory, motor, and cognitive impairments. The purpose of this study was to examine whether age-related changes in motor function affected working memory performance in 5xFAD mice in the Hebb-Williams Maze (HWM). At 6 months of age, the 5xFAD mice performed better than the WT (B6SJL) mice on the accelerating rotarod, but much worse at 12 months of age. The 5xFAD and WT mice did not differ in days to acquisition in the HWM at 6 months of age, but the WT mice took longer at 12 months of age. The number of errors increased with maze difficulty and at 6 months of age, the 5xFAD mice made more errors than the WT mice only on difficult problems. At 12 months of age 5xFAD mice made more errors than WT mice at each level of problem difficulty. The latency to solve the problems was higher for the 5xFAD mice than the WT mice in the difficult problems at 6 months of age and in the intermediate problems at 12 months of age. Although body weight had some effect on rotarod performance, there were no systematic effects of motor deficits on either errors or latency measures in the test trials of the HWM. These results indicate that the 5xFAD mice had deficits in working memory in the HWM and that these deficits were not confounded by impaired motor performance.",Alzheimer's disease| Hebb-Williams maze| Long-term memoryAmyloid beta| Motor deficits| Mouse model| Rotarod| Working memory,Animal-other,5,1,0
1363,30337626,Scientific reports,Neonatal 6-OHDA lesion model in mouse induces Attention-Deficit/ Hyperactivity Disorder (ADHD)-like behaviour,"Attention-deficit/hyperactivity disorder (ADHD) is a common neurodevelopmental disorder characterized by impaired attention, impulsivity and hyperactivity. The ""neonatal 6-hydroxydopamine"" (6-OHDA) lesion is a commonly used model of ADHD in rat. However, a comprehensive assessment of ADHD-like symptoms is still missing, and data in mouse remain largely unavailable. Our aim was to analyse symptoms of ADHD in the mouse neonatal 6-OHDA model. 6-OHDA mice exhibited the major ADHD-like symptoms, i.e. hyperactivity (open field), attention deficit and impulsivity (five-choice serial reaction time task). Further, the model revealed discrete co-existing symptoms, i.e. anxiety-like (elevated plus maze test) and antisocial (social interaction) behaviours and decreased cognitive functioning (novel object recognition). The efficacy of methylphenidate, a classical psychostimulant used in the treatment of ADHD, was also evaluated. A histological analysis further supports the model validity by indicating dopamine depletion, changes in cortical thickness and abnormalities in anterior cingulate cortex neurons. A principal component analysis of the behaviour profile confirms that the 6-OHDA mouse model displayed good face and predictive validity. We conclude that neonatal dopamine depletion results in behavioural and morphological changes similar to those seen in patients and therefore could be used as a model for studying ADHD pathophysiological mechanisms and identifying therapeutic targets.",,Animal-other,5,1,0
1364,20593994,Journal of neurosurgery. Pediatrics,Establishment of a human glioblastoma stemlike brainstem rodent tumor model,"OBJECT: Diffuse brainstem tumors are the most difficult type of pediatric CNS malignancy to treat. These inoperable lesions are treated with radiation alone or in combination with chemotherapy, and the survival rate is less than 10%. It is therefore essential to develop a reliable animal model to screen new therapeutic agents for the treatment of this type of tumor. METHODS: A multipotent human glioblastoma stemlike neurosphere line, 060919, was established from a surgically resected glioblastoma specimen; when cells were implanted intracranially into athymic nude mice, they formed invasive, vascular tumors that exhibited the features of glioblastoma. Ten female Fischer 344 rats received an injection of 75,000 F98 rat glioma cells and 10 female athymic nude rats received an injection of 75,000 060919 human glioblastoma stemlike cells in the pontine tegmentum of the brainstem. A control group of 5 female Fischer rats received an injection of saline in the same location as the animals in the tumor groups. Kaplan-Meier curves were generated for survival, and brains were processed postmortem for histopathological investigation. RESULTS: Both F98 cells and 060919 cells grew in 100% of the animals injected. Median survival of animals injected with F98 was 15 days, consistent with the authors' previous reports on the establishment of the brainstem tumor model using the F98 rat glioma line. Median survival of animals injected with 060919 was 31 days. Histopathological analysis of the tumors confirmed the presence of brainstem lesions in animals that received brainstem injections of F98 and in animals that received brainstem injections of 060919. The 060919 brainstem tumors histologically resembled glioblastoma. CONCLUSIONS: Tumor take and median survival were consistent for animals injected in the brainstem with either the established F98 rat glioma cell line or the 060919 human glioblastoma stemlike neurosphere line. Histopathological features of the 060919 brainstem tumors resembled glioblastoma. Establishment of this human glioblastoma stemlike brainstem animal model will improve the evaluation and identification of more efficacious agents for the treatment of high-grade brainstem tumors.",,Animal-other,5,1,0
1365,37979175,Cell reports,Comparing HD knockin pigs and mice reveals the pathological role of IL-17,"Our previous work has established a knockin (KI) pig model of Huntington's disease (HD) that can replicate the typical pathological features of HD, including selective striatal neuronal loss, reactive gliosis, and axonal degeneration. However, HD KI mice exhibit milder neuropathological phenotypes and lack overt neurodegeneration. By performing RNA sequencing to compare the gene expression profiles between HD KI pigs and mice, we find that genes related to interleukin-17 (IL-17) signaling are upregulated in the HD pig brains compared to the mouse brains. Delivery of IL-17 into the brain striatum of HD KI mice causes greater reactive gliosis and synaptic deficiency compared to HD KI mice that received PBS. These findings suggest that the upregulation of genes related to IL-17 signaling in HD pig brains contributes to severe glial pathology in HD and identify this as a potential therapeutic target for treating HD.",CP: Immunology| CP: Neuroscience| Huntington's disease| animal models| glial pathology| interleukin-17,Animal-other,5,1,0
1366,2921862,The Journal of surgical research,Continuous intravenous ammonia infusion as a model for the study of hepatic encephalopathy in rabbits.,"To obtain a more precise pathophysiological evaluation of the role of ammonia in acute hepatic encephalopathy, we compared the plasma ammonia concentrations and electroencephalographic recordings (EEGs) of rabbits with surgically induced acute hepatic failure (AHF, n = 10) and normal rabbits administered an infusion of ammonium acetate (NH4-Ac, n = 7) over a 10-hr period. AHF was surgically induced by portocaval shunting followed by hepatic artery ligation 48 hr later. In the infusion group the dose of NH4-Ac, initially 0.78 mmol/kg/hr, was increased every 2 hr by 0.13 mmole/kg/hr during a 10-hour period to simulate the arterial NH3 concentrations observed in AHF. Ammonia levels in rabbits administered the NH4-Ac infusion were identical to those observed in AHF, with the exception of the higher initial value in the AHF group. Moreover, the mean rates of increase in grade of encephalopathy in the two groups were similar, although the EEG grades in the infusion group were significantly less at all time points. In conclusion, this study demonstrates that a more pathophysiological approach to identification of the putative toxins in hepatic encephalopathy is feasible. Some of the EEG abnormalities of acute hepatic encephalopathy in rabbits are presumably due to hyperammonemia; the encephalopathy observed in AHF at zero time is probably caused by the previously constructed portocaval shunt via an undefined, but possibly also ammonia-related, mechanism.",,Animal-other,5,1,0
1367,28690033,"Brain, behavior, and immunity",Schisantherin A attenuates ischemia/reperfusion-induced neuronal injury in rats via regulation of TLR4 and C5aR1 signaling pathways.,"Toll-like receptor 4 (TLR4) and C5aR1 (CD88) have been recognized as potential therapeutic targets for the reduction of inflammation and secondary damage and improvement of outcome after ischemia and reperfusion (I/R). The inflammatory responses which induce cell apoptosis and necrosis after I/R brain injury lead to a limited process of neural repair. To further comprehend how these targets function in I/R state, we investigated the pathological changes and TLR4 and C5aR1 signaling pathways in vitro and in vivo models of I/R brain injury in this study. Meanwhile, we explored the roles of schisantherin A on I/R brain injury, and whether it exerted neuroprotective effects by regulating the TLR4 and C5aR1 signaling pathways or not. The results showed that schisantherin A significantly reduced the neuronal apoptosis induced by oxygen and glucose deprivation and reperfusion (OGD/R) injury in primary culture of rat cortical neurons. Also, schisantherin A alleviated neurological deficits, reduced infarct volume, attenuated oxidation stress, inflammation and apoptosis in ischemic parietal cortex of rats after middle cerebral artery occlusion and reperfusion (MCAO/R) injury. Moreover, the activated TLR4 and C5aR1 signaling pathways were inhibited by schisantherin A treatment. In conclusion, TLR4 and C5aR1 played a vital role during I/R brain injury in rats, and schisantherin A exhibited neuroprotective effects by TLR4 and C5aR1 signaling pathways. These findings also provided new insights that would aid in elucidating the effect of schisantherin A against cerebral I/R and support the development of schisantherin A as a potential treatment for ischemic stroke.",Apoptosis| C5aR1| Inflammation| Neuroprotection| Schisantherin A| TLR4,Animal-other,5,1,0
1368,35428862,Scientific reports,Time dependent analysis of rat microglial surface markers in traumatic brain injury reveals dynamics of distinct cell subpopulations,"Traumatic brain injury (TBI) results in a cascade of cellular responses, which produce neuroinflammation, partly due to the activation of microglia. Accurate identification of microglial populations is key to understanding therapeutic approaches that modify microglial responses to TBI and improve long-term outcome measures. Notably, previous studies often utilized an outdated convention to describe microglial phenotypes. We conducted a temporal analysis of the response to controlled cortical impact (CCI) in rat microglia between ipsilateral and contralateral hemispheres across seven time points, identified microglia through expression of activation markers including CD45, CD11b/c, and p2y12 receptor and evaluated their activation state using additional markers of CD32, CD86, RT1B, CD200R, and CD163. We identified unique sub-populations of microglial cells that express individual or combination of activation markers across time points. We further portrayed how the size of these sub-populations changes through time, corresponding to stages in TBI response. We described longitudinal changes in microglial population after CCI in two different locations using activation markers, showing clear separation into cellular sub-populations that feature different temporal patterns of markers after injury. These changes may aid in understanding the symptomatic progression following TBI and help define microglial subpopulations beyond the outdated M1/M2 paradigm.",,Animal-other,5,1,0
1369,35460870,Neurobiology of disease,Altered cortical processing of sensory input in Huntington disease mouse models,"Huntington disease (HD), a hereditary neurodegenerative disorder, manifests as progressively impaired movement and cognition. Although early abnormalities of neuronal activity in striatum are well established in HD models, there are fewer in vivo studies of the cortex. Here, we record local field potentials (LFPs) in YAC128 HD model mice versus wild-type mice. In multiple cortical areas, limb sensory stimulation evokes a greater change in LFP power in YAC128 mice. Mesoscopic imaging using voltage-sensitive dyes reveals more extensive spread of evoked sensory signals across the cortical surface in YAC128 mice. YAC128 layer 2/3 sensory cortical neurons ex vivo show increased excitatory events, which could contribute to enhanced sensory responses in vivo. Cortical LFP responses to limb stimulation, visual and auditory input are also significantly increased in zQ175 HD mice. Results presented here extend knowledge of HD beyond ex vivo studies of individual neurons to the intact cortical network.",Cortex| Electrophysiology| Huntington disease| In vivo| Mesoscopic imaging| Mouse model| NMDA| Sensory input,Animal-other,5,1,0
1370,2491752,Journal of neuroimmunology,Induction of Ia molecules on brain endothelium is related to susceptibility to experimental allergic encephalomyelitis.,"We have examined the responses of brain endothelium from different rat strains to interferon-gamma (IFN-gamma) which induces expression of MHC class II molecules. There is a marked difference between the strains in the sensitivity of their endothelium to MHC induction. LEW and DA rats, which are susceptible to experimental allergic encephalomyelitis (EAE) can be induced to express higher levels of class II molecules than EAE-resistant strains. In both the EAE-susceptible and -resistant strains, RT-1B locus-encoded molecules occur at higher surface densities than RT-1D locus molecules. These findings support the theory that genes controlling the induction of MHC expression affect disease susceptibility.",,Animal-other,5,1,0
1371,22384223,PloS one,In vivo diagnostic imaging using micro-CT: sequential and comparative evaluation of rodent models for hepatic/brain ischemia and stroke,"BACKGROUND: There is an increasing need for animal disease models for pathophysiological research and efficient drug screening. However, one of the technical barriers to the effective use of the models is the difficulty of non-invasive and sequential monitoring of the same animals. Micro-CT is a powerful tool for serial diagnostic imaging of animal models. However, soft tissue contrast resolution, particularly in the brain, is insufficient for detailed analysis, unlike the current applications of CT in the clinical arena. We address the soft tissue contrast resolution issue in this report. METHODOLOGY: We performed contrast-enhanced CT (CECT) on mouse models of experimental cerebral infarction and hepatic ischemia. Pathological changes in each lesion were quantified for two weeks by measuring the lesion volume or the ratio of high attenuation area (%HAA), indicative of increased vascular permeability. We also compared brain images of stroke rats and ischemic mice acquired with micro-CT to those acquired with 11.7-T micro-MRI. Histopathological analysis was performed to confirm the diagnosis by CECT. PRINCIPAL FINDINGS: In the models of cerebral infarction, vascular permeability was increased from three days through one week after surgical initiation, which was also confirmed by Evans blue dye leakage. Measurement of volume and %HAA of the liver lesions demonstrated differences in the recovery process between mice with distinct genetic backgrounds. Comparison of CT and MR images acquired from the same stroke rats or ischemic mice indicated that accuracy of volumetric measurement, as well as spatial and contrast resolutions of CT images, was comparable to that obtained with MRI. The imaging results were also consistent with the histological data. CONCLUSIONS: This study demonstrates that the CECT scanning method is useful in rodents for both quantitative and qualitative evaluations of pathologic lesions in tissues/organs including the brain, and is also suitable for longitudinal observation of the same animals.",,Animal-other,5,1,0
1372,37749080,Nature communications,Blockade of interferon signaling decreases gut barrier integrity and promotes severe West Nile virus disease.,"The determinants of severe disease caused by West Nile virus (WNV) and why only ~1% of individuals progress to encephalitis remain poorly understood. Here, we use human and mouse enteroids, and a mouse model of pathogenesis, to explore the capacity of WNV to directly infect gastrointestinal (GI) tract cells and contribute to disease severity. At baseline, WNV poorly infects human and mouse enteroid cultures and enterocytes in mice. However, when STAT1 or type I interferon (IFN) responses are absent, GI tract cells become infected, and this is associated with augmented GI tract and blood-brain barrier (BBB) permeability, accumulation of gut-derived molecules in the brain, and more severe WNV disease. The increased gut permeability requires TNF-α signaling, and is absent in WNV-infected IFN-deficient germ-free mice. To link these findings to human disease, we measured auto-antibodies against type I IFNs in serum from WNV-infected human cohorts. A greater frequency of auto- and neutralizing antibodies against IFN-α2 or IFN-ω is present in patients with severe WNV infection, whereas virtually no asymptomatic WNV-infected subjects have such antibodies (odds ratio 24 [95% confidence interval: 3.0 - 192.5; P = 0.003]). Overall, our experiments establish that blockade of type I IFN signaling extends WNV tropism to enterocytes, which correlates with increased gut and BBB permeability, and more severe disease.",,Animal-other,5,1,0
1373,20460143,Brain research bulletin,Longitudinal analysis of the behavioural phenotype in YAC128 (C57BL/6J) Huntington's disease transgenic mice,"To determine the suitability of mouse models of disease for therapeutic trials, the models must be characterised to determine their similarity to the human condition, and utility for specific therapeutic approaches. The YAC128 mouse model of HD has been bred on to C57BL/6J background in order to provide a mouse model of the disease better suited to behavioural testing, than the visually impaired original line on the FVB background. In the present study, the C57BL/6J YAC128 mice were assessed on several behavioural tasks bi-monthly between 4 and 24 months of age. On the rotarod early and stable deficits were demonstrated in the YAC128 mice from 4 months of age indicating an early abnormality in motor coordination. Early and stable deficits were also found on the balance beam measures of latency to orientate towards the beam and time to traverse it. Measures of fore and hind limb footslips on the balance beam demonstrated early and progressive limb use deficits in the YAC128 mice. On a 3-stage Morris water maze protocol, the YAC128 mice took longer and travelled further to find the hidden platform in each of the 3 locations, indicative of a spatial learning deficit. The YAC128 mice were also less reactive to the primary startle stimuli and the effects of the prepulse which may suggest striatal dysfunction. As a measure of general well being, the body weights of the mice were recorded and demonstrated increased weight in the YAC128 mice until 14 months of age, when they became comparable to that of their wildtype littermates. The YAC128 mouse on the C57BL/6J background has an early, robust and severe behavioural phenotype that shares some similarity to human HD symptomatology.",,Animal-other,5,1,0
1374,31926295,Neurobiology of disease,Defining molecular identity and fates of CNS-border associated macrophages after ischemic stroke in rodents and humans.,"Central nervous system (CNS)-border associated macrophages (BAMs) maintain their steady-state population during adulthood and are not replaced by circulating monocytes under physiological conditions. Their roles in CNS integrity and functions under pathological conditions remain largely unknown. Until recently, BAMs and microglia could not be unequivocally distinguished due to expression of common macrophage markers. We investigated the transcriptional profiles of immunosorted BAMs from rat sham-operated and ischemic brains using RNA sequencing. We found that BAMs express the distinct transcriptional signature than microglia and infiltrating macrophages. The enrichment of functional groups associated with the cell cycle in CD163[+] cells isolated 3 days after the ischemic injury indicates the proliferative capacity of these cells. The increased number of CD163[+] cells 3 days post-ischemia was corroborated by flow cytometry and detecting the increased number of CD163[+] cells positive for a proliferation marker Ki67 at perivascular spaces. CD163[+] cells in the ischemic brains up-regulated many inflammatory genes and parenchymal CD163+ cells expressed iNOS, which indicates acquisition of a pro-inflammatory phenotype. In mice, BAMs typically express CD206 and we found a subset of these cells expressing CD169. Chimeric mice generated by transplanting bone marrow of donor Cx3cr1[gfp]CCR2[rfp] mice to wild type hosts showed an increased number of CX3CR1[+]CD169[+] perivascular macrophages 3 days post-ischemia. Furthermore, these cells accumulated in the brain parenchyma and we detected replacement of perivascular macrophages by peripheral monocytic cells in the sub-acute phase of stroke. In line with the animal results, post-mortem brain samples from human ischemic stroke cases showed time-dependent accumulation of CD163[+] cells in the ischemic parenchyma. Our findings indicate a unique transcriptional signature of BAMs, their local proliferation and migration of inflammatory BAMs to the brain parenchyma after stroke in animal models and humans.",CNS border associated macrophages| Chimeric mice| Human ischemic stroke| Ischemia| RNA-sequencing,Animal-other,5,1,0
1375,6891758,Neurotoxicology,Neurotoxicity of methylmercury in the pigeon.,"Pigeons repeatedly exposed to sublethal doses of methylmercury (5-10 mg Hg/kg/wk, po, for 34-77 days) exhibited marked behavioral changes that were accompanied by only minor evidence of neuropathologic changes at the light microscopic level. Accuracy and rate of pecking for grain declined while food intake remained unchanged. Methylmercury produced permanent changes in posture and in motor coordination. The regional distribution of methylmercury within the nervous system was poorly correlated with the distribution of pathologic changes. Overt behavioral signs appeared after the brain accumulated more than about 12 to 16 ppm Hg. Data with pigeons support earlier evidence that the dose-response function for methylmercury is modulated by dose rate and duration of exposure, since the pattern of blood and tissue distribution of Hg is established in advance of the appearance of signs. The pigeon is more sensitive to methylmercury than are mice and rats, but less sensitive than primates.",,Animal-other,5,1,0
1376,34282017,Proceedings of the National Academy of Sciences of the United States of America,Genome-scale metabolic network reconstruction of model animals as a platform for translational research,"Genome-scale metabolic models (GEMs) are used extensively for analysis of mechanisms underlying human diseases and metabolic malfunctions. However, the lack of comprehensive and high-quality GEMs for model organisms restricts translational utilization of omics data accumulating from the use of various disease models. Here we present a unified platform of GEMs that covers five major model animals, including Mouse1 (Mus musculus), Rat1 (Rattus norvegicus), Zebrafish1 (Danio rerio), Fruitfly1 (Drosophila melanogaster), and Worm1 (Caenorhabditis elegans). These GEMs represent the most comprehensive coverage of the metabolic network by considering both orthology-based pathways and species-specific reactions. All GEMs can be interactively queried via the accompanying web portal Metabolic Atlas. Specifically, through integrative analysis of Mouse1 with RNA-sequencing data from brain tissues of transgenic mice we identified a coordinated up-regulation of lysosomal GM2 ganglioside and peptide degradation pathways which appears to be a signature metabolic alteration in Alzheimer's disease (AD) mouse models with a phenotype of amyloid precursor protein overexpression. This metabolic shift was further validated with proteomics data from transgenic mice and cerebrospinal fluid samples from human patients. The elevated lysosomal enzymes thus hold potential to be used as a biomarker for early diagnosis of AD. Taken together, we foresee that this evolving open-source platform will serve as an important resource to facilitate the development of systems medicines and translational biomedical applications.",Alzheimer’s disease| Aβ deposition| animal model| genome-scale model| translational medicine,Animal-other,5,1,0
1377,7470882,Brain research,The effects of unilateral carotid occlusion on the responses to decapitation in the gerbil brain.,The effects of partial ischemia (unilateral carotid artery occlusion) on the metabolic and electrical responses to decapitation were studied in the awake and anesthetized gerbils' brains. The gerbil was connected to the 2 channel fluorometer/reflectometer by flexible light guides implanted above the two hemispheres of the brain. The results show that: (1) the metabolic rate as measured by this present technique is lower in the gerbil than in the rat; (2) the metabolic rate of the ischemic hemisphere is lower as compared to that of the normoxic contralateral hemisphere.,,Animal-other,5,1,0
1378,16000159,Journal of neurochemistry,Blockade of L-type voltage-gated Ca channel inhibits ischemia-induced neurogenesis by down-regulating iNOS expression in adult mouse.,"Neurogenesis in the adult mammalian hippocampus may contribute to repairing the brain after injury. The signals that regulate neurogenesis in the dentate gyrus following ischemic stroke insult are not well known. We have previously reported that inducible nitric oxide synthase (iNOS) expression is necessary for ischemia-stimulated neurogenesis in the adult dentate gyrus. Here, we show that mice subjected to 90 min of middle cerebral artery occlusion (MCAO) significantly increased the number of new neurons and up-regulated iNOS expression in the dentate gyrus. Blockade of the L-type voltage-gated Ca(2+) channel (L-VGCC) prevented neurogenesis in the dentate gyrus and subventricular zone (SVZ), and down-regulated iNOS expression in the dentate gyrus after cerebral ischemia. This study suggests that Ca(2+) influx through L-VGCC is involved in ischemia-induced neurogenesis by up-regulating iNOS expression.",,Animal-other,5,1,0
1379,37590406,Proceedings of the National Academy of Sciences of the United States of America,Interictal epileptiform discharges affect memory in an Alzheimer's disease mouse model,"Interictal epileptiform discharges (IEDs) are transient abnormal electrophysiological events commonly observed in epilepsy patients but are also present in other neurological diseases, such as Alzheimer's disease (AD). Understanding the role IEDs have on the hippocampal circuit is important for our understanding of the cognitive deficits seen in epilepsy and AD. We characterize and compare the IEDs of human epilepsy patients from microwire hippocampal recording with those of AD transgenic mice with implanted multilayer hippocampal silicon probes. Both the local field potential features and firing patterns of pyramidal cells and interneurons were similar in the mouse and human. We found that as IEDs emerged from the CA3-1 circuits, they recruited pyramidal cells and silenced interneurons, followed by post-IED suppression. IEDs suppressed the incidence and altered the properties of physiological sharp-wave ripples, altered their physiological properties, and interfered with the replay of place field sequences in a maze. In addition, IEDs in AD mice inversely correlated with daily memory performance. Together, our work implies that IEDs may present a common and epilepsy-independent phenomenon in neurodegenerative diseases that perturbs hippocampal-cortical communication and interferes with memory.",Alzheimer model| interictal epileptiform discharges| memory| replay| sharp wave ripples,Animal-other,5,1,0
1380,16928182,Journal of neurotrauma,Differential behavioral and histopathological responses to graded cortical impact injury in mice.,"Controlled cortical impact (CCI) injury, a model of contusive brain injury in humans, is being used with increasing frequency in mice to investigate post-traumatic cell damage and death and to evaluate treatment strategies. Because cellular injury mechanisms and therapeutic approaches may depend on the severity of the initial insult, it is important to utilize a model in which outcomes are sensitive to injury severity. Adult male C57Bl/6 mice were anesthetized and subjected to sham injury (n = 23) or CCI injury at either 0.5 mm (n = 22) or 1.0 mm (n = 22) depth of impact at a velocity of 5 m/sec. At 2 days, brain-injured mice exhibited significant memory (p < 0.05) and motor function (p < 0.001) deficits compared to sham-injured mice; furthermore, mice subjected to an impact of 1.0 mm were significantly more impaired in both outcome measures than those injured at 0.5 mm (p < 0.05). The cortical lesion increased in size between 24 h and 7 days in both injury groups, but was significantly larger in the 1.0 mm group. Hippocampal cell loss was observed in the hilar and CA3 regions in both groups, and in the CA1 and dentate granule cell layers in the 1.0 mm group. Regional patterns of IgG extravasation and reactive astrocytosis were similar in the two injured groups, but changes were more persistent in the 1.0 mm group. Both levels of injury resulted in acute loss of neuronal MAP-2 immunoreactivity in the cortex and sub-region specific changes in the hippocampus. Thus, increasing the depth of impact led to similar structural alterations in neurons, astrocytes and the vasculature, but resulted in greater behavioral deficits and cortical and hippocampal cell death.",,Animal-other,5,1,0
1381,6290544,Journal of clinical psychopharmacology,A model for oral dyskinesia in rats.,"Rats subjected to bifrontal cortical ablations developed vacuous chewing movements and jaw tremors that began 22 weeks after surgery, reached a peak rate of 4 to 8 per minute, and remained stable for an 8-week observation period. Chronic haloperidol administration to rats with bifrontal cortical ablations produced 15 to 20 movements per minute that persisted for 7 weeks after drug withdrawal. Drugs given to decrease dopaminergic, cholinergic, and gamma-aminobutyric acid (GABA)-ergic neurotransmission suppressed the movements, whereas cholinergic agonists increased them. This model of oral dyskinesia in rats may be useful in developing drugs for the treatment of facial dyskinesias in humans.",,Animal-other,5,1,0
1382,31109380,Acta neuropathologica communications,"Endogenous mouse huntingtin is highly abundant in cranial nerve nuclei, co-aggregates to Abeta plaques and is induced in reactive astrocytes in a transgenic mouse model of Alzheimer's disease","Pathogenic variants of the huntingtin (HTT) protein and their aggregation have been investigated in great detail in brains of Huntington's disease patients and HTT-transgenic animals. However, little is known about the physiological brain region- and cell type-specific HTT expression pattern in wild type mice and a potential recruitment of endogenous HTT to other pathogenic protein aggregates such as amyloid plaques in cross seeding events. Employing a monoclonal anti-HTT antibody directed against the HTT mid-region and using brain tissue of three different mouse strains, we detected prominent immunoreactivity in a number of brain areas, particularly in cholinergic cranial nerve nuclei, while ubiquitous neuronal staining appeared faint. The region-specific distribution of endogenous HTT was found to be comparable in wild type rat and hamster brain. In human amyloid precursor protein transgenic Tg2576 mice with amyloid plaque pathology, similar neuronal HTT expression patterns and a distinct association of HTT with Abeta plaques were revealed by immunohistochemical double labelling. Additionally, the localization of HTT in reactive astrocytes was demonstrated for the first time in a transgenic Alzheimer's disease animal model. Both, plaque association of HTT and occurrence in astrocytes appeared to be age-dependent. Astrocytic HTT gene and protein expression was confirmed in primary cultures by RT-qPCR and by immunocytochemistry. We provide the first detailed analysis of physiological HTT expression in rodent brain and, under pathological conditions, demonstrate HTT aggregation in proximity to Abeta plaques and Abeta-induced astrocytic expression of endogenous HTT in Tg2576 mice.",Alzheimer’s disease| Amyloid precursor protein| Animal model| Astrocytes| Cranial nerve nuclei| Huntingtin,Animal-other,5,1,0
1383,15606908,Journal of neurochemistry,Vlgr1 knockout mice show audiogenic seizure susceptibility,"Susceptibility to audiogenic seizures, which are reflex seizures provoked by loud noise, can be induced in rodents by acoustic priming (exposing animals to strong auditory stimuli at an early developmental stage). Some strains of mice and rats are susceptible to audiogenic seizures without priming and these have been used as good experimental models with which to study epilepsies. Here we identified Vlgr1d and Vlgr1e, novel alternatively-spliced variants of Vlgr1b/MGR1, which, upon sequence analysis, were shown to be transcripts from a locus previously characterized as mass1. Vlgr1 (Vlgr1b, Vlgr1d and Vlgr1e) mRNA is expressed predominantly in the neuroepithelium of the developing mouse brain. Our protein-tagged experiment suggested that Vlgr1d and Vlgr1e are secretory molecules, while Vlgr1b is a receptor. Knockout mice lacking exons 2-4 of Vlgr1 were susceptible to audiogenic seizures without priming, although there were no apparent histological abnormalities in their brains. Ninety-five percent of these knockout mice exhibited wild running, a feature typical of the preconvulsive phase of audiogenic seizures triggered by loud noise (11 kHz, 105 dB), and 68% exhibited tonic convulsions at 3 weeks after birth. Our monogenic mice, which have a unique genetic background, serve as a useful tool for further studies on seizures.",,Animal-other,5,1,0
1384,18634851,Neuroscience letters,Deletion of both ICAM-1 and C3 enhances severity of experimental autoimmune encephalomyelitis compared to C3-deficient mice.,"Multiple sclerosis (MS) is an autoimmune disease characterized by central nervous system (CNS) inflammation and leukocyte infiltration, demyelination of neurons, and blood-brain barrier breakdown. The development of experimental autoimmune encephalomyelitis (EAE), the animal model for MS is dependent on a number of components of the immune system including complement and adhesion molecules. Previous studies in our lab have examined the role of C3, the central complement component, and intercellular adhesion molecule-1 (ICAM-1) a key cell adhesion molecule involved in leukocyte trafficking to sites of inflammation including the CNS. In these studies we demonstrated that myelin oligodendrocyte glycoprotein (MOG)-induced EAE is markedly attenuated in both ICAM-1(-/-) and C3(-/-) mice. Given the pivotal role that these proteins play in EAE, we hypothesized that EAE in ICAM-1(-/-) and C3(-/-) double mutant mice would likely fail to develop. Unexpectedly, EAE in ICAM-1(-/-)xC3(-/-) mice was only modestly attenuated compared to wild type mice and significantly worse than C3(-/-) mice. Leukocyte infiltration was commensurate with disease severity between the three groups of mice. Spinal cord T cells from ICAM-1(-/-)xC3(-/-) mice produced the highest levels of IFN-gamma and TNF-alpha, despite reduced disease severity compared to wild type mice. The mechanisms behind the elevated EAE severity in ICAM-1(-/-)xC3(-/-) mice may relate to altered homing of leukocytes or processing of self-antigens in the double mutant background.",,Animal-other,5,1,0
1385,18395759,Neuropharmacology,"Intracerebroventricular injection of propionic acid, an enteric bacterial metabolic end-product, impairs social behavior in the rat: implications for an animal model of autism.","Environmental, dietary, and gastrointestinal factors may contribute to autism spectrum disorders (ASD). Propionic acid (PPA) is a short chain fatty acid, a metabolic end-product of enteric bacteria in the gut, and a common food preservative. Recent evidence indicates that PPA can cause behavioral abnormalities and a neuroinflammatory response in rats. Social behavior was examined in similarly-treated pairs of adult male Long-Evans rats placed in an open field following intracerebroventricular (ICV) injection of PPA (4 microl of 0.26 M solution) or control compounds. Behavior was analyzed using both the EthoVision behavior tracking system and by blind scoring of videotapes of social behaviors. Compared to controls, rats treated with PPA displayed social behavior impairments as indicated by significantly greater mean distance apart, reduced time spent in close proximity, reduced playful interaction, and altered responses to playful initiations. Treatment with another short chain fatty acid, sodium acetate, produced similar impairments, but treatment with the alcohol analog of PPA, 1-propanol, did not produce impairments. Immunohistochemical analysis of brain tissue taken from rats treated with PPA revealed reactive astrogliosis, indicating a neuroinflammatory response. These findings suggest that PPA can change both brain and behavior in the laboratory rat in a manner that is consistent with symptoms of human ASD.",,Animal-other,5,1,0
1386,38378836,Translational psychiatry,Multi-level profiling of the Fmr1 KO rat unveils altered behavioral traits along with aberrant glutamatergic function,"Fragile X syndrome (FXS) is the most common cause of inherited intellectual disabilities and the most prevalent monogenic cause of autism. Although the knockout (KO) of the Fmr1 gene homolog in mice is primarily used for elucidating the neurobiological substrate of FXS, there is limited association of the experimental data with the pathophysiological condition in humans. The use of Fmr1 KO rats offers additional translational validity in this regard. Therefore, we employed a multi-level approach to study the behavioral profile and the glutamatergic and GABAergic neurotransmission status in pathophysiology-associated brain structures of Fmr1 KO rats, including the recordings of evoked and spontaneous field potentials from hippocampal slices, paralleled with next-generation RNA sequencing (RNA-seq). We found that these rats exhibit hyperactivity and cognitive deficits, along with characteristic bidirectional glutamatergic and GABAergic alterations in the prefrontal cortex and the hippocampus. These results are coupled to affected excitability and local inhibitory processes in the hippocampus, along with a specific transcriptional profile, highlighting dysregulated hippocampal network activity in KO rats. Overall, our data provide novel insights concerning the biobehavioral profile of FmR1 KO rats and translationally upscales our understanding on pathophysiology and symptomatology of FXS syndrome.",,Animal-other,5,1,0
1387,26747211,Neurobiology of disease,"Ocular inflammation induces trigeminal pain, peripheral and central neuroinflammatory mechanisms.","Ocular surface diseases are among the most frequent ocular pathologies, with prevalence ranging from 20% of the general population. In addition, ocular pain following corneal injury is frequently observed in clinic. The aim of the study was to characterize the peripheral and central neuroinflammatory process in the trigeminal pathways in response to cornea alteration induced by chronic topical instillations of 0.2% benzalkonium chloride (BAC) in male C57BL/6J mice. In vitro BAC induced neurotoxicity and increases neuronal (FOS, ATF3) and pro-inflammatory (IL-6) markers in primary mouse trigeminal ganglion culture. BAC-treated mice exhibited 7days after the treatment reduced aqueous tear production and increased inflammatory cell infiltration in the cornea. Hypertonic saline-evoked eye wipe behavior was enhanced in BAC-treated animals that exhibited increased FOS, ATF3 and Iba1 immunoreactivity in the trigeminal ganglion. Ocular inflammation is associated with a significant increase in IL-6 and TNF-α mRNA expression in the trigeminal ganglion. We reported a strong increase in FOS and Iba1 positive cells in particular in the sensory trigeminal complex at the ipsilateral interpolaris/caudalis (Vi/Vc) transition and Vc/upper cervical cord (Vc/C1) regions. In addition, activated microglial cells were tightly wrapped around activated FOS neurons in both regions and phosphorylated p38 mitogen-activated protein kinase was markedly enhanced specifically in microglial cells during ocular inflammation. Similar data were obtained in the facial motor nucleus. These neuroanatomical data correlated with the increase in mRNA expression of pro-inflammatory (TNF-α, IL-6, CCL2) and neuronal (FOS and ATF3) markers. Interestingly, the suppression of corneal inflammation 10days following the end of BAC treatment resulted in a marked attenuation of peripheral and central changes observed in pathological conditions. This study provides the first demonstration that corneal inflammation induces activation of neurons and microglial p38 MAPK pathway within sensory trigeminal complex. These results suggest that this altered activity in intracellular signaling caused by ocular inflammation might play a priming role in the central sensitization of ocular related brainstem circuits, which represents a significant factor in ocular pain development.",Benzalkonium chloride| Corneal neurons| Facial motor nucleus| Neuroinflammation| Ocular pain| Trigeminal complex,Animal-other,5,1,0
1388,9042570,The European journal of neuroscience,Adult nestin-expressing subependymal cells differentiate to astrocytes in response to brain injury.,"The adult brain contains a small population of central nervous system (CNS) cells in the subependyma which, like embryonic CNS progenitor cells, express the intermediate filament nestin. In this report, the differentiation capacity in vivo of these cells was analysed following a standardized trauma. Before the trauma, the subependymal cells expressed nestin but not the astrocytic and neuronal differentiation markers glial fibrillary acidic protein (GFAP) and neurofilament respectively. In response to injury, the majority of the subependymal cells coexpressed nestin and GFAP, but never nestin and neurofilament. Furthermore, cells coexpressing nestin and GFAP were found progressively further away from the subependyma and closer to the lesion at later time points after the injury, indicating that these cells migrate towards the lesion. Nestin was in addition re-expressed in reactive astrocytes near the lesion and in non-reactive astrocytes very far from the lesion throughout the ipsilateral cortex. In conclusion, our data indicate that the nestin-positive subependymal cells are an in vivo source for the generation of new astrocytes but not neurons after injury, and that nestin re-expression in astrocytes following traumatic stimuli can be used as a sensitive marker for astroglial activation.",,Animal-other,5,1,0
1389,33829643,Alzheimer's & dementia : the journal of the Alzheimer's Association,Age-related calcium dysregulation linked with tau pathology and impaired cognition in non-human primates.,"The etiology of sporadic Alzheimer's disease (AD) requires non-genetically modified animal models.	The relationship of tau phosphorylation to calcium-cyclic adenosine monophosphate (cAMP)-protein kinase A (PKA) dysregulation was analyzed in aging rhesus macaque dorsolateral prefrontal cortex (dlPFC) and rat primary cortical neurons using biochemistry and immuno-electron microscopy. The influence of calcium leak from ryanodine receptors (RyRs) on neuronal firing and cognitive performance was examined in aged macaques.	Aged monkeys naturally develop hyperphosphorylated tau, including AD biomarkers (AT8 (pS202/pT205) and pT217) and early tau pathology markers (pS214 and pS356) that correlated with evidence of increased calcium leak (pS2808-RyR2). Calcium also regulated early tau phosphorylation in vitro. Age-related reductions in the calcium-binding protein, calbindin, and in phosphodiesterase PDE4D were seen within dlPFC pyramidal cell dendrites. Blocking RyRs with S107 improved neuronal firing and cognitive performance in aged macaques.	Dysregulated calcium signaling confers risk for tau pathology and provides a potential therapeutic target.",PKA| aging| association cortex| calpain| impaired cognition| macaque| pyramidal cells| ryanodine receptor| tau,Animal-other,5,1,0
1390,2173558,The Biochemical journal,Thyrotropin-releasing hormone receptor occupancy determines the fraction of the responsive pool of inositol lipids hydrolysed in rat pituitary tumour cells.,"We report that there are distinct thyrotropin-releasing hormone (TRH)-responsive and -unresponsive pools of inositol (Ins) lipids in rat pituitary tumour (GH3) cells, and present evidence that the size of the responsive pool is determined by the number of activated TRH-receptor complexes. By use of an experimental protocol in which cycling of [3H]Ins is inhibited and resynthesis occurs with unlabelled Ins only, we were able to measure specifically the effects of TRH on the hydrolysis of the Ins lipids present before stimulation. A maximally effective dose of TRH (1 microM) caused a time-dependent decrease in 3H-labelled Ins lipids that attained a steady-state value of 42 +/- 1% of the initial level between 1.5 and 2 h. After 2 h, even though there was no further decrease in 3H-labelled Ins lipids, and no increase in [3H]Ins or [3H]Ins phosphates, turnover of Ins lipids, as assessed as incorporation of [32P]Pi into PtdIns, continued at a rate similar to that in cells incubated without LiCl or unlabelled Ins. These data indicate that Ins lipid turnover was not desensitized during prolonged TRH stimulation. Depletion of lipid 3H radioactivity by TRH occurred at higher TRH doses on addition of the competitive antagonist chlordiazepoxide. Addition of 1 microM-TRH after 3 h of stimulation by a sub-maximal (0.3 nM) TRH dose caused a further decrease in 3H radioactivity to the minimum level (40% of initial value). We propose that the TRH-responsive pool of Ins lipids in GH3 cells is composed of the complement of Ins lipids that are within functional proximity of activated TRH-receptor complexes.",,Animal-other,5,1,0
1391,25867960,Journal of visualized experiments : JoVE,The forced swim test as a model of depressive-like behavior,"The goal of the present protocol is to describe the forced swim test (FST), which is one of the most commonly used assays for the study of depressive-like behavior in rodents. The FST is based on the assumption that when placing an animal in a container filled with water, it will first make efforts to escape but eventually will exhibit immobility that may be considered to reflect a measure of behavioral despair. This test has been extensively used because it involves the exposure of the animals to stress, which was shown to have a role in the tendency for major depression. Additionally, the FST has been shown to share some of the factors that are influenced or altered by depression in humans, including changes in food consumption, sleep abnormalities and drug-withdrawal-induced anhedonia. The main advantages of this procedure are that it is relatively easy to perform and that its results are easily and quickly analyzed. Moreover, its sensitivity to a broad range of antidepressant drugs that makes it a suitable screening test is one of the most important features leading to its high predictive validity. Despite its appeal, this model has a number of disadvantages. First, the issue of chronic augmentation is problematic in this test because in real life patients need to be treated for at least several weeks before they experience any relief from their symptoms. Last, due to the aversiveness of the FST, it is important to take into account possible influences it might have on brain structure/function if brain analyses are to be carried out following this procedure.",,Animal-other,5,1,0
1392,12614343,Journal of neurochemistry,In vivo nicotine treatment regulates mesocorticolimbic CREB and ERK signaling in C57Bl/6J mice.,"The extracellular regulated kinase (ERK) pathway was studied to determine its role in neuronal plasticity related to the development of nicotine dependence. Levels and phosphorylation state of ERK, cAMP response element binding protein (CREB) and proline-rich/Ca2+-activated tyrosine kinase (PYK2), and levels of tyrosine hydroxylase (TH), were determined using western blotting. C57Bl/6J mice received acute or chronic nicotine (200 microg/mL) in their drinking water or were withdrawn from nicotine for 24 h following chronic exposure. CREB phosphorylation was reduced in the nucleus accumbens following chronic nicotine, consistent with previous reports that decreased accumbens CREB activity increases drug reinforcement. In contrast, CREB phosphorylation was increased in the prefrontal cortex following chronic nicotine exposure and in the ventral tegmental area during nicotine withdrawal. In addition, total and phosphorylated ERK decreased in the amygdala following chronic nicotine exposure, but ERK phosphorylation increased in the prefrontal cortex. TH levels increased in both the amygdala and prefrontal cortex, supporting the hypothesis that increased catecholaminergic tone contributes to nicotine reinforcement. Overall, these results support a role for ERK and CREB activity in neural plasticity associated with nicotine dependence.",,Animal-other,5,1,0
1393,28153456,Physiology & behavior,Perinatal undernutrition associated to experimental model of cerebral palsy increases adverse effects on chewing in young rats.,"The aim of the present study was to investigate the effect of perinatal undernutrition on the sensorimotor pattern of chewing in rats submitted to cerebral palsy experimental model. A total of 60 male Wistar rats were randomly distributed into four groups: Nourished/Control (NC, n=15), Nourished/Cerebral Palsy (NCP, n=15); Undernourished/Control (UC, n=15) and Undernourished/Cerebral Palsy (UCP, n=15). Animals of cerebral palsy (CP) group were subjected to an experimental model based on the combination of perinatal anoxia associated with sensorimotor restriction of the hindlimb. In the rats were evaluated body weight gain, intake of breast milk, feed post-weaning consumption, parameters of the chewing, intra-oral sensitivity and muscle properties (muscle weight and distribution of types of fibers) of the masseter and digastric. Animals from undernourished CP group showed greater reduction in most data evaluated including body weight (P<0.05), food intake post-weaning (P<0.05), frequency of chewing cycles (P<0.05), duration of the reactions of 'taste' (P<0.05), muscle weight and decrease of the proportion of type IIB fibers in the masseter muscle (P<0.05). These results demonstrated in rats submitted a cerebral palsy that perinatal undernutrition intensifies the damage in morphological and functional parameters of chewing.",,Animal-other,5,1,0
1394,11771945,Experimental neurology,Changes in dopaminergic and glutamatergic excitatory mechanisms of micturition reflex after middle cerebral artery occlusion in conscious rats.,"Previous reports have shown that N-methyl-d-aspartate (NMDA) glutamatergic and D2 dopaminergic mechanisms have independent excitatory effects on bladder activity in normal and cerebral infarcted (CI) rats under urethane anesthesia. The study presented here was undertaken to investigate the interaction between these two mechanisms on bladder activity in conscious Sprague-Dawley female rats with or without cerebral infarction. Occlusion of the left middle cerebral artery or a sham operation (SO) was performed under halothane anesthesia. After recovery from the anesthesia, bladder activity was monitored continuously by means of infusion cystometrography in awake rats. The effects of cumulative intravenous doses of quinpirole (0.001-1 mg/kg), a D2 dopamine receptor agonist, were studied in awake SO and CI rats with or without dizocilpine (10 mg/kg) pretreatment. The effects of dizocilpine (1 or 10 mg/kg) were also examined in other SO or CI rats pretreated with 1 mg/kg of quinpirole. Bladder capacity in CI rats was significantly smaller (0.18 ml) than that in SO rats (0.48 ml). Quinpirole (0.1 and 1 mg/kg) further reduced bladder capacity in both types of rats, an effect blocked by sulpiride (20 mg/kg), a D2 dopamine receptor antagonist. The effect of quinpirole was also antagonized by dizocilpine (1 mg/kg) to a significantly (P < 0.01) greater degree in CI than in SO rats. In SO rats pretreated with 1 mg/kg of quinpirole, dizocilpine significantly increased bladder capacity in a dose-dependent manner. After the maximum dose (10 mg/kg) of dizocilpine, sulpiride did not produce any changes in bladder activity. In CI rats pretreated with 1 mg/kg of quinpirole, 1 mg/kg of dizocilpine increased bladder capacity. After administration of the maximum dose of dizocilpine (10 mg/kg), which did not produce an additional effect, sulpiride (20 mg/kg) increased bladder capacity by 58.3%. These results indicate that in awake rats D2 dopaminergic excitatory effects on the urinary bladder are mediated in part by NMDA glutamatergic mechanisms and in part by non-NMDA mechanisms. The latter type was more prominent in CI rats, indicating that the bladder hyperactivity induced by cerebral infarction may be mediated by an alteration in dopaminergic-glutamatergic interactions in the brain.",,Animal-other,5,1,0
1395,31272300,Veterinary pathology,Spontaneous Incidental Brain Lesions in C57BL/6J Mice.,"Genetically engineered mouse lines on a C57BL/6J background are widely employed as preclinical models to study neurodegenerative human disorders and brain tumors. However, because of the lack of comprehensive data on the spontaneous background neuropathology of the C57BL/6J strain, discriminating between naturally occurring changes and lesions caused by experimental mutations can be challenging. In this context, this study aims at defining the spectrum and frequency of spontaneous brain changes in a large cohort of C57BL/6J mice and their association with specific biological variables, including age and sex. Brains from 203 experimentally naive and clinically unremarkable C57BL/6J mice were collected and analyzed by means of histopathology and immunohistochemistry. Mice ranged in age from 3 to 110 weeks with 89 females, 111 males, and 3 unknowns. Sixteen different spontaneous lesion categories were described in this cohort. Age-related neurodegenerative and/or neuroinflammatory findings represented the most common pathologic changes and included (1) Hirano-like inclusions in the thalamic neurons, (2) neuroaxonal dystrophy in the medulla oblongata, (3) periodic acid-Schiff-positive granular deposits in the neuropil of the hippocampus, and (4) progressive neuroinflammation characterized by microgliosis and astrogliosis. Neoplastic conditions, developmental abnormalities, and circulatory disorders were rarely observed incidental findings. In conclusion, this study describes spontaneous age-related brain lesions of the C57BL/6J mouse and provides a reference for evaluating and interpreting the neuropathological phenotype in genetically engineered mouse models developed and maintained on this congenic background.",C57BL/6J| Hirano bodies| aging| background lesions| brain| gliosis| inclusion bodies| mice| neuroaxonal dystrophy,Animal-other,5,1,0
1396,8102036,The American journal of physiology,Autonomic control of pancreatic polypeptide and glucagon secretion during neuroglucopenia and hypoglycemia in mice.,"Neural control of pancreatic polypeptide (PP) release has not been previously investigated in the mouse. In addition, it is not known to what extent increased glucagon secretion during hypoglycemia in mice is neurally mediated vs. an effect of hypoglycemia to directly stimulate glucagon secretion at the level of the islet. Feeding or the cholinergic agonist carbachol increased plasma PP levels in conscious mice (+74 +/- 18 pg/ml vs. fasted mice and +141 +/- 17 pg/ml vs. control, respectively). Neuroglucopenia induced by 2-deoxy-D-glucose or insulin-induced hypoglycemia also increased plasma PP (+79 +/- 18 and +89 +/- 11 pg/ml vs. control, respectively). These increases were abolished by hexamethonium and reduced by atropine methylnitrate (atropine). Hypoglycemia-induced hyperglucagonemia (+1,243 +/- 275 pg/ml) was reduced to 31 +/- 7% of control by atropine (+382 +/- 85 pg/ml), to 48 +/- 9% of control by combined adrenergic blockade (+601 +/- 112 pg/ml), and nearly abolished by atropine plus combined blockade (+143 +/- 41 pg/ml; 11 +/- 3% of control) or hexamethonium (+151 +/- 38 pg/ml; 12 +/- 3% of control). We conclude the following in the mouse. 1) Feeding or cholinergic agonists increase plasma PP. 2) During neuroglucopenia or hypoglycemia, plasma PP is increased via nicotinic and muscarinic mechanisms. 3) The glucagon response to hypoglycemia is predominantly the result of autonomic activation and is mediated by both muscarinic and adrenergic mechanisms.",,Animal-other,5,1,0
1397,34127752,Scientific reports,In vivo multi-parametric manganese-enhanced MRI for detecting amyloid plaques in rodent models of Alzheimer's disease,"Amyloid plaques are a hallmark of Alzheimer's disease (AD) that develop in its earliest stages. Thus, non-invasive detection of these plaques would be invaluable for diagnosis and the development and monitoring of treatments, but this remains a challenge due to their small size. Here, we investigated the utility of manganese-enhanced MRI (MEMRI) for visualizing plaques in transgenic rodent models of AD across two species: 5xFAD mice and TgF344-AD rats. Animals were given subcutaneous injections of MnCl(2) and imaged in vivo using a 9.4 T Bruker scanner. MnCl(2) improved signal-to-noise ratio but was not necessary to detect plaques in high-resolution images. Plaques were visible in all transgenic animals and no wild-types, and quantitative susceptibility mapping showed that they were more paramagnetic than the surrounding tissue. This, combined with beta-amyloid and iron staining, indicate that plaque MR visibility in both animal models was driven by plaque size and iron load. Longitudinal relaxation rate mapping revealed increased manganese uptake in brain regions of high plaque burden in transgenic animals compared to their wild-type littermates. This was limited to the rhinencephalon in the TgF344-AD rats, while it was most significantly increased in the cortex of the 5xFAD mice. Alizarin Red staining suggests that manganese bound to plaques in 5xFAD mice but not in TgF344-AD rats. Multi-parametric MEMRI is a simple, viable method for detecting amyloid plaques in rodent models of AD. Manganese-induced signal enhancement can enable higher-resolution imaging, which is key to visualizing these small amyloid deposits. We also present the first in vivo evidence of manganese as a potential targeted contrast agent for imaging plaques in the 5xFAD model of AD.",,Animal-other,5,1,0
1398,24423792,Disease models & mechanisms,Early motor deficits in mouse disease models are reliably uncovered using an automated home-cage wheel-running system: a cross-laboratory validation,"Deficits in motor function are debilitating features in disorders affecting neurological, neuromuscular and musculoskeletal systems. Although these disorders can vary greatly with respect to age of onset, symptomatic presentation, rate of progression and severity, the study of these disease models in mice is confined to the use of a small number of tests, most commonly the rotarod test. To expand the repertoire of meaningful motor function tests in mice, we tested, optimised and validated an automated home-cage-based running-wheel system, incorporating a conventional wheel with evenly spaced rungs and a complex wheel with particular rungs absent. The system enables automated assessment of motor function without handler interference, which is desirable in longitudinal studies involving continuous monitoring of motor performance. In baseline studies at two test centres, consistently significant differences in performance on both wheels were detectable among four commonly used inbred strains. As further validation, we studied performance in mutant models of progressive neurodegenerative diseases--Huntington's disease [TgN(HD82Gln)81Dbo; referred to as HD mice] and amyotrophic lateral sclerosis [Tg(SOD1G93A)(dl)1/GurJ; referred to as SOD1 mice]--and in a mutant strain with subtle gait abnormalities, C-Snap25(Bdr)/H (Blind-drunk, Bdr). In both models of progressive disease, as with the third mutant, we could reliably and consistently detect specific motor function deficits at ages far earlier than any previously recorded symptoms in vivo: 7-8 weeks for the HD mice and 12 weeks for the SOD1 mice. We also conducted longitudinal analysis of rotarod and grip strength performance, for which deficits were still not detectable at 12 weeks and 23 weeks, respectively. Several new parameters of motor behaviour were uncovered using principal component analysis, indicating that the wheel-running assay could record features of motor function that are independent of rotarod performance. This represents a powerful new method to detect motor deficits at pre-symptomatic stages in mouse disease models and should be considered as a valid tool to investigate the efficacy of therapeutic agents.",Complex wheel| Motor function| Neurodegenerative disease,Animal-other,5,1,0
1399,24009395,"Science (New York, N.Y.)",A causative link between inner ear defects and long-term striatal dysfunction.,"There is a high prevalence of behavioral disorders that feature hyperactivity in individuals with severe inner ear dysfunction. What remains unknown is whether inner ear dysfunction can alter the brain to promote pathological behavior. Using molecular and behavioral assessments of mice that carry null or tissue-specific mutations of Slc12a2, we found that inner ear dysfunction causes motor hyperactivity by increasing in the nucleus accumbens the levels of phosphorylated adenosine 3',5'-monophosphate response element-binding protein (pCREB) and phosphorylated extracellular signal-regulated kinase (pERK), key mediators of neurotransmitter signaling and plasticity. Hyperactivity was remedied by local administration of the pERK inhibitor SL327. These findings reveal that a sensory impairment, such as inner ear dysfunction, can induce specific molecular changes in the brain that cause maladaptive behaviors, such as hyperactivity, that have been traditionally considered exclusively of cerebral origin.",,Animal-other,5,1,0
1400,29233751,"Brain, behavior, and immunity",Differential binding of antibodies in PANDAS patients to cholinergic interneurons in the striatum.,"Pediatric Autoimmune Neuropsychiatric Disorder Associated with Streptococcus, or PANDAS, is a syndrome of acute childhood onset of obsessive-compulsive disorder and other neuropsychiatric symptoms in the aftermath of an infection with Group A beta-hemolytic Streptococcus (GABHS). Its pathophysiology remains unclear. PANDAS has been proposed to result from cross-reactivity of antibodies raised against GABHS with brain antigens, but the targets of these antibodies are unclear and may be heterogeneous. We developed an in vivo assay in mice to characterize the cellular targets of antibodies in serum from individuals with PANDAS. We focus on striatal interneurons, which have been implicated in the pathogenesis of tic disorders. Sera from children with well-characterized PANDAS (n = 5) from a previously described clinical trial (NCT01281969), and matched controls, were infused into the striatum of mice; antibody binding to interneurons was characterized using immunofluorescence and confocal microscopy. Antibodies from children with PANDAS bound to ∼80% of cholinergic interneurons, significantly higher than the <50% binding seen with matched healthy controls. There was no elevated binding to two different populations of GABAergic interneurons (PV and nNOS-positive), confirming the specificity of this phenomenon. Elevated binding to cholinergic interneurons resolved in parallel with symptom improvement after treatment with intravenous immunoglobulin. Antibody-mediated dysregulation of striatal cholinergic interneurons may be a locus of pathology in PANDAS. Future clarification of the functional consequences of this specific binding may identify new opportunities for intervention in children with this condition.",Animal model| Antibody| Autoimmunity| Interneurons| Obsessive-compulsive disorder| PANDAS| Tics,Animal-other,5,1,0
1401,27191407,Appetite,Running induces nausea in rats: Kaolin intake generated by voluntary and forced wheel running.,"Three experiments were conducted showing rats' pica behavior (kaolin clay intake) due to running in activity wheels. The amount of kaolin consumed was a positive function of the available time of voluntary running (20, 40, or 60 min), although this relationship was blunted by a descending (i.e., 60 → 40 → 20 min) test series of execution (Experiment 1). Pica was also generated by forced running in a motorized wheel for 60 min as a positive function of the speed of wheel rotations at 98, 185, or 365 m/h, independent of the order of execution (Experiment 2). Voluntary running generated more pica than did forced running at 80 m/h, although the distance travelled in the former condition was 27% lesser than that in the latter condition (Experiment 3). Because kaolin intake is regarded as a reliable measure of nausea in rats, these results show that wheel running, either voluntary or forced, induces nausea in rats.",Kaolin| Pica| Rats| Wheel running,Animal-other,5,1,0
1402,7064906,The American journal of clinical nutrition,"The effect of oral copper loading and portasystemic shunting on the distribution of copper in the liver, brain, kidney, and cornea of the rat.","In Wilson's disease, redistribution of copper from the liver to extrahepatic tissue coincides with the development of liver disease and cirrhosis. We have considered the possibility that portasystemic shunting may be a factor determining the organ distribution of copper in patients with liver disease. Thirty-two Sprague-Dawley rats were randomized into a sham-operated group, and a group subjected to partial occlusion of the portal vein (PPVO). Half the rats in each group were fed on normal diet and the remainder had copper added to the drinking water. Rats subjected to PPVO developed large portasystemic shunts. Over a 3-month period, none of the groups showed an increase in serum copper concentrations, or copper oxidase levels. Liver and kidney copper concentrations were similarly increased in copper supplemented sham-operated and PPVO rats, but brain copper content in both groups was similar to the unsupplemented controls. In neither unsupplemented nor copper supplemented rats subjected to PPVO, was the organ distribution of copper different from sham-operated controls. This study suggests that portasystemic shunting does not alter the organ distribution, or tissue concentration of copper.",,Animal-other,5,1,0
1403,15292181,The Journal of biological chemistry,Proliferation of neointimal smooth muscle cells after arterial injury. Dependence on interactions between fibroblast growth factor receptor-2 and fibroblast growth factor-9.,"The growth factor signaling mechanisms responsible for neointimal smooth muscle cell (SMC) proliferation and accumulation, a characteristic feature of many vascular pathologies that can lead to restenosis after angioplasty, remain to be identified. Here, we examined the contribution of fibroblast growth factor receptors (FGFRs) 2 and 3 as well as novel fibroblast growth factors (FGFs) to such proliferation. Balloon catheter injury to the rat carotid artery stimulated the expression of two distinctly spliced FGFR-2 isoforms, differing only by the presence or absence of the acidic box, and two distinctly spliced FGFR-3 isoforms containing the acidic box and differing only by the presence of either the IIIb or IIIc exon. Post-injury arterial administration of recombinant adenoviruses expressing dominant negative mutant forms of these FGFRs were used to assess the roles of the endogenous FGFR isoforms in neointimal SMC proliferation. Dominant negative FGFR-2 containing the acidic box inhibited such proliferation by 40%, whereas the dominant negative FGFR-3 forms had little effect. Expression of FGF-9, known to be capable of binding to all four neointimal FGFR-2/-3 isoforms, was abundant within the neointima. FGF-9 markedly stimulated both the proliferation of neointimal SMCs and the activation of extracellular signal-related kinases 1/2, effects which were abrogated by the administration of antisense FGF-9 oligonucleotides to injured arteries and the expression of the dominant negative FGFR-2 adenovirus in cultured neointimal SMCs. These studies demonstrate that, although multiple FGFRs are induced in neointimal SMCs following arterial injury, specific interactions between distinctly spliced FGFR-2 isoforms and FGF-9 contribute to the proliferation of these SMCs.",,Animal-other,5,1,0
1404,34017692,Frontiers in cellular and infection microbiology,CX(3)CL1 Recruits NK Cells Into the Central Nervous System and Aggravates Brain Injury of Mice Caused by Angiostrongylus cantonensis Infection,"BACKGROUND: Angiostrongylus cantonensis (A. cantonensis), is a food-borne zoonotic parasite that can cause central nervous system (CNS) injury characterized by eosinophilic meningitis. However, the pathogenesis of angiostrongylosis remains elusive. Natural killer cells (NK cells) are unique innate lymphocytes important in early defense against pathogens. The aim of this study was to investigate the role of NK cells in A. cantonensis infection and to elucidate the key factors that recruit NK cells into the CNS. METHODS: Mouse model of A. cantonensis infection was established by intragastric administration of third-stage larvae. The expression of cytokines and chemokines at gene and protein levels was analyzed by qRT-PCR and ELISA. Distribution of NK cells was observed by immunohistochemistry and flow cytometry. NK cell-mediated cytotoxicity against YAC-1 cells was detected by LDH release assay. The ability of NK cells to secrete cytokines was determined by intracellular flow cytometry and ELISA. Depletion and adoptive transfer of NK cells in vivo was induced by tail vein injection of anti-asialo GM1 rabbit serum and purified splenic NK cells, respectively. CX(3)CL1 neutralization experiment was performed by intraperitoneal injection of anti-CX(3)CL1 rat IgG. RESULTS: The infiltration of NK cells in the CNS of A. cantonensis-infected mice was observed from 14 dpi and reached the peak on 18 and 22 dpi. Compared with uninfected splenic NK cells, the CNS-infiltrated NK cells of infected mice showed enhanced cytotoxicity and increased IFN-γ and TNF-α production ability. Depletion of NK cells alleviated brain injury, whereas adoptive transfer of NK cells exacerbated brain damage in A. cantonensis-infected mice. The expression of CX(3)CL1 in the brain tissue and its receptor CX(3)CR1 on the CNS-infiltrated NK cells were both elevated after A. cantonensis infection. CX(3)CL1 neutralization reduced the percentage and absolute number of the CNS-infiltrated NK cells and relieved brain damage caused by A. cantonensis infection. CONCLUSIONS: Our results demonstrate that the up-regulated CX(3)CL1 in the brain tissue recruits NK cells into the CNS and aggravates brain damage caused by A. cantonensis infection. The findings improve the understanding of the pathogenesis of angiostrongyliasis and expand the therapeutic intervention in CNS disease.",Angiostrongylus cantonensis| CX3CL1| NK cells| brain injury| central nervous system| infection,Animal-other,5,1,0
1405,34175409,Behavioural processes,Preliminary evidence for timing abnormalities in the CNTNAP2 knockout rat,"The CNTNAP2 gene has been implicated in several neuropsychological disorders, including autism spectrum disorder (ASD) and schizophrenia. The CNTNAP2 knockout (KO) rat model, rats without the CNTNAP2 gene, exhibits deficits in social interaction and increases in both repetitive and anxiety-like behaviors. However, deficits in time perception that may underlie several of the neuropsychological disorders implicated have not been investigated. The current study investigated timing in CNTNAP2 KO rats compared to control rats using a discrete-trial temporal bisection task. Results suggested deficits in the timing of relatively long durations in the CNTNAP2 KO rats. This finding is consistent with similar findings previously reported in humans diagnosed with ASD, and is promising for understanding the role that the CNTNAP2 gene may play in timing in certain neuropsychological disorders, and for developing targeted clinical therapies.",Autism spectrum disorder (ASD)| CNTNAP2| Rats| Time perception| Timing,Animal-other,5,1,0
1406,15362719,Journal of cerebral blood flow and metabolism : official journal of the International Society of Cerebral Blood Flow and Metabolism,Dynamic tracking of acute ischemic tissue fates using improved unsupervised ISODATA analysis of high-resolution quantitative perfusion and diffusion data.,"High-resolution (200 x 200 x 1,500 microm3) imaging was performed to derive quantitative cerebral blood flow (CBF) and apparent diffusion coefficient (ADC) maps in stroke rats (permanent occlusion) every 30 minutes up to 3 hours after occlusion onset, followed by histology at 24 hours. An improved automated iterative-self-organizing-data-analysis-algorithm (ISODATA) was developed to dynamically track ischemic tissue fate on a pixel-by-pixel basis during the acute phase. ISODATA-resolved clusters were overlaid on the CBF-ADC scatterplots and image spaces. Tissue volume ADC, and CBF of each ISODATA cluster were derived. In contrast to the single-cluster normal left hemisphere (ADC = 0.74 +/- 0.02 x 10(-3) mm2/s, CBF = 1.36 +/- 0.22 mL g(-1)min(-1), mean +/- SD, n = 8), the right ischemic hemisphere exhibited three ISODATA clusters, namely: 'normal' (normal ADC and CBF), 'ischemic core' (low CBF and ADC), and at-risk 'perfusion-diffusion mismatch' (low CBF but normal ADC). At 180 minutes, the mismatch disappeared in five rats (Group I, 180-minute 'core' lesion volume = 255 +/- 62 mm3 and 24-hour infarct volume = 253 +/- 55 mm3, P > 0.05), while a substantial mismatch persisted in three rats (Group II, 180-minute CBF-abnormal volume = 198 +/- 7 mm3 and 24-hour infarct volume 148 +/- 18 mm3, P < 0.05). The CBF (0.3 +/- 0.09 mL g(-1)min(-1)) of the 'persistent mismatch' (Group II, 0.3 +/- 0.09 mL g(-1)min(-1)) was above the CBF viability threshold (0.2 to 0.3 mL g(-1)min(-1)) throughout and its ADC (0.70 +/- 0.03 x 10(-3) mm2/s) did not decrease as ischemia progressed. In contrast, the CBF (0.08 +/- 0.03 mL g(-1)min(-1)) of the analogous brain region in Group I was below the CBF viability threshold, and its ADC gradually decreased from 0.63 +/- 0.05 to 0.43 +/- 0.03 x 10(-3) mm2/s (ADC viability threshold = 0.53 +/- 0.02 x 10(-3) mm2/s). The modified ISODATA analysis of the ADC and CBF tissue characteristics during the acute phase could provide a useful and unbiased means to characterize and predict tissue fates in ischemic brain injury and to monitor therapeutic intervention.",,Animal-other,5,1,0
1407,11018077,The Journal of clinical investigation,Chronic alcohol ingestion induces osteoclastogenesis and bone loss through IL-6 in mice.,"To investigate the role of IL-6 in alcohol-mediated osteoporosis, we measured a variety of bone remodeling parameters in wild-type (il6(+/+)) or IL-6 gene knockout (il6(-/-)) mice that were fed either control or ethanol liquid diets for 4 months. In the il6(+/+) mice, ethanol ingestion decreased bone mineral density, as determined by dual-energy densitometry; decreased cancellous bone volume and trabecular width and increased trabecular spacing and osteoclast surface, as determined by histomorphometry of the femur; increased urinary deoxypyridinolines, as determined by ELISA; and increased CFU-GM formation and osteoclastogenesis as determined ex vivo in bone marrow cell cultures. In contrast, ethanol ingestion did not alter any of these parameters in the il6(-/-) mice. Ethanol increased receptor activator of NF-kappaB ligand (RANKL) mRNA expression in the bone marrow of il6(+/+) but not il6(-/-) mice. Additionally, ethanol decreased several osteoblastic parameters including osteoblast perimeter and osteoblast culture calcium retention in both il6(+/+) and il6(-/-) mice. These findings demonstrate that ethanol induces bone loss through IL-6. Furthermore, they suggest that IL-6 achieves this effect by inducing RANKL and promoting CFU-GM formation and osteoclastogenesis.",,Animal-other,5,1,0
1408,36148759,Sleep medicine,Effects of dopamine transporter in the ventral tegmental area on sleep recovery after propofol anesthesia in sleep-deprived rats.,"Previous studies indicate that propofol can help with recovery from sleep deprivation and has anti-anxiety effects. However, the underlying neurochemical mechanism remains unclear. This study aimed to investigate the effects of dopamine transporter (DAT) in the ventral tegmental area (VTA) on sleep and anxiety recovery after propofol anesthesia in rats with 24 h total sleep deprivation (TSD).	Adult male Sprague-Dawley rats were in natural sleep or sleep deprived for 24 h in a sleep deprivation rat system. The rats received propofol anesthesia (75 mg/kg, i.p.) or natural sleep. Dopamine transporter knockdown was performed by microinjection of AAV-DAT-RNAi vector. EEG was measured in each group to evaluate the subsequent sleep. The elevated plus maze test (EPMT) and open field test (OFT) were used to evaluate locomotion and anxiety level in rats. Immunofluorescence was used to verify virus location and transfection efficiency.	Compared with NC group, the anxiety level of Propofol group showed no significant difference, but REM sleep decreased. Compared with the TSD group, the anxiety level of the TSD + Propofol group was reduced and the sleep recovery was closer to baseline. Compared with TSD + AAV-NC group, anxiety level and sleep time increased in TSD + AAVi group, REM increased within 24 h after sleep deprivation. The sleep time of TSD + AAVi + Propofol group was between those of TSD + AAV-NC group and TSD + AAVi group. TSD + AAV-NC + Propofol group had the least sleep time and the lowest anxiety level.	1. Propofol did not change anxiety level in normal rats, but reduced REM sleep, while it could accelerate sleep recovery and reduce anxiety level in sleep-deprived rats. 2. In sleep deprived rats with DAT knockdown, propofol improved sleep and anxiety levels more slowly, especially producing more REM rebound, suggesting that the improvement of sleep and anxiety levels in sleep-deprived rats with propofol may be related to DAT in VTA region.",Anxiety| Dopamine transporter| Electroencephalogram| Propofol| Sleep deprivation| VTA,Animal-other,5,1,0
1409,15544577,"Genes, brain, and behavior",A phenotypic and molecular characterization of the fmr1-tm1Cgr fragile X mouse.,"Fragile X Syndrome is the most common form of inherited mental retardation. It is also known for having a substantial behavioral morbidity, including autistic features. In humans, Fragile X Syndrome is almost always caused by inactivation of the X-linked FMR1 gene. A single knockout mouse model, fmr1-tm1Cgr, exists. In this report we further characterize the cognitive and behavioral phenotype of the fmr1-tm1Cgr Fragile X mouse through the use of F1 hybrid mice derived from two inbred strains (FVB/NJ and C57BL/6J). Use of F1 hybrids allows focus on the effects of the fmr1-tm1Cgr allele with reduced influence from recessive alleles present in the parental inbred strains. We find that the cognitive phenotype of fmr1-tm1Cgr mice, including measures of working memory and learning set formation that are known to be seriously impacted in humans with Fragile X Syndrome, are essentially normal. Further testing of inbred strains supports this conclusion. Thus, any fmr1-tm1Cgr cognitive deficit is surprisingly mild or absent. There is, however, clear support presented for a robust audiogenic seizure phenotype in all strains tested, as well as increased entries into the center of an open field. Finally, a molecular examination of the fmr1-tm1Cgr mouse shows that, contrary to common belief, it is not a molecular null. Implications of this finding for interpretation of the phenotype are discussed.",,Animal-other,5,1,0
1410,12014493,Veterinary pathology,Experimental rodent models of brainstem tumors,"Despite recent advances in surgical technology, resection is not an option for many brainstem tumors. Experimental models have played essential roles in examining new approaches to therapy. The objective of the present study was to generate models by determining coordinates for safe inoculation into the brainstem of mice and rats, and to establish whether the implantation of heterotopic cells would create reproducible survival curves. Morbidity and survival studies were used to map stereotactic coordinates allowing successful inoculation of tumor cells. Survival studies were used to investigate the time course of tumor growth. Tumor location was examined by light microscopy and magnetic resonance imaging. Mice survived injections of 2 microL of saline at interaural, lateral, and depth coordinates of -2.5, 1.0, and 3.5 mm and -1.5, 1.0, and 3.5 mm. Rats survived injections at interaural, lateral, and depth coordinates of -2.0, 2.0, and 7.0 mm and -3.0, 0, and 7.0 mm. Median survival of mice challenged with 5 x 10(5) EMT6 and 10(4) B16 tumor cells was 11 and 10 days, respectively. Median survival for rats challenged with 10(4) 9L and F98 cells was 14 and 13 days, respectively. The present study demonstrates a feasible approach to preparing models of brainstem tumors. Limitations of these models are discussed.",,Animal-other,5,1,0
1411,34134000,Biochemical and biophysical research communications,Super-enhancer-driven Sorting Nexin 5 expression promotes dopaminergic neuronal ferroptosis in Parkinson's disease models.,"Parkinson's disease (PD) is the second most prevalent neurodegenerative disease worldwide. Recent studies revealed that the ferroptosis pathway is involved in the death process of dopaminergic neurons in PD. The aberrant endosomal sorting pathway, which results in aberrant iron level in eukaryotic cells, may serve a role in the ferroptosis pathway in PD condition. However, its specific molecular mechanisms remained unclear. In the present study, we performed chromatin immunoprecipitation (ChIP) assay, the rank ordering of super-enhancers (ROSE) algorithm, and RNA interference (RNAi) to explore the regulatory mechanism of PD-specific super-enhancer (SE) in the endosomal sorting pathway and ferroptosis pathway of 6-OHDA-lesioned rats and cells. The ChIP assay and ROSE algorithm results showed that there are specific SEs expression in 6-OHDA-lesioned SNc of PD rats, and the most significant expression gene is Sorting Nexin 5 (SNX5). SNX5 silencing by RNAi experiments significantly decreased the level of ferroptosis in 6-OHDA-lesioned PC12 cells, suggesting the correlation between the SNX5, ferroptosis, and PD. In conclusion, this study investigated the mechanism by which PD-specific SE driven SNX5 promoted the ferroptosis level in PD models. This study further improved the understanding of the mechanism of ferroptosis during PD injury and provided potential therapeutic targets and clinical diagnostic markers in PD condition.",Endosomal sorting pathway| Ferroptosis| Parkinson's disease| SNX5| Super-enhancer,Animal-other,5,1,0
1412,20394775,Journal of neuroscience methods,Development of a simplified spinal cord ischemia model in mice,"Use of genetically manipulated mice facilitates understanding pathological mechanisms in many diseases and contributes to therapy development. However, there is no practical and clinically relevant mouse model available for spinal cord ischemia. This report introduces a simplified long-term outcome mouse model of spinal cord ischemia. Male C57Bl/6J mice were anesthetized with isoflurane and endotracheally intubated. The middle segment of the thoracic aorta was clamped for 0, 8, 10 or 12 min via left lateral thoracotomy. Rectal temperature was maintained at 37.0+/-0.5 degrees C. A laser Doppler probe was used to measure lumbar spinal cord blood flow during thoracic aorta cross-clamping. Open field locomotor function and rotarod performance were evaluated at 1h and 1, 3, 5, and 7 days post-injury. Surviving neurons in the lumbar ventral horn were counted at 7 days post-injury. Cross-clamping the middle segment of the thoracic aorta resulted in approximately 90% blood flow reduction in the lumbar spinal cord. Neurological deficit and neuronal cell death were associated with ischemia duration. Another set of mice were subjected to 10 min aortic clamping or sham surgery and neurological function was examined at 1h and 1, 3, 5, 7, 14, and 28 days. Four of 5 mice (80%) in the injured group survived 28 days and had significant neurological deficit. This study indicates that cross-clamping of the aorta via left thoracotomy is a simple and reliable method to induce spinal cord ischemia in mice allowing definition of long-term outcome.",,Animal-other,5,1,0
1413,25486177,Behavioural brain research,Analysis of motor function in 6-month-old male and female 3xTg-AD mice,"The 3xTg-AD mouse has high validity as a model of Alzheimer's disease (AD) because it develops both amyloid beta plaques and neurofibrillary tangles. Human patients with AD typically develop motor deficits, which worsen as the disease progresses, but 3xTg-AD mice have been reported to show enhanced motor abilities. We investigated the motor behaviour phenotype of male and female 3xTg-AD and B6129SF2 wildtype mice on a battery of motor behaviours at 6 months of age. Compared to wildtype mice, the 3xTg-AD mice had enhanced motor performance on the Rotarod, but worse performance on the grid suspension task. In gait analysis 3xTg-AD mice had a longer stride length and made more foot slips on the balance beam than wildtype mice. There was no overall difference in voluntary wheel-running activity between genotypes, but there was a disruption in circadian activity rhythm in 3xTg-AD mice. In some motor tasks, such as the Rotarod and balance beam, females appeared to perform better than males, but this sex differences was accounted for by differences in body weight. Our results indicate that while the 3xTg-AD mice show enhanced performance on the Rotarod, they have poorer performance on other motor behaviour tasks, indicating that their motor behaviour phenotype is more complex than previously reported. The presence of the P301L transgene may explain the enhancement of Rotarod performance but the poorer performance on other motor behaviour tasks may be due to other transgenes.",3xTg-AD| Alzheimer's disease| Motor Behaviour| Mouse Model,Animal-other,5,1,0
1414,10678495,The Journal of pharmacy and pharmacology,Time-dependent striatal dopamine depletion after injection of 6-hydroxydopamine in the rat. Comparison of single bilateral and double bilateral lesions.,"For future investigation of possible perturbation of circadian rhythm in animal models of Parkinson's disease we needed an animal model providing lasting 80-100% striatal dopaminergic depletion in rats, but without induced mortality. We have thus compared the effects of a single hydroxydopamine bilateral striatal lesion (SB-hydroxydopamine) with those of a double hydroxydopamine bilateral lesion (DB-hydroxydopamine) at the same dose (16 microg/striatum) by HPLC determination of dopamine and 3,4-dihydrophenylacetic acid (dopac) levels in the striatum. Two weeks after neurosurgery, SB-hydroxydopamine and DB-hydroxydopamine induced dopaminergic depletion of at least 81% compared with control groups. After eight weeks striatal dopaminergic depletion was only 60.97% in SB-hydroxydopamine rats, suggesting a compensatory phenomenon, whereas in DB-hydroxydopamine rats dopaminergic loss was stable at 88%. For the DB-hydroxydopamine group the dopac/dopamine ratio was significantly increased at week 2 only, whereas no significant change was observed for other groups. This increase might be explained by increased dopamine turnover. We have demonstrated that striatal DB-hydroxydopamine injection induces lasting 80-100% neuronal loss, close to that observed in the disease in man, without induced mortality, and provides a tool which meets our experimental requirements.",,Animal-other,5,1,0
1415,33689290,ACS chemical neuroscience,Synthesis and Assessment of Novel Probes for Imaging Tau Pathology in Transgenic Mouse and Rat Models,"Aggregated tau protein is a core pathology present in several neurodegenerative diseases. Therefore, the development and application of positron emission tomography (PET) imaging radiotracers that selectively bind to aggregated tau in fibril form is of importance in furthering the understanding of these disorders. While radiotracers used in human PET studies offer invaluable insight, radiotracers that are also capable of visualizing tau fibrils in animal models are important tools for translational research into these diseases. Herein, we report the synthesis and characterization of a novel library of compounds based on the phenyl/pyridinylbutadienylbenzothiazoles/benzothiazolium (PBB3) backbone developed for this application. From this library, we selected the compound LM229, which binds to recombinant tau fibrils with high affinity (K(d) = 3.6 nM) and detects with high specificity (a) pathological 4R tau aggregates in living cultured neurons and mouse brain sections from transgenic human P301S tau mice, (b) truncated human 151-351 3R (SHR24) and 4R (SHR72) tau aggregates in transgenic rat brain sections, and (c) tau neurofibrillary tangles in brain sections from Alzheimer's disease (3R/4R tau) and progressive supranuclear palsy (4R tau). With LM229 also shown to cross the blood-brain barrier in vivo and its effective radiolabeling with the radioisotope carbon-11, we have established a novel platform for PET translational studies using rodent transgenic tau models.",PET| imaging| mouse| neurodegeneration| rat| tau,Animal-other,5,1,0
1416,22094386,Neuroscience letters,Olfactory deficits induce neurofilament hyperphosphorylation,"Olfactory dysfunction, including structural abnormalities of the olfactory epithelium, the olfactory bulb and the central olfactory cortices is recognized as an early feature of Alzheimer disease (AD), the most prevalent neurodegenerative disease in aged population characterized by intracellular neurofibrillary tangles (NFTs). How olfactory deficits are linked with AD-like neuropathological changes is still unknown. Here, by using two anosmia animal models, bilateral olfactory bulbectomy (OBX) rats and Cnga2(-/Y) mice, which lack intact olfactory CNG channels, we found the immunoreactivity of phosphorylated neurofilament (NF) are highly increased in the neurites at both the hippocampus and the cortex. As hyperphosphorylated NF is one of the main components of NFTs, our study strongly suggested the underlying correlation of olfactory deficits with AD-like pathological impairments.",,Animal-other,5,1,0
1417,23447589,The Journal of neuroscience : the official journal of the Society for Neuroscience,Reversible pathologic and cognitive phenotypes in an inducible model of Alzheimer-amyloidosis.,"Transgenic mice that express mutant amyloid precursor protein (APPsi) using tet-Off vector systems provide an alternative model for assessing short- and long-term effects of Aβ-targeting therapies on phenotypes related to the deposition of Alzheimer-type amyloid. Here we use such a model, termed APPsi:tTA, to determine what phenotypes persist in mice with high amyloid burden after new production of APP/Aβ has been suppressed. We find that 12- to 13-month-old APPsi:tTA mice are impaired in cognitive tasks that assess short- and long-term memories. Acutely suppressing new APPsi/Aβ production produced highly significant improvements in performing short-term spatial memory tasks, which upon continued suppression translated to superior performance in more demanding tasks that assess long-term spatial memory and working memory. Deficits in episodic-like memory and cognitive flexibility, however, were more persistent. Arresting mutant APPsi production caused a rapid decline in the brain levels of soluble APP ectodomains, full-length APP, and APP C-terminal fragments. As expected, amyloid deposits persisted after new APP/Aβ production was inhibited, whereas, unexpectedly, we detected persistent pools of solubilizable, relatively mobile, Aβ42. Additionally, we observed persistent levels of Aβ-immunoreactive entities that were of a size consistent with SDS-resistant oligomeric assemblies. Thus, in this model with significant amyloid pathology, a rapid amelioration of cognitive deficits was observed despite persistent levels of oligomeric Aβ assemblies and low, but detectable solubilizable Aβ42 peptides. These findings implicate complex relationships between accumulating Aβ and activities of APP, soluble APP ectodomains, and/or APP C-terminal fragments in mediating cognitive deficits in this model of amyloidosis.",,Animal-other,5,1,0
1418,29608880,Brain research,Limitations of the rat medial forebrain lesion model to study prefrontal cortex mediated cognitive tasks in Parkinson's disease.,"Parkinson's Disease (PD) is a progressive movement disorder characterized by the loss of dopaminergic neurons in the midbrain. Besides motor impairment, PD patients exhibit non-motor symptoms that negatively impact their quality of life and often manifest prior to motor deficits. One such symptom is mild cognitive impairment (PD-MCI), which is comprised of deficits in executive function such as working memory, attention, cognitive flexibility, and spatial memory. The 6-hydroxydopamine (6-OHDA) induced unilateral medial forebrain bundle (MFB) lesion animal model successfully recapitulates PD motor impairment but is also used to assess non-motor deficits. The present study utilizes a unilateral 6-OHDA induced MFB lesion rodent model to investigate prefrontal cortex (PFC)-mediated cognitive processes that are impaired in PD patients. In a test of attentional set shifting, PD rodents demonstrated deficits in simple discrimination, but not in rule reversal or extradimensional shifts. PD rodents also exhibited deficits in a temporal order memory task but had no deficits in novel/spatial object recognition or object-in-place tasks. These results reveal limitations of the 6-OHDA induced unilateral MFB lesion model to completely recapitulate PD-MCI symptoms suggesting a need for better lesion models to study PD-MCI.",Medial forebrain bundle lesion| Mild cognitive impairment| Novel object recognition task| Parkinson’s disease| Prefrontal cortex| Set shifting task,Animal-other,5,1,0
1419,31758600,Journal of neuroscience research,Parenchymal pericytes are not the major contributor of extracellular matrix in the fibrotic scar after stroke in male mice.,"Scar formation after injury of the brain or spinal cord is a common event. While glial scar formation by astrocytes has been extensively studied, much less is known about the fibrotic scar, in particular after stroke. Platelet-derived growth factor receptor ß-expressing (PDGFRß[+]) pericytes have been suggested as a source of the fibrotic scar depositing fibrous extracellular matrix (ECM) proteins after detaching from the vessel wall. However, to what extent these parenchymal PDGFRß[+] cells contribute to the fibrotic scar and whether targeting these cells affects fibrotic scar formation in stroke is still unclear. Here, we utilize male transgenic mice that after a permanent middle cerebral artery occlusion stroke model have a shift from a parenchymal to a perivascular location of PDGFRß[+] cells due to the loss of regulator of G-protein signaling 5 in pericytes. We find that only a small fraction of parenchymal PDGFRß[+] cells co-label with type I collagen and fibronectin. Consequently, a reduction in parenchymal PDGFRß[+] cells by ca. 50% did not affect the overall type I collagen or fibronectin deposition after stroke. The redistribution of PDGFRß[+] cells to a perivascular location, however, resulted in a reduced thickening of the vascular basement membrane and changed the temporal dynamics of glial scar maturation after stroke. We demonstrate that parenchymal PDGFRß[+] cells are not the main contributor to the fibrotic ECM, and therefore targeting these cells might not impact on fibrotic scar formation after stroke.",RRID:AB_2082660| RRID:AB_2105706| RRID:AB_2162497| RRID:AB_217595| RRID:AB_2298772| RRID:AB_298179| RRID:AB_305808| RRID:AB_354858| RRID:AB_393571| RRID:AB_467492| RRID:SCR_002798| RRID:SCR_003070| RRID:SCR_010279| collagen| extracellular matrix| fibronectin| fibrotic scar| glial scar| pericytes| stroke,Animal-other,5,1,0
1420,31912571,Journal of neuroscience research,Reduced social investigation and increased injurious behavior in transgenic 5xFAD mice,"Social withdrawal and agitation/aggression are common behavioral and psychological symptoms of dementia presented by Alzheimer's disease (AD) patients, with males exhibiting more aggressive behaviors than females. Some transgenic mouse models of AD also exhibit social withdrawal and aggression, but many of these models only recapitulate the early stages of the disease. By comparison, the 5xFAD mouse model of AD exhibits rapid, progressive neurodegeneration, and is suitable for modeling cognitive and behavioral deficits at early, mid-, and late-stage disease progression. Anecdotal reports suggest that transgenic 5xFAD males exhibit high levels of aggression compared to wild-type controls, but to date, indirect genetic effects in this strain have not been studied. We measured home-cage behaviors in 5xFAD males housed in three different group-housing conditions (transgenic-only, wild-type only, and mixed-genotype) and social approach behaviors when exposed to a novel free-roaming or restrained, wild-type or transgenic conspecific. Transgenic-only home cages required earlier separation due to injuries arising from aggression compared to wild-type-only or mixed-genotype cages, despite no obvious increase in the frequency of aggressive behaviors. Transgenic 5xFAD males and females also spent less time investigating free-roaming conspecifics compared to wild-type controls, but they showed normal investigation of restrained conspecifics; the genotype of the conspecific did not affect approach behavior, and there was no aggression observed in transgenic males. These findings provide evidence in an animal model that amyloid pathology ultimately leads to avoidance of novel social stimuli, and that frequent interactions between individuals exhibiting an AD phenotype further exacerbates aggressive behaviors.",5xFAD| Alzheimer's disease| aggression| social approach| transgenic mice,Animal-other,5,1,0
1421,20513660,Brain : a journal of neurology,Bone morphogenetic protein-7 release from endogenous neural precursor cells suppresses the tumourigenicity of stem-like glioblastoma cells.,"Glioblastoma cells with stem-like properties control brain tumour growth and recurrence. Here, we show that endogenous neural precursor cells perform an anti-tumour response by specifically targeting stem-like brain tumour cells. In vitro, neural precursor cells predominantly express bone morphogenetic protein-7; bone morphogenetic protein-7 is constitutively released from neurospheres and induces canonical bone morphogenetic protein signalling in stem-like glioblastoma cells. Exposure of human and murine stem-like brain tumour cells to neurosphere-derived bone morphogenetic protein-7 induces tumour stem cell differentiation, attenuates stem-like marker expression and reduces self-renewal and the ability for tumour initiation. Neurosphere-derived or recombinant bone morphogenetic protein-7 reduces glioblastoma expansion from stem-like cells by down-regulating the transcription factor Olig2. In vivo, large numbers of bone morphogenetic protein-7-expressing neural precursors encircle brain tumours in young mice, induce canonical bone morphogenetic protein signalling in stem-like glioblastoma cells and can thereby attenuate tumour formation. This anti-tumour response is strongly reduced in older mice. Our results indicate that endogenous neural precursor cells protect the young brain from glioblastoma by releasing bone morphogenetic protein-7, which acts as a paracrine tumour suppressor that represses proliferation, self-renewal and tumour-initiation of stem-like glioblastoma cells.",,Animal-other,5,1,0
1422,29609110,Psychoneuroendocrinology,Psychoneuroimmunology and immunopsychiatry of zebrafish.,"Despite the high prevalence of neural and immune disorders, their etiology and molecular mechanisms remain poorly understood. As the zebrafish (Danio rerio) is increasingly utilized as a powerful model organism in biomedical research, mounting evidence suggests these fish as a useful tool to study neural and immune mechanisms and their interplay. Here, we discuss zebrafish neuro-immune mechanisms and their pharmacological and genetic modulation, the effect of stress on cytokines, as well as relevant models of microbiota-brain interplay. As many human brain diseases are based on complex interplay between the neural and the immune system, here we discuss zebrafish models, as well as recent successes and challenges, in this rapidly expanding field. We particularly emphasize the growing utility of zebrafish models in translational immunopsychiatry research, as they improve our understanding of pathogenetic neuro-immune interactions, thereby fostering future discovery of potential therapeutic agents.",CNS| Cytokines| Immune system| Immunopsychiatry| Microbiota-brain| Stress,Animal-other,5,1,0
1423,26171666,British journal of pharmacology,The D1CT-7 mouse model of Tourette syndrome displays sensorimotor gating deficits in response to spatial confinement,"BACKGROUND AND PURPOSE: The D1CT-7 mouse is one of the best known animal models of Tourette syndrome (TS), featuring spontaneous tic-like behaviours sensitive to standard TS therapies; these characteristics ensure a high face and predictive validity of this model, yet its construct validity remains elusive. To address this issue, we studied the responses of D1CT-7 mice to two critical components of TS pathophysiology: the exacerbation of tic-like behaviours in response to stress and the presence of sensorimotor gating deficits, which are thought to reflect the perceptual alterations causing the tics. EXPERIMENTAL APPROACH: D1CT-7 and wild-type (WT) littermates were subjected to a 20 min session of spatial confinement (SC) within an inescapable, 10 cm wide cylindrical enclosure. Changes in plasma corticosterone levels, tic-like behaviours and other spontaneous responses were measured. SC-exposed mice were also tested for the prepulse inhibition (PPI) of the startle response (a sensorimotor gating index) and other TS-related behaviours, including open-field locomotion, novel object exploration and social interaction and compared with non-confined counterparts. KEY RESULTS: SC produced a marked increase in corticosterone concentrations in both D1CT-7 and WT mice. In D1CT-7, but not WT mice, SC exacerbated tic-like and digging behaviours, and triggered PPI deficits and aggressive responses. Conversely, SC did not modify locomotor activity or novel object exploration in D1CT-7 mice. Both tic-like behaviours and PPI impairments in SC-exposed D1CT-7 mice were inhibited by standard TS therapies and D1 dopamine receptor antagonism. CONCLUSIONS AND IMPLICATIONS: These findings collectively support the translational and construct validity of D1CT-7 mice with respect to TS. LINKED ARTICLES: This article is part of a themed section on Updating Neuropathology and Neuropharmacology of Monoaminergic Systems. To view the other articles in this section visit http://onlinelibrary.wiley.com/doi/10.1111/bph.v173.13/issuetoc.",,Animal-other,5,1,0
1424,2803826,No to shinkei = Brain and nerve,[Morphological studies on estrogen-induced PRL cell hyperplasia in rat pituitary gland--immunocytochemical and scanning electron microscopic studies].,"It is well known that the tumorous lesion in rat anterior pituitary gland occurs after continuous administration of estrogen, which is mainly composed of PRL secreting cells. In this study the changes in rat PRL cells by estrogen treatment were studied histologically and immunocytochemically. Furthermore, intracellular structures in PRL cells were observed by high resolution scanning electron microscopy using the aldehyde prefix osmium-DMSO-osmium method. These rat pituitary tumors were established in Fischer-344 female rats by weekly injections of 2.5 mg estradiol valerate. The estrogen-induced, autonomous and transplantable rat pituitary tumors (MtT/F84) were also studied in the same manner and the findings were compared with estrogen-induced tumors. The increase of weight of pituitary gland and of serum PRL level correlated significantly with the number of estrogen administration. On the basis of histological findings, estrogen-induced pituitary tumors can be classified into two different stages, that is, hypertrophic hyperplasia and adenomatous hyperplasia. The former corresponds to the period until 6 weeks after the beginning of estrogen treatment and the latter to the period thereafter. In the former, PRL cells were significantly increased in number and volume, and were diffusely immunoreactive for PRL in the cytoplasm. Cell atypism was rarely found. The extent of acidophil staining was well preserved in hematoxylin-eosin staining. Ultrastructurally, organelles were well developed, especially rough endoplasmic reticulum showed whorl formation. Immature, irregularly shaped secretory granules were frequently observed within the Golgi area. Mature granules were richly stored at the periphery of the cell.(ABSTRACT TRUNCATED AT 250 WORDS)",,Animal-other,5,1,0
1425,6106665,Journal of the neurological sciences,Regional tyrosine hydroxylase and choline acetyltransferase concentrations in the brains of lymphocytic choriomeningitis-infected mice.,"The neurotransmitter biosynthesis enzymes tyrosine hydroxylase and choline acetyltransferase were investigated in selected brain areas of Nya : NYLAR mice infected with lymphocytic choriomeningitis (LCM) virus. Statistically significant alterations in the concentrations of both enzymes occurred in the olfactory, caudate, and neocortical regions at 5 days postinfection. No such alterations occurred in mice given cytoxan (150 mg/kg) 3 days postinfection and examined 5 days postinfection. At 10 days postinfection, however, the cytoxan-treated animals had significantly altered enzyme concentrations in the olfactory region, though not in the caudate or neocortex. This alteration appeared to be transitory, since it was not found in cytoxan-treated animals 60 days postinfection. A possible explanation is that virus production or interference in a brain region cycles over a period of hours or days. Still undetermined is whether these neurochemical changes are a primary effect of the virus or a secondary effect due to the immune response. It is noteworthy that cytoxan caused a marked increase in the enzyme activities studied in most of the brain areas.",,Animal-other,5,1,0
1426,21831324,BMC veterinary research,The impact of West Nile virus on the abundance of selected North American birds.,"The emergence of West Nile virus (WNV) in North America has been associated with high mortality in the native avifauna and has raised concerns about the long-term impact of WNV on bird populations. Here, we present results from a longitudinal analysis of annual counts of six bird species, using North American Breeding Bird Survey data from ten states (1994 to 2010). We fit overdispersed Poisson models to annual counts. Counts from successive years were linked by an autoregressive process that depended on WNV transmission intensity (annual West Nile neuroinvasive disease reports) and was adjusted by El Niño Southern Oscillation events. These models were fit using a Markov chain Monte Carlo algorithm.	Model fit was mostly excellent, especially for American Crows, for which our models explained between 26% and 81% of the observed variance. The impact of WNV on bird populations was quantitatively evaluated by contrasting hypothetical count trajectories (omission of WNV) with observed counts. Populations of American crows were most consistently affected with a substantial cumulative impact in six of ten states. The largest negative impact, almost 60%, was found in Illinois. A regionally substantial decline was also seen for American Robins and House Sparrows, while the other species appeared unaffected.	Our results confirm findings from previous studies that single out American Crows as the species most vulnerable to WNV infection. We discuss strengths and limitations of this and other methods for quantifying the impact of WNV on bird populations.",,Animal-other,5,1,0
1427,29501684,Neuroscience letters,Transplanted human neural precursor cells integrate into the host neural circuit and ameliorate neurological deficits in a mouse model of traumatic brain injury,"Traumatic brain injury (TBI) is to date one of the major critical conditions causing death and disability worldwide. Exogenous neural stem/precursor cells (NSCs/NPCs) hold great promise for improving neurological dysfunction, but their functional properties in vivo remain unknown. Human neural precursor cells (hNPCs) carrying one fluorescent reporter gene (DsRed) can be observed directly in vivo using two-photon laser-scanning microscope. Therefore, we evaluated the neural integration and potential therapeutic effect of hNPCs on mice with TBI. Behavioral tests were performed by rotarod task and Morris Water Maze task. Neural integration was detected by fluorometric Ca2+ imaging and nerve tracing. We found that motor and cognition functions were significantly improved in mice with hNPCs injection compared to mice with vehicle treatment, and hNPCs integrated into the host circuit and differentiated toward neuronal lineage. Our study provided reliable evidence for further hNPCs transplantation in clinical practice.",Calcium imaging| Cell therapy| Human neural progenitor cell transplantation| Integration| Traumatic brain injury,Animal-non-drug-intervention,10,1,2
1428,30999031,Neuroscience,Intravenous infusion of mesenchymal stem cells improves impaired cognitive function in a cerebral small vessel disease model,"Cerebral small vessel disease (CSVD) is not only a cause of vascular dementia (VD) but also a contributing factor to Alzheimer's disease (AD). The essential pathological feature of CSVD is the disruption of blood-brain barrier (BBB). Dysfunction of BBB due to degeneration of both endothelial cells and pericytes in capillaries leads to neuronal damage and progressive brain atrophy. Moreover, deterioration of amyloid-β (Aβ) clearance due to the failure of the transvascular BBB transport system results in accumulation of Aβ in the brain. Intravenous infusion of mesenchymal stem cells (MSCs) elicits functional recovery in experimental models including stroke and spinal cord injury. One effect of MSCs is to restore disrupted BBB through remodeling of microvasculature. Using spontaneously hypertensive rats (stroke-prone) with impaired cognitive function as a CSVD model, we have shown that infused MSCs has a therapeutic effect for cognitive function. Restoration of BBB function via remodeling of microvasculature and inhibition of Aβ accumulation could inhibit progressive brain atrophy and lead to restore cognitive dysfunction. Gene expression analysis indicated that infused MSCs activates both transforming growth factor-β and angiopoietin 1 signaling pathways and promotes the remodeling of microvasculature. Thus, infused MSCs may represent a novel therapy for both VD and AD.",blood–brain barrier| cellular therapy| cerebral small vessel disease| dementia| mesenchymal stem cell,Animal-non-drug-intervention,10,1,2
1429,34307083,Open veterinary journal,Effect of combined intrathecal/intravenous injection of bone marrow derived stromal cells in platelet-rich plasma on spinal cord injury in companion animals,"BACKGROUND: Companion animals are prone to spinal cord injuries commonly associated with severe locomotor and sensory complications, which can escalate to a state of irreversible paralysis. Stem cell therapies propose a hope for treating spinal cord injuries via differentiation into neurons and associated glial cells, halting the immune attacks, inhibiting apoptosis and necrosis, and secretion of neurotrophic factors that stimulate the regeneration process. AIM: The study aims to evaluate the use of autologous bone marrow derived stromal cells in platelet-rich plasma carrier for selected clinical cases having chronic spinal cord injuries in dogs and cats via a one-time combined intrathecal/intravenous injection. METHODS: Cells were injected in five dogs and three cats suffering from disc protrusion leading to spinal cord injury and in thosewho did not respond to conventional treatment during a clinical trial. RESULTS: Results indicated that the transplanted cells led to the restoration of the weight bearing locomotor function and spinal reflexes in a period less than 90 days with physical rehabilitation. The treatment showed minor changes in the magnetic resonance images of extruded discs. CONCLUSION: This study concluded that the combined intrathecal/intravenous injection of bone marrow stromal cells is a safe and promising procedure for treating chronic spinal cord injuries in companion animals.",Bone marrow stromal cells| Platelet-rich plasma| Spinal cord injury| Stem cell therapy,Animal-non-drug-intervention,10,1,2
1430,34484327,Neural plasticity,Electroacupuncture Improves Clearance of Amyloid-β through the Glymphatic System in the SAMP8 Mouse Model of Alzheimer's Disease,"BACKGROUND: Memory loss and cognitive impairment characterize the neurodegenerative disorder, Alzheimer's disease (AD). Amyloid-β (Aβ) is the key factor that triggers the course of AD, and reducing the deposition of Aβ in the brain has been considered as a potential target for the treatment of AD. In clinical and animal studies, electroacupuncture (EA) has been shown to be an effective treatment for AD. In recent years, substantial evidence has accumulated suggesting the important role of the glymphatic system in Aβ clearance. OBJECTIVE: The purpose of this study was to explore whether EA modifies the accumulation of Aβ through the glymphatic system and may thus be applied to alleviate cognitive impairments. METHODS: Seven-month-old SAMP8 mice were randomized into a control group (Pc) and an electroacupuncture group (Pe). Age-matched SAMR1 mice were used as normal controls (Rc). Mice in the Pe group were stimulated on Baihui (GV20) and Yintang (GV29) for 10 min and then pricked at Shuigou (GV26) for ten times. EA treatment lasted for 8 weeks. In each week, EA would be applied once a day for the first five consecutive days and ceased at the remaining two days. After EA treatment, Morris water maze (MWM) test was used to evaluate the cognitive function; HE and Nissl staining was performed to observe the brain histomorphology; ELISA, contrast-enhanced MRI, and immunofluorescence were applied to explore the mechanisms underlying EA effects from Aβ accumulation, glymphatic system function, reactivity of astrocytes, and AQP4 polarization, respectively. RESULTS: This EA regime could improve cognition and alleviate neuropathological damage to brain tissue. And EA treatment might reduce Aβ accumulation, enhance paravascular influx in the glymphatic system, inhibit the reactivity of astrocytes, and improve AQP4 polarity. CONCLUSION: EA treatment might reduce Aβ accumulation from the brain via improving clearance performance of the glymphatic system and thereby alleviating cognitive impairment.",,Animal-non-drug-intervention,10,1,2
1431,26615717,Radiotherapy and oncology : journal of the European Society for Therapeutic Radiology and Oncology,Cranial irradiation significantly reduces beta amyloid plaques in the brain and improves cognition in a murine model of Alzheimer's Disease (AD),"BACKGROUND AND PURPOSE: To investigate if cranial X-irradiation reduces amyloid-β (Aβ) plaques and influences cognitive function in a transgenic mouse model of AD. METHODS AND MATERIALS: B6.Cg-Tg (APPswePSEN1dE9)85Dbo/J AD-prone mice were given cranial X-irradiation. The number of Aβ plaques, along with expression of AD specific genes (84 genes: Mouse Alzheimer's Disease RT(2) Profiler), radiation-associated cytokines (Milliplex MAP Mouse Cytokine Chemokine Immunoassay) and immunohistochemistry (IL10, IL-1β, Iba1 CD45) was assessed. Behavioral testing was performed to relate changes in Aβ burden to cognitive function using a Morris water-maze task. RESULTS: Single X-ray doses reduced the number (p=0.002) and size (p=0.01) of Aβ plaques. Low-dose fractionation produced greater 50.6% (1 Gy × 10), 72% (2 Gy × 5) and 78% (2 Gy × 10) reductions. Irradiation was associated with gene (Pkp4, 1.5-fold, p=0.004) and proteomic (MIP-2, 8-fold, p=0.0024) changes at 24-48 h. Microglia increased at 4 weeks post-irradiation (p=0.001). The reduction in Aβ burden (2 Gy × 5) was associated with cognitive improvement (p=0.012). CONCLUSION: This is the first report that a clinically relevant course of external beam irradiation (2 Gy × 5) produces a significant reduction in AD-associated amyloid-β plaques with a subsequent improvement in cognitive function. However, longer-term studies are needed to define the precise underlying mechanism and longevity of this response.",Amyloid-β| Murine model| Plaque clearance| Radiation,Animal-non-drug-intervention,10,1,2
1432,18797365,Neurosurgery,Surgical resection plus adjuvant radiotherapy is superior to surgery or radiotherapy alone in the prevention of neurological decline in a rat metastatic spinal tumor model,"OBJECTIVE: The optimal management of spinal column metastatic disease is controversial. Furthermore, the literature lacks an accurate animal model to study the efficacy of surgical treatment options for spinal column metastases. We compared the efficacy of surgery, radiotherapy, or surgery plus adjuvant radiotherapy in a rat model of metastatic epidural spinal cord compression. METHODS: Thirty-two Fischer 344 rats underwent a transabdominal approach for implantation of a CRL-1666 breast adenocarcinoma cell line within the vertebral body of L6. Animals were randomly assigned to receive one of four treatments (n = 8 per group) 7 days after tumor implantation: 1) control: no treatment; 2) external beam radiation therapy (XRT) (total 20 Gy in 400-cGy daily fractions); 3) surgery: L6 vertebral corpectomy, tumor resection, and polymethyl methacrylate reconstruction; and 4) surgery + XRT: corpectomy and tumor resection followed by XRT (total 20 Gy in 400-cGy daily fractions) 72 hours after surgery. Hind-limb function was tested daily after treatment using the Basso-Beattie-Bresnahan (BBB) scale (range, 1-21). RESULTS: All animals (n = 32) demonstrated normal hind-limb function (BBB score, 21) on posttreatment Day 1. The XRT, surgery, and surgery + XRT groups all experienced a delay in onset of paresis versus the control group. Compared to the XRT group, the surgery group demonstrated greater median BBB scores on Days 3 (21 versus 20, P = 0.02) through 9 (12 versus 8, P = 0.002) after treatment. Compared with the surgery group, the surgery + XRT group demonstrated even greater median BBB scores on Days 6 (21 versus 19, P = 0.0008) through 11 (16 versus 8, P = 0.0001) after treatment. Median time to loss of ambulation (BBB <or= 7) was greatest in the surgery + XRT group (15 d) when compared with the surgery (12 d, P = 0.001), XRT (9 d, P = 0.001), or control groups (7 d, P = 0.0005). CONCLUSION: In a rat model of metastatic epidural spinal cord compression, decompressive surgery followed by radiotherapy yielded the greatest efficacy in the prevention of neurological decline when compared with surgery or radiotherapy alone. Radiotherapy alone attenuated neurological decline but was the least efficacious treatment in this model. These results support this animal model as an effective platform to investigate novel interventions for metastatic spine tumors.",,Animal-non-drug-intervention,10,1,2
1433,36382345,CNS neuroscience & therapeutics,Electroacupuncture ameliorates cerebrovascular impairment in Alzheimer's disease mice via melatonin signaling,"AIMS: Cerebrovascular impairment contributes to the pathogenesis of Alzheimer's disease (AD). However, it still lacks effective intervention in clinical practice. Here, we investigated the efficacy of electroacupuncture (EA) in cerebrovascular repair in 3xTg-AD mice and its mechanism. METHODS: 3xTg-AD mice were employed to evaluate the protective effect of EA at ST36 acupoint (EAST36). Behavioral tests were performed to assess neurological disorders. Laser speckle contrast imaging, immunostaining, and Western blot were applied to determine EAST36-boosted cerebrovascular repair. The mechanism was explored in 3xTg mice and endothelial cell cultures by melatonin signaling modulation. RESULTS: EAST36 at 20/100 Hz effectively alleviated the olfactory impairment and anxiety behavior and boosted cerebrovascular repair in AD mice. EAST36 attenuated cerebral microvascular degeneration in AD mice by modulating endothelial cell viability and injury. Consequently, the Aβ deposits and neural damage in AD mice were reversed after EAST36. Mechanistically, we revealed that EAST36 restored melatonin levels in AD mice. Melatonin supplement mimicked the EAST36 effect on cerebrovascular protection in AD mice and endothelial cell cultures. Importantly, blockage of melatonin signaling by antagonist blunted EAST36-induced cerebrovascular recovery and subsequent neurological improvement. CONCLUSIONS: These findings provided strong evidence to support EAST36 as a potential nonpharmacological therapy against cerebrovascular impairment in AD. Further study is necessary to better understand how EAST36 treatment drives melatonin signaling.",Alzheimer's disease| cerebrovascular impairment| electroacupuncture at ST36 acupoint| endothelial cell| melatonin signaling,Animal-non-drug-intervention,10,1,2
1434,26465711,"The journal of maternal-fetal & neonatal medicine : the official journal of the European Association of Perinatal Medicine, the Federation of Asia and Oceania Perinatal Societies, the International Society of Perinatal Obstetricians",Effects of 3-h hypothermia after neonatal hyperthermic hypoxic-ischemic encephalopathy in rat models on behavioral prognosis and anatomical and histological features after growth,"OBJECTIVE: To clarify the effects of 3-h hypothermia on learning ability and motor function after growth, employing neonatal rat models with hyperthermic hypoxic-ischemic encephalopathy (HIE). METHODS: We divided all rats into three groups: N (adult rats after neonatal hyperthermic HIE without subsequent 3-h hypothermia), H (adult rats after neonatal hyperthermic HIE with subsequent 3-h hypothermia) and Sham (S) groups. We evaluated their malfunctions with the rota-rod test and the step-down passive avoidance test. We also analyzed the cerebrum width and the hippocampal CA1 area of the insulted hemisphere. RESULTS: In the rota-rod test, the result of the N group was significantly worse than that of the S group. In the step-down passive avoidance test, the result of the N group was significantly worse than those of the S and H groups. The longest cerebrum width and the hippocampal CA1 area of the insulted hemisphere of the N group were significantly smaller than those of the S and H groups. CONCLUSION: Neonatal hyperthermic hypoxic-ischemic insult restricts motor function and learning ability after growth, and such neuronal malfunctions can be relieved by hypothermia for 3 h soon after neonatal HIE.",Hyperthermia| hypothermia| neonatal hypoxic-ischemic encephalopathy| rota-rod test| step-down passive avoidance test,Animal-non-drug-intervention,10,1,2
1435,26704255,Neurorehabilitation and neural repair,Effects of Subdural Monopolar Cortical Stimulation Paired With Rehabilitative Training on Behavioral and Neurophysiological Recovery After Cortical Ischemic Stroke in Adult Squirrel Monkeys,"BACKGROUND: Cortical stimulation (CS) combined with rehabilitative training (RT) has proven effective for enhancing poststroke functional recovery in rats, but human clinical trials have had mixed outcomes. OBJECTIVE: To assess the efficacy of CS/RT versus RT in a nonhuman primate model of cortical ischemic stroke. METHODS: Squirrel monkeys learned a pellet retrieval task, then received an infarct to the distal forelimb (DFL) representation of primary motor cortex. A subdural monopolar electrode was implanted over the spared DFL representation in dorsal premotor cortex (PMD). Seven weeks postinfarct, monkeys underwent 4 to 6 weeks of RT (n = 8) or CS/RT (n = 7; 100 Hz, cathodal current) therapy. Behavioral performance was assessed before and after infarct, prior to therapy, and 1 and 12 weeks posttherapy (follow-up). The primary outcome measure was motor performance at 1 week posttherapy. Secondary outcomes included follow-up performance at 12 weeks and treatment-related changes in neurophysiological maps of spared DFL representations. RESULTS: While postinfarct performance deficits were found in all monkeys, both groups demonstrated similar recovery profiles, with no difference in motor recovery between the RT and CS/RT groups. Posttherapy, PMD DFL area was significantly expanded in the RT group but not the CS/RT group. A significant relationship was found between motor recovery and DFL expansion in premotor cortex. CONCLUSIONS: Results suggest that the specific parameters utilized here were not optimal for promoting behavioral recovery in nonhuman primates. Though CS/RT has consistently shown efficacy in rat stroke models, the present finding has cautionary implications for translation of CS/RT therapy to clinical populations.",implanted stimulation electrodes| neuronal plasticity| premotor cortex| primary motor cortex| primate,Animal-non-drug-intervention,10,1,2
1436,32100127,Microbial ecology,Therapeutic Effects of the In Vitro Cultured Human Gut Microbiota as Transplants on Altering Gut Microbiota and Improving Symptoms Associated with Autism Spectrum Disorder,"Autism spectrum disorder (ASD) is a brain-based neurodevelopmental disorder characterized by behavioral abnormalities. Accumulating studies show that the gut microbiota plays a vital role in the pathogenesis of ASD, and gut microbiota transplantation (GMT) is a promising technique for the treatment of ASD. In clinical applications of GMT, it is challenging to obtain effective transplants because of the high costs of donor selection and heterogeneity of donors' gut microbiota, which can cause different clinical responses. In vitro batch culture is a fast, easy-to-operate, and repeatable method to culture gut microbiota. Thus, the present study investigates the feasibility of treating ASD with in vitro cultured gut microbiota as transplants. We cultured gut microbiota via the in vitro batch culture method and performed GMT in the maternal immune activation (MIA)-induced ASD mouse model with original donor microbiota and in vitro cultured microbiota. Open field, three-chamber social, marble burying, and self-grooming tests were used for behavioral improvement assessment. Serum levels of chemokines were detected. Microbial total DNA was extracted from mouse fecal samples, and 16S rDNA was sequenced using Illumina. Our results showed that GMT treatment with original and cultured donor gut microbiota significantly ameliorated anxiety-like and repetitive behaviors and improved serum levels of chemokines including GRO-α (CXCL1), MIP-1α (CCL3), MCP-3 (CCL7), RANTES (CCL5), and Eotaxin (CCL11) in ASD mice. Meanwhile, the gut microbial communities of the two groups that received GMT treatment were changed compared with the ASD mice groups. In the group treated with in vitro cultured donor gut microbiota, there was a significant decrease in the relative abundance of key differential taxa, including S24-7, Clostridiaceae, Prevotella_other, and Candidatus Arthromitus. The relative abundance of these taxa reached close to the level of healthy mice. Prevotella_other also decreased in the group treated with original donor gut microbiota, with a significant increase in Ruminococcaceae and Oscillospira. The present study demonstrated that GMT with in vitro cultured microbiota also improved behavioral abnormalities and chemokine disorders in an ASD mouse model compared with GMT with original donor gut microbiota. In addition, it significantly modified several key differential taxa in gut microbial composition.",Autism spectrum disorder| Gut microbiota transplantation| In vitro batch culture| Mouse model,Animal-non-drug-intervention,10,1,2
1437,18317780,Child's nervous system : ChNS : official journal of the International Society for Pediatric Neurosurgery,"Microsurgical removal of intramedullary spinal cord gliomas in a rat spinal cord decreases onset to paresis, an animal model for intramedullary tumor treatment.","Intramedullary spinal cord tumors (IMSCT) pose significant challenges given their recurrence rate and limited treatment options. Using our previously described rat model of IMSCT, we describe a technique for microsurgical tumor resection and present the functional and histopathological analysis of tumor progression.	Twenty-four Fischer 344 rats were randomized into two groups. All animals received a 5-microl intramedullary injection of 9L gliosarcoma cells. Animals were evaluated daily for signs of paralysis using the Basso, Beattie, and Bresnahan (BBB) scale. Group 1 continued with daily assessments using the BBB scale following tumor implantation, but received no further treatment. Group 2 underwent surgical removal of intramedullary tumor on postoperative day five. At a BBB score less than 5 (e.g., functional paraplegia), all animals of both groups were killed and sent for histopathological analysis.	Group 1 had a median onset of functional hind limb paraplegia at 15 +/- 1.0 days. Group 2 had a median onset of hind limb paresis at 53 +/- 0.46 days. Hematoxylin-eosin cross-sections confirmed the presence of intramedullary 9L tumor invading the spinal cord in both groups.	Animals with 9L IMSCTs consistently developed hind limb paraplegia in a reliable and reproducible manner. Animals undergoing microsurgical resection of IMSCT had a significant delay in the onset of functional paraplegia compared to the untreated controls. These findings suggest that this model may mimic the behavior of IMSCTs following operative resection in humans and thus may be used to examine efficacy of new treatment options for high-grade intramedullary tumors.",,Animal-non-drug-intervention,10,1,2
1438,27485458,Scientific reports,Functional Recovery from Neural Stem/Progenitor Cell Transplantation Combined with Treadmill Training in Mice with Chronic Spinal Cord Injury,"Most studies targeting chronic spinal cord injury (SCI) have concluded that neural stem/progenitor cell (NS/PC) transplantation exerts only a subclinical recovery; this in contrast to its remarkable effect on acute and subacute SCI. To determine whether the addition of rehabilitative intervention enhances the effect of NS/PC transplantation for chronic SCI, we used thoracic SCI mouse models to compare manifestations secondary to both transplantation and treadmill training, and the two therapies combined, with a control group. Significant locomotor recovery in comparison with the control group was only achieved in the combined therapy group. Further investigation revealed that NS/PC transplantation improved spinal conductivity and central pattern generator activity, and that treadmill training promoted the appropriate inhibitory motor control. The combined therapy enhanced these independent effects of each single therapy, and facilitated neuronal differentiation of transplanted cells and maturation of central pattern generator activity synergistically. Our data suggest that rehabilitative treatment represents a therapeutic option for locomotor recovery after NS/PC transplantation, even in chronic SCI.",,Animal-non-drug-intervention,10,1,2
1439,28632582,The journal of trauma and acute care surgery,"The effect of resuscitative endovascular balloon occlusion of the aorta, partial aortic occlusion and aggressive blood transfusion on traumatic brain injury in a swine multiple injuries model","BACKGROUND: Despite clinical reports of poor outcomes, the degree to which resuscitative endovascular balloon occlusion of the aorta (REBOA) exacerbates traumatic brain injury (TBI) is not known. We hypothesized that combined effects of increased proximal mean arterial pressure (pMAP), carotid blood flow (Qcarotid), and intracranial pressure (ICP) from REBOA would lead to TBI progression compared with partial aortic occlusion (PAO) or no intervention. METHODS: Twenty-one swine underwent a standardized TBI via computer Controlled cortical impact followed by 25% total blood volume rapid hemorrhage. After 30 minutes of hypotension, animals were randomized to 60 minutes of continued hypotension (Control), REBOA, or PAO. REBOA and PAO animals were then weaned from occlusion. All animals were resuscitated with shed blood via a rapid blood infuser. Physiologic parameters were recorded continuously and brain computed tomography obtained at specified intervals. RESULTS: There were no differences in baseline physiology or during the initial 30 minutes of hypotension. During the 60-minute intervention period, REBOA resulted in higher maximal pMAP (REBOA, 105.3 ± 8.8; PAO, 92.7 ± 9.2; Control, 48.9 ± 7.7; p = 0.02) and higher Qcarotid (REBOA, 673.1 ± 57.9; PAO, 464.2 ± 53.0; Control, 170.3 ± 29.4; p < 0.01). Increases in ICP were greatest during blood resuscitation, with Control animals demonstrating the largest peak ICP (Control, 12.8 ± 1.2; REBOA, 5.1 ± 0.6; PAO, 9.4 ± 1.1; p < 0.01). There were no differences in the percentage of animals with hemorrhage progression on CT (Control, 14.3%; 95% confidence interval [CI], 3.6-57.9; REBOA, 28.6%; 95% CI, 3.7-71.0; and PAO, 28.6%; 95% CI, 3.7-71.0). CONCLUSION: In an animal model of TBI and shock, REBOA increased Qcarotid and pMAP, but did not exacerbate TBI progression. PAO resulted in physiology closer to baseline with smaller increases in ICP and pMAP. Rapid blood resuscitation, not REBOA, resulted in the largest increase in ICP after intervention, which occurred in Control animals. Continued studies of the cerebral hemodynamics of aortic occlusion and blood transfusion are required to determine optimal resuscitation strategies for multi-injured patients.",,Animal-non-drug-intervention,10,1,2
1440,24444827,Neuroscience,Effects of intravenous administration of umbilical cord blood CD34(+) cells in a mouse model of neonatal stroke,"Neonatal stroke occurs in approximately 1/4000 live births and results in life-long neurological impairments: e.g., cerebral palsy. Currently, there is no evidence-based specific treatment for neonates with stroke. Several studies have reported the benefits of umbilical cord blood (UCB) cell treatment in rodent models of neonatal brain injury. However, all of the studies examined the effects of administering either the UCB mononuclear cell fraction or UCB-derived mesenchymal stem cells in neonatal rat models. The objective of this study was to examine the effects of human UCB CD34(+) cells (hematopoietic stem cell/endothelial progenitor cells) in a mouse model of neonatal stroke, which we recently developed. On postnatal day 12, immunocompromized (SCID) mice underwent permanent occlusion of the left middle cerebral artery (MCAO). Forty-eight hours after MCAO, human UCB CD34(+) cells (1×10(5)cells) were injected intravenously into the mice. The area in which cerebral blood flow (CBF) was maintained was temporarily larger in the cell-treated group than in the phosphate-buffered saline (PBS)-treated group at 24h after treatment. With cell treatment, the percent loss of ipsilateral hemispheric volume was significantly ameliorated (21.5±1.9%) compared with the PBS group (25.6±5.1%) when assessed at 7weeks after MCAO. The cell-treated group did not exhibit significant differences from the PBS group in either rotarod (238±46s in the sham-surgery group, 175±49s in the PBS group, 203±54s in the cell-treated group) or open-field tests. The intravenous administration of human UCB CD34(+) cells modestly reduced histological ischemic brain damage after neonatal stroke in mice, with a transient augmentation of CBF in the peri-infarct area.",CD34(+) cell| brain injury| cell-based therapy| neonatal encephalopathy| neonatal stroke| umbilical cord blood,Animal-non-drug-intervention,10,1,2
1441,38092268,Neurobiology of disease,Reducing huntingtin by immunotherapy delays disease progression in a mouse model of Huntington disease,"In Huntington disease (HD), the mutant huntingtin (mtHTT) protein is the principal cause of pathological changes that initiate primarily along the cortico-striatal axis. mtHTT is ubiquitously expressed and there is, accordingly, growing recognition that HD is a systemic disorder with functional interplay between the brain and the periphery. We have developed a monoclonal antibody, C6-17, targeting an exposed region of HTT near the aa586 Caspase 6 cleavage site. As recently published, mAB C6-17 can block cell-to-cell propagation of mtHTT in vitro. In order to reduce the burden of the mutant protein in vivo, we queried whether extracellular mtHTT could be therapeutically targeted in YAC128 HD mice. In a series of proof of concept experiments, we found that systemic mAB C6-17 treatment resulted in the distribution of the mAB C6-17 to peripheral and CNS tissues and led to the reduction of HTT protein levels. Compared to CTRL mAB or vehicle treated mice, the mAB C6-17 treated YAC128 animals showed improved body weight and motor behaviors, a delayed progression in motor deficits and reduced striatal EM48 immunoreactivity. These results provide the first proof of concept for the feasibility and therapeutic efficacy of an antibody-based anti-HTT passive immunization approach and suggest this modality as a potential new HD treatment strategy.",Extracellular huntingtin| Huntingtin lowering therapy| Huntington disease| Immunotherapy| Passive immunization| Preclinical trial| Transgenic mice,Animal-non-drug-intervention,10,1,2
1442,21951913,Molecular brain,Transplantation of human neural stem/progenitor cells overexpressing galectin-1 improves functional recovery from focal brain ischemia in the Mongolian gerbil.,"Transplantation of human neural stem/progenitor cells (hNSPCs) is a promising method to regenerate tissue from damage and recover function in various neurological diseases including brain ischemia. Galectin-1(Gal1) is a lectin that is expressed in damaged brain areas after ischemia. Here, we characterized the detailed Gal1 expression pattern in an animal model of brain ischemia. After brain ischemia, Gal1 was expressed in reactive astrocytes within and around the infarcted region, and its expression diminished over time. Previously, we showed that infusion of human Gal1 protein (hGal1) resulted in functional recovery after brain ischemia but failed to reduce the volume of the ischemic region. This prompted us to examine whether the combination of hNSPCs-transplantation and stable delivery of hGal1 around the ischemic region could reduce the ischemic volume and promote better functional recovery after brain ischemia. In this study, we transplanted hNSPCs that stably overexpressed hGal1 (hGal1-hNSPCs) in a model of unilateral focal brain ischemia using Mongolian gerbils. Indeed, we found that transplantation of hGal1-hNSPCs both reduced the ischemic volume and improved deficits in motor function after brain ischemia to a greater extent than the transplantation of hNSPCs alone. This study provides evidence for a potential application of hGal1 with hNSPCs-transplantation in the treatment of brain ischemia.",,Animal-non-drug-intervention,10,1,2
1443,33278568,Journal of chemical neuroanatomy,"Bilateral striatal transplantation of human olfactory stem cells ameliorates motor function, prevents necroptosis-induced cell death and improves striatal volume in the rat model of Huntington's disease","Cellular transplant therapy is one of the most common therapeutic strategies used to mitigate symptoms of neurodegenerative diseases such as Huntington's disease (HD). Briefly, the main goal of the present study was to investigate HD's motor deficits through the olfactory ecto-mesenchymals stem cells (OE-MSC) secretome. OE-MSCs were characterized immunophenotypically by the positive expression of CD73, CD90 and CD105. Also, three specific markers of OE-MSCs were obtained from the nasal cavity of human volunteers. The main features of OE-MSCs are their high proliferation, ease of harvesting and growth factor secretion. All animals were randomly assigned to three groups: control, 3-NP + vehicle treated and 3-NP + Cell groups. In both experimental groups, the subjects received intraperitoneal 3-NP (30 mg/kg) injections once a day for five consecutive days, followed by the bilateral intra-striatal implantation of OE-MSCs in the 3-NP + Cell group. Muscular function was assessed by electromyography and rotarod test, and the locomotor function was evaluated using the open field test. According to our findings, striatal transplants of OE-MSCs reduced microglial inflammatory factor, the tumor necrosis factor (TNFα) in the 3-NP + Cell group, with a significant reduction in RIP3, the markers of necroptosis in striatum. In addition to the remarkable recovery of the striatal volume after engraftment, the motor activities were enhanced in the 3-NP + cell group compared to the 3-NP + vehicle group. Taken together, our results demonstrated the in vivo advantages of OE-MSCs treatment in an HD rat model with numerous positive paracrine effects including behavioral and anatomical recovery.",3-Nitropropionic acid| Huntington's disease| Mesenchymal stem cells| Neuroprotection| Stem cell transplantation,Animal-non-drug-intervention,10,1,2
1444,35152856,Animal biotechnology,Dopaminergic neurons derived from porcine induced pluripotent stem cell like cells function in the Lanyu pig model of Parkinson's disease,"The induced pluripotent stem cells (iPSCs) are able to differentiate into dopaminergic neurons and execute the therapeutic effects for Parkinson's disease (PD). Here, we established a animal model of PD in Lanyu pigs by injecting 5 mg/kg of 1-methyl-4-phenyl-1,2,3,6-tetrahydropyridine hydrochloride (MPTP). Next, the porcine iPSC-like cells (piPSC-like cells) were differentiated into D18 neuronal progenitors (D18 NPs) that were transplanted into the striatum to evaluate their therapeutic effects of PD. We showed that after 8 weeks of cell transplantation, the behavior score was significantly ameliorated and fully recovered at the 14th week of cell transplantation. The number of dopaminergic neurons was also significantly improved at the end of the experiment although the number was still about 50% lower than that in the control group. Our findings suggest that piPSC-like cell-derived D18 NPs exhibit a potential for the treatment of PD in the Lanyu pig model.",Lanyu pigs| Parkinson disease| dopaminergic neurons| porcine induced pluripotent stem cells,Animal-non-drug-intervention,10,1,2
1445,19155230,Archives of disease in childhood,"Therapeutic hypothermia can be induced and maintained using either commercial water bottles or a ""phase changing material"" mattress in a newborn piglet model","BACKGROUND: Therapeutic hypothermia, a safe and effective treatment for neonatal encephalopathy in an intensive care setting, is not available in low-resource settings. Aims/ METHODS: To assess two low-tech, low-cost cooling devices for use in low-resource settings: (i) commercially available water bottles filled with tepid water (25 degrees C); (ii) a mattress made of phase changing material (PCM) with a melting point of 32 degrees C (PCM works as a heat buffer at this temperature). Eleven anaesthetised newborn piglets were studied following transient hypoxia-ischaemia. The cooling device was applied 2-26 h after hypoxia-ischaemia with a target rectal temperature (T(rectal)) of 33-34 degrees C. T(rectal) undershoot was adjusted using cotton blankets; the cooling device was renewed when T(rectal) rose above 35 degrees C. T(rectal) data during cooling were dichotomised (within or without target) to assess: (a) the total period within the target T(rectal) range; (b) the stability and fluctuation of T(rectal) during cooling. RESULTS: Therapeutic hypothermia was achieved with both water bottles (n = 5) and the PCM mattress (n = 6). The mean (SD) time to reach target T(rectal) was 1.8 (0.5) h with water bottles and 1.9 (0.3) h with PCM. PCM cooling led to a longer period within the target T(rectal) range (p<0.01) and more stable cooling (p<0.05). Water bottle cooling required device renewal (in four out of five piglets). CONCLUSION: Simple, low-tech cooling devices can induce and maintain therapeutic hypothermia effectively in a porcine model of neonatal encephalopathy, although frequent fine tuning by adjusting the number of blankets insulating the piglet was required to maintain a stable temperature. PCM may induce more stable cooling compared with water bottles.",,Animal-non-drug-intervention,10,1,2
1446,30943885,Stroke,Noninvasive Vagus Nerve Stimulation Prevents Ruptures and Improves Outcomes in a Model of Intracranial Aneurysm in Mice,"Background and Purpose- Inflammation is a critical determinant of aneurysmal wall destabilization, growth, and rupture risk. Targeting inflammation may suppress aneurysm rupture. Vagus nerve stimulation (VNS) has been shown to suppress inflammation both systemically and in the central nervous system. Therefore, we tested the effect of a novel noninvasive transcutaneous VNS approach on aneurysm rupture and outcome in a mouse model of intracranial aneurysm formation with wall inflammation. Methods- Aneurysms were induced by a single stereotaxic injection of elastase into the cerebrospinal fluid at the skull base, combined with systemic deoxycorticosterone-salt hypertension, without or with high-salt diet, for mild or severe outcomes, respectively. Cervical VNS (two 2-minute stimulations 5 minutes apart) was delivered once a day starting from the day after elastase injection for the duration of follow-up. Transcutaneous stimulation of the femoral nerve (FNS) served as control. Multiple aneurysms developed in the circle of Willis and its major branches, resulting in spontaneous ruptures and subarachnoid hemorrhage, neurological deficits, and mortality. Results- In the milder model, VNS significantly reduced aneurysm rupture rate compared with FNS (29% versus 80%, respectively). Subarachnoid hemorrhage grades were also lower in the VNS group. In the more severe model, both VNS and FNS arms developed very high rupture rates (77% and 85%, respectively). However, VNS significantly improved the survival rate compared with FNS after rupture (median survival 13 versus 6 days, respectively), without diminishing the subarachnoid hemorrhage grades. Chronic daily VNS reduced MMP-9 (matrix metalloproteinase-9) expression compared with FNS, providing a potential mechanism of action. As an important control, chronic daily VNS did not alter systemic arterial blood pressure compared with FNS. Conclusions- VNS can reduce aneurysm rupture rates and improve the outcome from ruptured aneurysms.",elastase| hypertension| inflammation| intracranial aneurysm| subarachnoid hemorrhage,Animal-non-drug-intervention,10,1,2
1447,36889489,Physiology & behavior,Forced treadmill running modifies gut microbiota with alleviations of cognitive impairment and Alzheimer's disease pathology in 3xTg-AD mice,"Physical exercise has been recommended as a non-pharmacologic treatment for delaying the onset or slowing the progression of Alzheimer's disease (AD). The therapeutic potential of exercise training-induced changes in symbiotic gut microbiota against AD neuropathology is not well understood, yet. This study investigated the effects of a 20-week forced treadmill exercise program on the makeup of the gut microbiota, the integrity of the blood-brain barrier (BBB), and the development of AD-like cognitive deficits and neuropathology in triple transgenic AD mice. Our findings show that forced treadmill running causes symbiotic changes in the gut microbiota, such as increased Akkermansia muciniphila and decreased Bacteroides species, as well as increased BBB-related protein expression and reduced AD-like cognitive impairments and neuropathology progression. The current findings of this animal study suggest that the interaction between the gut microbiota and the brain, possibly via the BBB, is responsible for exercise training-induced cognitive benefits and alleviation of AD pathology.",Blood-brain barrier| Cognitive function| Gut microbiome| Neuropathology| Physical exercise,Animal-non-drug-intervention,10,1,2
1448,17415533,Cellular & molecular biology letters,The neuroprotective effect of Withania somnifera root extract in MPTP-intoxicated mice: an analysis of behavioral and biochemical variables,"We studied the influence of Withania somnifera (Ws) root extract (100 mg/kg body weight) on parkinsonism induced by 1-methyl 4-phenyl 1,2,3,6-tetrahydropyridine (MPTP; i.p, 20 mg/kg body weight for 4 days), via the analysis of behavioral features and the oxidant-antioxidant imbalance in the midbrain of mice. A significant alteration in behavior, increased levels of thiobarbituric acid reactive substance (TBARS), and increased activities of superoxide dismutase (SOD) and catalase (CAT) were noticed in this region of brain in MPTP-treated mice. Oral treatment with the root extract resulted in a significant improvement in the mice's behavior and antioxidant status, along with a significant reduction in the level of lipid peroxidation. The results indicated that at least part of the chronic stress-induced pathology may be due to oxidative stress, which is mitigated by Ws. Further studies are needed to assess the precise mechanism to support the clinical use of the plant as an antiparkinsonic drug.",,Animal-non-drug-intervention,10,1,2
1449,21840342,Behavioural brain research,Effect of intrastriatal mesenchymal stromal cell injection on progression of a murine model of Krabbe disease,"One of a family of devastating lysosomal storage disorders, Krabbe disease is characterized by demyelination, psychosine accumulation, and inflammation. Affected infants rarely survive longer than 2 years. Using the twitcher mouse model of the disease, this study evaluated the potential of intrastriatal injection of adipose or bone marrow-derived mesenchymal stromal cells (MSCs) as a treatment option. Neonatal pups were injected with MSCs at 3-4 days of age and subjected to a battery of behavioral tests beginning at 15 days. While MSC injection failed to increase lifespan of twitchers, improvements in rotarod performance and twitching severity were observed at 27-38 days of age using MSCs derived from bone marrow. This study tested several different tasks developed in adult mice for evaluation of disease progression in immature twitchers. Rotarod was both reliable and extremely sensitive. Automated gait analysis using the Treadscan program was also useful for early evaluation of differences prior to overt gait dysfunction. Finally, this study represents the first use of the Stone T-maze in immature mice. Validation of rotarod and automated gait analysis for detection of subtle differences in disease progression is important for early stage efforts to develop treatments for juvenile disorders.",,Animal-non-drug-intervention,10,1,2
1450,21479721,Graefe's archive for clinical and experimental ophthalmology = Albrecht von Graefes Archiv fur klinische und experimentelle Ophthalmologie,The change of the extraocular muscle insertion after a slanted recession in rabbit eyes.,"To evaluate the change of slanting degree after slanted recession using a rabbit model.	A prospective, controlled study was performed in ten eyes of five rabbits with anatomically normal eyes. These eyes were divided into two groups according to the amount of slanted recession. In right eyes, slanted superior recti (SR) muscle recession was performed with 6 mm of nasal margin and 2 mm of temporal margin (4-mm slanting group), and in fellow eyes, slanted SR muscle recession was performed with 6 mm and 4 mm, respectively (2-mm slanting group). We measured both margins of superior recti from insertion, and calculated the amount of anterior creeping movement of both margins at 30, 60, and 90 postoperative days, and also compared the change of slanting degree of the SR muscle between the two groups.	Slanting degrees showed a gradual decrease in all rabbit eyes. In the 4-mm slanting group, each margin of anterior movement was 2.4.mm (nasal) and 0.9 mm (temporal) and slanting degrees decreased in 50 -7 5%. In the 2-mm slanting group, the margins of anterior movement were 2.9 mm and 1.8 mm respectively, and slanting degrees decreased in 25 ∼ 50%. The amount of slanting degree showed a greater decrease in the 4-mm group than in the 2-mm group at postoperative 3 months (p = 0.045).	Both margins of extraocular muscle in slanted recession showed anterior movement at postoperative 3 months; therefore, the effectiveness of slanted recession might be decreased postoperatively.",,Animal-non-drug-intervention,10,1,2
1451,30181106,Brain stimulation,The neuroprotective effect of deep brain stimulation at nucleus basalis of Meynert in transgenic mice with Alzheimer's disease,"BACKGROUND: Alzheimer's disease (AD) is the most common type of dementia and mainly treated by drugs, while the therapeutic outcomes are very limited. This study aimed to determine the optimized parameters of deep brain stimulation (DBS) which was applied to the treatment of AD and propose the involved mechanisms. METHODS: Amyloid-β precursor protein/Presenilin1 (APP/PS1) transgenic mice were used and received DBS at nucleus basalis of Meynert (NBM). The optimized parameters of DBS were determined by using different stimulation frequencies, durations and ages of mice under Morris water maze test. The involved mechanisms and the possible signal pathways were also investigated. RESULTS: The optimized parameters for DBS were high frequency (100 Hz) for 21 days starting from early age (4 months old). Under the above parameters, the soluble Aβ40 and Aβ42 in the hippocampus and cortex were down-regulated significantly. DBS increased survival neurons and reduced apoptotic cells in the hippocampus and cortex. Meanwhile, the apoptosis-related proteins caspase-3, caspase-8 and Bid were down-regulated. Moreover, DBS caused a significant increase of superoxide dismutase, glutathione peroxidase and choline acetyltransferase activity as well as a decrease of methane dicarboxylic aldehyde content and acetylcholine esterase activity. Phosphorylation of Akt (p-Akt)/total Akt (t-Akt) was up-regulated while p-extracellular signal-regulated kinase 1/2 (ERK1/2)/t-ERK1/2 was down-regulated. The neuroprotective effect of DBS was attenuated by their inhibitors. CONCLUSIONS: NBM-DBS starting from 4 months of age for 21 days at a high frequency (100 Hz) has therapeutic effects on AD through activating phosphatidylinositol 3'-kinase (PI3K)/Akt pathway and inhibiting ERK1/2 pathway.",APP/PS1 transgenic mice| Alzheimer's disease| Deep brain stimulation| Morris water maze| Nucleus basalis of Meynert,Animal-non-drug-intervention,10,1,2
1452,38122903,Behavioural brain research,Impact of voluntary exercise training on the metabolic and behavioral characteristics of the rTg4510 transgenic mouse model of frontotemporal dementia,"Frontotemporal dementia (FTD) is a neurodegenerative disorder that affects the frontal and temporal lobes of the brain, primarily in individuals under 65 years of age, and is the second most common form of dementia worldwide. There is no cure for FTD and current treatments offer limited symptomatic relief. Regular physical activity exhibits cognitive and neuroprotective benefits in healthy individuals and in various neurodegenerative diseases, such as Alzheimer's disease, but few studies have examined its efficacy in FTD. Accordingly, we investigated the impact of voluntary exercise training (VET) on the metabolic and behavioral characteristics of the rTg4510 transgenic mouse model of familial FTD. We show that regardless of genotype, VET increased energy expenditure, decreased sleep duration, and improved long-term memory in rTg4510 mice and WT littermates. Moreover, VET appeared to improve hyperactivity, a common feature of FTD, in rTg4510 mice. Although further work is required, these findings provide important insights into the potential benefits of physical activity in FTD.",Cognitive impairment| Exercise metabolism| Frontotemporal dementia,Animal-non-drug-intervention,10,1,2
1453,21114367,Physiological research,Rehabilitation intervention in animal model can improve neuromotor and cognitive functions after traumatic brain injury: pilot study.,"The aim of the present study was to quantify the effect of multisensory rehabilitation on rats' cognition after an experimental brain trauma and to assess its possible clinical implications. The complex intermittent multisensory rehabilitation consisted of currently used major therapeutic procedures targeted at the improvement of cognitive functions; including multisensory and motor stimulation and enriched environment. We have confirmed this positive effect of early multisensory rehabilitation on the recovery of motor functions after traumatic brain injury. However, we have been able to prove a positive effect on the recovery of cognitive functions only with respect to the frequency of efficient search strategies in a Barnes maze test, while results for search time and travelled distance were not significantly different between study groups. We have concluded that the positive effects of an early treatment of functional deficits are comparable with the clinical results in early neurorehabilitation in human patients after brain trauma. It might therefore be reasonable to apply these experimental results to human medical neurorehabilitation care.",,Animal-non-drug-intervention,10,1,2
1454,38029664,"Journal of photochemistry and photobiology. B, Biology",Exploring the effect of photobiomodulation and gamma visual stimulation induced by 808 nm and visible LED in Alzheimer's disease mouse model,"Although photobiomodulation (PBM) and gamma visual stimulatqion (GVS) have been overwhelmingly explored in the recent time as a possible light stimulation (LS) means of Alzheimer's disease (AD) therapy, their effects have not been assessed at once. In our research, the AD mouse model was stimulated using light with various parameters [continuous wave (PBM) or 40 Hz pulsed visible LED (GVS) or 40 Hz pulsed 808 nm LED (PBM and GVS treatment)]]. The brain slices collected from the LS treated AD model mice were evaluated using (i) fluorescence microscopy to image thioflavine-S labeled amy-loid-β (Aβ) plaques (the main hallmark of AD), or (ii) two-photon excited fluorescence (TPEF) imaging of unlabeled Aβ plaques, showing that the amount of Aβ plaques was reduced after LS treatment. The imaging results correlated well with the results of Morris water maze (MWM) test, which demonstrated that the spatial learning and memory abilities of LS treated mice were noticeably higher than those of untreated mice. The LS effect was also assessed by in vivo nonlinear optical imaging, revealing that the cerebral amyloid angiopathy decreased spe-cifically as a result of 40 Hz pulsed 808 nm irradiation, on the contrary, the angiopathy reversed after visible 40 Hz pulsed light treatment. The obtained results provide useful reference for further optimization of the LS (PBM or GVS) parameters to achieve efficient phototherapy of AD.",Alzheimer's disease| Amyloid-β| Cerebral amyloid angiopathy| Gamma visual stimulation| Nonlinear optical imaging| Photobiomodulation,Animal-non-drug-intervention,10,1,2
1455,28619309,Complementary therapies in medicine,Scalp acupuncture attenuates neurological deficits in a rat model of hemorrhagic stroke,"BACKGROUND: Hemorrhagic stroke accounts for approximately 15% of all stroke cases, and is associated with high morbidity and mortality. Limited human studies suggested that scalp acupuncture could facilitate functional recovery after cerebral hemorrhage. In the current study, we used an animal model of cerebral hemorrhage to examine the potential effects of scalp acupuncture. METHODS: Adult male Sprague-Dawley rats received autologous blood (50μL) into the right caudate nucleus on the right side under pentobarbital anesthesia, and then received scalp acupuncture (DU20 through GB7 on the lesion side) or sham acupuncture (1cm to the right side of the acupoints) (n=10 per group). A group of rats receiving autologous blood into the caudate nucleus but no other intervention, as well as a group of rats receiving anesthesia but no blood injection to the brain (n=10 per group) were included as additional controls. Composite neuroscore, corner turn test, forelimb placing test, wire hang task and beam walking were used to evaluate the behavior of rats. Hematoxylin and Eosin (HE) staining was used to observe the histopathological changes. Western blot was used to detect the content of tumor necrosis factor alpha (TNF-α) and nuclear factor-KappaB (NFκB) protein expression. RESULTS: Scalp acupuncture attenuated neurological deficits (p<0.01 or <0.05 vs. sham acupuncture using a variety of behavioral tests) at 1-7days after the treatment. The brain content of TNF-α and NFκB was decreased (p<0.01 for both). CONCLUSIONS: Scalp acupuncture could improve neurological deficits in a rat model of hemorrhagic stroke.",Hemorrhagic stroke| Neurological deficit| Scalp acupuncture,Animal-non-drug-intervention,10,1,2
1456,21606375,Proceedings of the National Academy of Sciences of the United States of America,ES cell-derived renewable and functional midbrain dopaminergic progenitors.,"During early development, midbrain dopaminergic (mDA) neuronal progenitors (NPs) arise from the ventral mesencephalic area by the combined actions of secreted factors and their downstream transcription factors. These mDA NPs proliferate, migrate to their final destinations, and develop into mature mDA neurons in the substantia nigra and the ventral tegmental area. Here, we show that such authentic mDA NPs can be efficiently isolated from differentiated ES cells (ESCs) using a FACS method combining two markers, Otx2 and Corin. Purified Otx2(+)Corin(+) cells coexpressed other mDA NP markers, including FoxA2, Lmx1b, and Glast. Using optimized culture conditions, these mDA NPs continuously proliferated up to 4 wk with almost 1,000-fold expansion without significant changes in their phenotype. Furthermore, upon differentiation, Otx2(+)Corin(+) cells efficiently generated mDA neurons, as evidenced by coexpression of mDA neuronal markers (e.g., TH, Pitx3, Nurr1, and Lmx1b) and physiological functions (e.g., efficient DA secretion and uptake). Notably, these mDA NPs differentiated into a relatively homogenous DA population with few serotonergic neurons. When transplanted into PD model animals, aphakia mice, and 6-OHDA-lesioned rats, mDA NPs differentiated into mDA neurons in vivo and generated well-integrated DA grafts, resulting in significant improvement in motor dysfunctions without tumor formation. Furthermore, grafted Otx2(+)Corin(+) cells exhibited significant migratory function in the host striatum, reaching >3.3 mm length in the entire striatum. We propose that functional and expandable mDA NPs can be efficiently isolated by this unique strategy and will serve as useful tools in regenerative medicine, bioassay, and drug screening.",,Animal-non-drug-intervention,10,1,2
1457,38613791,Aging,"The impact of continuous and intermittent ketogenic diets on cognitive behavior, motor function, and blood lipids in TgF344-AD rats","Studies suggest that ketogenic diets (KD) may improve memory in mouse models of aging and Alzheimer's disease (AD). This study determined whether a continuous or intermittent KD (IKD) enhanced cognitive behavior in the TgF344-AD rat model of AD. At 6 months-old, TgF344-AD and wild-type (WT) littermates were placed on a control (CD), KD, or IKD (morning CD and afternoon KD) provided as two meals per day for 2 or 6 months. Cognitive and motor behavior and circulating β-hydroxybutyrate (BHB), AD biomarkers and blood lipids were assessed. Animals on a KD diet had elevated circulating BHB, with IKD levels intermediate to CD and KD. TgF344-AD rats displayed impaired spatial learning memory in the Barnes maze at 8 and 12 months of age and impaired motor coordination at 12 months of age. Neither KD nor IKD improved performance compared to CD. At 12 months of age, TgF344-AD animals had elevated blood lipids. IKD reduced lipids to WT levels with KD further reducing cholesterol below WT levels. This study shows that at 8 or 12 months of age, KD or IKD intervention did not improve measures of cognitive or motor behavior in TgF344-AD rats; however, both IKD and KD positively impacted circulating lipids.",Alzheimer’s disease| cognitive behavior| ketogenic diet| lipids| motor function,Animal-non-drug-intervention,10,1,2
1458,24105649,Journal of neuroscience research,"Microtransplantation of whole ganglionic eminence cells ameliorates motor deficit, enlarges the volume of grafts, and prolongs survival in a rat model of Huntington's disease","Studies have demonstrated that embryonic cell therapy is a potential approach for the treatment of Huntington's disease (HD). However, because of the limited resource of embryos, greater attention is needed in developing more efficient surgical techniques that not only enhance the therapy outcome but also avoid inefficient therapeutics of transplantation. In this study, we explored the curative effects of two different transplantation methods using a rat model of HD. Whole ganglionic eminence (WGE) cells or phosphate-buffered saline were transplanted into unilateral striatum of quinolinic acid (QA)-lesioned rats using microtransplantation instruments (with an outer diameter of 50 μm) or traditional transplantation instruments (with an outer diameter of 470 μm). Apomorphine-induced rotation test and adjusting step test were assessed after QA-induced lesion and 2, 4, 6, 8, 10, and 12 weeks after transplantation. The expression of neuronal nuclei (NeuN), dopamine, cAMP-regulated phosphoprotein of molecular weight 32 kDa (DARPP-32), and glial fibrillary acidic protein (GFAP) was analyzed at 12 weeks after transplantation. We observed that microtransplanted rats performed better in the stepping test and had higher numbers of DARPP-32-positive cells compared with traditionally transplanted rats. Moreover, microtransplantation group showed lower GFAP expression surrounding the grafts in unilateral striatum and a higher survival rate posttransplantation compared with the traditional transplantation group. We conclude that microtransplantation is capable of enhancing therapeutic efficacy in the rat model of HD. This finding establishes the basis of an alternative transplantation strategy for treatment of HD.",Huntington's disease| microtransplantation| whole ganglionic eminence (WGE),Animal-non-drug-intervention,10,1,2
1459,25579380,Molecular neurobiology,Bee Venom Acupuncture Alleviates Experimental Autoimmune Encephalomyelitis by Upregulating Regulatory T Cells and Suppressing Th1 and Th17 Responses.,"The protective and therapeutic mechanism of bee venom acupuncture (BVA) in neurodegenerative disorders is not clear. We investigated whether treatment with BVA (0.25 and 0.8 mg/kg) at the Zusanli (ST36) acupoints, located lateral from the anterior border of the tibia, has a beneficial effect in a myelin basic protein (MBP)(68-82)-induced acute experimental autoimmune encephalomyelitis (EAE) rat model. Pretreatment (every 3 days from 1 h before immunization) with BVA was more effective than posttreatment (daily after immunization) with BVA with respect to clinical signs (neurological impairment and loss of body weight) of acute EAE rats. Treatment with BVA at the ST36 acupoint in normal rats did not induce the clinical signs. Pretreatment with BVA suppressed demyelination, glial activation, expression of cytokines [interferon (IFN)-γ, IL-17, IL-17A, tumor necrosis factor-alpha (TNF-α), and IL-1β], chemokines [RANTES, monocyte chemotactic protein-1 (MCP-1), and macrophage inflammatory protein (MIP)-1α], and inducible nitric oxide synthase (iNOS), and activation of p38 mitogen-activated protein kinase (MAPK) and nuclear factor (NF)-κB (p65 and phospho-IκBα) signaling pathways in the spinal cord of acute EAE rats. Pretreatment with BVA decreased the number of CD4(+), CD4(+)/IFN-γ(+), and CD4(+)/IL-17(+) T cells, but increased the number of CD4(+)/Foxp3(+) T cells in the spinal cord and lymph nodes of acute EAE rats. Treatment with BVA at six placebo acupoints (SP9, GB39, and four non-acupoints) did not have a positive effect in acute EAE rats. Interestingly, onset and posttreatment with BVA at the ST36 acupoint markedly attenuated neurological impairment in myelin oligodendrocyte glycoprotein (MOG)(35-55)-induced chronic EAE mice compared to treatment with BVA at six placebo acupoints. Our findings strongly suggest that treatment with BVA with ST36 acupoint could delay or attenuate the development and progression of EAE by upregulating regulatory T cells and suppressing T-helper (Th) 17 and Th1 responses. These results warrant further investigation of BVA as a treatment for autoimmune disorders of the central nervous system.",Bee venom acupuncture| Experimental autoimmune encephalomyelitis| Immune cell,Animal-non-drug-intervention,10,1,2
1460,32710291,Neurotherapeutics : the journal of the American Society for Experimental NeuroTherapeutics,Reperfusion plus Selective Intra-arterial Cooling (SI-AC) Improve Recovery in a Nonhuman Primate Model of Stroke,"Early reperfusion is increasingly prioritized in ischemic stroke care, but outcomes remain suboptimal. Therefore, there is an urgent need to find neuroprotective approaches that can be combined with reperfusion to maximize efficacy. Here, the neuroprotective mechanisms behind therapeutic hypothermia were evaluated in a monkey model of ischemic stroke. Focal ischemia was induced in adult rhesus monkeys by placing autologous clots in the middle cerebral artery. Monkeys were treated with tissue plasminogen activator (t-PA) alone or t-PA plus selective intra-arterial cooling (SI-AC). Serial MRI scans and functional deficit were evaluated after ischemia. Histopathology and immunohistochemistry analysis were performed after the final MRI scan. t-PA plus SI-AC treatment led to a higher rate of MRI tissue rescue, and significantly improved neurologic deficits and daily activity scores compared with t-PA alone. In peri-infarct areas, higher fractional anisotropy values and greater fiber numbers were observed in models receiving t-PA plus SI-AC. Histological findings indicated that myelin damage, spheroids, and spongiosis were significantly ameliorated in models receiving SI-AC treatment. White matter integrity was also improved by SI-AC based on immunochemical staining. Our study demonstrates that SI-AC can be effectively combined with t-PA to improve both structural and functional recovery in a monkey model of focal ischemia. These findings provide proof-of-concept that it may be feasible to add neuroprotective agents as adjunctive treatments to reperfusion therapy for stroke.",Stroke| diffusion tensor imaging| hypothermia| recovery| rhesus monkey| white matter,Animal-non-drug-intervention,10,1,2
1461,34889516,CNS neuroscience & therapeutics,Ketogenic diet ameliorates cognitive impairment and neuroinflammation in a mouse model of Alzheimer's disease,"INTRODUCTION: Alzheimer's disease (AD) is the most common neurodegenerative disorder that causes dementia and affects millions of people worldwide. Although it has devastating outcomes for patients and tremendous economic costs to society, there is currently no effective treatment available. AIMS: The high-fat, low-carbohydrate ketogenic diet (KD) is an established treatment for refractory epilepsy with a proven efficacy. Although the considerable interest has emerged in recent years for applying KD in AD patients, only few interventional studies in animals and humans have addressed the effects of KD on cognitive impairments, and the results were inconclusive. The aim of this study was to explore the impact of KD on cognitive functions and AD pathology in 5XFAD mice-a validated animal model of AD. RESULTS: Four months of a ketogenic diet improved spatial learning, spatial memory and working memory in 5XFAD mice. The improvement in cognitive functions was associated with a restored number of neurons and synapses in both the hippocampus and the cortex. Ketogenic diet treatment also reduced amyloid plaque deposition and microglial activation, resulting in reduced neuroinflammation. The positive effect of ketogenic diet on cognitive functions depended on the starting time and the duration of the diet. A shorter period (2 months) of ketogenic diet treatment had a weaker effect. Ketogenic diet initiated at late stage of AD (9 months of age) displayed no effect on cognitive improvement. CONCLUSIONS: These findings indicate positive effects of ketogenic diet on both cognitive function and histopathology in Alzheimer's disease, which could be due to reduced microglial activation and neuroinflammation. Our findings provide new insights and therapeutic interventions for the treatment of Alzheimer's disease.",Alzheimer's disease| cognitive impairment| ketogenic diet| microglial activation| neuroinflammation,Animal-non-drug-intervention,10,1,2
1462,29969470,PloS one,The duration of hypothermia affects short-term neuroprotection in a mouse model of neonatal hypoxic ischaemic injury,"Neonatal hypoxic-ischaemic encephalopathy (HIE) is major cause of neonatal mortality and morbidity. Therapeutic hypothermia is standard clinical care for moderate hypoxic-ischaemic (HI) brain injury, however it reduces the risk of death and disability only by 11% and 40% of the treated infants still develop disabilities. Thus it is necessary to develop supplementary therapies to complement therapeutic hypothermia in the treatment of neonatal HIE. The modified Rice-Vannucci model of HI in the neonatal mouse is well developed and widely applied with different periods of hypothermia used as neuroprotective strategy in combination with other agents. However, different studies use different periods, time of initiation and duration of hypothermia following HI, with subsequent varying degrees of neuroprotection. So far most rodent data is obtained using exposure to 5-6h of therapeutic hypothermia. Our aim was to compare the effect of exposure to three different short periods of hypothermia (1h, 1.5h and 2h) following HI insult in the postnatal day 7 C57/Bl6 mouse, and to determine the shortest period providing neuroprotection. Our data suggests that 1h and 1.5h of hypothermia delayed by 20min following a 60min exposure to 8%O2 do not prove neuroprotective. However, 2h of hypothermia significantly reduced tissue loss, TUNEL+ cell death and microglia and astroglia activation. We also observed improved functional outcome 7 days after HI. We suggest that the minimal period of cooling necessary to provide moderate short term neuroprotection and appropriate for the development and testing of combined treatment is 2h.",,Animal-non-drug-intervention,10,1,2
1463,29436695,Molecular medicine reports,Inhibition of mammalian target of rapamycin complex 1 signaling by n-3 polyunsaturated fatty acids promotes locomotor recovery after spinal cord injury.,"The present study aimed to explore the effects of n‑3 polyunsaturated fatty acids (PUFAs) on autophagy and their potential for promoting locomotor recovery after spinal cord injury (SCI). Primary neurons were isolated and cultured. Sprague‑Dawley rats were randomly divided into three groups and fed diets with different amounts of n‑3 PUFAs. A model of spinal cord contusion was created at the T10 spinal segment and the composition of PUFAs was analyzed using gas chromatography. Spinal repair and motor function were evaluated postoperatively. Assessment of the effects of n‑3 PUFAs on autophagy and mammalian target of rapamycin complex 1 (mTORC1) was performed using immunofluorescence staining and western blotting. In vitro, n‑3 PUFAs inhibited mTORC1 and enhanced autophagy. The n‑3 PUFA levels and the ratio of n‑3 PUFA to n‑6 PUFA in the spinal cord and serum of rats fed a high‑n‑3 PUFA diet were higher before and after operation (P<0.05). Additionally, rats in the high‑n‑3 PUFA group showed improved motor function recovery, spinal cord repair‑related protein expression level (MBP, Galc and GFAP). Expression levels if these protiens in the high‑n‑3 PUFA diet group expressed the highest levels, followed by the low‑n‑3 PUFA diet group and finally the control group (P<0.05). high‑n‑3 PUFA diet promoted autophagy ability and inhibited activity of the mTORC1 signaling pathway compared with the low‑n‑3 PUFA diet group or the control group (P<0.05). These results suggest that exogenous dietary n‑3 PUFAs can inhibit mTORC1 signaling and enhance autophagy, promoting functional recovery of rats with SCI.",polyunsaturated fatty acids| spinal cord injury| mammalian target of rapamycin| autophagy| locomotor recovery,Animal-non-drug-intervention,10,1,2
1464,7200181,Life sciences,Differential effect of environmental temperature on morphine physical dependence and abstinence.,"1) Ambient temperature (Ta) significantly influenced the display of 4 of the 14 naloxone-precipitated withdrawal signs (nesting, flat posture, vocalization, dyspnea) in morphine-dependent, non-hibernating ground squirrels (Citellus lateralis). 2) Analysis of variance performed on the six quantified signs revealed that Ta during withdrawal, but not during the development of physical dependence, was a significant factor in determining the expression of two signs (nesting and vocalization). 3) The interaction between the influence of Ta during the periods of morphine administration and abstinence was a significant factor in determining the expression of nesting behavior, a finding that is consistent with the natural role of nesting as a behavioral thermoregulatory response. 4) We conclude that environmental temperature modulates the expression of selected components of the naloxone-precipitated abstinence syndrome in C. lateralis without exerting a measurable influence on the development of morphine physical dependence itself.",,Animal-non-drug-intervention,10,1,2
1465,412203,Psychopharmacology,Effects of methadone and morphine maintenance on drug-seeking behavior in the dog,"The effects of methadone and morphine maintenance on morphine self-administration were studied in the dog. Methadone was given passively for 2 weeks by continuous i.v. infusion. The amount of methadone administered daily was the same in mg/kg as the mean daily mg/kg of morphine the dogs had self-administered during the premaintenance control week. Morphine self-administration was markedly reduced initially but returned to normal levels within 2 weeks of methadone administration. Following the methadone maintenance period, morphine self-administration was increased over the premaintenance period for 2 weeks. A result similar to that with methadone was obtained in a second experiment when morphine was used as the maintenance drug in an amount that was three times the amount the dogs had been self-administering during the premaintenance control week.",,Animal-non-drug-intervention,10,1,2
1466,8467289,Bone marrow transplantation,Treatment of experimental allergic encephalomyelitis in rats with total body irradiation and syngeneic BMT,"Experimental allergic encephalomyelitis (EAE) was induced in Buffalo rats by immunization with syngeneic spinal cord homogenate in complete adjuvant. EAE, an autoimmune disease of the central nervous system (CNS), is regarded as a model for multiple sclerosis. When severe paresis had developed, rats were treated with high-dose total body irradiation (TBI) and transplanted with syngeneic BM from healthy donors. Nine Gy TBI followed by syngeneic BMT greatly accelerated recovery of paresis compared with untreated controls. In 6-33% of the treated animals a relapse of EAE was observed shortly after treatment. Reimmunization 20 days after treatment, resulted in a relapse in 12-44% of the rats. Employing the maximally tolerated dose of TBI (10 Gy) did not significantly alter the incidence of spontaneous or induced relapses. Furthermore, it was shown that irradiation of the CNS only was not sufficient for the induction of complete regression of paresis. The origin of the cells responsible for these relapses is discussed, as is the importance of reimmunization in evaluating the effect of treatment of experimental autoimmune disease.",,Animal-non-drug-intervention,10,1,2
1467,17524565,Neuroscience,Functional recovery in rats with ischemic paraplegia after spinal grafting of human spinal stem cells.,"Transient spinal cord ischemia in humans can lead to the development of permanent paraplegia with prominent spasticity and rigidity. Histopathological analyses of spinal cords in animals with ischemic spastic paraplegia show a selective loss of small inhibitory interneurons in previously ischemic segments but with a continuing presence of ventral alpha-motoneurons and descending cortico-spinal and rubro-spinal projections. The aim of the present study was to examine the effect of human spinal stem cells (hSSCs) implanted spinally in rats with fully developed ischemic paraplegia on the recovery of motor function and corresponding changes in motor evoked potentials. In addition the optimal time frame for cell grafting after ischemia and the optimal dosing of grafted cells were also studied. Spinal cord ischemia was induced for 10 min using aortic occlusion and systemic hypotension. In the functional recovery study, hSSCs (10,000-30,000 cells/0.5 mul/injection) were grafted into spinal central gray matter of L2-L5 segments at 21 days after ischemia. Animals were immunosuppressed with Prograf (1 mg/kg or 3 mg/kg) for the duration of the study. After cell grafting the recovery of motor function was assessed periodically using the Basso, Beattie and Bresnahan (BBB) scoring system and correlated with the recovery of motor evoked potentials. At predetermined times after grafting (2-12 weeks), animals were perfusion-fixed and the survival, and maturation of implanted cells were analyzed using antibodies recognizing human-specific antigens: nuclear protein (hNUMA), neural cell adhesion molecule (hMOC), neuron-specific enolase (hNSE) and synapthophysin (hSYN) as well as the non-human specific antibodies TUJ1, GFAP, GABA, GAD65 and GLYT2. After cell grafting a time-dependent improvement in motor function and suppression of spasticity and rigidity was seen and this improvement correlated with the recovery of motor evoked potentials. Immunohistochemical analysis of grafted lumbar segments at 8 and 12 weeks after grafting revealed intense hNSE immunoreactivity, an extensive axo-dendritic outgrowth as well as rostrocaudal and dorsoventral migration of implanted hNUMA-positive cells. An intense hSYN immunoreactivity was identified within the grafts and in the vicinity of persisting alpha-motoneurons. On average, 64% of hSYN terminals were GAD65 immunoreactive which corresponded to GABA immunoreactivity identified in 40-45% of hNUMA-positive grafted cells. The most robust survival of grafted cells was seen when cells were grafted 21 days after ischemia. As defined by cell survival and laminar distribution, the optimal dose of injected cells was 10,000-30,000 cells per injection. These data indicate that spinal grafting of hSSCs can represent an effective therapy for patients with spinal ischemic paraplegia.",,Animal-non-drug-intervention,10,1,2
1468,3104080,Farmakologiia i toksikologiia,[Method of perfusing the lateral cerebral ventricles of unanesthetized rats].,A new technique permitting perfusion of the cerebral lateral ventricle and EEG recording simultaneously in intact rats and rats with an epileptogenic focus in the hippocampus is proposed.,,Animal-non-drug-intervention,10,1,2
1469,27396907,Brain research,Effects of a higher dose of near-infrared light on clinical signs and neuroprotection in a monkey model of Parkinson's disease,"We have reported previously that intracranial application of near-infrared light (NIr) - when delivered at the lower doses of 25J and 35J - reduces clinical signs and offers neuroprotection in a subacute MPTP (1-methyl-4-phenyl-1,2,3,6-tetrahydropyridine) monkey model of Parkinson's disease. In this study, we explored whether a higher NIr dose (125J) generated beneficial effects in the same MPTP monkey model (n=15). We implanted an NIr (670nm) optical fibre device within a midline region of the midbrain in macaque monkeys, close to the substantia nigra of both sides. MPTP injections (1.8-2.1mg/kg) were made over a five day period, during which time the NIr device was turned on and left on continuously throughout the ensuing three week survival period. Monkeys were evaluated clinically and their brains processed for immunohistochemistry and stereology. Our results showed that the higher NIr dose did not have any toxic impact on cells at the midbrain implant site. Further, this NIr dose resulted in a higher number of nigral tyrosine hydroxylase immunoreactive cells when compared to the MPTP group. However, the higher NIr dose monkeys showed little evidence for an increase in mean clinical score, number of nigral Nissl-stained cells and density of striatal tyrosine hydroxylase terminations. In summary, the higher NIr dose of 125J was not as beneficial to MPTP-treated monkeys as compared to the lower doses of 25J and 35J, boding well for strategies of NIr dose delivery and device energy consumption in a future clinical trial.",670nm| Behaviour| MPTP| Macaque monkeys| Substantia nigra| Tyrosine hydroxylase,Animal-non-drug-intervention,10,1,2
1470,36206819,Behavioural brain research,Effects of transcranial direct current stimulation on improving performance of delayed- reinforcement attentional set-shifting tasks in attention-deficit/hyperactivity disorder rat model,"Behavioral flexibility (or set-shifting), which is regulated by the prefrontal cortex (PFC), is often impaired in patients with attention-deficit/hyperactivity disorder (ADHD), which is characterized by poor inhibitory control and reinforcement learning. Transcranial direct current stimulation (tDCS) has been proposed as a means of noninvasive brain stimulation and a potential therapeutic tool for modulating behavioral flexibility. Animal studies can pave the way to know if tDCS application can potentially benefit rule- and goal-based activities in ADHD. Spontaneously hypertensive rats (SHRs) and inbred Wistar-Kyoto (WKY) rats were used as an animal model of ADHD and controls, respectively, and their strategy set-shifting abilities, including initial discrimination, set-shifting, and reversal learning tasks under 0-s or 15-s reinforcer delivery delay conditions, were evaluated. The tDCS treatment had a limited effect on the performance of the SHRs and WKY rats in initial discrimination task under 0-s delay condition. Under the 15-s delay condition, the SHRs had longer lever-press reaction times and/or more trial omissions than the WKY rats did when completing set-shifting and reversal-learning tasks. Among the SHRs, tDCS treatment improved the rats' reaction times and/or reduced their trial omissions in the set-shifting and reversal-learning tasks. Although tDCS may improve delayed reinforcement learning set-shifting performance in SHRs, further studies are required to clarify the responsible mechanism.",Attention-deficit/hyperactivity disorder (ADHD)| Reinforcement learning| Set-shifting| Transcranial direct current stimulation (tDCS),Animal-non-drug-intervention,10,1,2
1471,27081159,Physiological reports,Monitoring of cerebral blood flow during hypoxia-ischemia and resuscitation in the neonatal rat using laser speckle imaging.,"Neonatal hypoxic-ischemic encephalopathy (HIE) is associated with alterations in cerebral blood flow (CBF) as a result of perinatal asphyxia. The extent to whichCBFchanges contribute to injury, and whether treatments that ameliorate these changes might be neuroprotective, is still unknown. Higher throughput techniques to monitorCBFchanges in rodent models ofHIEcan help elucidate the underlying pathophysiology. We developed a laser speckle imaging (LSI) technique to continuously monitorCBFin six postnatal-day 10 (P10) rats simultaneously before, during, and after unilateral hypoxia-ischemia (HI, ligation of the left carotid artery followed by hypoxia in 8% oxygen). After ligation,CBFto the ligated side fell by 30% compared to the unligated side (P < 0.0001). Hypoxia induced a bilateral 55% reduction inCBF, which was partially restored by resuscitation. Compared to resuscitation in air, resuscitation in 100% oxygen increasedCBFto the ligated side by 45% (P = 0.033). Individual variability inCBFresponse to hypoxia between animals accounted for up to 24% of the variability in hemispheric area loss to the ligated side. In both P10 and P7 models of unilateralHI, resuscitation in 100% oxygen did not affect hemispheric area loss, or hippocampalCA1 pyramidal neuron counts, after 1-week survival. ContinuousCBFmonitoring usingLSIin multiple rodents simultaneously can screen potential treatment modalities that affectCBF, and provide insight into the pathophysiology ofHI.",Cerebral blood flow| hypoxia‐ischemia| neonatal| oxygen| resuscitation,Animal-non-drug-intervention,10,1,2
1472,21232055,Developmental medicine and child neurology,Effects of constraint-induced movement therapy on neurogenesis and functional recovery after early hypoxic-ischemic injury in mice,"AIM: Constraint-induced movement therapy (CIMT) has emerged as a promising therapeutic strategy for improving affected upper limb function in children with hemiplegic cerebral palsy (CP). However, little is known about the changes in the brain that are induced by CIMT. This study was designed to investigate these changes and behavioural performance after CIMT intervention in mice with neonatal hypoxic-ischemic brain injury. METHOD: We utilized the neonatal hypoxic-ischemic brain injury model established in mice pups. Three weeks after the injury, the mice were randomly assigned to the following three groups: the control group (n = 15), the enriched-environment group (n = 17), and the CIMT with an enriched-environment group (CIMT-EE, n = 15). 5-bromo-2-deoxyuridine (BrdU) was injected daily to label proliferating cells during the 2 weeks of intervention. RESULTS: The CIMT-EE group showed better fall rate in the horizontal ladder rung walking test (mean 5.4%, SD 3.6%) than either the control (mean 14.3%, SD 7.3%; p = 0.001) or enriched-environment (mean 12.4%, SD 7.7%; p = 0.010) groups 2 weeks after the end of intervention. The CIMT-EE group also showed more neurogenesis (mean 7069 cells/mm³, SD 4017 cells/mm³) than either the control group (mean 1555 cells/mm³, SD 1422 cells/mm³; p < 0.001) or enriched-environment group (mean 2994 cells/mm³, SD 3498 cells/mm³; p = 0.001) in the subventricular zone. In the striatum, neurogenesis in the CIMT-EE group (mean 534 cells/mm³, SD 441 cells/mm³) was greater than in the control group (mean 95 cells/mm³, SD 133 cells/mm³; p = 0.001). INTERPRETATION: There was CIMT-EE enhanced neurogenesis in the brain along with functional benefits in mice after early hypoxic-ischemic brain injury. This is the first study to demonstrate the effects of CIMT on neurogenesis and functional recovery after experimental injury to an immature brain.",,Animal-non-drug-intervention,10,1,2
