,precision,recall,f1-score,Prompt ID
0,0.5993179880647912,0.1956521739130435,0.11700488679893714,P1
1,0.10208305290079418,0.17391304347826086,0.10128582325378663,P2
2,0.07443289224952741,0.15217391304347827,0.07458937198067632,P3
3,0.5434782608695652,0.10869565217391304,0.18115942028985507,P4
