,precision,recall,f1-score,Prompt ID
0,0.5440112351988026,0.47191011235955055,0.4280800673841133,P1
1,0.6250765251936539,0.5561797752808989,0.5335843272247369,P4_1
2,0.6864432518430299,0.5917602996254682,0.587736882796439,P5
