,precision,recall,f1-score,support,Prompt ID
0 - OTHER,1.0,0.9715536105032823,0.9855715871254161,457.0,P3
1 - ANIMAL,0.8555555555555555,1.0,0.9221556886227544,77.0,P3
accuracy,0.9756554307116105,0.9756554307116105,0.9756554307116105,0.9756554307116105,P3
macro avg,0.9277777777777778,0.9857768052516411,0.9538636378740852,534.0,P3
weighted avg,0.9791718684977111,0.9756554307116105,0.9764273470791522,534.0,P3
