,precision,recall,f1-score,Prompt ID
0,0.6944615384615385,0.52,0.539144385026738,P11_3
1,0.5701558441558441,0.54,0.5179754224270353,P11_4
