,precision,recall,f1-score,Prompt ID
0,0.5720039752318503,0.4419475655430712,0.41675615252468334,P11
1,0.5767407787860738,0.45131086142322097,0.4277581068960133,P11_1
2,0.5791243116469634,0.46254681647940077,0.44266741612542376,P11_2
3,0.6363850965125042,0.5037453183520599,0.48842368418451587,P11_3
