,precision,recall,f1-score,Prompt ID
0,0.6035445216882904,0.506519558676028,0.5119810541126253,P6
