,precision,recall,f1-score,Prompt ID
0,0.6541286100942003,0.22524752475247525,0.1707636309038281,P2
