,precision,recall,f1-score,Prompt ID
0,0.47480255815222056,0.2871287128712871,0.25218788561980554,P10
1,0.6123688340565383,0.3886138613861386,0.3812574299872013,P11
