,precision,recall,f1-score,Prompt ID
0,0.5412222222222222,0.38,0.357974025974026,P3_4
