,precision,recall,f1-score,Prompt ID
0,0.4405805686155564,0.27902621722846443,0.20269979850589945,P2
1,0.5721407855922328,0.45318352059925093,0.43035368237814486,P3_1
2,0.5448146465093049,0.45131086142322097,0.4266338923161242,P3_2
