,precision,recall,f1-score,Prompt ID
0,0.9176416077840843,0.9213483146067416,0.9137781594662723,P1
