,precision,recall,f1-score,Prompt ID
0,0.48597420442213435,0.28671679197994987,0.25912464187595274,P3_3
