,precision,recall,f1-score,Prompt ID
0,0.5936650534426564,0.42506265664160403,0.40595713416253804,P1
1,0.5463710902571828,0.36791979949874687,0.33070487768449097,P2
