,precision,recall,f1-score,Prompt ID
0,0.528612826514011,0.3118811881188119,0.2901044762743566,P12
