,precision,recall,f1-score,Prompt ID
0,0.4518787878787879,0.4,0.3867777777777778,P4_1
