,precision,recall,f1-score,Prompt ID
0,0.6541777099707141,0.22524752475247525,0.17084346150329602,P2
