,precision,recall,f1-score,Prompt ID
0,0.5853073069193557,0.3213032581453634,0.313641836922919,P11_2
