,precision,recall,f1-score,Prompt ID
0,0.516442393400847,0.31528822055137845,0.30435464916664157,P3_4
