,precision,recall,f1-score,Prompt ID
0,0.7045737122633575,0.5371287128712872,0.5734835588277685,P6
1,0.5866883222082977,0.3886138613861386,0.3495861717362529,P7
