,precision,recall,f1-score,Prompt ID
0,0.4428179083638082,0.31273408239700373,0.2647533750611536,P1_HIERARCHY
1,0.5866006229419956,0.5037453183520599,0.49911390422610485,P2_HIERARCHY
