,precision,recall,f1-score,Prompt ID
0,0.42036153176989055,0.27153558052434457,0.19222712404967643,P2
1,0.55821894207976,0.4419475655430712,0.4112482052647609,P3_1
