,precision,recall,f1-score,Prompt ID
0,0.6047428742673092,0.4183168316831683,0.4134308481171819,P5
1,0.5587107897094765,0.48514851485148514,0.4776200936470271,P6
2,0.6022700550493179,0.23514851485148514,0.19111233581796871,P7
