,precision,recall,f1-score,Prompt ID
0,0.5412690713232663,0.449438202247191,0.42219979540076297,P11
1,0.5790538213889459,0.46441947565543074,0.44628349468776823,P11_1
2,0.5824756600439908,0.4606741573033708,0.4417653183075412,P11_2
