,precision,recall,f1-score,Prompt ID
0,0.5537536969985186,0.27722772277227725,0.2497115672379635,P12
