,precision,recall,f1-score,Prompt ID
0,0.6928166524550248,0.5371287128712872,0.5569750015119135,P4_1
