,precision,recall,f1-score,Prompt ID
0,0.5799155299325315,0.3017543859649123,0.27339845815653324,P3_1
