,precision,recall,f1-score,Prompt ID
0,0.5500590021412318,0.3292079207920792,0.3082965621316395,P9
1,0.5645688971339281,0.34405940594059403,0.325963198205235,P9_1
