,precision,recall,f1-score,Prompt ID
0,0.5833333333333333,0.34,0.3466301524562394,P7
1,0.41600000000000004,0.28,0.30499999999999994,P8
2,0.5818681318681318,0.4,0.39490909090909093,P9
