,precision,recall,f1-score,Prompt ID
0,0.5362675984431533,0.4306930693069307,0.42550692782998994,P11_4
1,0.6119587669233516,0.3564356435643564,0.3451783562799746,P11_5
