,precision,recall,f1-score,Prompt ID
0,0.5354859413300734,0.4306930693069307,0.42490807762238864,P11_4
1,0.59537460850751,0.36386138613861385,0.3561533669900293,P11_5
