,precision,recall,f1-score,Prompt ID
0,0.7092758373386162,0.602996254681648,0.5999499370859538,P6
1,0.5719006544774832,0.45880149812734083,0.4015093611324541,P7
2,0.6815909674517854,0.5880149812734082,0.5817090132641887,P11_3
3,0.7031588712774783,0.601123595505618,0.5957529012515325,P11_4
