,precision,recall,f1-score,Prompt ID
0,0.5470583677409901,0.34536340852130326,0.33741680955684034,P11_5
