,precision,recall,f1-score,Prompt ID
0,0.5121238080522326,0.27669172932330827,0.24118173727248238,P10
1,0.49125333689629025,0.3047619047619048,0.2823145876423564,P11
