,precision,recall,f1-score,Prompt ID
0,0.6911366665256524,0.5321782178217822,0.5554906371759017,P5
