,precision,recall,f1-score,Prompt ID
0,0.6555555555555556,0.38,0.4045454545454546,P10
1,0.6013333333333334,0.46,0.4454358974358974,P11
2,0.5495238095238095,0.36,0.3237470355731225,P11_1
3,0.47060606060606064,0.42,0.3886153846153846,P11_2
