,precision,recall,f1-score,Prompt ID
0,0.55299197003849,0.36892230576441104,0.3674237666080129,P4_1
