,precision,recall,f1-score,Prompt ID
0,0.5380212653248129,0.44756554307116103,0.4192283529108223,P3_2
1,0.5441745637229175,0.4157303370786517,0.3848821156738848,P3_3
2,0.5866233496008776,0.45880149812734083,0.44216761859994574,P3_4
