,precision,recall,f1-score,Prompt ID
0,0.5870442871676262,0.41336633663366334,0.3985240388154596,P1
