,precision,recall,f1-score,Prompt ID
0,0.6031108429323075,0.4183168316831683,0.412516910569581,P5
1,0.557740104405652,0.48514851485148514,0.4769372667436471,P6
2,0.6021527310294054,0.23514851485148514,0.19093882934669829,P7
