,precision,recall,f1-score,Prompt ID
0,0.46459930612228034,0.3094059405940594,0.2862898812953576,P11_1
1,0.4801730813424224,0.30198019801980197,0.2783990294468166,P11_2
2,0.6030961528797921,0.4183168316831683,0.4163437952465022,P11_3
