,precision,recall,f1-score,Prompt ID
0,0.6253408627359174,0.5074906367041199,0.48840348404887535,P5
1,0.5732046416202503,0.5262172284644194,0.5182981669377026,P6
2,0.44090745588586217,0.29775280898876405,0.2245002368830147,P7
