,precision,recall,f1-score,Prompt ID
0,0.5919352055430661,0.45880149812734083,0.4218634989488483,P12_1
1,0.6001075460402744,0.45318352059925093,0.43686388893706685,P12_2
