,precision,recall,f1-score,Prompt ID
0,0.5620549445432654,0.37623762376237624,0.3652357787079642,P11_1
1,0.586319946028891,0.36633663366336633,0.3581373604227714,P11_2
2,0.6014641215447906,0.4183168316831683,0.41542985769890134,P11_3
