,precision,recall,f1-score,Prompt ID
0,0.4748989963674707,0.2871287128712871,0.2523182761830059,P10
1,0.49991251489521044,0.3292079207920792,0.3039568427856239,P11
