,precision,recall,f1-score,Prompt ID
0,0.4844290467547106,0.3157894736842105,0.2965775022811217,P11_1
