,precision,recall,f1-score,Prompt ID
0,0.6678579637939942,0.5692883895131086,0.5629322698709744,P12_2
