,precision,recall,f1-score,Prompt ID
0,0.43840592506881876,0.27722772277227725,0.2378485917447641,P9
1,0.5286556391783226,0.2896039603960396,0.26192675875135135,P9_1
