,precision,recall,f1-score,Prompt ID
0,0.5900995539680589,0.3688118811881188,0.35915007288124157,P3_1
