,precision,recall,f1-score,Prompt ID
0,0.4636459173573005,0.3146067415730337,0.2615086103176244,P1_HIERARCHY
1,0.5593744739567699,0.4850187265917603,0.47755268490324915,P2_HIERARCHY
