,precision,recall,f1-score,Prompt ID
0,0.4696342528465704,0.25742574257425743,0.2099332207791827,P1
