,precision,recall,f1-score,Prompt ID
0,0.9791718684977111,0.9756554307116105,0.9764273470791522,P3
