prediction,true_label,probs
0,0,"[9.8369712e-01 3.2526476e-03 4.0259026e-03 3.1015896e-03 5.9333234e-04
 9.3051995e-04 2.8767984e-04 5.0015701e-04 1.4869354e-03 2.7149584e-04
 2.5505159e-04 1.6322320e-04 3.7694848e-04 1.0576587e-03]"
5,2,"[0.00214648 0.00742981 0.00323394 0.00240433 0.00302309 0.5250578
 0.12994373 0.00385885 0.01091779 0.00211691 0.30043745 0.00289503
 0.00278142 0.00375348]"
0,3,"[9.8142403e-01 5.7433657e-03 2.6888389e-03 2.2255741e-03 6.4807222e-04
 1.4957550e-03 4.4315710e-04 5.7184813e-04 2.4073317e-03 2.9306472e-04
 2.6475335e-04 1.9744477e-04 4.1302451e-04 1.1836048e-03]"
6,0,"[0.00103067 0.0026576  0.00114512 0.0046269  0.00162171 0.05623576
 0.8937836  0.00240636 0.00535544 0.00226556 0.02262563 0.00326912
 0.00147716 0.00149942]"
3,4,"[4.6565649e-03 1.2746570e-03 1.0614725e-02 9.6689242e-01 3.9020909e-03
 8.6162641e-04 2.2609343e-03 8.6785521e-04 8.6692336e-04 1.0416462e-03
 1.1072173e-03 3.9085825e-03 8.4708544e-04 8.9775224e-04]"
11,0,"[0.00185324 0.00323155 0.00406196 0.02601772 0.00359526 0.00462639
 0.00752561 0.00505593 0.00482437 0.01923544 0.00260815 0.88869584
 0.00633515 0.02233335]"
6,0,"[5.6335388e-04 1.6280646e-03 9.4975356e-04 3.8508498e-03 1.7189174e-03
 1.2484990e-02 9.4835436e-01 2.5491354e-03 3.3828903e-03 2.6671397e-03
 1.3873025e-02 4.7396375e-03 2.1241277e-03 1.1138446e-03]"
5,5,"[0.00213297 0.00331365 0.00129234 0.00176553 0.00169882 0.8112732
 0.14262764 0.00178133 0.01001428 0.00165373 0.01544501 0.00261589
 0.00169995 0.00268571]"
3,1,"[0.00280647 0.00127074 0.00694637 0.94227225 0.00327333 0.00113799
 0.00319362 0.00125575 0.00109516 0.00225965 0.00131154 0.03036184
 0.00134165 0.00147361]"
10,0,"[0.0009736  0.00577907 0.01027032 0.00197802 0.00469857 0.03679705
 0.02114737 0.00396999 0.00393619 0.00235308 0.898145   0.00232154
 0.00533108 0.00229908]"
6,3,"[6.8030803e-04 1.6987673e-03 9.1591169e-04 4.3816301e-03 1.2973521e-03
 1.6592510e-02 9.4268119e-01 2.2693041e-03 4.0461705e-03 2.2269087e-03
 1.6647842e-02 3.6929231e-03 1.6856752e-03 1.1833616e-03]"
0,0,"[9.6871513e-01 6.3505867e-03 2.7183224e-03 2.6454874e-03 9.9399721e-04
 5.2607534e-03 7.9444284e-04 8.4468297e-04 7.2431937e-03 4.2663235e-04
 4.0520195e-04 3.6062323e-04 6.5648352e-04 2.5843449e-03]"
1,0,"[1.0187005e-02 9.6241063e-01 4.0958128e-03 1.4645900e-03 5.6443815e-03
 1.9247503e-03 1.2960323e-03 6.0634976e-03 1.3773830e-03 9.0698927e-04
 1.9618790e-03 9.0915605e-04 1.0734525e-03 6.8430469e-04]"
0,2,"[9.3770218e-01 3.9987389e-02 3.4627763e-03 2.4553612e-03 1.6901189e-03
 4.7845021e-03 7.8117178e-04 1.0042619e-03 4.3240599e-03 4.8519394e-04
 5.5528909e-04 3.2775418e-04 6.5792585e-04 1.7818250e-03]"
11,4,"[4.2236943e-04 1.8875088e-03 2.8160727e-03 1.0604189e-02 2.3829862e-03
 2.6046801e-03 5.2126646e-03 3.3219203e-03 3.2532956e-03 1.1502293e-02
 3.4185916e-03 9.4240445e-01 5.6461389e-03 4.5228871e-03]"
0,6,"[9.8483247e-01 2.7279926e-03 2.1114114e-03 2.4985957e-03 6.5898726e-04
 1.1764237e-03 2.9850064e-04 6.0631742e-04 1.9654485e-03 3.3405246e-04
 2.2031771e-04 2.0733877e-04 4.0596799e-04 1.9561714e-03]"
0,0,"[9.8316807e-01 3.5043785e-03 2.4039149e-03 1.5867209e-03 6.3501135e-04
 1.7120364e-03 3.1304994e-04 5.2728702e-04 2.3228859e-03 4.2609172e-04
 2.9639481e-04 2.1974830e-04 3.9494649e-04 2.4894844e-03]"
2,6,"[0.00804428 0.00403817 0.959901   0.00400255 0.00248929 0.00161274
 0.00106877 0.00114205 0.00274539 0.00405338 0.00534453 0.00180447
 0.00214101 0.00161251]"
5,6,"[0.00166745 0.00335036 0.00257337 0.00110228 0.00242076 0.8896693
 0.02097774 0.00258015 0.00520896 0.00194277 0.05820601 0.00273526
 0.00294964 0.004616  ]"
9,1,"[0.01580488 0.00537972 0.02236516 0.00814523 0.00435988 0.00550475
 0.0055667  0.01018171 0.00530483 0.60654026 0.00373799 0.02272023
 0.00835711 0.27603152]"
4,0,"[0.00289675 0.01734555 0.00413137 0.00420062 0.95593023 0.00141906
 0.00127315 0.00192892 0.00123834 0.00223124 0.00145069 0.00182638
 0.00282474 0.00130294]"
0,0,"[9.6876860e-01 4.0847613e-03 4.3301904e-03 2.5676114e-03 8.2448887e-04
 5.4598441e-03 5.4611330e-04 8.1305479e-04 6.9786361e-03 5.5066141e-04
 6.4867927e-04 3.6446581e-04 8.5009896e-04 3.2129751e-03]"
0,2,"[9.8373336e-01 3.3600931e-03 2.8361834e-03 2.0406807e-03 4.7944905e-04
 1.5614027e-03 3.2768757e-04 5.2430906e-04 2.4212429e-03 2.7982504e-04
 2.6305561e-04 1.8355330e-04 3.8368677e-04 1.6053829e-03]"
0,1,"[0.79462874 0.00534627 0.02107461 0.00860028 0.00347996 0.01810865
 0.00249375 0.00272332 0.08521859 0.00269    0.00473911 0.00208935
 0.00683667 0.04197076]"
1,0,"[1.3882190e-02 9.6909618e-01 2.7003866e-03 1.5996973e-03 2.4118409e-03
 2.0416572e-03 1.0352223e-03 2.6370739e-03 1.1288977e-03 5.2389962e-04
 1.0695041e-03 6.6255353e-04 6.5370894e-04 5.5702095e-04]"
2,1,"[0.20533133 0.0084986  0.7402912  0.01382889 0.00324749 0.00279366
 0.00126589 0.00167822 0.00572454 0.00326012 0.0046682  0.00139013
 0.00333082 0.00469091]"
8,9,"[0.04360279 0.00779263 0.00442926 0.0027951  0.00240551 0.02171582
 0.0046523  0.00373382 0.8913583  0.00228793 0.00497095 0.00255932
 0.00354076 0.00415542]"
2,8,"[0.18711947 0.0175448  0.71735835 0.03633584 0.00399346 0.00356313
 0.00202715 0.00225287 0.01093283 0.00337632 0.00661873 0.00187704
 0.00317825 0.00382169]"
0,10,"[9.5516318e-01 1.2833044e-02 1.6060270e-02 4.9278815e-03 9.5895177e-04
 1.5237844e-03 6.6477089e-04 9.3003182e-04 2.9018768e-03 5.3604407e-04
 8.2733727e-04 3.3845939e-04 7.0338626e-04 1.6311014e-03]"
8,0,"[0.02927813 0.00583208 0.00583454 0.00366285 0.00242264 0.01366971
 0.00409637 0.00385516 0.9135894  0.00232823 0.0062193  0.00259904
 0.00350343 0.00310907]"
1,7,"[2.4574665e-02 9.3931204e-01 3.9809933e-03 8.1610046e-03 1.0489817e-02
 2.5663693e-03 1.9286659e-03 2.4172694e-03 1.2924990e-03 8.8242127e-04
 1.3100208e-03 1.1882245e-03 1.0026658e-03 8.9327007e-04]"
5,0,"[1.8668593e-03 3.4059905e-03 1.3144382e-03 7.4978365e-04 1.3314387e-03
 9.4093734e-01 1.9195531e-02 1.3464397e-03 6.0599325e-03 1.0281999e-03
 1.7252343e-02 1.4460875e-03 1.5211439e-03 2.5445353e-03]"
11,3,"[4.0859301e-04 1.8520541e-03 2.4081038e-03 8.3335442e-03 2.6369307e-03
 3.3042533e-03 6.0163536e-03 3.6180390e-03 3.2105232e-03 1.1726807e-02
 3.3732243e-03 9.4241029e-01 5.5614538e-03 5.1397523e-03]"
0,1,"[9.6924949e-01 4.2566359e-03 5.8759814e-03 2.5011352e-03 1.1099514e-03
 4.2190417e-03 5.6841079e-04 7.6606515e-04 6.1078602e-03 4.8586540e-04
 6.0004118e-04 2.9546357e-04 7.8998849e-04 3.1741587e-03]"
5,1,"[2.3486263e-03 3.4635053e-03 1.4823389e-03 9.1908680e-04 1.3305029e-03
 9.5749271e-01 1.0060202e-02 1.4264163e-03 5.0414857e-03 1.1333654e-03
 8.1110401e-03 2.0725497e-03 1.8634988e-03 3.2545049e-03]"
6,1,"[6.2008947e-04 2.0894976e-03 1.1365017e-03 3.2360842e-03 1.5167503e-03
 4.8792388e-02 8.6974275e-01 2.3473445e-03 3.9624986e-03 2.0391566e-03
 5.8023877e-02 2.9537750e-03 1.8495687e-03 1.6896514e-03]"
1,13,"[1.1487576e-02 9.7465265e-01 1.0885936e-03 1.0697795e-03 2.0595894e-03
 2.3439461e-03 8.5753069e-04 2.4743692e-03 9.9632761e-04 4.2269239e-04
 8.9706003e-04 4.8953842e-04 6.2099943e-04 5.3942774e-04]"
12,10,"[0.00195657 0.00354349 0.00464899 0.00318646 0.00654688 0.00341153
 0.00477194 0.00496795 0.00606127 0.00892553 0.00846146 0.01542327
 0.9225493  0.00554535]"
1,0,"[0.01655747 0.7296526  0.00297461 0.00247444 0.01194411 0.00280297
 0.00243356 0.21100597 0.00331298 0.00359281 0.00397251 0.00282046
 0.00347019 0.00298547]"
0,2,"[9.7276014e-01 7.8643421e-03 4.9242764e-03 2.3902834e-03 7.7100703e-04
 2.7075810e-03 5.1697670e-04 6.3276192e-04 4.4833906e-03 3.2072057e-04
 4.4063118e-04 2.3624559e-04 5.1471416e-04 1.4366853e-03]"
11,0,"[4.0836431e-04 1.4882218e-03 2.3862389e-03 6.2303143e-03 2.5490334e-03
 3.3899872e-03 4.1426956e-03 3.3628715e-03 3.5077266e-03 1.4372341e-02
 3.0758313e-03 9.4037580e-01 6.6455253e-03 8.0651855e-03]"
6,11,"[5.0671166e-04 1.5844897e-03 1.0065072e-03 3.4736902e-03 1.4356802e-03
 1.3066807e-02 9.4455498e-01 2.3465238e-03 3.3383046e-03 2.4581652e-03
 1.9266771e-02 3.8663791e-03 1.9622419e-03 1.1325118e-03]"
1,0,"[3.5649911e-02 9.4691700e-01 2.7655857e-03 1.9337784e-03 3.5344225e-03
 2.7180293e-03 8.5383514e-04 1.4692132e-03 1.1861390e-03 4.6081294e-04
 6.8733713e-04 5.1863631e-04 6.3577085e-04 6.6936977e-04]"
0,0,"[9.6816301e-01 5.8045117e-03 1.2255375e-02 5.1357197e-03 1.5482239e-03
 1.1947397e-03 4.4181963e-04 5.3763442e-04 2.0374984e-03 4.3392513e-04
 4.2642618e-04 2.4400852e-04 5.0896377e-04 1.2680067e-03]"
9,0,"[0.0047816  0.00411391 0.00831403 0.00405422 0.00530435 0.00808993
 0.00677625 0.00984866 0.00539482 0.5767857  0.00561398 0.04173833
 0.01874246 0.30044183]"
2,0,"[5.2100131e-03 1.0732902e-03 9.6136296e-01 7.4325749e-03 1.6719450e-03
 9.9476008e-04 1.0414891e-03 7.9887704e-04 2.5843733e-03 6.1716042e-03
 5.1896027e-03 2.0574494e-03 3.1082325e-03 1.3025604e-03]"
0,6,"[9.3436515e-01 8.3406977e-03 6.8806331e-03 3.7374623e-02 1.6554027e-03
 2.3252787e-03 1.0584871e-03 1.1682477e-03 3.2489554e-03 4.4762008e-04
 4.9192546e-04 5.7730457e-04 6.7387644e-04 1.3919211e-03]"
0,4,"[9.7001326e-01 6.3690231e-03 3.5817097e-03 2.0003393e-03 8.8201807e-04
 4.4137891e-03 6.4527482e-04 7.2289270e-04 7.4547823e-03 4.1615139e-04
 4.0905440e-04 2.9578863e-04 5.8399222e-04 2.2119377e-03]"
8,0,"[0.07660519 0.01225803 0.00417232 0.00320702 0.00329487 0.08667819
 0.00692024 0.00406092 0.77852184 0.00278206 0.00595694 0.00415033
 0.00460985 0.0067822 ]"
6,0,"[0.0009108  0.00223322 0.00204204 0.0057006  0.00126215 0.01974538
 0.8537059  0.00249327 0.00609005 0.00310612 0.09545195 0.00333291
 0.00235776 0.00156783]"
0,6,"[9.8541141e-01 2.8299978e-03 2.7567011e-03 2.8605268e-03 6.4747769e-04
 8.6398266e-04 2.8526684e-04 5.3739402e-04 1.5499998e-03 3.1893363e-04
 2.2426456e-04 1.7538616e-04 3.3606944e-04 1.2026470e-03]"
5,3,"[0.00187778 0.00505695 0.00198825 0.00140953 0.0023616  0.83051276
 0.06190886 0.00260848 0.00631371 0.00186286 0.07574686 0.0025041
 0.00245272 0.0033956 ]"
3,8,"[0.01142943 0.00326442 0.44031516 0.49846613 0.00988849 0.00232599
 0.00356733 0.00158101 0.00417671 0.00473788 0.00620983 0.00901503
 0.00289091 0.00213168]"
0,7,"[0.43192944 0.0149462  0.39062667 0.1170943  0.00842801 0.00519272
 0.00268354 0.00226669 0.01062336 0.00226875 0.00419506 0.00269948
 0.00315144 0.00389432]"
0,0,"[9.6906036e-01 4.2193872e-03 4.2706677e-03 2.0140968e-03 7.9289317e-04
 4.5615151e-03 6.3826609e-04 9.9262153e-04 8.1815012e-03 6.1440398e-04
 4.3646447e-04 3.2455506e-04 6.7137164e-04 3.2217389e-03]"
6,0,"[0.00114566 0.00350363 0.00189978 0.00455979 0.00164363 0.0326786
 0.8019862  0.00357154 0.0116796  0.00307042 0.12667106 0.00349781
 0.00260567 0.00148652]"
0,1,"[9.2991090e-01 4.0272414e-03 4.0513992e-02 4.2836191e-03 3.1035154e-03
 3.4664273e-03 4.2594541e-04 7.9883472e-04 6.2437635e-03 8.2924106e-04
 1.1531470e-03 4.2546188e-04 1.1583443e-03 3.6598966e-03]"
1,4,"[8.5183382e-03 9.7510558e-01 2.1546267e-03 1.0853824e-03 2.5570968e-03
 1.8530616e-03 9.5585594e-04 3.1195907e-03 9.5986843e-04 5.8113126e-04
 1.2900634e-03 5.8575114e-04 7.1503886e-04 5.1873963e-04]"
0,1,"[0.62894195 0.00924648 0.02260332 0.31716344 0.0040014  0.0024993
 0.00193164 0.00186362 0.00443646 0.00107458 0.00120319 0.00163717
 0.0011511  0.00224641]"
10,1,"[5.2484538e-04 3.0008738e-03 4.9503278e-03 4.9091675e-03 2.7786107e-03
 1.4575077e-02 1.7300321e-01 4.0295036e-03 3.5716488e-03 3.3268242e-03
 7.7387434e-01 3.7500462e-03 5.1991171e-03 2.5063904e-03]"
0,0,"[9.7091806e-01 6.0711782e-03 1.1948186e-02 2.9170015e-03 1.0634540e-03
 1.2982236e-03 3.3130567e-04 6.3370942e-04 2.2421626e-03 3.5729608e-04
 4.5721556e-04 2.2613196e-04 4.5146002e-04 1.0846159e-03]"
1,3,"[0.0112959  0.9438178  0.00557349 0.00140474 0.00472435 0.00212645
 0.00167969 0.0175891  0.00213325 0.0016958  0.00390436 0.00121136
 0.00181325 0.00103056]"
0,0,"[9.6266520e-01 2.4022143e-03 5.1715118e-03 2.9686068e-03 8.0235134e-04
 6.2287073e-03 7.1540836e-04 1.2539378e-03 7.8355009e-03 9.0511714e-04
 1.1468288e-03 5.0426432e-04 1.0985581e-03 6.3017146e-03]"
0,5,"[9.1376173e-01 1.8740002e-02 3.8640570e-02 8.7613137e-03 1.7505466e-03
 3.3041905e-03 1.0360909e-03 1.4986468e-03 6.9075888e-03 7.7861635e-04
 1.2548238e-03 5.6001329e-04 9.2374400e-04 2.0820524e-03]"
1,2,"[2.1586608e-02 9.5916831e-01 2.4647790e-03 1.3456356e-03 1.8924158e-03
 2.9111877e-03 1.1862713e-03 3.0796460e-03 1.6633086e-03 7.4207579e-04
 1.2342654e-03 8.4553874e-04 8.0589979e-04 1.0739015e-03]"
1,1,"[7.2459332e-03 9.7465229e-01 1.0854356e-03 9.7903959e-04 2.4152258e-03
 2.7756349e-03 1.2233222e-03 4.3526567e-03 1.3034598e-03 5.5140030e-04
 1.4248887e-03 6.3641038e-04 7.1790960e-04 6.3651992e-04]"
1,8,"[1.2448428e-02 9.7252154e-01 1.4054596e-03 9.8180166e-04 2.7752526e-03
 2.0158340e-03 7.8660622e-04 2.6800998e-03 1.0357464e-03 4.8738357e-04
 1.0453881e-03 4.9171638e-04 6.8227859e-04 6.4235524e-04]"
0,1,"[9.3318117e-01 4.7309133e-03 5.0617890e-03 4.2916577e-02 2.5109488e-03
 2.2029511e-03 1.1426493e-03 1.0024005e-03 3.0500668e-03 5.7658041e-04
 5.3519366e-04 6.0727244e-04 8.8787911e-04 1.5936233e-03]"
3,4,"[0.17978615 0.19101067 0.01378995 0.21277091 0.01946836 0.04318786
 0.18205382 0.0140582  0.1019764  0.00407623 0.01266934 0.01153133
 0.00659893 0.00702185]"
6,0,"[4.1693746e-04 1.4268606e-03 9.4318809e-04 4.0987707e-03 1.5847347e-03
 1.5289719e-02 9.2999840e-01 2.4500790e-03 3.6073932e-03 2.3895428e-03
 2.8107533e-02 5.8696033e-03 2.4078020e-03 1.4093067e-03]"
6,0,"[6.6050788e-04 1.6301855e-03 1.0055098e-03 3.5901365e-03 1.4397103e-03
 1.4574893e-02 9.4755751e-01 2.2991041e-03 4.0438217e-03 2.6539662e-03
 1.3770848e-02 3.7667011e-03 1.8866241e-03 1.1205196e-03]"
10,5,"[6.9535058e-04 4.3037441e-03 9.3047973e-03 1.4708644e-03 2.7578841e-03
 1.8329598e-02 1.9309502e-02 3.2699346e-03 2.4391592e-03 2.8873836e-03
 9.2716336e-01 1.8914544e-03 4.2474000e-03 1.9295861e-03]"
1,0,"[0.06129239 0.8405713  0.05838901 0.00545549 0.00910405 0.00389828
 0.00197297 0.00356435 0.003793   0.00203714 0.0048582  0.00152969
 0.00207623 0.00145773]"
5,0,"[0.00183113 0.00387051 0.00102144 0.00106005 0.00136154 0.9045037
 0.05679127 0.00133139 0.00669967 0.00130455 0.01447872 0.00184017
 0.0013666  0.00253933]"
0,0,"[9.8385632e-01 3.9302963e-03 3.0076855e-03 1.6890359e-03 5.0913758e-04
 1.3761360e-03 3.3004986e-04 6.0129852e-04 2.1405534e-03 3.2681559e-04
 3.0831198e-04 1.8357029e-04 4.2650671e-04 1.3141918e-03]"
1,0,"[9.1661150e-03 9.7172427e-01 2.2268447e-03 1.2394813e-03 3.1571556e-03
 2.2342273e-03 1.0917551e-03 3.9600129e-03 1.1199046e-03 5.9863622e-04
 1.5766738e-03 5.5624050e-04 7.5279176e-04 5.9577852e-04]"
0,2,"[9.8564643e-01 2.9511089e-03 2.3494659e-03 2.6859227e-03 5.9225556e-04
 1.0452960e-03 3.5015083e-04 5.3452840e-04 1.5293318e-03 2.9823894e-04
 2.6337069e-04 1.9420608e-04 3.5181828e-04 1.2080544e-03]"
2,0,"[0.02090977 0.01080237 0.87348634 0.03955692 0.02268271 0.0033784
 0.00172339 0.00139718 0.00626771 0.00326022 0.00781861 0.00272968
 0.00353811 0.00244835]"
12,9,"[0.00680386 0.00601306 0.00963266 0.00467451 0.00544562 0.00800482
 0.00369062 0.00495735 0.01971941 0.01334232 0.00827978 0.02740371
 0.8452378  0.03679455]"
0,4,"[9.5698476e-01 4.4371551e-03 1.7177969e-02 1.1814473e-02 2.1746622e-03
 1.1418810e-03 4.8027444e-04 7.1106723e-04 1.8654380e-03 4.9365917e-04
 4.7719289e-04 2.9939887e-04 5.9293112e-04 1.3492301e-03]"
0,2,"[0.5265343  0.01052627 0.00925597 0.00692495 0.0038547  0.00957423
 0.00288503 0.00817295 0.00900011 0.01957238 0.00179254 0.00674115
 0.0055276  0.379638  ]"
5,4,"[1.5215263e-03 3.8442046e-03 1.3609814e-03 7.9850602e-04 1.5407064e-03
 9.5022792e-01 1.1388188e-02 1.4629752e-03 6.0646129e-03 1.1075622e-03
 1.2887806e-02 2.2327513e-03 2.0264557e-03 3.5358181e-03]"
1,0,"[1.15793109e-01 8.46043885e-01 1.24658905e-02 4.74643987e-03
 3.98205686e-03 5.01336576e-03 1.70006277e-03 1.73317106e-03
 2.80416873e-03 8.18035682e-04 1.59214158e-03 9.59146360e-04
 9.61826532e-04 1.38670939e-03]"
0,12,"[9.0789211e-01 7.8632226e-03 1.3847259e-02 5.2467197e-02 2.2102252e-03
 2.9695847e-03 1.4775227e-03 1.4805150e-03 4.7212304e-03 6.0572586e-04
 8.6400518e-04 6.3484826e-04 8.0547540e-04 2.1610598e-03]"
12,0,"[0.00288432 0.00533175 0.00364143 0.00345904 0.00665121 0.00480748
 0.00472345 0.00552    0.00674827 0.00754393 0.00666735 0.01827869
 0.9171978  0.00654521]"
1,0,"[0.42135882 0.5130501  0.01318267 0.00752021 0.01469093 0.00933229
 0.00266656 0.00280268 0.00696267 0.0010624  0.00150691 0.00112363
 0.00135862 0.00338157]"
0,2,"[0.36851352 0.07913922 0.02094191 0.17473029 0.01436819 0.05794066
 0.10595641 0.00721351 0.10831085 0.00482271 0.01369564 0.01662923
 0.01289329 0.01484463]"
0,1,"[9.8439920e-01 2.6877131e-03 2.2130706e-03 1.5655434e-03 5.4112525e-04
 1.7347769e-03 3.2943269e-04 6.3053769e-04 2.2661551e-03 3.7263313e-04
 3.0888012e-04 2.0954139e-04 4.1786340e-04 2.3236331e-03]"
7,3,"[0.00539297 0.07158504 0.00179732 0.00145543 0.00829937 0.0024184
 0.00251944 0.88418937 0.00367086 0.00417639 0.00529875 0.00318885
 0.00338121 0.00262641]"
4,0,"[0.00981613 0.02214336 0.00524202 0.00438337 0.94230413 0.00171261
 0.00101282 0.00188633 0.00181035 0.00214185 0.00130735 0.00158587
 0.00276457 0.00188931]"
0,4,"[0.45273283 0.09464592 0.01511326 0.37186947 0.0130212  0.01077991
 0.00947121 0.00443781 0.01182298 0.0014198  0.00326515 0.00500674
 0.00235946 0.00405407]"
8,0,"[0.02962542 0.01008367 0.00391035 0.00332067 0.00359087 0.26519203
 0.04770737 0.00515369 0.5973609  0.00352115 0.01363247 0.00442315
 0.0047614  0.00771685]"
12,1,"[0.00208293 0.00367601 0.0040212  0.00310422 0.00652872 0.00335793
 0.00425128 0.00502637 0.00593959 0.00833717 0.00715791 0.01587459
 0.9248229  0.00581922]"
0,0,"[9.5501441e-01 9.9302512e-03 1.7100981e-02 7.6075201e-03 1.1360316e-03
 1.7201368e-03 6.4404722e-04 8.0873084e-04 2.8467148e-03 4.0745217e-04
 5.7023787e-04 3.5369094e-04 6.0754851e-04 1.2519299e-03]"
0,5,"[0.71063215 0.02166922 0.0160504  0.00817632 0.00776699 0.06888737
 0.00350109 0.00299095 0.13848583 0.00204946 0.0049721  0.00168736
 0.00513955 0.00799129]"
1,1,"[1.1993113e-02 9.7340083e-01 1.6271635e-03 1.2278598e-03 2.7458689e-03
 2.0498396e-03 8.3606690e-04 2.2428019e-03 9.4547850e-04 4.5762450e-04
 8.1901869e-04 5.0766004e-04 6.0637074e-04 5.4028223e-04]"
3,1,"[0.00229151 0.00113472 0.00664254 0.9465658  0.00313827 0.00108683
 0.0030008  0.00140947 0.00099614 0.00224074 0.00134841 0.02728178
 0.00149697 0.00136588]"
0,0,"[0.57889396 0.35146227 0.02118968 0.01174726 0.01034396 0.00678431
 0.00302491 0.00194405 0.00632828 0.0009965  0.00225738 0.00113462
 0.00135583 0.00253694]"
0,10,"[9.8636186e-01 3.0475173e-03 1.8856138e-03 2.3698772e-03 5.6063250e-04
 1.0874307e-03 3.3986085e-04 5.2258937e-04 1.3696889e-03 2.8798360e-04
 2.2275094e-04 1.7865372e-04 3.7074540e-04 1.3950376e-03]"
2,5,"[0.01967698 0.00312398 0.9447914  0.00852936 0.00236202 0.00160212
 0.00099627 0.00145656 0.00335032 0.00333145 0.00497218 0.00159066
 0.00223087 0.0019859 ]"
0,0,"[9.8534632e-01 3.5621761e-03 2.5742981e-03 2.3159028e-03 5.9920474e-04
 1.0986337e-03 3.1556527e-04 4.7335017e-04 1.6100530e-03 2.6772611e-04
 2.2842136e-04 1.7115362e-04 3.2938382e-04 1.1077542e-03]"
0,0,"[9.3561894e-01 1.0477356e-02 1.3563652e-02 2.1410987e-02 1.8197106e-03
 3.1617412e-03 1.2617792e-03 1.2471689e-03 6.8062171e-03 5.1774376e-04
 1.0086021e-03 4.1409172e-04 1.0871829e-03 1.6047568e-03]"
8,7,"[0.07193302 0.00982452 0.00637944 0.00498478 0.00300697 0.02365557
 0.00783611 0.00427148 0.84841996 0.00295509 0.00598087 0.00263913
 0.00346934 0.00464373]"
0,6,"[9.7346842e-01 5.6158123e-03 5.8382619e-03 7.1196593e-03 1.8079384e-03
 1.3422138e-03 4.0546543e-04 5.5569666e-04 1.4479158e-03 3.6218439e-04
 3.2458970e-04 2.3755101e-04 4.4401496e-04 1.0302280e-03]"
1,5,"[6.3531431e-03 9.6473789e-01 1.4583543e-03 2.4566667e-03 6.3327816e-03
 1.7299122e-03 1.6073129e-03 9.2582684e-03 1.0883743e-03 8.7274407e-04
 1.3171365e-03 1.1559754e-03 9.1644534e-04 7.1488676e-04]"
1,1,"[6.1010560e-03 9.7720522e-01 1.1393747e-03 1.0000165e-03 3.1324662e-03
 1.7401048e-03 1.0414291e-03 4.2346530e-03 8.8200148e-04 5.6627399e-04
 1.1187029e-03 5.8230531e-04 7.1805302e-04 5.3844164e-04]"
7,3,"[0.00733296 0.14232205 0.00181625 0.0014754  0.01143164 0.00344372
 0.00272908 0.8043808  0.00553608 0.00320549 0.00543017 0.00331185
 0.00414199 0.00344262]"
2,2,"[0.02810775 0.0047923  0.92861825 0.01238918 0.00177305 0.0021254
 0.00132845 0.00118876 0.00635307 0.00314264 0.0044271  0.0018604
 0.0021281  0.00176542]"
11,0,"[4.8926740e-04 1.4087152e-03 3.4075729e-03 2.1558359e-02 2.7156922e-03
 2.2937658e-03 3.1757772e-03 3.3781349e-03 2.4800352e-03 2.0453664e-02
 2.2357472e-03 9.2279524e-01 5.6058764e-03 8.0021676e-03]"
0,1,"[9.8449463e-01 2.6139815e-03 4.1661360e-03 2.3110055e-03 6.6866312e-04
 9.1205689e-04 2.7871845e-04 4.8652079e-04 1.4111496e-03 3.4595001e-04
 2.8685707e-04 1.6686425e-04 3.9547691e-04 1.4619348e-03]"
0,5,"[9.7928816e-01 3.5185951e-03 4.7576656e-03 4.2660250e-03 6.6652260e-04
 1.4153499e-03 4.2463126e-04 4.8035162e-04 2.1987602e-03 3.1209446e-04
 3.9235342e-04 2.5186021e-04 3.6899411e-04 1.6587642e-03]"
11,2,"[0.00326764 0.002536   0.00588053 0.0403476  0.00247575 0.00352212
 0.003452   0.00434099 0.00475054 0.01649333 0.00193632 0.88722074
 0.00514845 0.01862805]"
0,0,"[9.8275787e-01 3.1245386e-03 2.3859888e-03 1.9964851e-03 6.0121802e-04
 2.1435220e-03 3.6328367e-04 7.3707046e-04 2.9484278e-03 3.8069984e-04
 3.2408605e-04 2.3616041e-04 4.6022225e-04 1.5405131e-03]"
0,2,"[9.8259038e-01 5.6112483e-03 3.0508919e-03 1.8568819e-03 6.1729271e-04
 1.2355695e-03 3.0291406e-04 5.4805609e-04 1.9000320e-03 2.9919005e-04
 2.6737122e-04 1.6919692e-04 3.7711501e-04 1.1737584e-03]"
11,10,"[5.1821565e-04 2.0257651e-03 2.7305884e-03 1.2717831e-02 3.1276881e-03
 3.8782272e-03 6.7158155e-03 3.8912091e-03 3.8842610e-03 8.0165006e-03
 3.3914587e-03 9.3878675e-01 5.9265960e-03 4.3891058e-03]"
0,3,"[0.4447602  0.02432779 0.01531388 0.07025964 0.01089197 0.03974822
 0.04129788 0.01120056 0.3027329  0.00498255 0.00833321 0.0056205
 0.01270578 0.00782488]"
0,6,"[0.4728115  0.00837186 0.02493365 0.01241159 0.0047955  0.04021616
 0.00602476 0.00464431 0.29800212 0.00575102 0.0098929  0.00668948
 0.01477309 0.09068208]"
2,1,"[1.3730554e-02 2.2924296e-03 9.5636308e-01 8.4035434e-03 2.0539290e-03
 1.2121904e-03 8.9424883e-04 9.2811749e-04 2.7765923e-03 3.0717636e-03
 3.7320969e-03 1.5808217e-03 1.7147069e-03 1.2457959e-03]"
2,3,"[5.4094051e-03 1.3070808e-03 9.6386790e-01 6.8615447e-03 1.9469784e-03
 1.0242306e-03 8.9867337e-04 7.9242105e-04 2.5727050e-03 5.1445197e-03
 4.0434422e-03 2.0257395e-03 2.9177309e-03 1.1878989e-03]"
0,0,"[9.8501390e-01 3.5858417e-03 2.6112965e-03 2.0904155e-03 5.7515898e-04
 1.2261015e-03 2.9978418e-04 5.4858456e-04 1.7674983e-03 2.9448813e-04
 2.6044087e-04 1.8250861e-04 3.6658969e-04 1.1775279e-03]"
11,6,"[3.5328651e-04 1.8608681e-03 1.9038531e-03 7.6471292e-03 2.9700764e-03
 2.9605224e-03 5.3642890e-03 3.7604987e-03 2.5810108e-03 1.4100249e-02
 3.0077288e-03 9.4035113e-01 7.2951256e-03 5.8442880e-03]"
4,0,"[0.00626337 0.01882609 0.00694372 0.00889337 0.9419854  0.001857
 0.00141512 0.00183444 0.00181579 0.00211723 0.00164292 0.00199188
 0.00287732 0.00153634]"
12,0,"[0.0027753  0.00494662 0.00362826 0.00332831 0.00602353 0.00434963
 0.00436117 0.00543651 0.00662407 0.00741802 0.00642054 0.01631407
 0.9218733  0.0065007 ]"
3,0,"[2.4325242e-03 1.0912925e-03 4.9712299e-03 9.6586221e-01 3.7509929e-03
 9.3814224e-04 2.9606554e-03 9.5245568e-04 8.9464395e-04 1.3221147e-03
 1.0891398e-03 1.1666293e-02 1.0375215e-03 1.0307060e-03]"
0,1,"[9.6797192e-01 1.4210344e-02 5.4396386e-03 2.4238031e-03 9.0673659e-04
 1.8846530e-03 4.9743336e-04 9.6884416e-04 2.5859198e-03 4.1088398e-04
 4.2279935e-04 2.3394366e-04 4.9372140e-04 1.5493295e-03]"
0,11,"[9.8276603e-01 3.5848101e-03 4.1207098e-03 2.7712246e-03 6.6019245e-04
 1.1102571e-03 3.3342309e-04 5.5618153e-04 1.7684026e-03 3.0241918e-04
 2.8349625e-04 1.6860598e-04 4.1254397e-04 1.1618811e-03]"
11,4,"[0.00098388 0.00222246 0.00260285 0.02512211 0.00311305 0.00408749
 0.00653848 0.0046786  0.00470656 0.0067973  0.00264943 0.9239576
 0.00553369 0.00700656]"
2,3,"[1.8734394e-02 2.9905986e-03 9.4821125e-01 9.1338940e-03 2.6118143e-03
 1.5046216e-03 7.2916469e-04 9.7312580e-04 2.9176057e-03 2.4742184e-03
 4.5247152e-03 1.5152820e-03 1.8073177e-03 1.8720926e-03]"
0,10,"[9.5132762e-01 5.4302490e-03 3.7720420e-03 2.5154022e-03 1.0791437e-03
 9.4738016e-03 1.0241898e-03 1.1789048e-03 1.4237520e-02 7.3057943e-04
 7.5079961e-04 4.9140601e-04 1.1182514e-03 6.8702511e-03]"
11,0,"[3.99871729e-04 2.20328546e-03 2.25557783e-03 7.80204544e-03
 3.07479966e-03 3.78884608e-03 8.30790307e-03 4.38020611e-03
 3.47576477e-03 1.17683625e-02 3.81543208e-03 9.37041819e-01
 6.55595446e-03 5.13028493e-03]"
0,0,"[9.8351467e-01 2.8968726e-03 3.2546397e-03 1.9563227e-03 5.7505467e-04
 1.4764972e-03 3.1954245e-04 5.7204900e-04 2.5991057e-03 3.5662175e-04
 3.1289400e-04 1.8792314e-04 4.6829102e-04 1.5094823e-03]"
2,4,"[0.1788552  0.00581729 0.6924323  0.08737043 0.0030387  0.002384
 0.00120483 0.00247412 0.00549892 0.00470941 0.00442287 0.00293027
 0.00300995 0.00585171]"
3,1,"[2.5872057e-03 9.1247604e-04 7.2246334e-03 9.6672684e-01 2.8355885e-03
 8.9230301e-04 2.8467872e-03 8.5845339e-04 1.0038276e-03 1.1306439e-03
 1.4020532e-03 9.4010979e-03 1.0674261e-03 1.1106845e-03]"
7,0,"[0.00343994 0.07033996 0.00128186 0.00277682 0.0143781  0.0031237
 0.00459224 0.87547207 0.00431878 0.00304331 0.00593477 0.00531829
 0.00347781 0.00250227]"
0,0,"[9.8628485e-01 2.7330853e-03 2.4989501e-03 1.8110692e-03 5.4296927e-04
 1.1207893e-03 2.8836235e-04 4.8908452e-04 1.6192602e-03 2.9057218e-04
 2.4285787e-04 1.6970905e-04 3.8569301e-04 1.5226934e-03]"
0,0,"[0.5789699  0.01470009 0.33080986 0.04006915 0.00229536 0.00392051
 0.00234643 0.00225917 0.01016059 0.00235407 0.00360777 0.00184387
 0.00222553 0.00443761]"
9,0,"[0.00136737 0.00154411 0.01673139 0.00265568 0.00422354 0.00197197
 0.00396171 0.00428249 0.00247119 0.9180143  0.00474029 0.01303759
 0.01075959 0.0142387 ]"
2,0,"[0.01475122 0.00363905 0.4751589  0.46432698 0.00779165 0.00192019
 0.0030628  0.00213624 0.00369746 0.0051282  0.00652565 0.00579364
 0.00370523 0.00236287]"
0,7,"[9.7366363e-01 4.5274422e-03 3.6247303e-03 2.3225688e-03 6.8549899e-04
 4.3209707e-03 4.3463212e-04 6.7084760e-04 4.4920426e-03 4.0169235e-04
 3.9525994e-04 2.9769901e-04 6.9593982e-04 3.4669747e-03]"
0,3,"[9.7329998e-01 6.1778445e-03 7.2541581e-03 3.2282206e-03 8.3796860e-04
 1.9851588e-03 4.1869772e-04 6.8189768e-04 2.9350789e-03 3.4010891e-04
 5.4208911e-04 2.9450763e-04 6.0028123e-04 1.4038974e-03]"
2,0,"[0.00397723 0.00243313 0.50736195 0.01084623 0.00589135 0.00258589
 0.00363746 0.00345051 0.00538148 0.3995546  0.00866848 0.02086012
 0.0154794  0.00987221]"
4,1,"[0.00745836 0.01543685 0.00420892 0.00328895 0.9519903  0.00183034
 0.0010849  0.00212612 0.00194321 0.00233386 0.00149163 0.00171598
 0.00286237 0.00222824]"
2,0,"[0.00317457 0.00204961 0.90486073 0.00627787 0.003373   0.00203659
 0.0025034  0.00204431 0.00524344 0.01218495 0.04220873 0.00404996
 0.00755721 0.00243559]"
2,0,"[1.9661697e-02 3.0675686e-03 9.5001847e-01 4.9648047e-03 1.8445272e-03
 1.4501704e-03 7.3840993e-04 1.0991034e-03 3.3427209e-03 3.6288144e-03
 5.2399416e-03 1.4885169e-03 1.8385570e-03 1.6167972e-03]"
6,1,"[5.1899435e-04 1.5244945e-03 9.5555722e-04 3.9689629e-03 1.3504837e-03
 1.3195577e-02 9.3974388e-01 2.4254704e-03 3.0905083e-03 2.4381829e-03
 2.3400474e-02 4.1719158e-03 1.9547560e-03 1.2607818e-03]"
4,9,"[0.02457916 0.03376154 0.25064453 0.01630108 0.62371886 0.00523501
 0.00225221 0.00397861 0.00659553 0.0068714  0.00841753 0.0048028
 0.00816523 0.00467642]"
1,0,"[2.5845267e-02 9.5657009e-01 1.6776770e-03 1.5491470e-03 2.0722712e-03
 3.5928723e-03 1.2548217e-03 1.7280821e-03 1.8695407e-03 5.0127035e-04
 1.3313299e-03 5.7446223e-04 7.5775263e-04 6.7535957e-04]"
9,0,"[0.00114187 0.00163745 0.01398414 0.00268189 0.00401882 0.00210843
 0.00367351 0.00485192 0.0024147  0.9169783  0.00432917 0.01723642
 0.00983403 0.01510936]"
5,9,"[3.0328615e-03 3.0527262e-03 1.2162091e-03 7.6822081e-04 1.0935653e-03
 9.4757324e-01 1.5700059e-02 1.2166071e-03 1.0505176e-02 8.9624245e-04
 9.4290189e-03 1.4746696e-03 1.4497675e-03 2.5917515e-03]"
0,0,"[9.63325977e-01 1.04094185e-02 5.71637461e-03 8.51034559e-03
 1.87313696e-03 2.16751220e-03 6.75873831e-04 8.54739454e-04
 2.71483604e-03 3.70781228e-04 6.77010103e-04 3.97767988e-04
 5.73226600e-04 1.73290959e-03]"
5,8,"[0.00192358 0.00364504 0.00123763 0.00102637 0.00135076 0.90907955
 0.0529896  0.00139839 0.00891742 0.00133011 0.01073998 0.00206923
 0.00160699 0.00268533]"
11,3,"[4.7784456e-04 2.5019685e-03 2.3920990e-03 7.1311197e-03 3.2556690e-03
 4.3302597e-03 7.2929370e-03 4.8145112e-03 3.9065774e-03 1.1143056e-02
 3.9684926e-03 9.3689263e-01 6.7819129e-03 5.1108613e-03]"
3,1,"[0.00179779 0.00130359 0.0110848  0.85639656 0.00486257 0.00186348
 0.00515731 0.00184966 0.00198727 0.00367279 0.00289001 0.10091587
 0.00374446 0.00247382]"
4,8,"[0.01854979 0.03006286 0.00877918 0.00533116 0.91765946 0.00243397
 0.00120051 0.00200321 0.00280881 0.00229087 0.00162668 0.00161253
 0.00303147 0.00260934]"
1,5,"[3.1843733e-02 9.4739652e-01 3.1919563e-03 2.0150661e-03 3.8731357e-03
 2.5422149e-03 1.0150020e-03 2.0932811e-03 1.5670455e-03 6.3438504e-04
 1.3483895e-03 7.6893833e-04 9.1636507e-04 7.9403620e-04]"
2,6,"[0.316846   0.09348899 0.44579712 0.05056467 0.0479285  0.00703727
 0.00385271 0.00287409 0.01015588 0.00340815 0.00558299 0.00321242
 0.00449295 0.00475819]"
12,10,"[0.00214793 0.00393945 0.00454772 0.00309009 0.00579126 0.00350041
 0.00432007 0.00465469 0.00630989 0.00810729 0.00740214 0.01573636
 0.92474186 0.00571092]"
0,0,"[9.8491561e-01 2.9455984e-03 1.6114539e-03 2.2321686e-03 7.4326782e-04
 1.4899555e-03 4.1186510e-04 6.1428087e-04 2.1174387e-03 3.2708698e-04
 2.3455195e-04 2.1623149e-04 4.3273714e-04 1.7075941e-03]"
0,1,"[8.8515174e-01 6.1646678e-02 1.6248323e-02 3.1888443e-03 1.7649966e-03
 9.4090030e-03 1.0254527e-03 1.9330254e-03 1.0990381e-02 9.2443713e-04
 1.7173470e-03 6.1168935e-04 1.3454156e-03 4.0427558e-03]"
7,5,"[0.0112834  0.34289503 0.00300971 0.00220759 0.01506933 0.00372017
 0.00303118 0.5929225  0.00488401 0.00391863 0.00695738 0.00324754
 0.00379027 0.00306332]"
2,1,"[0.01216742 0.00189127 0.9504846  0.00754652 0.00155781 0.00142969
 0.00134115 0.00102772 0.00413013 0.0043854  0.00797859 0.0018195
 0.0026651  0.00157505]"
1,8,"[9.0000816e-02 8.8628387e-01 3.1985594e-03 2.0736344e-03 3.0197096e-03
 5.6930101e-03 1.2340616e-03 1.5487128e-03 2.5306803e-03 5.4410473e-04
 1.2865607e-03 6.4992375e-04 7.9044327e-04 1.1460317e-03]"
5,0,"[0.01283699 0.00631997 0.00269193 0.00187757 0.00175392 0.7554958
 0.05640375 0.00269496 0.12781368 0.0024256  0.01828377 0.00329879
 0.00292622 0.00517706]"
9,3,"[0.00169286 0.00169093 0.01122006 0.00291591 0.00377961 0.00243687
 0.0038272  0.00412554 0.00257128 0.9091296  0.00382473 0.01791673
 0.01045176 0.02441699]"
0,1,"[9.8405671e-01 2.9489566e-03 1.6909926e-03 2.6878645e-03 6.0563529e-04
 1.7581335e-03 4.4289368e-04 5.8539852e-04 2.4376130e-03 2.9352179e-04
 2.3841155e-04 2.3301650e-04 4.4536873e-04 1.5756404e-03]"
0,0,"[9.6127075e-01 5.1201950e-03 1.6139530e-02 6.7862300e-03 1.3220593e-03
 1.6608674e-03 6.5030978e-04 6.3168502e-04 3.1824762e-03 4.3556909e-04
 5.6124560e-04 2.5553047e-04 6.8950665e-04 1.2939462e-03]"
9,1,"[0.0012154  0.0018305  0.01481626 0.00289283 0.0037968  0.00217917
 0.0039767  0.00453439 0.00256987 0.91539526 0.00467443 0.02020958
 0.00887774 0.01303115]"
1,6,"[0.04708378 0.32505012 0.02618398 0.23609523 0.3232287  0.00541649
 0.0066496  0.00499132 0.00286982 0.0034115  0.00413973 0.00707489
 0.00451425 0.00329064]"
4,1,"[0.00219671 0.0114685  0.00408733 0.00312675 0.96188647 0.00152385
 0.00130772 0.0020063  0.00149641 0.00227527 0.00182654 0.00192857
 0.00346665 0.00140295]"
2,3,"[8.1255678e-03 1.4033543e-03 9.6377766e-01 5.4248748e-03 1.3914823e-03
 9.7187172e-04 9.2786539e-04 8.0060755e-04 2.4085422e-03 5.4841046e-03
 4.0871403e-03 1.6430762e-03 2.2871713e-03 1.2668037e-03]"
2,6,"[1.4644992e-02 3.0023160e-03 9.5374113e-01 8.2682408e-03 1.8349675e-03
 1.3844782e-03 9.5133972e-04 9.4890269e-04 3.5467711e-03 2.5678580e-03
 4.6701324e-03 1.4129517e-03 1.5289384e-03 1.4970022e-03]"
9,7,"[0.001094   0.00216551 0.00926005 0.00288172 0.00496489 0.005331
 0.00534981 0.00637678 0.00421418 0.80926687 0.00993182 0.07798269
 0.02715131 0.03402934]"
11,13,"[4.6946859e-04 2.3983505e-03 2.4288362e-03 7.6365196e-03 3.5761008e-03
 4.1347942e-03 8.2040951e-03 4.5781163e-03 3.7864258e-03 1.1195151e-02
 4.2296783e-03 9.3526864e-01 6.8019689e-03 5.2918829e-03]"
0,0,"[9.7057152e-01 7.0332978e-03 7.4300566e-03 4.4266474e-03 2.0972250e-03
 2.1970486e-03 4.1463919e-04 4.8985367e-04 2.3358916e-03 3.7393978e-04
 4.6158009e-04 2.4802567e-04 5.0147547e-04 1.4187983e-03]"
0,10,"[9.8159009e-01 4.0744990e-03 2.2799820e-03 4.2904234e-03 7.3820603e-04
 1.3528848e-03 5.3060154e-04 6.2809628e-04 1.9737878e-03 3.5620082e-04
 3.1849954e-04 2.5194956e-04 4.3181167e-04 1.1828583e-03]"
2,0,"[6.1633214e-03 1.6614201e-03 9.6380877e-01 6.1679902e-03 1.7917396e-03
 1.0678420e-03 9.6213678e-04 7.9088059e-04 2.9284360e-03 4.1482793e-03
 5.2387877e-03 1.7617741e-03 2.3716034e-03 1.1369684e-03]"
0,1,"[9.8580348e-01 2.5713374e-03 2.4475821e-03 2.0757676e-03 5.6669745e-04
 1.1296844e-03 3.0440441e-04 5.3141703e-04 1.5300781e-03 3.5388424e-04
 2.8951914e-04 1.8441626e-04 4.4087539e-04 1.7708554e-03]"
5,0,"[0.00248199 0.00412351 0.00151347 0.00102772 0.00131517 0.9289859
 0.0285305  0.00132016 0.00883016 0.00112983 0.01518134 0.00146832
 0.00137444 0.00271756]"
0,11,"[9.6944827e-01 9.0919668e-03 4.2316206e-03 2.2350915e-03 7.1739103e-04
 3.7876712e-03 6.0205144e-04 8.5336703e-04 4.9223700e-03 3.8442813e-04
 5.1007443e-04 2.7879889e-04 6.6353421e-04 2.2732096e-03]"
3,0,"[2.8159837e-03 1.0487833e-03 6.0168030e-03 9.6777302e-01 2.9219098e-03
 8.2270190e-04 2.1154420e-03 9.3938393e-04 8.1070594e-04 1.4303200e-03
 9.6254435e-04 1.0359263e-02 9.8793022e-04 9.9518371e-04]"
8,0,"[0.05592386 0.00782992 0.00422041 0.00489326 0.00321887 0.03003481
 0.01625492 0.00369016 0.8540496  0.00275885 0.0066936  0.00285014
 0.00392918 0.00365235]"
7,0,"[0.00526475 0.06304079 0.00136129 0.00135564 0.00917599 0.00258127
 0.00244903 0.89293694 0.00383942 0.00343899 0.0043759  0.00325099
 0.00378289 0.00314616]"
2,10,"[7.6025650e-03 1.2483476e-03 9.6170890e-01 8.3840461e-03 1.9024111e-03
 1.1263730e-03 8.8326592e-04 7.6286087e-04 2.6885399e-03 3.9692782e-03
 4.4871755e-03 1.7289681e-03 2.2642585e-03 1.2431468e-03]"
7,2,"[0.00391692 0.05391653 0.00135082 0.00160824 0.01176809 0.00234406
 0.00273878 0.89993626 0.00379216 0.00355979 0.00478578 0.00388681
 0.00381792 0.00257781]"
6,13,"[6.0104590e-04 1.8497934e-03 8.9231832e-04 3.6314623e-03 1.4797091e-03
 1.9142076e-02 9.3364459e-01 2.5902262e-03 3.2736456e-03 2.6444735e-03
 2.0650554e-02 5.9649427e-03 2.2649956e-03 1.3701395e-03]"
0,0,"[9.3930298e-01 1.8312186e-02 2.9541289e-03 3.3573681e-03 2.2303008e-03
 1.1985526e-02 1.7700542e-03 1.3654445e-03 1.1447183e-02 8.4134151e-04
 8.1648177e-04 6.5211917e-04 9.9403737e-04 3.9707613e-03]"
0,8,"[9.0965468e-01 1.6849352e-02 4.3261554e-02 1.1467451e-02 1.3818291e-03
 2.4109655e-03 1.2257257e-03 1.8352602e-03 5.7642888e-03 8.7040529e-04
 1.4087064e-03 5.9186766e-04 9.8157523e-04 2.2963323e-03]"
2,3,"[0.39300725 0.00966598 0.54949504 0.01812104 0.00234707 0.002365
 0.00155191 0.00212658 0.00607722 0.00326241 0.00505898 0.00161893
 0.00192836 0.00337423]"
4,2,"[0.00345422 0.01585717 0.00427012 0.00340816 0.957469   0.00146521
 0.00115975 0.00181167 0.00140385 0.0021227  0.00154814 0.00168735
 0.00293233 0.00141046]"
0,7,"[9.8015141e-01 4.8476309e-03 5.2048122e-03 2.9101877e-03 6.6161255e-04
 1.2013166e-03 3.9023659e-04 5.4918334e-04 1.9444640e-03 3.0487642e-04
 3.4869302e-04 1.7343624e-04 3.6511052e-04 9.4720483e-04]"
13,12,"[0.00791098 0.00430468 0.00406115 0.0024135  0.00428244 0.01220396
 0.00500915 0.007522   0.00787837 0.09129556 0.00600066 0.0295723
 0.0169605  0.8005847 ]"
7,2,"[0.00637941 0.09459209 0.00177989 0.00258579 0.01572303 0.0024715
 0.00290157 0.85217744 0.00366953 0.00341848 0.00489085 0.00368805
 0.00312193 0.00260039]"
8,2,"[0.0298766  0.00661005 0.0037777  0.00261479 0.00255642 0.01809587
 0.00462707 0.00368143 0.91137606 0.00217168 0.00524626 0.00240532
 0.00363691 0.00332385]"
2,0,"[0.29614714 0.01843302 0.5943436  0.05036628 0.0045235  0.00383314
 0.0022517  0.00273531 0.01032054 0.00307731 0.00533264 0.00198727
 0.00299984 0.00364881]"
0,5,"[9.7977209e-01 4.4046077e-03 2.2575054e-03 1.7832648e-03 4.9855438e-04
 2.9331290e-03 4.2742840e-04 7.1039866e-04 3.6903673e-03 3.7979273e-04
 3.7261753e-04 2.3627270e-04 4.7440530e-04 2.0594436e-03]"
8,1,"[0.07281654 0.00961822 0.00512269 0.00427378 0.00380044 0.02690758
 0.00772713 0.0037278  0.84680384 0.00276481 0.00522333 0.00311446
 0.00378263 0.00431685]"
5,5,"[0.00282107 0.00582272 0.00602402 0.00224368 0.00289142 0.51532507
 0.0816277  0.0039537  0.01021905 0.00275442 0.3557443  0.00275668
 0.00354724 0.00426893]"
0,0,"[9.7206861e-01 4.1345293e-03 7.2099627e-03 8.7842401e-03 8.8350143e-04
 1.4556929e-03 5.0722953e-04 6.1858597e-04 1.8706347e-03 3.2775695e-04
 3.4134791e-04 2.4835567e-04 3.9703591e-04 1.1526702e-03]"
9,4,"[0.00097012 0.00217583 0.01551892 0.00255965 0.00447898 0.00234815
 0.00403747 0.0065452  0.00270503 0.9029248  0.00721147 0.02252077
 0.0121393  0.01386429]"
11,0,"[3.9120833e-04 1.9287874e-03 2.2477966e-03 6.0985046e-03 2.5271899e-03
 3.3550640e-03 4.8456080e-03 4.0343367e-03 3.2166606e-03 1.2955882e-02
 2.9665288e-03 9.4321328e-01 5.8444645e-03 6.3746269e-03]"
2,2,"[0.2665173  0.00779013 0.6208085  0.06254189 0.0059599  0.00446916
 0.00235708 0.00194352 0.01123907 0.00242912 0.00499871 0.00238568
 0.00343548 0.00312438]"
7,8,"[0.00472633 0.07446513 0.00162348 0.00152624 0.0157931  0.0024144
 0.0024185  0.86908686 0.00525512 0.00347144 0.00501607 0.00338647
 0.00776666 0.00305017]"
5,0,"[0.00272968 0.00482357 0.00156763 0.0011137  0.00142186 0.93128043
 0.02955198 0.0013117  0.00932934 0.0013973  0.00850973 0.00221473
 0.00180234 0.00294605]"
0,1,"[9.7845650e-01 4.3223612e-03 4.6809376e-03 3.0964422e-03 6.6910934e-04
 2.0623419e-03 5.0194067e-04 5.9254933e-04 3.2310747e-03 3.0100747e-04
 3.2195539e-04 1.9629547e-04 3.9101767e-04 1.1765435e-03]"
0,6,"[9.7424299e-01 5.4599000e-03 7.9772426e-03 3.3664873e-03 6.6483644e-04
 1.7763267e-03 3.8350219e-04 4.8310208e-04 2.7340157e-03 3.6170078e-04
 3.8745592e-04 2.3005161e-04 4.5765383e-04 1.4746826e-03]"
13,3,"[0.03638326 0.00566202 0.01331563 0.0064942  0.00448649 0.00748464
 0.00487073 0.00926692 0.00600257 0.14216104 0.00382439 0.02126612
 0.00802322 0.7307588 ]"
0,0,"[0.7959631  0.00436588 0.05201024 0.0291271  0.00212015 0.00551255
 0.00111862 0.00271041 0.00700087 0.00693498 0.0023548  0.00478393
 0.00651185 0.07948548]"
0,6,"[9.7422802e-01 3.7324200e-03 1.0174737e-02 3.9453711e-03 6.3637510e-04
 1.2789917e-03 4.0905701e-04 5.2990741e-04 2.0968642e-03 4.1005225e-04
 4.6087848e-04 2.5032568e-04 4.2556666e-04 1.4213668e-03]"
8,0,"[0.06353347 0.00727726 0.00456669 0.00299938 0.00291234 0.01994706
 0.00356522 0.00380405 0.8734435  0.00257792 0.00461956 0.00234661
 0.00396708 0.00443991]"
10,4,"[6.3644041e-04 3.0413938e-03 1.1142795e-02 1.7580922e-03 2.3439419e-03
 8.2220016e-03 1.7142817e-02 3.5716295e-03 2.3245967e-03 3.0250140e-03
 9.3834162e-01 1.9996581e-03 4.4011427e-03 2.0487963e-03]"
8,1,"[0.02095468 0.00491056 0.00352035 0.0022996  0.00233615 0.01458973
 0.00592461 0.003386   0.9246203  0.00224331 0.00601391 0.00254487
 0.00363741 0.00301874]"
5,6,"[2.6797066e-03 4.4783331e-03 1.2075428e-03 9.2530710e-04 1.3994558e-03
 9.5653236e-01 1.0709753e-02 1.2814772e-03 6.2353015e-03 1.0264912e-03
 7.1769175e-03 1.8040291e-03 1.6169138e-03 2.9265699e-03]"
8,8,"[0.06906842 0.00776825 0.00474643 0.00334923 0.00257139 0.02118018
 0.0047239  0.00352106 0.8652937  0.00244244 0.00453091 0.00236879
 0.00378572 0.00464952]"
0,0,"[9.7117394e-01 3.4510049e-03 4.9371948e-03 2.7077883e-03 5.5793551e-04
 3.2414722e-03 5.0985254e-04 5.3792342e-04 6.7563271e-03 5.0465827e-04
 5.8568025e-04 3.1571719e-04 7.1150676e-04 4.0091174e-03]"
3,4,"[4.1060154e-03 1.0097874e-03 5.5032927e-03 9.7325462e-01 2.5938200e-03
 7.4086472e-04 2.4256681e-03 8.6750108e-04 8.1758236e-04 1.0108969e-03
 8.3576160e-04 5.2046818e-03 7.5002539e-04 8.7944034e-04]"
0,0,"[9.8163283e-01 2.8093637e-03 2.9553445e-03 2.3495799e-03 5.3997111e-04
 1.5480949e-03 2.8903951e-04 5.9250352e-04 1.7841945e-03 4.3449018e-04
 3.1665378e-04 2.7233167e-04 5.5192574e-04 3.9238469e-03]"
5,3,"[2.4544171e-03 3.3801126e-03 1.7352996e-03 9.1719854e-04 1.4994639e-03
 9.3439943e-01 1.6750222e-02 1.1942849e-03 5.4921000e-03 1.0532856e-03
 2.5412196e-02 1.3617540e-03 1.5673044e-03 2.7828875e-03]"
0,0,"[9.8509860e-01 2.1367867e-03 2.5663434e-03 1.9303422e-03 4.5080582e-04
 1.4225593e-03 2.9520012e-04 5.1120762e-04 2.5441290e-03 3.0114589e-04
 2.6733556e-04 1.8079345e-04 4.5258729e-04 1.8420991e-03]"
1,8,"[0.25736305 0.53469825 0.14045447 0.01697408 0.01403819 0.00734881
 0.00296491 0.00260691 0.00865868 0.00237258 0.00397559 0.00246491
 0.00271507 0.00336443]"
6,2,"[4.8912386e-04 1.8229918e-03 1.6961520e-03 6.0412963e-03 1.6126272e-03
 1.6117601e-02 8.7197304e-01 2.7877507e-03 3.2026696e-03 2.8911517e-03
 8.2784593e-02 4.5735962e-03 2.4933033e-03 1.5141005e-03]"
2,7,"[0.15286954 0.00703689 0.7617266  0.04079924 0.0058558  0.00402321
 0.00224813 0.00151018 0.01048103 0.00203369 0.00404104 0.00174359
 0.00279421 0.00283678]"
0,4,"[9.7996807e-01 3.2971224e-03 4.9428050e-03 3.7140006e-03 5.6110468e-04
 1.6335597e-03 3.8443206e-04 4.8968621e-04 2.2414306e-03 3.2559200e-04
 3.2842523e-04 2.0048126e-04 4.2252094e-04 1.4907250e-03]"
1,1,"[2.3658527e-02 9.6062064e-01 2.0780228e-03 1.7527307e-03 2.8185460e-03
 2.5981714e-03 8.7307987e-04 1.5129216e-03 1.0682998e-03 4.3447802e-04
 8.3306088e-04 5.3518778e-04 6.1941729e-04 5.9674447e-04]"
13,3,"[0.00660351 0.00435064 0.00836827 0.00371743 0.00495374 0.00947778
 0.00673129 0.00820592 0.00759083 0.36271337 0.00657923 0.02836117
 0.0179018  0.524445  ]"
8,7,"[0.1580021  0.03041468 0.06055249 0.0094962  0.00647094 0.04358622
 0.00703225 0.00655876 0.6208392  0.00368101 0.02681984 0.00422378
 0.00901183 0.01331087]"
0,1,"[9.2763841e-01 2.7360491e-02 2.1343803e-02 7.6724589e-03 1.4807928e-03
 2.1482441e-03 9.9384016e-04 1.4350809e-03 4.1995985e-03 7.1661349e-04
 9.1701112e-04 5.0771591e-04 8.1623066e-04 2.7697599e-03]"
0,0,"[9.8089498e-01 4.5805895e-03 4.0602810e-03 1.9090432e-03 4.5549663e-04
 1.7447604e-03 3.8333589e-04 5.6901528e-04 2.6787138e-03 3.2908106e-04
 3.3952869e-04 1.7914597e-04 4.0708081e-04 1.4692664e-03]"
11,1,"[5.3634000e-04 1.7707874e-03 2.4803246e-03 1.9068377e-02 3.1176161e-03
 3.0935123e-03 4.5702234e-03 3.7293925e-03 3.1499087e-03 8.5151335e-03
 2.5925138e-03 9.3546683e-01 5.6830309e-03 6.2261014e-03]"
1,0,"[1.4353444e-02 9.5792210e-01 1.5703059e-03 8.8806602e-04 1.9402825e-03
 6.5560425e-03 1.7867365e-03 4.5755766e-03 4.6651368e-03 6.4652058e-04
 2.3958548e-03 6.7972241e-04 9.2510629e-04 1.0950579e-03]"
1,5,"[7.9573970e-03 9.7675872e-01 1.1672891e-03 1.0487059e-03 2.7416819e-03
 1.9549606e-03 9.8544988e-04 3.2746005e-03 9.1880135e-04 4.9424270e-04
 9.7233237e-04 5.6082290e-04 6.5160479e-04 5.1320816e-04]"
5,11,"[2.4412924e-03 3.6663050e-03 1.1009898e-03 9.1183640e-04 1.4051648e-03
 9.5729256e-01 1.2525096e-02 1.2047772e-03 4.7901976e-03 1.0190826e-03
 7.7014202e-03 1.5996331e-03 1.5594364e-03 2.7823846e-03]"
4,0,"[0.0028161  0.01489937 0.00463368 0.00370435 0.9581872  0.00148052
 0.00120976 0.00183765 0.00134851 0.00223458 0.00159043 0.00183375
 0.00290738 0.00131664]"
4,7,"[0.00301504 0.01588817 0.00509519 0.00329705 0.9572734  0.0014467
 0.00107783 0.00181515 0.00128399 0.00228136 0.00150433 0.00172443
 0.00294441 0.0013529 ]"
0,4,"[8.7998438e-01 6.9621935e-02 2.1251891e-02 7.0983847e-03 6.6944496e-03
 3.3805515e-03 1.2926878e-03 1.1087795e-03 3.9078011e-03 7.6978636e-04
 9.6933002e-04 5.4427772e-04 9.4540126e-04 2.4303067e-03]"
0,0,"[9.8251432e-01 4.3276809e-03 3.4557350e-03 2.2017793e-03 5.2028830e-04
 1.3338079e-03 3.8195236e-04 5.5864186e-04 2.3410865e-03 3.0060660e-04
 2.9767735e-04 1.7534246e-04 3.7058612e-04 1.2203333e-03]"
4,13,"[0.00489906 0.01743098 0.00477604 0.00378691 0.9530609  0.00167269
 0.00117869 0.0017982  0.00159369 0.00221728 0.00149142 0.00157734
 0.00281745 0.00169926]"
0,5,"[0.82000506 0.02122126 0.10552581 0.01753945 0.00211618 0.00354417
 0.00131569 0.00284647 0.00871869 0.00222413 0.00253256 0.00119987
 0.0026721  0.00853868]"
0,6,"[9.7159696e-01 9.6364841e-03 2.4686989e-03 1.8021986e-03 9.2766271e-04
 4.1478071e-03 5.6866102e-04 7.9284835e-04 4.1778078e-03 4.5642981e-04
 4.6397338e-04 2.6389593e-04 6.4215995e-04 2.0544436e-03]"
1,6,"[0.0923135  0.85219806 0.02508352 0.00515576 0.00649057 0.00366893
 0.00153046 0.0024124  0.0035549  0.00127448 0.00234854 0.0013757
 0.00129057 0.00130253]"
7,0,"[0.00532821 0.12617059 0.00248042 0.00155949 0.01431634 0.00273425
 0.00262088 0.82021785 0.0051036  0.0038175  0.00605487 0.00282768
 0.00430702 0.00246124]"
0,0,"[0.548245   0.07627541 0.2962592  0.03370723 0.01831258 0.00512805
 0.00197031 0.00276099 0.0058744  0.00204384 0.00309797 0.001483
 0.00196978 0.00287235]"
0,0,"[9.7766703e-01 2.3864487e-03 7.0570614e-03 5.4306649e-03 8.8638283e-04
 1.0003701e-03 3.4799965e-04 6.0253427e-04 1.5295020e-03 4.0390078e-04
 3.9902542e-04 2.5830267e-04 4.8657652e-04 1.5443570e-03]"
0,4,"[9.2399347e-01 6.6788001e-03 4.9253829e-02 8.8779740e-03 1.4245233e-03
 1.1899120e-03 4.5421987e-04 1.0030433e-03 2.9152581e-03 7.0414948e-04
 8.3610375e-04 3.2983377e-04 6.1858993e-04 1.7201656e-03]"
0,1,"[9.8275894e-01 4.1122162e-03 4.2466479e-03 2.7825416e-03 7.4094959e-04
 8.7361503e-04 3.2633217e-04 5.9020723e-04 1.4306285e-03 3.0274366e-04
 2.6249647e-04 1.9932253e-04 3.8125963e-04 9.9223037e-04]"
7,0,"[0.00540313 0.08815592 0.00211843 0.00146521 0.01287522 0.00239342
 0.00247081 0.86249465 0.00449233 0.00371063 0.00532288 0.00282619
 0.00373017 0.00254107]"
3,0,"[0.00707562 0.00203726 0.05916958 0.9071465  0.0056857  0.00116031
 0.0022067  0.00123144 0.00168189 0.00204845 0.00232518 0.00527186
 0.00162563 0.00133369]"
10,0,"[0.00156044 0.00618962 0.00489502 0.00170522 0.00281654 0.20827124
 0.05433543 0.00478925 0.00952176 0.00309692 0.69121736 0.00284623
 0.00455685 0.00419797]"
4,10,"[0.00220854 0.01223316 0.00495874 0.00333726 0.9597403  0.00148649
 0.00130857 0.00202427 0.00142558 0.00236652 0.00194026 0.00196993
 0.00364155 0.00135878]"
7,0,"[0.01884555 0.24494454 0.00309564 0.00195323 0.00913125 0.00408031
 0.00297236 0.68833077 0.00540628 0.00437055 0.00569919 0.00314938
 0.00376645 0.00425454]"
8,0,"[0.02653236 0.00535944 0.00446333 0.00237588 0.00225794 0.01564946
 0.00419462 0.00363094 0.9167608  0.00219351 0.00730392 0.00240884
 0.00371375 0.00315513]"
0,2,"[9.8238671e-01 4.1158423e-03 3.5879384e-03 2.1793807e-03 5.5232382e-04
 1.7518355e-03 3.2964046e-04 4.7138729e-04 2.1863536e-03 2.8529938e-04
 3.0468855e-04 1.9276964e-04 3.7984288e-04 1.2761774e-03]"
2,1,"[0.03534314 0.04999892 0.50710493 0.02799192 0.32329327 0.00557818
 0.00286742 0.00398336 0.00856756 0.00703664 0.01037303 0.00489089
 0.00912378 0.00384702]"
9,1,"[0.00118869 0.0016289  0.01183964 0.0026996  0.00327453 0.00257663
 0.00383336 0.00414646 0.00276324 0.90532935 0.0041812  0.02477409
 0.01127215 0.0204921 ]"
5,3,"[0.00255297 0.00421464 0.00157898 0.00091015 0.00143284 0.88616323
 0.04488317 0.00182478 0.02443635 0.00129973 0.02261426 0.00222011
 0.00236263 0.00350606]"
4,2,"[0.01051906 0.10274618 0.01094905 0.00613514 0.8482868  0.00266807
 0.0017137  0.00276679 0.00195711 0.0027334  0.0022326  0.00205235
 0.00332656 0.00191328]"
10,8,"[0.00118256 0.00390578 0.00358441 0.00431718 0.00206538 0.05311374
 0.38401654 0.00393905 0.00761712 0.00316885 0.5242107  0.00275862
 0.0034976  0.0026224 ]"
1,1,"[0.00764961 0.9131485  0.00176564 0.0016452  0.00406173 0.03911091
 0.00743605 0.00709446 0.00350568 0.00110163 0.00899694 0.0012065
 0.00170284 0.00157417]"
0,0,"[9.8508191e-01 3.6823496e-03 2.9920207e-03 2.4182764e-03 5.4008380e-04
 8.8494632e-04 2.9157824e-04 5.9221109e-04 1.3485380e-03 2.9294286e-04
 2.5091693e-04 1.7413124e-04 3.4922981e-04 1.1006966e-03]"
1,0,"[9.5611420e-03 9.4955802e-01 3.0385084e-03 8.9442814e-03 1.3111738e-02
 2.2993344e-03 2.5409451e-03 3.8903013e-03 1.2382373e-03 1.0448989e-03
 1.3533361e-03 1.5428163e-03 1.0786604e-03 7.9764676e-04]"
1,1,"[1.0618576e-02 9.6764231e-01 1.2285348e-03 2.9844546e-03 3.2501519e-03
 3.4509290e-03 2.5559464e-03 2.3440439e-03 1.4290668e-03 6.6829164e-04
 1.5013579e-03 8.0643618e-04 8.0644002e-04 7.1328814e-04]"
0,1,"[9.7388101e-01 4.6076425e-03 2.3855763e-03 1.8055250e-03 7.6019356e-04
 5.5748885e-03 6.1632582e-04 6.8865239e-04 5.4247668e-03 4.2925874e-04
 4.4386144e-04 3.4022820e-04 6.0517754e-04 2.4368442e-03]"
0,0,"[9.8214102e-01 2.1203069e-03 3.5535609e-03 1.8284011e-03 4.9224077e-04
 1.6822084e-03 3.1117679e-04 5.1473558e-04 3.0217238e-03 4.5451234e-04
 3.4998043e-04 2.5196309e-04 4.6374166e-04 2.8145129e-03]"
3,6,"[3.0249178e-03 1.2138018e-03 5.4375455e-03 9.7233373e-01 4.2421697e-03
 7.9177442e-04 1.8966360e-03 8.2443206e-04 8.1571931e-04 9.6929359e-04
 8.5222506e-04 5.8258288e-03 8.2215434e-04 9.4990368e-04]"
11,5,"[5.7142507e-04 2.4882851e-03 2.3783462e-03 8.1504639e-03 3.1266452e-03
 3.8848587e-03 6.3066981e-03 4.5181401e-03 3.6729521e-03 1.0405709e-02
 3.0863399e-03 9.4032550e-01 5.7637631e-03 5.3209849e-03]"
0,0,"[9.8415494e-01 2.1379099e-03 3.4741920e-03 1.6740870e-03 5.3975522e-04
 1.3603425e-03 2.6917012e-04 5.4720679e-04 2.3384991e-03 3.5009492e-04
 3.2503804e-04 1.7696871e-04 4.3410403e-04 2.2177203e-03]"
1,0,"[8.8843983e-03 9.7660142e-01 1.1304690e-03 9.0626511e-04 1.8254078e-03
 2.6021276e-03 1.0061525e-03 2.5560309e-03 1.1427420e-03 4.8415543e-04
 1.0955455e-03 5.4372195e-04 6.4351829e-04 5.7809288e-04]"
3,0,"[3.1793697e-03 1.2032068e-03 5.7533793e-03 9.6709585e-01 2.7292708e-03
 8.9308940e-04 2.4476906e-03 9.2493079e-04 8.2008709e-04 1.4414852e-03
 1.0278582e-03 1.0513525e-02 9.4297918e-04 1.0273476e-03]"
0,2,"[9.8020476e-01 7.0850719e-03 3.9681639e-03 2.2495375e-03 8.2270807e-04
 1.1077021e-03 3.3327797e-04 5.8072741e-04 1.4788860e-03 3.1340803e-04
 3.0681054e-04 1.6474808e-04 3.7347921e-04 1.0106597e-03]"
1,7,"[6.5003959e-03 9.7676313e-01 1.2336401e-03 1.0450111e-03 3.3866644e-03
 1.9630815e-03 1.0711353e-03 3.6389574e-03 9.4348809e-04 5.5543828e-04
 1.0187081e-03 6.1788480e-04 7.3111674e-04 5.3135853e-04]"
0,0,"[9.7693175e-01 4.3147146e-03 6.8275402e-03 2.7108991e-03 9.0290938e-04
 1.7345973e-03 3.9542795e-04 5.4607168e-04 3.0543443e-03 3.2942969e-04
 3.3601714e-04 1.9094114e-04 3.9178651e-04 1.3335613e-03]"
7,4,"[0.00881153 0.1017317  0.00215975 0.00170956 0.01052612 0.00270767
 0.00236801 0.8484592  0.00442325 0.00341704 0.00488428 0.00269986
 0.00328387 0.00281832]"
4,5,"[0.00238877 0.01682906 0.00415938 0.00299583 0.9556922  0.0017044
 0.0014119  0.00226207 0.00161326 0.00223313 0.00190871 0.00190052
 0.00351185 0.0013891 ]"
11,0,"[5.74442500e-04 2.16201227e-03 2.34894245e-03 1.01261241e-02
 3.33000789e-03 3.96275753e-03 5.66574745e-03 4.78452677e-03
 3.71901481e-03 1.01323025e-02 2.81292084e-03 9.37661409e-01
 5.41943638e-03 7.30033126e-03]"
0,0,"[9.8164696e-01 3.6752757e-03 3.0685447e-03 2.3641891e-03 7.3933951e-04
 1.3795954e-03 3.5849973e-04 8.0967799e-04 3.0228433e-03 3.8897764e-04
 3.5134098e-04 1.8939521e-04 5.2432274e-04 1.4809772e-03]"
4,3,"[0.00634568 0.02168172 0.03993281 0.00745269 0.8949229  0.00276931
 0.00179699 0.00283511 0.00285555 0.00426209 0.00478161 0.0028481
 0.00509876 0.00241673]"
2,0,"[0.19890127 0.0118751  0.74341714 0.01430434 0.00664868 0.00313899
 0.00103753 0.00160418 0.00511733 0.00272965 0.00376137 0.00167207
 0.00203571 0.0037567 ]"
0,0,"[9.6239573e-01 3.7496567e-03 2.9392389e-03 3.8459387e-03 1.0318939e-03
 5.1163239e-03 1.0983249e-03 9.4877213e-04 1.2443533e-02 5.9930660e-04
 4.3017586e-04 4.0016993e-04 7.9478929e-04 4.2060157e-03]"
0,11,"[8.7437493e-01 4.0225953e-02 4.4964556e-02 1.8940166e-02 6.0754595e-03
 3.4771475e-03 1.3416033e-03 1.6560596e-03 3.1921992e-03 8.1491179e-04
 1.4606606e-03 7.5438531e-04 1.1244559e-03 1.5976378e-03]"
3,0,"[5.8570523e-02 2.6564377e-03 1.2342755e-02 9.0897012e-01 2.9147950e-03
 1.4423882e-03 2.2953844e-03 1.2172391e-03 2.1798040e-03 1.1055953e-03
 1.0482890e-03 3.0358483e-03 8.7201764e-04 1.3488047e-03]"
5,0,"[3.8983182e-03 3.7237108e-03 1.4551483e-03 8.9268538e-04 1.2905578e-03
 9.2167211e-01 2.5825758e-02 1.5895059e-03 2.2605950e-02 1.2636014e-03
 9.2177801e-03 1.6957431e-03 1.8328142e-03 3.0363086e-03]"
7,0,"[0.01044023 0.36222377 0.00244977 0.00249662 0.02062845 0.00365798
 0.00331176 0.5634291  0.00501328 0.00442344 0.00706093 0.00405197
 0.00755421 0.00325838]"
0,0,"[9.7825223e-01 8.2958164e-03 3.1908336e-03 2.3623444e-03 8.5685216e-04
 1.3630234e-03 3.8852240e-04 6.6747685e-04 2.0156596e-03 3.2889613e-04
 2.9546657e-04 2.0671455e-04 4.4688472e-04 1.3292554e-03]"
0,0,"[9.7263330e-01 6.8988474e-03 3.9332546e-03 2.2011183e-03 1.0748721e-03
 4.0736464e-03 4.9394788e-04 7.9110725e-04 4.3568267e-03 3.6431977e-04
 5.3338689e-04 2.9868548e-04 6.0831249e-04 1.7385092e-03]"
0,3,"[9.7969639e-01 2.3624871e-03 1.7057593e-03 2.3272412e-03 5.6060922e-04
 3.3505771e-03 6.0242845e-04 7.1175414e-04 3.7291830e-03 4.7256771e-04
 4.4367701e-04 3.1086203e-04 5.9766986e-04 3.1288378e-03]"
5,7,"[0.00320929 0.00479177 0.00095334 0.00096748 0.00128706 0.92850953
 0.03425892 0.00143303 0.00921505 0.00110453 0.00898147 0.00159694
 0.00145854 0.00223298]"
0,4,"[9.7340584e-01 4.2163427e-03 3.4908669e-03 9.8866494e-03 1.1087046e-03
 1.6169399e-03 6.6218543e-04 7.9521537e-04 2.0864410e-03 3.5211747e-04
 3.2736256e-04 3.1294822e-04 5.0372328e-04 1.2345460e-03]"
13,0,"[0.24597055 0.01858982 0.01288221 0.00836066 0.0052001  0.00917289
 0.00517685 0.01364328 0.00751355 0.08585072 0.00277273 0.01051187
 0.00819705 0.5661577 ]"
1,3,"[2.9064164e-02 9.4972968e-01 1.7371315e-03 1.0503299e-03 1.5487315e-03
 7.0036720e-03 1.2079433e-03 1.9083706e-03 2.3193571e-03 4.7529591e-04
 1.5856732e-03 5.9957389e-04 8.2842854e-04 9.4173593e-04]"
1,3,"[2.2605479e-02 9.4674504e-01 1.6250105e-03 1.4918968e-03 1.6896952e-03
 1.1062834e-02 2.2269844e-03 3.0443938e-03 3.1473213e-03 7.2509714e-04
 2.5250793e-03 8.4264000e-04 9.9817256e-04 1.2704503e-03]"
0,11,"[9.8615509e-01 2.2018419e-03 2.1640114e-03 2.3385338e-03 5.5430684e-04
 1.1845365e-03 2.8807044e-04 4.9552880e-04 1.6459437e-03 3.1912990e-04
 2.0727378e-04 1.9298754e-04 3.6704226e-04 1.8857426e-03]"
1,4,"[1.1635956e-02 9.6942228e-01 1.5830349e-03 9.6562621e-04 2.4629643e-03
 2.4680845e-03 1.0752017e-03 5.1988373e-03 1.4025031e-03 5.2962836e-04
 1.2243355e-03 6.2355207e-04 7.2172511e-04 6.8622461e-04]"
1,8,"[0.0188384  0.8853385  0.04053439 0.00446828 0.02120731 0.00300126
 0.00237256 0.00755135 0.00293219 0.00324531 0.00473106 0.00204137
 0.00235705 0.0013811 ]"
6,6,"[6.1802205e-04 1.5863479e-03 9.6752524e-04 4.8163999e-03 1.6560435e-03
 1.2929564e-02 9.4398260e-01 2.7055496e-03 3.1616047e-03 3.0864363e-03
 1.5020500e-02 5.8526518e-03 2.3360171e-03 1.2807546e-03]"
4,4,"[0.00253878 0.01404628 0.00427407 0.00664091 0.954983   0.00152802
 0.00176069 0.00205084 0.00136288 0.00227558 0.00175629 0.00234596
 0.0031392  0.00129742]"
0,7,"[0.8012552  0.0165042  0.15349357 0.0071561  0.00290442 0.00269591
 0.00080143 0.0017961  0.00418899 0.00164272 0.00183121 0.00081079
 0.00123401 0.00368548]"
6,11,"[0.00098814 0.00190987 0.00112095 0.00519956 0.00125707 0.03046754
 0.92470556 0.00221002 0.00571593 0.0022065  0.01716026 0.00370229
 0.00185136 0.00150476]"
0,1,"[8.5783851e-01 7.3241415e-03 7.6488905e-02 4.0072411e-02 2.3056767e-03
 2.3248743e-03 1.1188375e-03 1.3864101e-03 4.3562036e-03 1.0275538e-03
 1.2732100e-03 8.2056975e-04 1.0061235e-03 2.6567196e-03]"
2,9,"[0.00299875 0.0020054  0.81317174 0.00854036 0.0049555  0.00197096
 0.00268162 0.00253087 0.00501695 0.11353281 0.00952864 0.01377935
 0.01380441 0.00548265]"
9,5,"[0.0011436  0.00205591 0.01410375 0.0038774  0.00352091 0.00212763
 0.00356707 0.00626046 0.0026734  0.89644235 0.00392972 0.0362842
 0.00837554 0.01563807]"
0,1,"[9.7051316e-01 1.0610674e-02 3.0230109e-03 2.0347463e-03 8.6731557e-04
 3.4188787e-03 6.3578069e-04 9.7591244e-04 4.1118809e-03 4.3111522e-04
 5.6640309e-04 2.7760264e-04 6.4488559e-04 1.8888549e-03]"
0,13,"[9.7001040e-01 1.0072689e-02 3.7417242e-03 2.8778866e-03 2.4669466e-03
 2.7517378e-03 4.8651535e-04 7.7223533e-04 3.0640818e-03 4.5345581e-04
 3.6065577e-04 2.9773632e-04 6.7337131e-04 1.9706974e-03]"
1,7,"[0.24648632 0.7027255  0.01408286 0.00628428 0.00497001 0.00893084
 0.00193294 0.00155576 0.00574937 0.00085773 0.00170231 0.00113648
 0.00129466 0.00229079]"
0,0,"[9.8242283e-01 4.5546778e-03 3.6855752e-03 2.9840025e-03 6.2210666e-04
 1.0588155e-03 3.4540871e-04 5.8099779e-04 1.5331403e-03 2.8970363e-04
 2.7829298e-04 1.8477642e-04 3.5509112e-04 1.1045702e-03]"
6,1,"[0.01652828 0.00952304 0.00446967 0.04105257 0.00942434 0.33792862
 0.50797755 0.0032674  0.02723577 0.00293422 0.02431547 0.008534
 0.00285228 0.0039569 ]"
1,2,"[3.2106470e-02 9.5264328e-01 2.2066799e-03 1.3952559e-03 2.1327168e-03
 2.3863232e-03 7.5262063e-04 1.7151920e-03 1.2613337e-03 5.1944761e-04
 9.3978265e-04 5.3870789e-04 6.5917283e-04 7.4321666e-04]"
0,0,"[9.8228627e-01 5.3045228e-03 2.7696339e-03 2.3221651e-03 6.1240559e-04
 1.4602859e-03 3.6918555e-04 6.5200054e-04 1.8120456e-03 3.1741473e-04
 3.0995655e-04 2.0133995e-04 3.6320093e-04 1.2195114e-03]"
4,9,"[0.00278507 0.0160369  0.00401012 0.00313254 0.9582961  0.00141539
 0.00120405 0.00186952 0.00126453 0.00223237 0.00158539 0.00170792
 0.00310625 0.00135386]"
0,0,"[9.8450893e-01 3.1986427e-03 2.1246134e-03 1.6920528e-03 6.5635954e-04
 1.6058283e-03 3.1369607e-04 5.8358931e-04 2.3488144e-03 3.9861584e-04
 2.6568229e-04 2.1449394e-04 4.5366725e-04 1.6348806e-03]"
6,12,"[0.00078663 0.00275792 0.0016768  0.00257125 0.00155171 0.04925817
 0.7829012  0.00268356 0.00625308 0.00272866 0.13900886 0.00285886
 0.00307119 0.00189214]"
12,4,"[0.00221838 0.00375914 0.00378404 0.00329266 0.00557487 0.00377409
 0.00437381 0.00479271 0.00586446 0.00831666 0.00672795 0.01760231
 0.92391735 0.00600151]"
3,2,"[4.6310462e-03 1.1368451e-03 4.2212121e-03 9.7410822e-01 2.5257298e-03
 8.0954225e-04 2.2745882e-03 8.3583314e-04 7.9101283e-04 9.9518383e-04
 8.3721802e-04 5.2709533e-03 6.5746752e-04 9.0508239e-04]"
1,2,"[9.4489129e-03 9.7462976e-01 1.4172023e-03 1.1293105e-03 2.8398677e-03
 2.1222536e-03 1.0090115e-03 3.1843691e-03 1.0386624e-03 4.8629165e-04
 9.1190555e-04 5.6919816e-04 6.4057979e-04 5.7271891e-04]"
5,9,"[0.00240276 0.00517339 0.00133021 0.00154555 0.00182192 0.89181113
 0.06707586 0.00178786 0.00775249 0.00172121 0.00991824 0.00259112
 0.00190951 0.00315874]"
1,1,"[3.2322645e-02 9.5059991e-01 2.0650893e-03 1.6704984e-03 3.5948141e-03
 2.9680068e-03 8.5145986e-04 1.4112962e-03 1.1785076e-03 4.6757128e-04
 9.3819358e-04 4.9748266e-04 6.5571058e-04 7.7896193e-04]"
4,7,"[0.00195942 0.01186646 0.00481266 0.00618578 0.9558585  0.00163469
 0.00194122 0.00218122 0.00141319 0.00248298 0.00215195 0.00263008
 0.00355136 0.00133045]"
2,0,"[1.6937023e-02 2.6541578e-03 9.4694608e-01 1.0620373e-02 1.6891935e-03
 1.6226135e-03 1.3523127e-03 8.5822656e-04 4.4351136e-03 3.4476887e-03
 4.0960107e-03 1.9699691e-03 1.8769031e-03 1.4940925e-03]"
4,8,"[0.00295136 0.01382685 0.00379614 0.00303053 0.96043056 0.00147715
 0.00116789 0.00191991 0.00141891 0.00217496 0.00154556 0.00174062
 0.00306127 0.00145821]"
0,4,"[9.7722399e-01 5.4160520e-03 4.1482612e-03 2.4337335e-03 6.8630965e-04
 2.0734533e-03 4.1403662e-04 6.1774760e-04 3.9756158e-03 3.4570575e-04
 3.6332585e-04 2.1990348e-04 5.0031091e-04 1.5814754e-03]"
0,12,"[0.7368748  0.12832999 0.08470795 0.01639016 0.0042087  0.00492955
 0.00193412 0.00295648 0.00860095 0.00164795 0.0031201  0.00123789
 0.00184104 0.00322032]"
5,0,"[0.02336198 0.00912826 0.00345406 0.00219591 0.00295736 0.7233377
 0.01445636 0.00339416 0.19054161 0.00222254 0.0098565  0.00462853
 0.00381166 0.00665335]"
2,4,"[1.5009154e-02 3.7620610e-03 9.5507586e-01 5.9334869e-03 3.2371683e-03
 1.4808276e-03 8.2153734e-04 9.5491222e-04 2.6519122e-03 2.8157074e-03
 3.3701777e-03 1.4829673e-03 1.8686694e-03 1.5355248e-03]"
8,6,"[0.04009511 0.0088236  0.00389235 0.00248198 0.00245411 0.02559748
 0.0044348  0.00346438 0.89130616 0.00206901 0.00502899 0.00271707
 0.00317158 0.00446333]"
0,3,"[9.8105067e-01 3.0901423e-03 1.9320602e-03 2.3244873e-03 6.2304205e-04
 2.6584826e-03 4.7227149e-04 7.0626271e-04 3.6568781e-03 3.6587022e-04
 3.1617488e-04 2.8254269e-04 5.2948901e-04 1.9917248e-03]"
4,13,"[0.00751687 0.01824879 0.005285   0.00332906 0.94862026 0.00193875
 0.00109383 0.00184436 0.00191862 0.00223335 0.00141743 0.00160239
 0.00289168 0.00205971]"
9,3,"[0.00260167 0.00275228 0.01157245 0.00402176 0.00381907 0.00375271
 0.00429541 0.00610798 0.0030236  0.868643   0.0036684  0.02567568
 0.00808767 0.05197832]"
0,2,"[9.8447138e-01 2.3870363e-03 3.6021951e-03 2.2807245e-03 6.0891511e-04
 1.2599322e-03 2.9647624e-04 4.6881629e-04 2.1746818e-03 3.0916982e-04
 2.6233721e-04 1.8037704e-04 4.0726940e-04 1.2906799e-03]"
1,1,"[0.3844551  0.4344689  0.08470321 0.02299881 0.04049699 0.00645105
 0.00254502 0.00264048 0.00689727 0.00238481 0.00417812 0.0018521
 0.00277111 0.0031571 ]"
7,5,"[0.02234    0.25913677 0.00354228 0.00227686 0.01314459 0.00379045
 0.00304437 0.6666508  0.00558036 0.00378611 0.00550447 0.0031346
 0.00377187 0.00429649]"
12,5,"[0.00204612 0.00396613 0.00387098 0.00329939 0.00640717 0.00370048
 0.004649   0.00511555 0.00621494 0.00790431 0.00730226 0.0167682
 0.9229702  0.00578536]"
4,0,"[0.00403948 0.01639056 0.01047033 0.00442864 0.9463727  0.00165968
 0.00106882 0.00202711 0.0018209  0.00259401 0.00213683 0.00204985
 0.00330345 0.00163769]"
11,0,"[5.36430685e-04 1.98613899e-03 3.00635817e-03 1.45224035e-02
 2.82801781e-03 3.32041550e-03 5.76249138e-03 3.69467773e-03
 3.42444982e-03 8.69244803e-03 3.41526070e-03 9.39174414e-01
 5.24167204e-03 4.39485861e-03]"
1,1,"[6.4789876e-02 9.1106212e-01 2.6193508e-03 2.5181691e-03 2.9763023e-03
 6.0073985e-03 1.5412893e-03 1.6605579e-03 2.5330954e-03 5.4329878e-04
 1.3354077e-03 6.1622675e-04 7.8065135e-04 1.0163558e-03]"
0,5,"[9.5064312e-01 5.3662774e-03 2.4857277e-02 6.7578047e-03 9.6800242e-04
 1.9041213e-03 5.2267569e-04 9.8746747e-04 3.1708507e-03 6.5573852e-04
 9.7243860e-04 3.7144785e-04 7.4703590e-04 2.0756905e-03]"
2,0,"[5.2076322e-03 1.1715083e-03 9.5650256e-01 6.8274657e-03 1.7739381e-03
 1.1281897e-03 1.1675406e-03 7.9879264e-04 2.6296407e-03 9.7671933e-03
 5.6831045e-03 2.7742919e-03 2.8755644e-03 1.6927269e-03]"
7,5,"[0.00544835 0.06510998 0.00161782 0.00146408 0.01074989 0.0023632
 0.00228617 0.8900583  0.00405072 0.00308153 0.00461841 0.00297064
 0.003338   0.0028428 ]"
5,3,"[1.7112874e-03 3.5146337e-03 1.3592286e-03 7.0434465e-04 1.3765558e-03
 9.3889743e-01 1.6771434e-02 1.3653822e-03 5.8685369e-03 1.0280892e-03
 2.1830138e-02 1.4402935e-03 1.4816915e-03 2.6510472e-03]"
11,1,"[4.8694244e-04 1.8592788e-03 2.4059005e-03 6.6938666e-03 2.6698776e-03
 3.7269592e-03 4.0405616e-03 4.2456468e-03 3.6521575e-03 1.1473451e-02
 2.7956807e-03 9.4255620e-01 5.5757118e-03 7.8178067e-03]"
0,0,"[8.5444248e-01 6.5158335e-03 1.6124405e-02 1.0651780e-01 2.5985539e-03
 1.8896419e-03 1.3540636e-03 1.5133889e-03 3.5888010e-03 7.8364986e-04
 8.6764467e-04 8.8291022e-04 1.0248504e-03 1.8958179e-03]"
0,4,"[9.7325391e-01 1.1446961e-02 3.8911074e-03 2.8104146e-03 9.2763815e-04
 1.6712501e-03 4.7829314e-04 7.4392837e-04 2.0761825e-03 3.4000765e-04
 3.5719664e-04 2.1982387e-04 5.2610843e-04 1.2571194e-03]"
6,11,"[7.9781597e-04 1.7395882e-03 9.8357897e-04 3.0473492e-03 1.3143473e-03
 4.1256044e-02 9.1855085e-01 1.9046388e-03 5.1260530e-03 1.8544205e-03
 1.8005425e-02 2.6600207e-03 1.4679456e-03 1.2920762e-03]"
4,0,"[0.00353843 0.01492815 0.00417523 0.00501587 0.95654535 0.0014174
 0.00129192 0.0018756  0.00137407 0.00218852 0.00144015 0.00192178
 0.0029094  0.00137814]"
0,0,"[0.6763242  0.27605113 0.00613978 0.00438301 0.00233594 0.01143826
 0.00200261 0.00398868 0.00780509 0.00109137 0.00174137 0.00099424
 0.00174316 0.00396122]"
0,6,"[9.7044659e-01 6.4901137e-03 8.3456114e-03 4.7540385e-03 7.2412565e-04
 1.7039625e-03 6.1515585e-04 6.9170387e-04 3.3988953e-03 3.3774061e-04
 4.3980146e-04 3.0628458e-04 4.2979952e-04 1.3164476e-03]"
0,4,"[9.7794652e-01 2.8837097e-03 3.1412558e-03 2.9756387e-03 8.7661756e-04
 3.2618474e-03 5.3954974e-04 5.1354541e-04 4.6880832e-03 3.3765979e-04
 3.6376185e-04 2.6945423e-04 5.0202198e-04 1.7007285e-03]"
0,7,"[9.7771376e-01 5.7228887e-03 4.6831919e-03 2.9251475e-03 1.2066558e-03
 2.0903652e-03 4.0229911e-04 5.2084465e-04 2.2916687e-03 3.1348184e-04
 3.1920773e-04 2.1565086e-04 4.6717297e-04 1.1276809e-03]"
0,3,"[0.7359383  0.00816966 0.21630058 0.01419715 0.00195227 0.00233382
 0.00126732 0.0017021  0.00632611 0.00224341 0.00372809 0.00119138
 0.00148332 0.00316659]"
0,6,"[9.7630709e-01 4.0999157e-03 2.5543920e-03 1.5336674e-03 6.9763971e-04
 3.8175276e-03 4.8675798e-04 7.0613693e-04 5.5563827e-03 4.4838482e-04
 3.8624759e-04 2.7828422e-04 5.4237130e-04 2.5852975e-03]"
0,8,"[9.7542518e-01 4.9482770e-03 8.2266387e-03 2.0812689e-03 1.1349957e-03
 1.5024495e-03 2.8566882e-04 6.3746405e-04 2.7213590e-03 3.9284374e-04
 3.8803447e-04 2.2224434e-04 4.4606585e-04 1.5874880e-03]"
2,0,"[0.24048443 0.01443054 0.6493975  0.04219806 0.00880997 0.00517028
 0.00282305 0.00173861 0.01323642 0.00273981 0.00829983 0.00210201
 0.00481278 0.00375667]"
5,1,"[5.6291842e-03 3.5164540e-03 1.8349313e-03 9.0686994e-04 1.7596134e-03
 9.3157703e-01 1.6034991e-02 1.5195196e-03 1.0314449e-02 9.9174504e-04
 1.9883176e-02 1.5696497e-03 1.8322264e-03 2.6301693e-03]"
3,0,"[2.3505380e-02 2.3901348e-03 1.0046931e-02 9.4816035e-01 3.1802005e-03
 1.2734287e-03 2.4382558e-03 9.8857016e-04 1.7271201e-03 8.3921431e-04
 9.9807256e-04 2.7141578e-03 7.7247410e-04 9.6573349e-04]"
0,1,"[9.7566438e-01 3.8713617e-03 2.4723497e-03 2.7845891e-03 7.2141935e-04
 4.9125073e-03 6.0925720e-04 6.3158112e-04 3.9471281e-03 3.5681203e-04
 3.5139910e-04 3.2965463e-04 5.7287351e-04 2.7749238e-03]"
13,3,"[0.02395391 0.0063644  0.00602487 0.01226688 0.00630904 0.01771838
 0.00722638 0.0128673  0.03297236 0.03579765 0.00587802 0.2592813
 0.016749   0.55659044]"
1,0,"[8.8903829e-03 9.7481585e-01 1.2906792e-03 1.3578042e-03 3.6840844e-03
 2.1134238e-03 1.0070757e-03 2.7293104e-03 9.4801717e-04 4.8249724e-04
 8.8541256e-04 6.0626620e-04 6.3003961e-04 5.5910641e-04]"
0,0,"[9.2463821e-01 7.3573794e-03 4.1979857e-02 1.0469482e-02 1.6559282e-03
 2.3959684e-03 6.3684041e-04 1.0272244e-03 4.0983539e-03 8.0585753e-04
 1.2596088e-03 4.2065655e-04 8.7892060e-04 2.3757885e-03]"
0,0,"[9.8353577e-01 3.8262282e-03 3.1027272e-03 1.9688120e-03 4.7185089e-04
 1.4192186e-03 3.3695012e-04 6.3034071e-04 2.2666994e-03 3.0580605e-04
 2.8302698e-04 1.8616568e-04 4.4033211e-04 1.2260809e-03]"
0,5,"[9.7215706e-01 6.4987661e-03 4.0816530e-03 2.1736391e-03 1.5491446e-03
 4.0239240e-03 4.9747003e-04 5.6675141e-04 4.8778201e-03 3.7578825e-04
 4.3216371e-04 2.5326019e-04 5.6246319e-04 1.9502556e-03]"
1,9,"[2.5196757e-02 9.6029466e-01 1.5623731e-03 1.4861303e-03 1.9723761e-03
 2.5873885e-03 8.7036233e-04 1.5731109e-03 1.1664497e-03 5.2650296e-04
 9.2141074e-04 5.4313178e-04 6.5185665e-04 6.4748985e-04]"
2,5,"[0.04994899 0.05217235 0.8229292  0.01166277 0.00839545 0.00433328
 0.00212917 0.00547712 0.00893523 0.00754729 0.01338627 0.00265756
 0.00695748 0.00346769]"
0,1,"[8.58423591e-01 1.06807984e-01 7.59446248e-03 3.82406171e-03
 1.96984154e-03 5.60957892e-03 1.51691143e-03 2.20106775e-03
 6.06389437e-03 7.49759900e-04 1.34227984e-03 5.12692961e-04
 1.06078060e-03 2.32317206e-03]"
1,6,"[2.1941170e-02 9.6063304e-01 1.8767428e-03 2.4742489e-03 2.9371283e-03
 2.5832041e-03 1.2754690e-03 1.7596176e-03 1.1341006e-03 5.5330637e-04
 9.3161344e-04 6.5189297e-04 6.4091902e-04 6.0744392e-04]"
2,0,"[1.1544478e-02 1.3327564e-03 9.5194596e-01 1.3509791e-02 1.9996485e-03
 1.2179783e-03 8.5429219e-04 7.1753003e-04 3.2646572e-03 4.1455692e-03
 3.6157090e-03 2.0665100e-03 2.3605463e-03 1.4246061e-03]"
6,1,"[4.6236778e-04 1.4934285e-03 9.8316837e-04 4.8087034e-03 1.5398515e-03
 1.4214595e-02 9.3235910e-01 2.2450862e-03 3.3655073e-03 2.4664917e-03
 2.6410472e-02 5.8059152e-03 2.5486166e-03 1.2968526e-03]"
3,12,"[0.2460487  0.00955938 0.01706226 0.6931725  0.00368999 0.00345421
 0.00368894 0.00246209 0.00586197 0.00149886 0.00182101 0.00408787
 0.00214092 0.00545138]"
9,3,"[0.00136682 0.00174344 0.01178385 0.00270034 0.00371128 0.002367
 0.00382478 0.00453097 0.00235314 0.91455626 0.00395625 0.0187231
 0.01012874 0.01825411]"
2,12,"[0.14623696 0.00442176 0.7705151  0.04501533 0.00231509 0.00270143
 0.00198433 0.00162414 0.00871649 0.00353096 0.00504246 0.00207606
 0.00280388 0.00301609]"
1,4,"[1.5689151e-02 9.6866655e-01 1.9424955e-03 1.4822575e-03 2.7718558e-03
 2.2615788e-03 9.8712801e-04 1.7421618e-03 1.1828660e-03 4.7706859e-04
 8.6764689e-04 6.2622433e-04 6.2463991e-04 6.7850755e-04]"
11,0,"[4.3245713e-04 2.6710560e-03 2.0274871e-03 5.8468389e-03 3.3204204e-03
 4.4518895e-03 8.7561514e-03 4.9801818e-03 3.7082613e-03 1.4883895e-02
 4.3760804e-03 9.3000090e-01 8.2705105e-03 6.2738098e-03]"
2,0,"[0.12474711 0.00813159 0.8136861  0.0157531  0.00550433 0.00379716
 0.00128232 0.00182225 0.00862085 0.00274381 0.00522624 0.00175324
 0.00309226 0.00383984]"
9,8,"[0.00103305 0.00184494 0.0159022  0.00313323 0.00448074 0.00220921
 0.00425552 0.00509384 0.00258671 0.9026687  0.00632648 0.02613395
 0.01146219 0.01286908]"
1,6,"[8.9932606e-02 8.7895828e-01 6.1455225e-03 2.6850207e-03 4.8878957e-03
 4.8282873e-03 1.6538400e-03 2.1348828e-03 3.0482151e-03 7.5050758e-04
 1.8686564e-03 7.2738429e-04 1.0161570e-03 1.3627326e-03]"
1,0,"[4.1452833e-03 9.6876693e-01 1.0009878e-03 2.4641529e-03 5.1877629e-03
 2.4887468e-03 2.8103534e-03 6.6346927e-03 1.2696947e-03 8.3474501e-04
 1.6012223e-03 1.1534712e-03 9.8111411e-04 6.6096516e-04]"
8,1,"[0.03325393 0.00826578 0.00426208 0.0025129  0.00277916 0.03190157
 0.00454005 0.00394007 0.8889375  0.00234184 0.00564419 0.00344575
 0.00357528 0.00459993]"
0,8,"[0.7811856  0.02200082 0.00824517 0.00578336 0.00251338 0.0401801
 0.00623238 0.00286076 0.11758921 0.00175956 0.00235218 0.00184287
 0.00199139 0.00546326]"
6,5,"[7.8733411e-04 1.5537357e-03 1.2440392e-03 4.9157701e-03 1.2419849e-03
 1.5562798e-02 9.3891358e-01 2.0164922e-03 4.1460143e-03 1.9987717e-03
 2.1294493e-02 3.4838589e-03 1.7322093e-03 1.1089476e-03]"
0,2,"[9.8408222e-01 3.6368410e-03 3.1341035e-03 2.2272870e-03 5.4702966e-04
 1.2122046e-03 3.1800690e-04 5.2276195e-04 1.7592694e-03 3.3925669e-04
 2.6859072e-04 1.8226523e-04 3.7603933e-04 1.3940078e-03]"
6,0,"[4.9204845e-04 1.6007957e-03 1.0799412e-03 5.3766309e-03 1.4596102e-03
 1.1019086e-02 9.3555427e-01 2.7141613e-03 3.2711306e-03 2.9064252e-03
 2.5374662e-02 5.6546917e-03 2.2601904e-03 1.2363874e-03]"
1,12,"[0.15202121 0.7608041  0.04146194 0.00692544 0.00968467 0.00557561
 0.00253969 0.00381237 0.00606278 0.00158921 0.00427464 0.001668
 0.00165593 0.00192436]"
10,0,"[6.7747751e-04 3.5444833e-03 6.3892854e-03 1.8126029e-03 2.1423674e-03
 1.9937292e-02 4.8966613e-02 3.6759751e-03 2.4401394e-03 3.2958537e-03
 8.9865410e-01 2.1196539e-03 4.1323402e-03 2.2118357e-03]"
4,1,"[0.0160803  0.02064691 0.00633578 0.00438484 0.93281233 0.00254429
 0.00123489 0.00202973 0.00301203 0.00209295 0.00157641 0.00162916
 0.00301271 0.00260765]"
8,0,"[0.02562513 0.00584074 0.0041374  0.00225079 0.00245601 0.02246562
 0.00374951 0.00370293 0.91083866 0.00208859 0.00715556 0.00247026
 0.00362787 0.0035911 ]"
9,10,"[0.00196467 0.00208658 0.01664612 0.00317164 0.00326676 0.00208878
 0.0034478  0.00503803 0.00265282 0.9162592  0.00362963 0.01415867
 0.00738666 0.0182026 ]"
12,12,"[0.0033201  0.00539979 0.00422582 0.00356031 0.00617671 0.00503341
 0.00440477 0.00498395 0.00779586 0.00745319 0.00651001 0.01887821
 0.9148299  0.00742788]"
5,5,"[1.9425018e-03 2.7838335e-03 1.2209668e-03 8.0388587e-04 1.2250987e-03
 9.4539607e-01 1.7493345e-02 1.2667837e-03 5.6609539e-03 9.5578731e-04
 1.5688580e-02 1.5253786e-03 1.3732197e-03 2.6635670e-03]"
12,0,"[0.00217614 0.00477232 0.00374181 0.00318516 0.00689528 0.00405422
 0.00470825 0.0056568  0.00602204 0.00790363 0.00704457 0.0165751
 0.92159396 0.00567077]"
1,6,"[7.8458704e-02 8.9911276e-01 2.3352087e-03 2.3275216e-03 1.6835670e-03
 5.6801480e-03 1.4233147e-03 2.1628996e-03 2.2309169e-03 6.3144357e-04
 1.0611498e-03 7.5596501e-04 9.2803099e-04 1.2086163e-03]"
5,5,"[0.00371578 0.00409657 0.00115208 0.00097551 0.001448   0.95803857
 0.00862373 0.0012342  0.00721253 0.00099415 0.00594138 0.00183403
 0.00167698 0.00305634]"
8,5,"[0.07305856 0.00978807 0.00501202 0.00357377 0.003004   0.02669576
 0.00519831 0.00386463 0.8528579  0.00243371 0.00458411 0.00247977
 0.00339472 0.00405459]"
10,8,"[5.8634835e-04 3.7736059e-03 8.8311359e-03 1.5028688e-03 2.3680972e-03
 9.7534796e-03 2.2374758e-02 3.7681432e-03 2.0541074e-03 3.4629216e-03
 9.3318766e-01 1.8875777e-03 4.3398971e-03 2.1093208e-03]"
6,0,"[5.2860205e-04 1.6326467e-03 8.4536971e-04 2.9479936e-03 1.2691150e-03
 2.1817286e-02 9.3116164e-01 1.9424320e-03 3.5064104e-03 2.1730985e-03
 2.5854798e-02 3.0963018e-03 2.0355203e-03 1.1887673e-03]"
3,1,"[3.4171708e-03 1.0494326e-03 5.2513778e-03 9.7117662e-01 2.6485899e-03
 7.8627013e-04 1.8956820e-03 8.7788497e-04 7.8657200e-04 1.1431171e-03
 8.0763875e-04 8.3539607e-03 8.2477683e-04 9.8096719e-04]"
4,3,"[0.00224511 0.01178546 0.00408581 0.00314229 0.9612387  0.0015277
 0.00132221 0.00204638 0.00158232 0.00228285 0.00182653 0.00192357
 0.00357749 0.00141347]"
1,13,"[0.2544541  0.65249926 0.03901781 0.01408575 0.01164087 0.00781914
 0.00337061 0.00237512 0.00461278 0.00127384 0.00326679 0.00147835
 0.00167802 0.00242757]"
3,11,"[2.8680339e-03 1.0337706e-03 5.7756975e-03 9.7105253e-01 2.6820875e-03
 8.4751198e-04 2.4258154e-03 7.6730060e-04 7.8132999e-04 1.1329548e-03
 1.0229836e-03 7.8440225e-03 8.5859298e-04 9.0744667e-04]"
2,0,"[3.8458633e-03 1.2870136e-03 9.6062136e-01 6.6430634e-03 2.3909954e-03
 1.0411293e-03 9.8007382e-04 9.3198469e-04 2.8237810e-03 4.8375982e-03
 7.8162933e-03 2.1250059e-03 3.2603298e-03 1.3954010e-03]"
9,11,"[0.0010076  0.00203312 0.01679686 0.00304573 0.00415915 0.00246148
 0.0043717  0.00539666 0.0029586  0.90376055 0.00579042 0.02715359
 0.00975853 0.01130592]"
10,9,"[7.0225616e-04 3.9494117e-03 8.0590239e-03 1.3784701e-03 2.3164612e-03
 1.5972184e-02 1.9760264e-02 3.0967109e-03 2.6050860e-03 2.5938707e-03
 9.3188483e-01 1.7915023e-03 3.6937722e-03 2.1961899e-03]"
0,3,"[0.81697786 0.01246066 0.00587678 0.00349531 0.00242608 0.02151893
 0.00263925 0.00274517 0.12084296 0.00145759 0.00175679 0.00134656
 0.00215418 0.00430201]"
0,8,"[9.6215522e-01 7.0782006e-03 1.5573037e-02 5.8917985e-03 1.4910281e-03
 1.2578829e-03 5.2315107e-04 9.1105397e-04 2.0245344e-03 5.2968168e-04
 7.1308273e-04 3.2528743e-04 5.3872971e-04 9.8732510e-04]"
1,9,"[8.5606724e-03 9.6379417e-01 1.3699849e-03 2.1663746e-03 5.7239598e-03
 1.7351082e-03 1.5389287e-03 9.3322322e-03 1.0767892e-03 7.1565877e-04
 1.3000355e-03 1.0721106e-03 8.7519811e-04 7.3882914e-04]"
8,6,"[0.32322294 0.01559871 0.00624404 0.00460436 0.00348312 0.07712815
 0.0092617  0.00439772 0.52834    0.00321029 0.00487565 0.00398297
 0.00493179 0.01071843]"
0,0,"[9.6312058e-01 6.3344110e-03 1.5784951e-02 4.4255042e-03 9.6368964e-04
 1.6321624e-03 5.7060772e-04 7.5287151e-04 2.4709422e-03 7.0015201e-04
 6.6894054e-04 3.1168552e-04 4.9378286e-04 1.7697384e-03]"
0,0,"[9.8106956e-01 3.3457738e-03 5.3476021e-03 3.3875541e-03 1.0057199e-03
 1.0993179e-03 3.0020438e-04 5.5675401e-04 1.5373873e-03 3.3321924e-04
 3.1172999e-04 2.0035377e-04 4.4774238e-04 1.0571009e-03]"
4,0,"[0.00241473 0.01229428 0.00404846 0.00360867 0.96031064 0.00152522
 0.00141731 0.00199518 0.00153344 0.00226249 0.00177653 0.00194183
 0.00346876 0.00140248]"
5,0,"[2.6489682e-03 2.5527482e-03 1.5381724e-03 8.7560335e-04 1.2419301e-03
 9.4028884e-01 1.5594692e-02 1.1533850e-03 7.1750563e-03 9.0185675e-04
 2.0534525e-02 1.3461803e-03 1.4634120e-03 2.6844398e-03]"
3,1,"[0.19920556 0.00685759 0.04004471 0.7248474  0.00781293 0.00246946
 0.00301683 0.00229366 0.00400924 0.00148118 0.00189536 0.00209996
 0.00183959 0.0021264 ]"
4,6,"[0.00314493 0.01210487 0.01601475 0.00483945 0.9401489  0.00188218
 0.00131054 0.00248465 0.00213135 0.0036642  0.00316979 0.00271953
 0.00455048 0.00183454]"
10,8,"[7.6417130e-04 3.9338041e-03 7.2225058e-03 1.3641611e-03 2.1289990e-03
 1.1984870e-02 1.9264387e-02 3.7417961e-03 3.2933133e-03 2.7566396e-03
 9.3586856e-01 1.5100897e-03 3.8891756e-03 2.2775973e-03]"
0,0,"[0.81556207 0.00707613 0.13660622 0.01857743 0.00219567 0.00239988
 0.00102309 0.00116444 0.00536855 0.00138895 0.00235766 0.00099108
 0.00138599 0.00390301]"
4,0,"[0.02151131 0.0703299  0.0106665  0.00689769 0.8699053  0.00280559
 0.0013663  0.00247083 0.00270039 0.00258499 0.00160737 0.00186629
 0.00300346 0.00228416]"
1,7,"[7.8766393e-03 9.7658348e-01 1.1697311e-03 9.1656734e-04 2.4010162e-03
 2.3884699e-03 1.0597892e-03 3.2601543e-03 1.0890736e-03 4.7189370e-04
 1.0547029e-03 5.2207080e-04 6.6545652e-04 5.4115185e-04]"
6,11,"[4.4214324e-04 1.4505740e-03 8.9863478e-04 3.8558368e-03 1.4280319e-03
 1.5096111e-02 9.3880790e-01 2.2735200e-03 3.1194475e-03 2.2736534e-03
 2.2564206e-02 4.5972927e-03 1.9766318e-03 1.2159409e-03]"
3,1,"[0.02052048 0.3867601  0.01638851 0.48530906 0.02860023 0.00655136
 0.01347222 0.00849319 0.0035701  0.00398561 0.00813607 0.01160281
 0.00392284 0.00268746]"
1,1,"[0.0199973  0.8815078  0.00418099 0.00294912 0.00903945 0.00341236
 0.00254092 0.06222761 0.0038392  0.00144321 0.00331724 0.00220984
 0.00171496 0.00161994]"
1,0,"[0.44606817 0.4785387  0.02918999 0.01382654 0.00845674 0.00543977
 0.00230612 0.00266124 0.00531045 0.00139211 0.00218286 0.00130014
 0.00138554 0.00194165]"
0,0,"[9.7626865e-01 3.1106097e-03 6.0149292e-03 4.4937679e-03 6.9399708e-04
 1.6225129e-03 4.6099612e-04 8.5550826e-04 3.3249983e-03 3.8888984e-04
 3.9027099e-04 1.9957876e-04 4.8351756e-04 1.6918423e-03]"
1,0,"[0.01233366 0.60578936 0.00872515 0.00290172 0.01903941 0.00307559
 0.00348067 0.3160134  0.0048949  0.00507419 0.00873113 0.00315316
 0.00420806 0.00257967]"
0,2,"[9.8441666e-01 2.1535680e-03 2.9065879e-03 1.9918815e-03 5.2359136e-04
 1.4311249e-03 3.1257822e-04 5.5352366e-04 2.2778600e-03 4.0548149e-04
 3.4658934e-04 1.9455161e-04 4.3725505e-04 2.0486894e-03]"
3,2,"[0.00251182 0.00240747 0.00836607 0.5703728  0.00446833 0.00275002
 0.01146146 0.003823   0.00311482 0.00831916 0.00338879 0.3698285
 0.005166   0.00402166]"
0,0,"[9.7416806e-01 1.1176456e-02 2.6404788e-03 1.9890440e-03 7.6895760e-04
 2.1419353e-03 4.9896399e-04 8.5264316e-04 2.5257936e-03 4.1826561e-04
 3.8828093e-04 2.3464834e-04 5.1558379e-04 1.6805832e-03]"
4,0,"[0.00307966 0.01293715 0.00354407 0.00301319 0.9614676  0.00140949
 0.00116876 0.00194127 0.00146573 0.00213845 0.00153648 0.00168013
 0.00321392 0.0014042 ]"
3,0,"[2.7874880e-03 9.5748296e-04 7.7389292e-03 9.6612388e-01 3.3577285e-03
 8.3437236e-04 2.0477101e-03 8.0092833e-04 9.0852892e-04 1.2793087e-03
 1.0332125e-03 1.0057831e-02 1.0139544e-03 1.0585274e-03]"
8,9,"[0.10615377 0.04213448 0.00721424 0.00616731 0.00712775 0.10622735
 0.01531969 0.0054954  0.67220116 0.0030315  0.00902229 0.00493672
 0.00599314 0.00897514]"
6,8,"[5.1127124e-04 1.5827717e-03 9.4542489e-04 3.7501364e-03 1.6671246e-03
 1.5021074e-02 9.4350421e-01 2.4248043e-03 3.2081953e-03 2.6594489e-03
 1.6175764e-02 5.1122345e-03 2.1753288e-03 1.2621344e-03]"
2,2,"[1.2683038e-02 2.4916453e-03 9.5295495e-01 9.8097958e-03 1.6252939e-03
 1.5220799e-03 1.0390830e-03 8.7228703e-04 4.2171171e-03 2.9226958e-03
 5.0603719e-03 1.5368167e-03 1.9449522e-03 1.3197841e-03]"
5,3,"[1.7778768e-03 3.0094916e-03 1.3120967e-03 7.9474301e-04 1.2908948e-03
 9.5025134e-01 1.6621783e-02 1.2530888e-03 5.3461199e-03 1.0857666e-03
 1.1607611e-02 1.6412630e-03 1.5411389e-03 2.4669159e-03]"
1,6,"[7.5965583e-02 9.0371627e-01 2.2107291e-03 1.8050484e-03 2.2845927e-03
 4.7597275e-03 1.0981492e-03 1.7045646e-03 2.3397440e-03 5.5550510e-04
 1.1054125e-03 6.1057915e-04 7.8579067e-04 1.0584574e-03]"
11,5,"[4.6048433e-04 2.4917123e-03 2.3526675e-03 5.3525055e-03 3.2358023e-03
 4.2109690e-03 6.0960939e-03 5.6274501e-03 4.0068859e-03 2.5092263e-02
 4.6077562e-03 9.2009223e-01 7.5313263e-03 8.8417549e-03]"
0,3,"[9.5663542e-01 1.4896752e-02 4.6797595e-03 2.4910597e-03 9.3882199e-04
 6.7474674e-03 7.1897788e-04 1.0000418e-03 6.3309292e-03 5.7693978e-04
 8.4802025e-04 4.4210962e-04 8.4638578e-04 2.8472815e-03]"
5,7,"[0.0024923  0.00706664 0.00121544 0.00108035 0.00196246 0.92926407
 0.03110307 0.00141896 0.00589837 0.00107587 0.01143844 0.00169168
 0.00171534 0.00257696]"
1,11,"[6.6331350e-03 9.3669903e-01 3.2623475e-03 8.5942717e-03 2.5764750e-02
 2.1236702e-03 2.7680676e-03 5.9499200e-03 1.1647205e-03 1.3702699e-03
 1.6152156e-03 1.8325627e-03 1.3562044e-03 8.6587208e-04]"
3,2,"[0.02180617 0.0030373  0.05196726 0.90115    0.00507279 0.00118795
 0.00291771 0.00135468 0.00186952 0.00172916 0.00203137 0.00320391
 0.00117219 0.00150007]"
1,1,"[7.4617504e-03 9.7833061e-01 1.0696693e-03 1.0288435e-03 1.8272854e-03
 2.3825397e-03 1.1967756e-03 2.4983021e-03 9.3830738e-04 4.7725515e-04
 1.1238705e-03 5.2165636e-04 6.4719282e-04 4.9585098e-04]"
6,0,"[5.8692880e-04 2.3322550e-03 2.8145015e-03 6.2909685e-03 1.6687469e-03
 1.3839493e-02 6.9644344e-01 3.9334176e-03 5.0413352e-03 3.4241017e-03
 2.5369769e-01 4.6395343e-03 3.5952257e-03 1.6924317e-03]"
1,6,"[7.2212191e-03 9.7426569e-01 1.8339712e-03 1.1325394e-03 3.3584191e-03
 2.3267451e-03 1.2500850e-03 3.5520147e-03 1.1610576e-03 5.4920238e-04
 1.5564029e-03 5.3601421e-04 7.1603642e-04 5.4057362e-04]"
3,6,"[1.0024296e-02 1.1973081e-03 4.5800526e-03 9.6773249e-01 2.0031603e-03
 1.0118876e-03 2.2583141e-03 9.4833988e-04 1.2977526e-03 1.0516018e-03
 8.3652273e-04 5.2382364e-03 6.9545349e-04 1.1245318e-03]"
10,1,"[0.00094782 0.00364061 0.0073644  0.00138535 0.00236554 0.02133034
 0.01768836 0.00374971 0.00537337 0.00247307 0.92598116 0.00157692
 0.00380283 0.00232058]"
0,7,"[9.8514742e-01 3.1033955e-03 2.1645541e-03 2.1621340e-03 5.3043012e-04
 1.2212453e-03 3.1182080e-04 5.4242951e-04 1.6942220e-03 3.9034482e-04
 2.4949567e-04 2.0048457e-04 4.2223308e-04 1.8598543e-03]"
0,4,"[9.8035413e-01 3.4398146e-03 1.8988815e-03 2.5885603e-03 7.0808118e-04
 2.8814634e-03 5.5674743e-04 5.4241612e-04 3.8146749e-03 3.6773269e-04
 2.7791652e-04 2.5592008e-04 4.7017721e-04 1.8433118e-03]"
0,0,"[9.8165739e-01 3.4009863e-03 4.0780110e-03 1.8943597e-03 5.6016824e-04
 1.5150110e-03 3.1256536e-04 5.9319742e-04 2.6399326e-03 4.1037693e-04
 2.9159366e-04 2.3607175e-04 4.4080080e-04 1.9694741e-03]"
0,3,"[9.8189390e-01 3.8255393e-03 3.8480498e-03 3.6510774e-03 7.0436118e-04
 9.7890187e-04 4.1356721e-04 6.6009525e-04 1.6485731e-03 3.0783293e-04
 3.0207128e-04 2.2376599e-04 4.2800634e-04 1.1141635e-03]"
1,0,"[0.18906128 0.7759     0.00675984 0.00270171 0.00443464 0.00659051
 0.00160285 0.00196724 0.0047403  0.0008141  0.00137427 0.00095277
 0.00105796 0.00204239]"
7,6,"[0.01514605 0.15570708 0.00230917 0.00189423 0.0103202  0.00319559
 0.00259011 0.78568596 0.00484794 0.00369718 0.00476129 0.00268761
 0.00361264 0.00354509]"
3,2,"[0.00508603 0.01457572 0.00427895 0.8969046  0.01218674 0.0029749
 0.01696905 0.00350497 0.00230756 0.00324557 0.00287402 0.03076564
 0.00254173 0.0017846 ]"
0,1,"[9.6487671e-01 4.9017393e-03 4.0201470e-03 3.2200152e-03 1.0336428e-03
 5.3423084e-03 8.6264900e-04 1.0160409e-03 1.0370479e-02 4.9032306e-04
 4.7361496e-04 3.7570327e-04 7.5799425e-04 2.2586288e-03]"
0,0,"[9.8375249e-01 2.5007075e-03 3.2862783e-03 1.9173097e-03 5.2010582e-04
 1.5099070e-03 2.6878514e-04 4.9546274e-04 2.7013114e-03 3.7959602e-04
 3.1397352e-04 2.1192912e-04 3.9763190e-04 1.7445904e-03]"
0,2,"[0.83265203 0.01299603 0.00701098 0.00510352 0.00207507 0.06152679
 0.00470704 0.0032302  0.05736531 0.0011541  0.00267927 0.00117142
 0.00246908 0.00585905]"
4,1,"[0.00457107 0.01514489 0.01104625 0.00422752 0.94721925 0.0017538
 0.0009923  0.0018211  0.00172354 0.00272704 0.00190308 0.00199701
 0.00312684 0.00174617]"
10,12,"[7.0290087e-04 3.7953262e-03 5.8391439e-03 1.1514092e-03 2.3244857e-03
 2.0406175e-02 1.8430622e-02 3.6797635e-03 4.9777082e-03 2.2907089e-03
 9.2860603e-01 1.5419846e-03 3.7799764e-03 2.4737169e-03]"
2,7,"[0.04808945 0.01516198 0.8805168  0.02113668 0.00594656 0.00354286
 0.00188845 0.00174225 0.00669344 0.00273765 0.00590924 0.00188995
 0.00258054 0.00216433]"
6,1,"[5.2694383e-04 2.0784873e-03 1.3476377e-03 4.5711636e-03 1.1650298e-03
 1.3606188e-02 8.9158154e-01 2.9214351e-03 3.7172830e-03 3.0952774e-03
 6.7024015e-02 4.4000968e-03 2.7822359e-03 1.1825833e-03]"
0,0,"[9.6652156e-01 4.9474738e-03 9.9370303e-03 9.8351557e-03 1.1783134e-03
 1.4176398e-03 5.0124474e-04 7.4179907e-04 2.1366421e-03 3.7869654e-04
 4.0682856e-04 2.8244671e-04 5.0156412e-04 1.2137101e-03]"
0,0,"[9.8570418e-01 2.5417800e-03 2.2430392e-03 1.9346785e-03 4.9930450e-04
 1.2793372e-03 3.0393660e-04 5.3034263e-04 1.8334251e-03 3.3309721e-04
 2.5821372e-04 1.9707154e-04 3.7865277e-04 1.9629593e-03]"
8,2,"[0.01486989 0.00856399 0.00684999 0.0034752  0.00399208 0.2588797
 0.04084928 0.0082209  0.5350246  0.00321411 0.09922545 0.00437575
 0.00600002 0.00645913]"
1,4,"[6.8573267e-03 9.7505081e-01 1.5109322e-03 1.0339887e-03 3.1947778e-03
 1.7078182e-03 1.0254330e-03 4.8455074e-03 9.4956189e-04 6.1350083e-04
 1.2232447e-03 6.2904134e-04 7.9661811e-04 5.6145247e-04]"
0,11,"[9.8230100e-01 2.8472340e-03 1.8133477e-03 2.1381502e-03 6.2228966e-04
 2.5728126e-03 4.4813042e-04 5.5786979e-04 3.0023425e-03 3.6429113e-04
 2.7092802e-04 2.3577166e-04 4.8071073e-04 2.3451061e-03]"
0,3,"[9.8318958e-01 2.9883629e-03 3.5577314e-03 2.2309241e-03 4.6015860e-04
 1.3483018e-03 2.9472951e-04 4.2712610e-04 2.0820235e-03 3.3923515e-04
 3.1011234e-04 1.7480340e-04 4.6185654e-04 2.1349748e-03]"
8,5,"[0.03716031 0.00673132 0.00646978 0.00274121 0.00253024 0.02068287
 0.00462142 0.00361299 0.8937581  0.00275749 0.00789165 0.00290604
 0.0039359  0.0042008 ]"
2,3,"[7.4362340e-03 1.3900825e-03 9.6095240e-01 8.3959522e-03 1.7379586e-03
 1.0899863e-03 9.8253449e-04 7.3658751e-04 2.6239627e-03 4.7819214e-03
 4.3540657e-03 1.9454591e-03 2.3301379e-03 1.2427223e-03]"
5,8,"[5.3790766e-03 3.9127069e-03 1.6058235e-03 9.6465484e-04 1.2123524e-03
 9.3427110e-01 1.9292815e-02 1.2532612e-03 1.3767888e-02 8.8387245e-04
 1.2316299e-02 1.2363053e-03 1.4692842e-03 2.4344830e-03]"
4,10,"[0.00538333 0.02053718 0.00525985 0.00341702 0.94900274 0.00184594
 0.00122835 0.00185471 0.00186015 0.00198257 0.00185667 0.00138001
 0.00277448 0.00161691]"
6,13,"[5.5227260e-04 1.3951199e-03 1.0726226e-03 4.4621704e-03 1.1915165e-03
 1.6529709e-02 9.3976372e-01 2.3257378e-03 3.6949853e-03 2.3104604e-03
 1.9587841e-02 4.1219024e-03 1.8611465e-03 1.1307700e-03]"
1,1,"[1.9787803e-02 9.6342224e-01 2.3970362e-03 1.3067911e-03 1.8948605e-03
 2.8169770e-03 9.3636458e-04 1.9281752e-03 1.4647556e-03 5.1643891e-04
 1.4024355e-03 6.4127555e-04 6.6641381e-04 8.1825344e-04]"
7,2,"[0.00518113 0.08757631 0.00192855 0.00145148 0.01125471 0.00259359
 0.00254597 0.8651061  0.00457827 0.00347366 0.00527784 0.00283838
 0.00364255 0.00255136]"
8,9,"[0.0127792  0.00565739 0.00669195 0.01516821 0.00338147 0.08607374
 0.29581586 0.00785515 0.49011368 0.00575486 0.0504223  0.00901377
 0.00575825 0.00551424]"
10,0,"[0.00098448 0.00357785 0.00774667 0.00171714 0.00197971 0.02579998
 0.0408223  0.00341552 0.00378342 0.00267288 0.8996795  0.00198337
 0.00397823 0.00185897]"
12,4,"[0.00241036 0.00440816 0.00423962 0.00316194 0.00633947 0.00397808
 0.00412469 0.00470548 0.00661725 0.00775906 0.00666056 0.01724982
 0.92200905 0.00633647]"
1,7,"[7.9416391e-03 9.7526193e-01 1.0926956e-03 2.0523490e-03 3.1248464e-03
 2.2316400e-03 1.4760848e-03 2.4596758e-03 9.3518407e-04 5.0048350e-04
 1.0830513e-03 6.7054533e-04 6.7928818e-04 4.9052906e-04]"
0,1,"[9.8140919e-01 5.3348294e-03 3.3725100e-03 2.2439102e-03 1.0955957e-03
 1.5395863e-03 3.7508478e-04 5.3595030e-04 1.6613101e-03 3.0064385e-04
 3.2676439e-04 2.1415531e-04 3.9618887e-04 1.1941498e-03]"
0,0,"[9.6453166e-01 4.4878293e-03 1.5320611e-02 6.8772212e-03 1.1802207e-03
 1.2660036e-03 5.3721119e-04 6.2394084e-04 2.2070832e-03 3.6961297e-04
 5.6136074e-04 2.6674423e-04 4.8018407e-04 1.2902772e-03]"
9,2,"[0.00133238 0.00178029 0.03238818 0.00352677 0.00438954 0.00198671
 0.00422826 0.0043135  0.00288486 0.8995539  0.00664066 0.01732785
 0.00976476 0.0098825 ]"
0,10,"[9.8446161e-01 2.8170845e-03 2.9764064e-03 1.6706455e-03 6.7045412e-04
 1.3865422e-03 2.7431487e-04 6.3596264e-04 2.4240604e-03 3.4345358e-04
 2.8889935e-04 1.8773382e-04 4.2106182e-04 1.4417503e-03]"
0,4,"[9.8439646e-01 3.0352469e-03 2.4229488e-03 2.4268085e-03 6.3952093e-04
 1.4180912e-03 3.4071453e-04 5.5449345e-04 1.8763585e-03 3.0675833e-04
 2.5627878e-04 2.0073183e-04 3.8162386e-04 1.7440249e-03]"
9,0,"[0.00194336 0.00260265 0.01181251 0.00338131 0.00335753 0.00295718
 0.0034746  0.00588242 0.0027169  0.8885532  0.00322625 0.02701036
 0.00747014 0.03561155]"
0,1,"[9.8417121e-01 3.2289492e-03 3.6143777e-03 2.8696910e-03 5.4511597e-04
 8.3678041e-04 3.1266961e-04 5.9663062e-04 1.2403090e-03 3.0247864e-04
 2.6605334e-04 1.7939256e-04 3.7607495e-04 1.4603740e-03]"
0,5,"[8.6095500e-01 1.1430856e-02 9.2345148e-02 1.7462110e-02 2.5168278e-03
 2.0305442e-03 6.9631124e-04 1.4046208e-03 4.9112774e-03 1.0269911e-03
 1.3464955e-03 6.1992119e-04 9.7263139e-04 2.2815210e-03]"
1,11,"[2.0501254e-02 9.6426779e-01 1.9848489e-03 1.3493586e-03 2.5026733e-03
 2.0612746e-03 9.2730200e-04 2.1335341e-03 1.1105604e-03 4.8512811e-04
 8.6285884e-04 5.7351537e-04 6.5200491e-04 5.8793032e-04]"
10,1,"[7.0019765e-04 3.7216349e-03 7.3413830e-03 1.4372406e-03 2.2538684e-03
 1.4818543e-02 1.9292852e-02 3.3431714e-03 2.6956333e-03 2.6214391e-03
 9.3404537e-01 1.7520174e-03 3.7500691e-03 2.2265820e-03]"
5,12,"[1.57679687e-03 3.95698706e-03 1.19059207e-03 9.25097382e-04
 1.63057842e-03 9.39023316e-01 2.44245566e-02 1.47327757e-03
 5.00344299e-03 1.10356545e-03 1.35325715e-02 1.80519221e-03
 1.82395068e-03 2.53012730e-03]"
3,0,"[1.1377421e-02 1.0678942e-03 9.2489701e-03 9.5587271e-01 2.0522114e-03
 1.0832375e-03 1.6541124e-03 9.4812881e-04 1.6101343e-03 1.3770296e-03
 8.6795347e-04 1.0268566e-02 7.8853627e-04 1.7830899e-03]"
1,0,"[8.8574225e-03 9.6309447e-01 1.7018069e-03 5.8170357e-03 4.6991804e-03
 3.2885426e-03 2.9129761e-03 2.9758250e-03 1.2587357e-03 7.5245695e-04
 1.8960790e-03 1.0964616e-03 1.0240835e-03 6.2484923e-04]"
3,2,"[3.5633366e-03 1.0201918e-03 1.0187258e-02 9.6773773e-01 2.7278222e-03
 8.7642815e-04 1.9798004e-03 6.5632671e-04 1.0393708e-03 1.0364882e-03
 1.1358914e-03 5.8616768e-03 1.0294640e-03 1.1482282e-03]"
4,13,"[0.00364764 0.02062905 0.00467311 0.0035916  0.95218265 0.00142142
 0.00113479 0.00183498 0.00127591 0.00224437 0.00150145 0.00163618
 0.00286726 0.00135938]"
1,0,"[2.8337928e-02 9.5159090e-01 1.9262219e-03 1.4243022e-03 1.8350572e-03
 4.1028177e-03 1.2283657e-03 2.4147751e-03 2.1846185e-03 6.1476626e-04
 1.9161212e-03 6.2236330e-04 9.4448356e-04 8.5737399e-04]"
1,13,"[9.2322296e-03 9.7738349e-01 1.1733865e-03 9.4368943e-04 2.2142448e-03
 1.9886938e-03 8.3585724e-04 2.2553569e-03 9.0717210e-04 4.6400743e-04
 9.1223256e-04 4.9552595e-04 6.4223562e-04 5.5204472e-04]"
1,9,"[0.00692799 0.91073114 0.00160545 0.00165182 0.00348439 0.03939817
 0.00941993 0.0079165  0.00378682 0.00110933 0.00932641 0.00134783
 0.00183205 0.00146182]"
0,9,"[0.3514245  0.1345418  0.2201318  0.12069949 0.13425626 0.00641948
 0.003299   0.00368852 0.00551088 0.0042223  0.00472733 0.00296044
 0.00385639 0.00426198]"
10,9,"[5.9086870e-04 3.1436710e-03 6.2076068e-03 1.7625586e-03 1.9585751e-03
 1.0003895e-02 3.5978284e-02 3.5007447e-03 2.7059978e-03 2.9775789e-03
 9.2336547e-01 1.7570229e-03 3.9305766e-03 2.1171116e-03]"
0,10,"[9.7729594e-01 2.6898815e-03 6.3040741e-03 2.5413353e-03 4.8029330e-04
 1.3414547e-03 3.2728491e-04 7.1398995e-04 2.5109006e-03 5.4581830e-04
 3.9596355e-04 2.3162071e-04 5.7847251e-04 4.0429304e-03]"
0,9,"[9.7115517e-01 3.3095975e-03 8.6716246e-03 6.8449434e-03 1.3670096e-03
 1.9151631e-03 4.7039668e-04 6.5266521e-04 2.6921120e-03 4.1714063e-04
 4.1778042e-04 2.7249759e-04 5.2950176e-04 1.2842478e-03]"
4,0,"[0.00691726 0.01805805 0.00492693 0.00366103 0.9495103  0.0017277
 0.00101614 0.00199453 0.00174889 0.00249336 0.00134307 0.00180796
 0.00279014 0.00200457]"
0,10,"[9.7739238e-01 7.7000135e-03 2.8486750e-03 1.9168303e-03 9.7086467e-04
 2.0513129e-03 3.7382936e-04 7.8135141e-04 3.1017682e-03 3.4511994e-04
 3.7322380e-04 2.1428740e-04 5.1000121e-04 1.4204858e-03]"
1,1,"[2.0792486e-02 9.5786512e-01 1.4818806e-03 3.1363603e-03 2.5965907e-03
 4.0267170e-03 1.9502392e-03 2.0414984e-03 1.4705883e-03 6.9036399e-04
 1.5025457e-03 7.6683995e-04 8.7087980e-04 8.0781302e-04]"
0,0,"[9.2113853e-01 4.5421444e-02 3.9691492e-03 3.5712244e-03 1.4804380e-03
 7.0829703e-03 1.2211273e-03 1.6557778e-03 8.7022623e-03 5.6787452e-04
 8.2803494e-04 5.7005882e-04 9.5024164e-04 2.8407148e-03]"
7,1,"[0.00591527 0.07608087 0.00183779 0.00158213 0.01078432 0.0025013
 0.00257402 0.8767524  0.0042534  0.00344197 0.00528931 0.00284141
 0.00362002 0.00252578]"
0,12,"[9.8273093e-01 2.7207697e-03 4.0264148e-03 3.3719207e-03 5.7901081e-04
 1.2927440e-03 3.3491917e-04 5.1636383e-04 1.7674080e-03 3.0647477e-04
 2.6111034e-04 1.9021814e-04 3.9290381e-04 1.5084995e-03]"
4,9,"[0.00338887 0.01494551 0.00512233 0.00372972 0.95647126 0.00149735
 0.00122241 0.0017768  0.00169642 0.0021791  0.00155564 0.00176165
 0.00305548 0.00159742]"
5,2,"[3.2142315e-03 3.9645499e-03 1.2397456e-03 9.4220799e-04 1.2964667e-03
 9.5950997e-01 9.2134904e-03 1.2794117e-03 6.0020522e-03 1.0213311e-03
 5.9863231e-03 1.7857479e-03 1.5598501e-03 2.9845689e-03]"
12,4,"[0.00229166 0.00415565 0.0043247  0.00313411 0.00761036 0.00370944
 0.00389252 0.00542449 0.00649683 0.008073   0.00730906 0.0141578
 0.9225583  0.00686207]"
3,2,"[3.9368239e-03 2.7986423e-03 7.1001039e-03 9.6329767e-01 7.8439172e-03
 1.0169585e-03 2.2873003e-03 9.2862546e-04 9.2956336e-04 1.0503024e-03
 1.1227591e-03 5.7984465e-03 9.4966497e-04 9.3924388e-04]"
5,2,"[0.0040196  0.00350542 0.00118102 0.00109105 0.0011385  0.9439617
 0.01957931 0.00118623 0.01161912 0.00104876 0.00563289 0.00162794
 0.00157197 0.00283667]"
7,0,"[0.00762204 0.07671315 0.00171809 0.00156119 0.01026855 0.00247551
 0.00231508 0.8765591  0.00383554 0.00347004 0.00455977 0.00278302
 0.00318189 0.0029371 ]"
4,0,"[0.00278012 0.01270931 0.00406182 0.00466858 0.95985734 0.00135493
 0.00134196 0.00189428 0.00124634 0.00226799 0.00148467 0.00192841
 0.00310497 0.00129927]"
0,2,"[9.7153723e-01 3.7123270e-03 8.5956119e-03 2.3152633e-03 8.6839468e-04
 2.3987964e-03 3.5218114e-04 5.8269833e-04 4.6622087e-03 6.4924086e-04
 5.8089284e-04 2.8201131e-04 7.2431297e-04 2.7387030e-03]"
8,12,"[0.09639335 0.00787958 0.0102085  0.00562309 0.00511678 0.03309068
 0.00570811 0.00466601 0.77228004 0.00406366 0.00966935 0.00588334
 0.01239496 0.02702239]"
8,5,"[0.0178308  0.00536439 0.01137146 0.00322486 0.0028567  0.01634393
 0.00595279 0.0052964  0.8901164  0.00308856 0.02417568 0.00318986
 0.00643597 0.00475211]"
3,1,"[3.6983828e-03 1.0019569e-03 6.3750087e-03 9.7265053e-01 2.4181358e-03
 7.3312630e-04 1.9903993e-03 7.8106008e-04 7.7010557e-04 1.0906343e-03
 8.4285729e-04 5.9876214e-03 7.4543309e-04 9.1483310e-04]"
2,4,"[8.3691273e-03 2.8845789e-03 9.6200007e-01 4.6369708e-03 2.7481066e-03
 1.4443637e-03 7.5951067e-04 9.1124157e-04 2.8740261e-03 3.4806991e-03
 4.5441426e-03 1.6256463e-03 2.1431127e-03 1.5783322e-03]"
0,0,"[9.8078674e-01 2.3387237e-03 4.3233708e-03 3.9785686e-03 5.8116473e-04
 1.3044191e-03 3.4391717e-04 5.5173511e-04 2.1056023e-03 4.1358871e-04
 3.1914428e-04 2.2833960e-04 4.8091492e-04 2.2436806e-03]"
0,1,"[9.8525351e-01 3.2564490e-03 2.7391794e-03 2.1027923e-03 5.7996478e-04
 1.0845806e-03 3.0798904e-04 6.1041128e-04 1.6705183e-03 2.9615319e-04
 2.7507672e-04 1.8297569e-04 3.7526741e-04 1.2652195e-03]"
0,0,"[9.7103006e-01 9.8633934e-03 7.1172104e-03 3.9046414e-03 1.2459137e-03
 1.2000275e-03 4.2037177e-04 5.5769138e-04 1.9246510e-03 3.8825124e-04
 3.6345050e-04 2.2216288e-04 5.1205076e-04 1.2499458e-03]"
13,2,"[0.0172987  0.00384256 0.00384994 0.00230164 0.00269487 0.01183996
 0.00414244 0.00612315 0.01707446 0.0224112  0.00441281 0.01490619
 0.01249455 0.87660754]"
0,0,"[9.6310973e-01 4.4220141e-03 6.2375707e-03 2.3530470e-03 7.4526371e-04
 5.9014102e-03 5.3636549e-04 7.5406622e-04 8.8212388e-03 6.1369612e-04
 7.3326839e-04 3.7988732e-04 8.6464628e-04 4.5276862e-03]"
4,1,"[0.0185842  0.02632818 0.00831622 0.00543076 0.92261666 0.00221204
 0.00106442 0.00181156 0.00236027 0.00253191 0.00154571 0.00169778
 0.00308323 0.00241707]"
9,9,"[0.00117665 0.0017649  0.01594939 0.00278144 0.00391171 0.00211387
 0.00398538 0.00483557 0.00255591 0.91777563 0.00485341 0.01724843
 0.00874138 0.01230627]"
4,1,"[0.0038506  0.01428342 0.00415245 0.00336069 0.95872587 0.00146049
 0.00110467 0.00181161 0.00150308 0.00215936 0.00146927 0.00161642
 0.00296127 0.00154076]"
0,0,"[9.7479963e-01 5.1708869e-03 4.8734308e-03 4.9492177e-03 1.0928195e-03
 2.3935298e-03 5.3706882e-04 6.1165116e-04 2.4545917e-03 3.3179345e-04
 3.7706300e-04 2.6829942e-04 5.3687498e-04 1.6031674e-03]"
5,0,"[0.01811982 0.00720609 0.00391796 0.00243959 0.00287941 0.70230055
 0.03237683 0.00359846 0.19555089 0.00286628 0.01136728 0.00432096
 0.00506739 0.00798847]"
0,11,"[9.7599173e-01 2.4405320e-03 5.6778332e-03 4.5232805e-03 6.9253362e-04
 2.1282819e-03 5.5822736e-04 7.4744289e-04 2.9103903e-03 4.8241581e-04
 6.1768777e-04 3.1291775e-04 7.2924112e-04 2.1875380e-03]"
0,0,"[9.8522192e-01 2.9921921e-03 2.2483792e-03 1.6309206e-03 5.4111390e-04
 1.5871336e-03 2.7340066e-04 6.7925540e-04 2.0000911e-03 3.3658548e-04
 3.0143559e-04 1.8771995e-04 4.2825911e-04 1.5715644e-03]"
6,10,"[6.2118331e-04 1.7807140e-03 1.7241482e-03 4.6825185e-03 1.5876471e-03
 1.8626187e-02 8.7552583e-01 2.9732734e-03 5.2541140e-03 2.6316133e-03
 7.6734535e-02 4.1600442e-03 2.1111604e-03 1.5870718e-03]"
0,2,"[9.7963387e-01 4.1000661e-03 2.7519218e-03 2.7154640e-03 8.1100792e-04
 2.4382025e-03 4.4736202e-04 6.7331013e-04 3.1347428e-03 4.1751112e-04
 3.4948945e-04 2.3905486e-04 5.2825082e-04 1.7595729e-03]"
0,4,"[8.7471849e-01 1.6800113e-02 7.0327178e-02 1.7351804e-02 4.0708184e-03
 3.0572729e-03 9.4385748e-04 1.3128868e-03 4.7250409e-03 9.6958608e-04
 1.1314614e-03 5.6691235e-04 1.0216001e-03 3.0030634e-03]"
8,10,"[0.32784075 0.02218148 0.0085568  0.00832073 0.00659619 0.10256769
 0.00906378 0.00521708 0.4795114  0.00292816 0.00577793 0.0054778
 0.00612748 0.00983265]"
1,0,"[0.23136452 0.70952475 0.01654128 0.00773522 0.00485623 0.00736683
 0.00285231 0.00253956 0.00554973 0.00164958 0.00332643 0.00158344
 0.00205317 0.00305702]"
2,13,"[0.42190284 0.0071168  0.5044266  0.02599649 0.00295257 0.00373153
 0.00178195 0.00166101 0.01037792 0.00303303 0.00584075 0.00141881
 0.00348802 0.00627159]"
0,2,"[9.6253920e-01 1.5851406e-02 6.3929828e-03 2.5885731e-03 1.9102548e-03
 2.3848896e-03 5.3162011e-04 6.8372785e-04 3.9097155e-03 4.2466522e-04
 4.3557334e-04 2.5601187e-04 5.3057220e-04 1.5608845e-03]"
9,1,"[0.00235056 0.00257424 0.00823592 0.00286954 0.00363758 0.00487864
 0.00492383 0.00673834 0.00455311 0.8229527  0.00504193 0.02590562
 0.01683948 0.08849844]"
6,0,"[5.67911833e-04 1.59676012e-03 8.79084982e-04 3.78065067e-03
 1.19210349e-03 1.50775565e-02 9.45319116e-01 2.21762829e-03
 3.64889065e-03 2.20801169e-03 1.64535306e-02 4.00949875e-03
 1.92612386e-03 1.12299994e-03]"
5,7,"[0.00714827 0.00606599 0.00259496 0.00278729 0.00224169 0.7028154
 0.18162724 0.00296292 0.05231502 0.00212359 0.02699659 0.0040409
 0.00240713 0.0038729 ]"
1,0,"[4.6341466e-03 9.7351640e-01 1.0637318e-03 2.2762781e-03 4.9559921e-03
 2.1808394e-03 2.0997683e-03 3.9779278e-03 1.0220346e-03 6.9492706e-04
 1.2744201e-03 8.8162877e-04 8.6395344e-04 5.5787485e-04]"
1,7,"[0.02198819 0.86746716 0.0028808  0.00150368 0.00561139 0.00538985
 0.00244203 0.07583886 0.00464631 0.00170015 0.00381785 0.00212089
 0.0022079  0.00238491]"
3,0,"[8.3815260e-03 1.4208705e-03 4.6970118e-03 9.7069168e-01 2.4142477e-03
 8.9215051e-04 2.1639557e-03 9.5707615e-04 8.8263076e-04 9.2315918e-04
 7.4683927e-04 3.9794897e-03 7.1440270e-04 1.1348610e-03]"
0,5,"[9.0334278e-01 4.4569694e-02 2.4608653e-02 7.4183387e-03 2.1207391e-03
 3.2371457e-03 9.8704163e-04 1.3011417e-03 6.6279224e-03 8.1823819e-04
 1.4457536e-03 5.3402281e-04 9.9561829e-04 1.9929255e-03]"
