prediction,true_label,probs
1,0,"[3.3075141e-03 9.9131936e-01 5.6141790e-04 3.1342238e-04 7.4254384e-04
 4.5799138e-04 2.9842183e-04 1.6137679e-03 2.1576279e-04 2.1947491e-04
 2.4289814e-04 1.7159591e-04 2.7757938e-04 2.5832612e-04]"
2,2,"[1.6068949e-03 6.1167229e-04 9.8925924e-01 1.2397297e-03 6.3533412e-04
 3.6859655e-04 3.0112162e-04 4.7651149e-04 5.7669228e-04 2.9033134e-03
 8.5091847e-04 3.6145654e-04 5.9958274e-04 2.0883163e-04]"
1,3,"[1.0653374e-02 9.8236841e-01 7.6013064e-04 6.2879606e-04 1.1295383e-03
 6.2969798e-04 3.2615053e-04 1.7513727e-03 2.7573251e-04 2.9196462e-04
 2.9503598e-04 1.9831274e-04 3.9289019e-04 2.9872224e-04]"
0,0,"[9.94218588e-01 4.96014138e-04 4.47790604e-04 6.00279891e-04
 2.94907775e-04 3.17682687e-04 1.02007631e-04 1.32988367e-04
 5.41722286e-04 1.18671538e-04 1.16148374e-04 2.13411477e-04
 1.52623936e-04 2.24714703e-03]"
4,4,"[5.2843099e-03 3.1673770e-02 1.6452870e-03 6.3740672e-04 9.4842494e-01
 1.2013902e-03 1.0338019e-03 3.8177625e-03 1.7540917e-03 1.0870463e-03
 1.2520181e-03 7.2183501e-04 7.7396224e-04 6.9228548e-04]"
0,0,"[9.8413980e-01 9.8857684e-03 6.0284801e-04 5.2832259e-04 7.7722856e-04
 6.8108219e-04 1.8558350e-04 4.5922262e-04 7.8392192e-04 1.7200274e-04
 1.4896673e-04 2.9439575e-04 2.5215151e-04 1.0888480e-03]"
0,0,"[9.9050361e-01 9.5896609e-04 6.5221381e-04 3.9148303e-03 2.7278007e-04
 3.8335202e-04 2.2911950e-04 2.2042614e-04 4.3097686e-04 1.5597988e-04
 1.5140756e-04 2.8160634e-04 1.4230939e-04 1.7023525e-03]"
5,5,"[7.1078975e-04 1.0685646e-03 2.6866130e-04 3.3854158e-04 4.8488897e-04
 9.9061650e-01 1.3608349e-03 4.6167229e-04 8.5170614e-04 3.9005274e-04
 2.0677154e-03 2.9201622e-04 4.4324997e-04 6.4477202e-04]"
1,1,"[2.2762162e-03 9.9077272e-01 5.4892764e-04 3.8585215e-04 1.0541396e-03
 4.9161300e-04 4.6101247e-04 2.2038228e-03 2.3834358e-04 3.5870523e-04
 3.1588558e-04 2.3359456e-04 3.3539595e-04 3.2374039e-04]"
0,0,"[9.9682403e-01 6.8170979e-04 4.8048495e-04 3.6730111e-04 1.8639256e-04
 1.6878538e-04 6.7715177e-05 1.3001407e-04 2.0797836e-04 9.5537245e-05
 6.5355161e-05 1.2404550e-04 8.9674759e-05 5.1100325e-04]"
1,3,"[5.3330385e-03 9.8549658e-01 6.8753195e-04 1.1808084e-03 1.4550770e-03
 7.1937375e-04 8.2911656e-04 2.0782277e-03 3.5712525e-04 4.2370500e-04
 2.7527081e-04 4.4770993e-04 4.0281253e-04 3.1365734e-04]"
0,0,"[9.96434450e-01 6.53389725e-04 3.82390921e-04 4.65147634e-04
 2.29251702e-04 1.73892637e-04 8.00069029e-05 1.32959874e-04
 2.54196668e-04 1.04550876e-04 7.43216588e-05 1.48438980e-04
 1.05709565e-04 7.61220697e-04]"
0,0,"[9.96260464e-01 6.90029177e-04 4.07828164e-04 4.40410338e-04
 2.31458383e-04 1.87607031e-04 9.29206726e-05 1.38422620e-04
 2.58151646e-04 1.04230101e-04 7.12126202e-05 1.57280287e-04
 1.18212076e-04 8.41659610e-04]"
2,2,"[1.4638309e-03 8.9751912e-04 8.9566934e-01 2.6911469e-03 2.2440483e-03
 6.2526600e-04 1.2644924e-03 1.1672297e-03 2.2116986e-03 7.7198930e-02
 6.8576061e-03 1.7165734e-03 3.6724992e-03 2.3196836e-03]"
4,4,"[1.9878147e-03 1.8900339e-02 1.5260716e-03 6.4508768e-04 9.6446699e-01
 1.1248495e-03 1.2377147e-03 3.1417438e-03 1.7753749e-03 1.3283838e-03
 1.7140878e-03 7.6261966e-04 7.4086210e-04 6.4783235e-04]"
6,6,"[2.6120644e-04 6.7713269e-04 2.7234343e-04 7.8292127e-04 1.2655626e-03
 9.1611193e-03 9.7708547e-01 9.5781963e-04 9.1957033e-04 3.8055109e-04
 5.2339379e-03 1.2826554e-03 7.3148881e-04 9.8826736e-04]"
0,0,"[9.9642855e-01 6.9367647e-04 4.0092031e-04 3.6380466e-04 2.0788297e-04
 2.2088291e-04 7.4468015e-05 1.5853500e-04 2.8701557e-04 9.7853685e-05
 7.5408854e-05 1.4030107e-04 1.1668330e-04 7.3390617e-04]"
10,6,"[5.4092781e-04 1.6513052e-03 1.5123301e-03 1.2674195e-03 3.9035508e-03
 1.9433854e-02 1.2137897e-01 5.7961014e-03 2.4367638e-03 2.1932516e-03
 8.3396834e-01 1.5282173e-03 2.1341760e-03 2.2547443e-03]"
6,6,"[2.4107716e-04 5.2050600e-04 3.2664463e-04 1.6403740e-03 1.0087583e-03
 1.5084534e-03 9.8595780e-01 7.6463801e-04 6.9620053e-04 4.9376342e-04
 4.3929149e-03 1.2478314e-03 5.3075986e-04 6.7016511e-04]"
1,1,"[2.9764839e-03 9.8960847e-01 7.5397303e-04 3.3055406e-04 8.0392236e-04
 4.7286914e-04 3.0338872e-04 2.9784134e-03 2.1029318e-04 3.4080865e-04
 2.8310076e-04 2.2624899e-04 3.6543177e-04 3.4590156e-04]"
0,0,"[9.96491730e-01 5.63591020e-04 4.80477785e-04 5.17495209e-04
 1.80552001e-04 1.81545329e-04 7.68868194e-05 1.17341304e-04
 2.68517266e-04 1.04095736e-04 7.11065150e-05 1.39574739e-04
 8.90043520e-05 7.18267052e-04]"
0,0,"[9.8969799e-01 5.3419075e-03 7.0049067e-04 4.6552462e-04 5.4184161e-04
 3.3661778e-04 1.3034567e-04 5.5856054e-04 3.0276782e-04 1.8390102e-04
 1.2587775e-04 2.2657348e-04 2.3165581e-04 1.1559497e-03]"
2,2,"[0.19667922 0.00412355 0.75557095 0.02619976 0.00259452 0.00084671
 0.00084922 0.00171548 0.00120178 0.00500604 0.00095989 0.00107369
 0.00125488 0.00192438]"
1,1,"[1.0743914e-02 9.8357958e-01 5.6869298e-04 4.1453665e-04 8.3636632e-04
 7.3489803e-04 2.5176271e-04 1.2204709e-03 3.9546104e-04 1.9539465e-04
 2.1386394e-04 1.9178302e-04 3.6752102e-04 2.8589461e-04]"
0,0,"[9.9657440e-01 7.3071069e-04 4.1809236e-04 4.3572785e-04 1.9810327e-04
 1.5404716e-04 8.0715050e-05 1.4054138e-04 2.2703015e-04 1.0612870e-04
 6.3841479e-05 1.3664857e-04 1.1278094e-04 6.2128121e-04]"
1,1,"[1.9844326e-03 9.9053347e-01 4.8409891e-04 6.1745191e-04 1.0218433e-03
 4.9020932e-04 5.9926958e-04 2.3697233e-03 2.3341858e-04 3.6680052e-04
 2.8878928e-04 3.1132228e-04 3.4364406e-04 3.5546135e-04]"
9,9,"[8.7455288e-04 8.3299458e-04 1.4591785e-02 1.0883731e-03 1.6493177e-03
 6.0713349e-04 7.2791049e-04 1.6881741e-03 7.4653031e-04 9.6549582e-01
 2.7976832e-03 1.3606689e-03 2.1089544e-03 5.4302793e-03]"
8,8,"[4.4129402e-03 5.9274852e-04 6.5759174e-04 9.3094877e-04 1.0804118e-03
 7.1313274e-03 1.5576764e-03 4.3777321e-04 9.7839659e-01 4.0742618e-04
 1.3317700e-03 9.2596060e-04 1.1340808e-03 1.0027870e-03]"
10,10,"[2.0328746e-04 4.6370339e-04 1.0389133e-03 4.0756134e-04 1.4043285e-03
 5.1991162e-03 1.3218842e-02 1.5111602e-03 1.1761207e-03 1.4639628e-03
 9.7191310e-01 3.7893280e-04 7.3463540e-04 8.8618847e-04]"
6,0,"[0.04329282 0.02899853 0.0041694  0.03020361 0.0134203  0.04068121
 0.78314316 0.00666685 0.02284506 0.00266385 0.00684408 0.00841443
 0.00269918 0.00595747]"
7,7,"[5.8344635e-04 4.1564829e-03 4.1985890e-04 4.0442141e-04 1.5539145e-03
 5.7238445e-04 6.0705433e-04 9.8679048e-01 2.1702278e-04 7.6777249e-04
 9.4761921e-04 9.2318637e-04 1.4090637e-03 6.4726931e-04]"
0,0,"[9.96300578e-01 5.21820039e-04 4.84718330e-04 5.64515591e-04
 2.30642268e-04 1.74554269e-04 7.94220687e-05 1.12991605e-04
 2.98493193e-04 1.11013993e-04 6.37604899e-05 1.41703887e-04
 1.07022279e-04 8.08748882e-04]"
3,3,"[2.8774976e-03 5.0741731e-04 9.2199334e-04 9.9097025e-01 4.4153153e-04
 2.9281445e-04 7.1383303e-04 3.2320269e-04 5.1523233e-04 6.0100394e-04
 3.0085206e-04 7.4107462e-04 2.9067017e-04 5.0238270e-04]"
1,1,"[6.0354788e-03 9.8725665e-01 1.2091887e-03 5.4273172e-04 1.0410402e-03
 6.2523264e-04 3.1227127e-04 1.2255630e-03 2.7046382e-04 3.4357767e-04
 2.6469838e-04 2.0196311e-04 3.6480679e-04 3.0635143e-04]"
1,1,"[3.9676889e-03 9.9029982e-01 6.8306894e-04 4.5857485e-04 8.4458198e-04
 5.0335616e-04 3.6531969e-04 1.2207363e-03 2.8996507e-04 3.0904854e-04
 2.4457360e-04 2.2724962e-04 2.9406743e-04 2.9191756e-04]"
1,1,"[2.3776363e-03 9.9203378e-01 5.2846409e-04 4.2116860e-04 7.9780899e-04
 4.8286782e-04 3.2189715e-04 1.5505458e-03 2.3941403e-04 2.9092495e-04
 2.1898703e-04 2.0406698e-04 2.8051078e-04 2.5206525e-04]"
0,13,"[9.94443595e-01 4.91541636e-04 6.92624482e-04 5.17032517e-04
 2.38013061e-04 2.33425264e-04 1.03875936e-04 1.49580344e-04
 3.81745194e-04 1.57249378e-04 1.16540075e-04 1.90382474e-04
 1.67801059e-04 2.11673626e-03]"
10,10,"[2.7396332e-04 1.3117279e-03 1.8979709e-03 4.2503775e-04 1.7933375e-03
 7.9859076e-03 1.0128136e-02 1.9081143e-03 1.4164899e-03 2.2054107e-03
 9.6851093e-01 3.2153324e-04 8.9067442e-04 9.3075383e-04]"
1,0,"[9.4774291e-03 9.8431891e-01 1.1344805e-03 4.9717503e-04 9.7802933e-04
 4.2537437e-04 3.1661373e-04 1.2152414e-03 2.6653058e-04 2.7393998e-04
 2.1230914e-04 1.9211324e-04 4.2416394e-04 2.6776010e-04]"
0,2,"[8.9127624e-01 3.9567379e-03 9.3179606e-02 3.5256725e-03 8.7833143e-04
 4.9695774e-04 4.0021935e-04 6.9171155e-04 8.9290156e-04 1.6513206e-03
 4.6056797e-04 4.4194752e-04 6.7583699e-04 1.4719549e-03]"
0,0,"[0.73330307 0.0050245  0.23242891 0.01279182 0.00166801 0.00120797
 0.00078935 0.00108446 0.00160896 0.00327579 0.00111108 0.0009176
 0.00123499 0.00355341]"
11,11,"[0.00199095 0.00116639 0.0021157  0.01869897 0.00304718 0.00554461
 0.00696685 0.00613246 0.00338396 0.04340815 0.0054238  0.78188235
 0.00329793 0.11694063]"
0,0,"[9.8116118e-01 2.1275620e-03 7.7909720e-04 1.0188104e-03 7.4450596e-04
 7.1996157e-03 3.7257155e-04 3.1787832e-04 2.6501305e-03 2.5469900e-04
 4.4736546e-04 4.1515150e-04 3.7731204e-04 2.1342307e-03]"
0,0,"[9.9679357e-01 4.4481389e-04 4.0149636e-04 4.2064281e-04 2.1006500e-04
 1.9729961e-04 7.8357269e-05 1.1761664e-04 2.7516208e-04 8.9988644e-05
 8.8952555e-05 1.3372130e-04 9.0059140e-05 6.5824389e-04]"
0,0,"[9.9558997e-01 5.5543793e-04 8.6242217e-04 7.9833803e-04 2.8633760e-04
 1.3379569e-04 8.0380953e-05 1.5070380e-04 2.3094157e-04 1.3198733e-04
 6.3988977e-05 1.4296721e-04 9.4624695e-05 8.7806763e-04]"
0,0,"[9.95127559e-01 1.62732927e-03 6.91639958e-04 5.34314488e-04
 2.36195046e-04 1.94756227e-04 7.50208710e-05 1.58371506e-04
 3.06880305e-04 1.10691835e-04 6.23885644e-05 1.45745129e-04
 1.06290106e-04 6.22752355e-04]"
5,6,"[6.7568189e-03 3.7594864e-03 5.2228483e-04 1.0498072e-03 8.4283372e-04
 9.5723563e-01 1.2989136e-02 5.9989083e-04 8.6578550e-03 4.6752300e-04
 3.1738444e-03 5.8084441e-04 1.1930401e-03 2.1709809e-03]"
4,4,"[2.0402097e-03 1.2849807e-02 1.2022633e-03 6.2136090e-04 9.7253031e-01
 9.2319504e-04 1.2928488e-03 2.5069772e-03 1.5669863e-03 1.0573592e-03
 1.3943299e-03 7.5824128e-04 6.5141980e-04 6.0475967e-04]"
3,0,"[6.4428478e-02 2.3491797e-03 1.9546091e-03 9.1393709e-01 1.1885909e-03
 9.0404897e-04 1.8880977e-03 1.1690168e-03 1.1526427e-03 9.4078144e-04
 4.3558562e-04 2.6347153e-03 8.1881706e-04 6.1981892e-03]"
0,0,"[9.9117529e-01 5.8504549e-04 6.7910203e-04 9.9681306e-04 3.0876530e-04
 2.7414269e-04 1.3976904e-04 2.3370930e-04 3.7749088e-04 2.2161682e-04
 1.2877454e-04 3.1814608e-04 2.2464461e-04 4.3366929e-03]"
6,6,"[4.3838096e-04 6.7132822e-04 5.1090034e-04 1.0604566e-03 1.2188728e-03
 3.5411988e-03 9.8341882e-01 8.0312270e-04 5.8269355e-04 5.6650239e-04
 3.9344383e-03 1.4212364e-03 7.1137864e-04 1.1207232e-03]"
11,3,"[2.0837206e-03 9.5908577e-04 1.4437210e-03 2.5878704e-01 1.6217630e-03
 1.5149240e-03 3.3899695e-03 2.3873227e-03 1.9031190e-03 2.3448435e-03
 4.6623105e-04 7.1606743e-01 1.8786290e-03 5.1522176e-03]"
5,8,"[8.0283295e-04 9.5068890e-04 1.6858177e-04 3.4910475e-04 4.8773707e-04
 9.9003333e-01 2.2707032e-03 3.5584747e-04 1.3455831e-03 3.0133137e-04
 1.4698391e-03 3.0153460e-04 4.4773516e-04 7.1506016e-04]"
7,7,"[6.2201783e-04 4.7724550e-03 4.5270266e-04 3.7322869e-04 1.6247343e-03
 5.4062158e-04 5.9805898e-04 9.8661959e-01 2.0328292e-04 6.8722526e-04
 9.5125311e-04 8.2345842e-04 1.1523394e-03 5.7904230e-04]"
0,0,"[9.96293604e-01 5.84776863e-04 3.97383788e-04 3.56530276e-04
 2.23907089e-04 1.98429727e-04 8.82875902e-05 1.39628188e-04
 2.84759473e-04 1.00136582e-04 8.00915368e-05 1.53517060e-04
 1.12379654e-04 9.86459549e-04]"
0,0,"[9.96287227e-01 5.76450315e-04 3.71041358e-04 4.03078244e-04
 2.13157502e-04 1.92380496e-04 8.20988571e-05 1.23119404e-04
 2.74991384e-04 1.05985047e-04 8.44033711e-05 1.49648578e-04
 1.21925244e-04 1.01437222e-03]"
1,1,"[2.2710552e-03 9.9093223e-01 8.2669122e-04 5.5355183e-04 9.7541237e-04
 5.3771178e-04 3.5942325e-04 1.7908972e-03 2.4893600e-04 3.6440697e-04
 2.8041741e-04 2.6224865e-04 3.1302281e-04 2.8396191e-04]"
4,4,"[2.6030184e-03 1.8527599e-02 1.5599608e-03 5.2639138e-04 9.6483660e-01
 1.0249061e-03 1.2570521e-03 3.0849045e-03 1.8007014e-03 1.0673469e-03
 1.4411691e-03 7.5017248e-04 8.0043043e-04 7.1981357e-04]"
1,1,"[2.9862388e-03 9.9128270e-01 5.2879343e-04 4.0806556e-04 8.0279232e-04
 5.2944693e-04 3.8474708e-04 1.4822694e-03 2.4975374e-04 2.7041489e-04
 2.4045764e-04 2.1258088e-04 2.8945645e-04 3.3213577e-04]"
1,1,"[3.3926326e-03 9.9095321e-01 5.4714381e-04 3.8188891e-04 8.0112339e-04
 4.2457908e-04 3.2443518e-04 1.7362204e-03 2.1370790e-04 2.5147249e-04
 2.2519180e-04 2.0388144e-04 2.8669884e-04 2.5791395e-04]"
0,0,"[9.9639964e-01 6.6096708e-04 6.3344883e-04 3.4355809e-04 2.3578692e-04
 1.7823711e-04 7.7979952e-05 1.0844093e-04 3.3938326e-04 1.1074564e-04
 8.6314285e-05 1.4822344e-04 1.0701761e-04 5.7011785e-04]"
3,3,"[0.00373356 0.00090546 0.00517358 0.8365412  0.00130963 0.0011632
 0.00222053 0.0013357  0.00196232 0.01215617 0.00118619 0.12425692
 0.00167732 0.00637816]"
0,0,"[9.9520904e-01 9.2955446e-04 8.1496529e-04 5.3328305e-04 2.4056775e-04
 2.3967009e-04 7.2221206e-05 1.5197341e-04 2.7239186e-04 1.1398783e-04
 9.2560513e-05 1.4436246e-04 9.8868535e-05 1.0866422e-03]"
5,5,"[6.9211033e-04 1.1787254e-03 2.1280008e-04 3.1000166e-04 5.0200062e-04
 9.9049991e-01 1.5969255e-03 4.0298107e-04 1.0925970e-03 3.6182965e-04
 1.5412151e-03 3.5471111e-04 5.0239020e-04 7.5186032e-04]"
2,2,"[1.5613157e-03 6.8209227e-04 9.8319787e-01 9.7820105e-04 6.8387302e-04
 3.6436270e-04 3.0549199e-04 6.8127859e-04 5.2900566e-04 8.2545485e-03
 1.0254974e-03 4.1005819e-04 1.0014835e-03 3.2465320e-04]"
1,1,"[2.3040541e-03 9.9013621e-01 5.4405449e-04 3.9027692e-04 1.1950220e-03
 5.1029678e-04 4.5474319e-04 2.7731131e-03 2.0913219e-04 2.8235797e-04
 3.1372314e-04 2.2874857e-04 3.6009241e-04 2.9838050e-04]"
0,8,"[0.7598908  0.00775719 0.00369946 0.16012958 0.00344482 0.00919009
 0.00801094 0.00171179 0.02873574 0.00165156 0.00178952 0.00509701
 0.00222313 0.00666834]"
1,1,"[2.3890629e-03 9.9167937e-01 5.5432704e-04 4.0778957e-04 8.3110720e-04
 5.3246081e-04 4.4005815e-04 1.5215162e-03 2.5193699e-04 3.1172999e-04
 2.5039230e-04 2.2393877e-04 2.9302901e-04 3.1349013e-04]"
4,4,"[1.8017124e-03 2.3639783e-02 1.6279452e-03 8.6487061e-04 9.5752680e-01
 1.0974387e-03 1.4878622e-03 4.2674500e-03 1.8089090e-03 1.5158446e-03
 1.8972614e-03 9.4053859e-04 8.4105477e-04 6.8256544e-04]"
0,0,"[9.9110478e-01 3.6692636e-03 7.7195629e-04 8.6421659e-04 4.0817074e-04
 2.6619731e-04 1.6059655e-04 2.9801056e-04 3.1121413e-04 1.8278870e-04
 1.0514987e-04 1.9284032e-04 1.9561670e-04 1.4691695e-03]"
0,0,"[9.9592257e-01 9.7028172e-04 8.9545955e-04 3.6581222e-04 2.2307955e-04
 2.0072307e-04 7.2066367e-05 1.3564879e-04 2.3518076e-04 1.1983688e-04
 7.9779558e-05 1.4547343e-04 1.0053583e-04 5.3356588e-04]"
5,5,"[8.3259755e-04 1.7730324e-03 2.3558969e-04 4.2744505e-04 9.9835848e-04
 9.7954822e-01 9.6936757e-03 6.7116867e-04 1.3265482e-03 3.9683847e-04
 2.1256036e-03 4.8027968e-04 6.4385973e-04 8.4688060e-04]"
0,0,"[9.9611986e-01 7.9929712e-04 4.6455555e-04 4.7138703e-04 2.6711065e-04
 1.9200380e-04 6.9584879e-05 1.2068163e-04 3.1399544e-04 9.4229712e-05
 6.5573491e-05 1.1869297e-04 1.0730831e-04 7.9572893e-04]"
0,0,"[9.9676216e-01 5.7677104e-04 3.3907895e-04 4.3024696e-04 2.1150390e-04
 1.9821958e-04 9.5066534e-05 1.1960939e-04 2.5126460e-04 8.7083099e-05
 7.7129065e-05 1.2363767e-04 9.2111426e-05 6.3598447e-04]"
0,0,"[9.96679664e-01 4.49089188e-04 4.84007876e-04 4.57648275e-04
 1.97912872e-04 1.69336010e-04 8.97677819e-05 1.15384217e-04
 2.65894778e-04 1.01517384e-04 7.88742982e-05 1.43714278e-04
 1.17039737e-04 6.50008733e-04]"
7,0,"[3.1021303e-03 3.7639219e-01 1.7480064e-03 8.4757351e-04 4.6894206e-03
 1.8390614e-03 1.6297206e-03 6.0057509e-01 4.6693432e-04 1.2208882e-03
 2.3364993e-03 1.4948590e-03 2.4723508e-03 1.1852032e-03]"
3,2,"[1.7990304e-02 1.5772169e-03 4.3970291e-02 9.2084360e-01 1.3665402e-03
 1.1384424e-03 1.4036836e-03 8.8175660e-04 1.6685792e-03 2.6746080e-03
 1.5725601e-03 2.0230245e-03 1.0712683e-03 1.8180128e-03]"
0,0,"[9.95114207e-01 5.01826347e-04 3.18800827e-04 6.81211881e-04
 2.67132506e-04 2.77837447e-04 1.15374613e-04 1.19091499e-04
 3.91541485e-04 1.02827602e-04 1.05784675e-04 2.00606635e-04
 1.22708050e-04 1.68107054e-03]"
9,9,"[8.7398017e-04 8.2607183e-04 1.0597483e-02 1.3130868e-03 1.5985600e-03
 5.8883720e-04 7.1716344e-04 1.8684042e-03 6.8512303e-04 9.6960068e-01
 2.7765697e-03 1.6771228e-03 1.9535364e-03 4.9233316e-03]"
4,4,"[0.04254063 0.07697042 0.00501954 0.00146148 0.85463965 0.00252104
 0.00137334 0.00574435 0.00287959 0.00195787 0.00152489 0.00113811
 0.001123   0.00110617]"
2,2,"[2.6029053e-03 6.5497495e-04 9.8499089e-01 3.2998016e-03 7.6418178e-04
 3.6756133e-04 4.2146503e-04 4.6482723e-04 5.7501940e-04 3.4622923e-03
 1.0189828e-03 4.4044227e-04 5.6969613e-04 3.6695611e-04]"
1,4,"[0.00731802 0.48505673 0.00332403 0.00150063 0.45562017 0.00460777
 0.0029741  0.02426076 0.00293087 0.00301977 0.00343784 0.00196459
 0.00221302 0.00177184]"
0,0,"[9.9521339e-01 5.8110681e-04 7.9054642e-04 3.9443406e-04 2.9458132e-04
 2.5676718e-04 1.0272357e-04 1.6027338e-04 3.9272284e-04 1.3312421e-04
 1.1476364e-04 2.0159999e-04 1.2565663e-04 1.2384325e-03]"
12,12,"[4.8877992e-04 1.3863220e-03 1.4344205e-03 1.0358886e-03 1.0116866e-03
 8.2006468e-04 1.0741747e-03 3.1980635e-03 1.4158721e-03 5.8446242e-03
 7.8716519e-04 5.2102329e-03 9.7499305e-01 1.2997210e-03]"
0,0,"[9.9668366e-01 7.1567384e-04 4.3476297e-04 3.9815210e-04 2.1063321e-04
 1.6206987e-04 7.5968157e-05 1.1357619e-04 2.5184429e-04 9.5783413e-05
 6.6104891e-05 1.2817567e-04 8.9151144e-05 5.7461200e-04]"
0,0,"[9.95832026e-01 1.07098231e-03 5.73667232e-04 5.45953226e-04
 2.29248180e-04 1.93231986e-04 7.40229298e-05 1.33031775e-04
 2.86972092e-04 1.17468895e-04 6.88953078e-05 1.19415185e-04
 1.13282251e-04 6.41768973e-04]"
2,2,"[4.3218639e-03 6.8297674e-04 9.8604625e-01 1.6562310e-03 6.5289508e-04
 4.5136260e-04 3.2140850e-04 4.8782927e-04 6.6161132e-04 2.7218116e-03
 6.7941996e-04 4.0699239e-04 5.5158098e-04 3.5787933e-04]"
1,1,"[3.4997053e-02 8.6044562e-01 7.9332124e-03 2.2475410e-03 2.4554050e-02
 1.8186427e-03 1.2293061e-03 5.8191918e-02 8.3662028e-04 2.0378558e-03
 1.4006438e-03 1.1916588e-03 1.6360903e-03 1.4798841e-03]"
2,3,"[6.7429119e-03 7.9498283e-04 9.7610062e-01 5.2510295e-03 8.1700424e-04
 3.4504681e-04 2.8557263e-04 6.0275680e-04 5.5963296e-04 6.0111010e-03
 6.2178326e-04 6.2016392e-04 6.3700665e-04 6.1059627e-04]"
0,0,"[9.9668247e-01 6.7261339e-04 5.2594522e-04 3.5181755e-04 2.0067574e-04
 1.8550997e-04 7.2775445e-05 1.0022087e-04 3.0281721e-04 9.5426345e-05
 7.1182003e-05 1.2144248e-04 1.0217357e-04 5.1476248e-04]"
4,4,"[2.1096945e-03 2.2668207e-02 2.2367244e-03 7.2953745e-04 9.5877379e-01
 8.4946287e-04 1.3130440e-03 3.5446207e-03 2.0197402e-03 1.4853581e-03
 1.9775003e-03 8.4382948e-04 7.4820954e-04 7.0035388e-04]"
0,0,"[9.96182740e-01 5.69934200e-04 7.60306604e-04 4.57751943e-04
 2.31134822e-04 1.63238670e-04 7.55190631e-05 1.22125755e-04
 2.75734550e-04 1.25627848e-04 7.25863647e-05 1.53068875e-04
 1.11283014e-04 6.98974938e-04]"
1,1,"[2.7608809e-03 9.8387021e-01 1.0440060e-03 4.4360373e-04 1.2568503e-03
 4.8095087e-04 3.3369902e-04 7.6873987e-03 1.9103620e-04 5.0166441e-04
 3.7135454e-04 2.9864672e-04 5.1348610e-04 2.4629815e-04]"
0,0,"[9.9675518e-01 5.1517575e-04 4.5985740e-04 3.7780113e-04 2.2777492e-04
 1.9480243e-04 7.6618715e-05 1.3233097e-04 2.7108489e-04 9.2320086e-05
 8.0498750e-05 1.2703156e-04 1.0484188e-04 5.8474822e-04]"
5,5,"[2.5857568e-03 2.0639156e-03 2.5723202e-04 3.9999688e-04 6.1976543e-04
 9.8299950e-01 1.2096456e-03 5.4825994e-04 5.5598398e-03 3.1070327e-04
 1.3998987e-03 3.9080344e-04 6.9501478e-04 9.5976359e-04]"
1,1,"[2.7057484e-03 9.9143022e-01 5.7857303e-04 4.6040182e-04 9.3344535e-04
 4.5336361e-04 4.6342352e-04 1.3770782e-03 2.3232501e-04 2.9566247e-04
 2.4975804e-04 2.2523683e-04 2.8533817e-04 3.0925733e-04]"
1,1,"[1.2813565e-02 9.8138314e-01 8.6497300e-04 3.8458809e-04 9.3114137e-04
 5.4214179e-04 3.1099955e-04 1.0902848e-03 3.7806021e-04 2.3490573e-04
 2.4254694e-04 1.6087123e-04 3.3638888e-04 3.2647941e-04]"
0,0,"[9.9662030e-01 5.8717857e-04 4.4397695e-04 3.7641317e-04 2.2605259e-04
 1.3990460e-04 6.4496053e-05 1.2743891e-04 2.4490367e-04 1.0622026e-04
 6.7149245e-05 1.4558020e-04 1.0274417e-04 7.4761058e-04]"
10,10,"[3.1119384e-04 1.3225290e-03 1.4482239e-03 1.0578890e-03 3.4184169e-03
 4.9162940e-03 8.6224459e-02 2.6209510e-03 1.5847209e-03 1.7355435e-03
 8.9231312e-01 7.4004667e-04 1.1093520e-03 1.1972578e-03]"
5,5,"[1.4523265e-03 1.3878214e-03 4.3281392e-04 3.7460262e-04 5.9270213e-04
 9.8787552e-01 9.3248638e-04 4.9472431e-04 1.3613874e-03 4.7683940e-04
 3.0828521e-03 3.5866670e-04 5.6720013e-04 6.1030581e-04]"
0,0,"[9.9644947e-01 4.2834115e-04 6.0962874e-04 5.0798297e-04 2.0371328e-04
 1.6341510e-04 7.6925724e-05 1.0368541e-04 2.3996834e-04 1.2002166e-04
 7.6872704e-05 1.3870170e-04 9.4874893e-05 7.8640244e-04]"
0,0,"[9.96368170e-01 6.37446647e-04 3.37693578e-04 4.28999541e-04
 2.25049298e-04 1.97450470e-04 8.23776063e-05 1.41674449e-04
 2.61301378e-04 9.04638364e-05 8.26501127e-05 1.39315947e-04
 1.11114095e-04 8.96110607e-04]"
7,7,"[5.2206893e-04 3.1034788e-03 4.6930139e-04 4.1188803e-04 1.4046967e-03
 4.9819803e-04 6.0847943e-04 9.8796773e-01 2.0260394e-04 8.6990249e-04
 8.4107806e-04 1.0578638e-03 1.4962270e-03 5.4658687e-04]"
6,6,"[5.2394572e-04 7.0148375e-04 5.3435116e-04 1.0898388e-03 1.4932352e-03
 4.9544391e-03 9.8175025e-01 9.5746946e-04 7.9478853e-04 5.6319428e-04
 2.1660675e-03 2.6882770e-03 7.1550481e-04 1.0672215e-03]"
1,5,"[2.2980738e-02 9.4788408e-01 1.0618081e-03 6.7542080e-04 3.0978627e-03
 1.5242094e-02 1.4149463e-03 2.7561700e-03 1.1520921e-03 3.8876029e-04
 9.9780271e-04 4.8472843e-04 7.9948240e-04 1.0639590e-03]"
1,1,"[5.1900363e-03 9.8904210e-01 7.1336189e-04 3.6686298e-04 9.2801335e-04
 5.7134597e-04 3.3631979e-04 1.2158802e-03 2.4830012e-04 2.8900555e-04
 2.2710324e-04 2.1211131e-04 3.5413244e-04 3.0524749e-04]"
0,3,"[8.5185814e-01 1.1764170e-03 3.6062323e-03 1.3156992e-01 8.9888158e-04
 9.6514774e-04 7.0662773e-04 5.2370358e-04 1.2276961e-03 1.3596785e-03
 4.5010200e-04 1.3716645e-03 4.9547263e-04 3.7904342e-03]"
0,2,"[9.8514056e-01 1.0607779e-03 7.4939034e-03 2.5501195e-03 3.4944652e-04
 2.0812009e-04 1.5625176e-04 2.0286556e-04 5.7486771e-04 3.0684471e-04
 1.2595885e-04 2.5506949e-04 1.9789743e-04 1.3770883e-03]"
0,0,"[9.9490619e-01 8.5871638e-04 6.9520023e-04 8.5894862e-04 2.5878800e-04
 2.1888445e-04 1.1157040e-04 1.4006199e-04 2.5391308e-04 1.2259350e-04
 8.7120781e-05 1.5825882e-04 9.9168719e-05 1.2305185e-03]"
1,1,"[1.8766990e-03 9.9100494e-01 5.6713575e-04 4.8811425e-04 1.0310522e-03
 6.0427852e-04 4.6246927e-04 2.2253804e-03 2.3940558e-04 3.4252586e-04
 2.9810876e-04 2.6865854e-04 3.0609226e-04 2.8504120e-04]"
5,5,"[2.1056703e-03 2.2006007e-03 6.9217244e-04 1.9170026e-03 2.7464156e-03
 7.6926982e-01 1.9684711e-01 1.5876672e-03 3.9924625e-03 9.3459239e-04
 7.2218534e-03 4.0393723e-03 1.8660811e-03 4.5792763e-03]"
4,2,"[4.3761116e-03 3.7191976e-02 3.7212081e-03 9.7180076e-04 9.3979496e-01
 1.0559306e-03 1.0072518e-03 4.6850047e-03 1.7115687e-03 1.6279467e-03
 1.5575601e-03 8.1444700e-04 7.9129793e-04 6.9307990e-04]"
0,0,"[8.6745667e-01 2.4636192e-02 8.5782915e-02 9.2310878e-03 1.6654959e-03
 5.2681408e-04 5.5639900e-04 2.8383923e-03 8.9058781e-04 2.0270273e-03
 6.2774704e-04 4.9722119e-04 1.3418111e-03 1.9214960e-03]"
2,2,"[0.00163468 0.00120745 0.5353983  0.00261577 0.00245974 0.00091899
 0.00105391 0.00284134 0.00165495 0.43302318 0.00568664 0.00205864
 0.00611612 0.00333031]"
10,10,"[1.4996843e-04 5.4870482e-04 1.8310833e-03 2.9465902e-04 1.3501414e-03
 2.2975332e-03 4.9119322e-03 1.2953170e-03 1.0474412e-03 3.1223334e-03
 9.8087937e-01 3.0862427e-04 9.4573176e-04 1.0171357e-03]"
3,3,"[3.7004349e-03 5.4818380e-04 4.5690220e-04 9.8996770e-01 3.9007768e-04
 3.0161988e-04 7.9317816e-04 4.0119945e-04 4.0763873e-04 5.1044993e-04
 2.6019342e-04 1.1563965e-03 3.1283655e-04 7.9321029e-04]"
6,6,"[2.3103182e-04 4.4266513e-04 2.8781756e-04 1.0741950e-03 9.3492254e-04
 1.9973232e-03 9.8804736e-01 6.7645812e-04 6.2201923e-04 3.8232261e-04
 2.9640286e-03 1.0786754e-03 5.7261798e-04 6.8853679e-04]"
1,1,"[3.3212502e-03 9.9103642e-01 7.3691859e-04 4.4202447e-04 9.0382370e-04
 4.8964197e-04 3.3339646e-04 1.2056944e-03 2.5785321e-04 2.8217997e-04
 2.1304248e-04 1.9977658e-04 2.9961887e-04 2.7804612e-04]"
3,3,"[1.0876949e-03 4.1738432e-04 4.8614209e-04 9.9309087e-01 3.9265479e-04
 2.7416507e-04 8.6489075e-04 3.0747461e-04 4.2859360e-04 5.4091791e-04
 2.7083117e-04 1.0886999e-03 3.2042078e-04 4.2911421e-04]"
0,0,"[9.9684119e-01 4.4964562e-04 4.5683628e-04 3.7898438e-04 2.0574500e-04
 1.4665742e-04 6.7335110e-05 1.1363413e-04 2.4464651e-04 1.0005871e-04
 6.8398876e-05 1.3171637e-04 9.2656795e-05 7.0251868e-04]"
5,6,"[5.2870932e-04 1.0443178e-03 1.9577029e-04 3.3822635e-04 5.8570533e-04
 9.9040270e-01 2.0774931e-03 3.8943542e-04 1.3425748e-03 3.1570348e-04
 1.2905643e-03 3.8138422e-04 4.3310088e-04 6.7449507e-04]"
0,0,"[0.5415626  0.22089249 0.00581116 0.00536499 0.0126554  0.14203934
 0.00662089 0.00471434 0.04080585 0.00207683 0.00262117 0.00426911
 0.00374769 0.00681816]"
0,0,"[9.9627787e-01 5.3321489e-04 5.1231676e-04 8.1199594e-04 2.2537983e-04
 1.5296864e-04 9.6098891e-05 1.1717277e-04 2.1399895e-04 1.0456107e-04
 6.7674140e-05 1.4351640e-04 8.9704641e-05 6.5347838e-04]"
0,0,"[9.9089795e-01 4.4390076e-04 5.2214856e-04 2.6108013e-03 3.5057584e-04
 4.2832349e-04 2.4196389e-04 1.3854579e-04 9.2683372e-04 1.6525481e-04
 1.5122246e-04 3.0080459e-04 1.9396657e-04 2.6278074e-03]"
1,1,"[2.0763983e-03 9.9076349e-01 5.1881530e-04 5.1077688e-04 9.6412475e-04
 5.5182324e-04 5.7537010e-04 2.2755417e-03 2.3329606e-04 3.4333859e-04
 2.9058597e-04 2.7883830e-04 3.0385292e-04 3.1371356e-04]"
11,11,"[1.0635635e-03 6.3242851e-04 1.3317657e-03 1.9304719e-02 1.2234321e-03
 1.1426274e-03 1.7598993e-03 1.6649050e-03 1.1655755e-03 3.2222511e-03
 3.4773850e-04 9.5709628e-01 1.4195723e-03 8.6252298e-03]"
4,4,"[2.2619010e-03 9.0958131e-03 1.3897636e-03 6.3073152e-04 9.7594643e-01
 8.3319593e-04 1.3426309e-03 1.9655456e-03 1.9009652e-03 1.0324103e-03
 1.5229520e-03 7.7002490e-04 6.4401771e-04 6.6362228e-04]"
3,3,"[1.4401855e-03 4.4311659e-04 5.7428132e-04 9.9200189e-01 6.5008755e-04
 2.7023841e-04 1.0698794e-03 3.2520902e-04 5.7260541e-04 5.2958826e-04
 2.8743886e-04 9.9044014e-04 3.4117987e-04 5.0397514e-04]"
5,10,"[2.2521636e-03 1.1647280e-03 4.4405795e-04 5.2666594e-04 6.2640425e-04
 9.8022008e-01 1.4859545e-03 6.6581857e-04 2.2883676e-03 6.1630853e-04
 7.0735672e-03 3.9252310e-04 6.6297239e-04 1.5802593e-03]"
0,0,"[9.95271504e-01 7.65180856e-04 9.00590676e-04 5.31280821e-04
 2.62779067e-04 2.22414281e-04 8.65008624e-05 1.64852609e-04
 2.82090507e-04 1.14139446e-04 1.07692009e-04 1.30896457e-04
 1.07531603e-04 1.05255435e-03]"
0,0,"[9.9423295e-01 9.1936206e-04 6.2275236e-04 4.2515190e-04 3.5656325e-04
 4.3976665e-04 1.1011012e-04 1.7981885e-04 5.8126281e-04 1.4119864e-04
 1.6593342e-04 2.2243088e-04 1.6732595e-04 1.4355953e-03]"
4,4,"[1.9444730e-03 1.6544862e-02 1.3539125e-03 5.7444046e-04 9.6768177e-01
 1.1230545e-03 1.2281474e-03 2.7610241e-03 1.7821055e-03 1.2481889e-03
 1.5229745e-03 7.9520681e-04 7.5709046e-04 6.8276562e-04]"
4,1,"[0.00830597 0.38671133 0.00311299 0.0018829  0.5525926  0.00466951
 0.00358038 0.0223031  0.00321913 0.00353744 0.0037364  0.00196319
 0.0024709  0.00191423]"
0,0,"[9.6720225e-01 1.0755478e-03 1.0360684e-03 2.4170626e-02 6.5005297e-04
 6.7182031e-04 4.7002482e-04 2.7355194e-04 9.4989839e-04 4.4884550e-04
 2.0753594e-04 6.4351875e-04 2.9596270e-04 1.9041182e-03]"
0,0,"[9.96453881e-01 6.65324565e-04 7.07661442e-04 3.89303634e-04
 1.94335182e-04 1.62577038e-04 6.91192326e-05 1.15575560e-04
 2.63770839e-04 1.02801103e-04 6.97397772e-05 1.18779884e-04
 8.70917938e-05 6.00061729e-04]"
0,0,"[9.95290041e-01 6.54805161e-04 3.54055519e-04 5.42270194e-04
 2.99824373e-04 2.69127602e-04 1.20491088e-04 1.64680954e-04
 3.10844101e-04 1.03406564e-04 9.76229203e-05 1.93103420e-04
 1.21776255e-04 1.47787167e-03]"
0,0,"[9.9608994e-01 4.0237742e-04 3.9330625e-04 5.2459224e-04 2.1672505e-04
 2.0115792e-04 7.4019365e-05 1.2400369e-04 2.7300318e-04 1.0841384e-04
 8.3580686e-05 1.5959909e-04 1.0580593e-04 1.2435986e-03]"
0,0,"[9.1807085e-01 9.4982050e-03 6.1388336e-02 4.0086890e-03 1.1520388e-03
 7.6037645e-04 4.2032503e-04 7.5518549e-04 8.8239706e-04 8.6181500e-04
 4.4922126e-04 3.2613749e-04 4.4288437e-04 9.8339794e-04]"
7,7,"[6.1651622e-04 2.9854227e-03 4.6651173e-04 4.2159087e-04 1.4573411e-03
 4.8747196e-04 5.8016449e-04 9.8830169e-01 2.0180375e-04 7.7801209e-04
 8.7730977e-04 9.1988727e-04 1.3156974e-03 5.9036782e-04]"
0,3,"[6.2161946e-01 1.4596310e-03 2.5765642e-03 3.6210245e-01 9.1687031e-04
 1.3782453e-03 1.2321934e-03 7.5033226e-04 1.5758206e-03 9.7361696e-04
 6.6814193e-04 1.3491730e-03 5.8960932e-04 2.8078754e-03]"
0,0,"[9.95084226e-01 3.19373357e-04 1.02805893e-03 9.51801019e-04
 2.11254606e-04 1.83772558e-04 1.06703403e-04 9.93731737e-05
 4.46234219e-04 1.34060741e-04 1.11120338e-04 1.90281251e-04
 1.19008095e-04 1.01456861e-03]"
0,1,"[5.1705700e-01 4.6319944e-01 2.5791198e-03 2.2072166e-03 2.7497481e-03
 1.8688079e-03 1.0385723e-03 3.0347030e-03 1.6065991e-03 6.7709276e-04
 5.1156775e-04 6.6673080e-04 1.0975008e-03 1.7058179e-03]"
0,0,"[9.9580622e-01 6.0002698e-04 8.4688899e-04 6.0990837e-04 1.9013423e-04
 1.8229522e-04 7.3194024e-05 1.3055702e-04 2.8194883e-04 1.1469432e-04
 9.5294272e-05 1.4065340e-04 1.0102104e-04 8.2689454e-04]"
0,0,"[9.9316847e-01 2.9630333e-03 4.7701210e-04 5.5766874e-04 3.5722213e-04
 2.4615380e-04 1.2213431e-04 3.5157727e-04 2.5710341e-04 1.5453894e-04
 9.4250885e-05 1.8153393e-04 1.7708585e-04 8.9211727e-04]"
1,1,"[0.00651943 0.6332913  0.00411869 0.00231179 0.29630682 0.0048822
 0.00330373 0.03308756 0.00249195 0.0037141  0.00365873 0.00210523
 0.00253555 0.00167294]"
13,9,"[0.00416401 0.00144645 0.00473007 0.0051604  0.00321057 0.00333122
 0.00414281 0.00440198 0.0018382  0.29516134 0.00684475 0.00785099
 0.00428354 0.6534337 ]"
0,0,"[9.7167510e-01 1.0875257e-02 2.6544922e-03 1.8332361e-03 9.7059330e-04
 2.6943805e-03 2.5763098e-04 8.1309682e-04 4.7979765e-03 4.2730608e-04
 6.1884907e-04 3.3362187e-04 9.8051317e-04 1.0677489e-03]"
0,0,"[9.96795833e-01 4.94262611e-04 4.42753168e-04 3.53444484e-04
 1.95497691e-04 2.18414600e-04 8.36925828e-05 1.08546454e-04
 3.16521327e-04 8.99486113e-05 8.06837270e-05 1.17679512e-04
 9.54908246e-05 6.07367489e-04]"
9,9,"[9.0622134e-04 8.4247882e-04 2.0258039e-02 1.1568953e-03 1.4983786e-03
 6.5745943e-04 6.8502052e-04 1.6437318e-03 9.0770039e-04 9.5926648e-01
 3.2893766e-03 1.7385517e-03 2.4698479e-03 4.6798978e-03]"
13,0,"[4.8306845e-03 4.5664242e-04 1.9275510e-03 6.5806857e-03 1.4717751e-03
 2.3900536e-03 1.5388140e-03 1.9263007e-03 1.4433028e-03 2.9761914e-02
 2.2463817e-03 5.7015703e-03 1.3361316e-03 9.3838823e-01]"
8,8,"[0.19494282 0.00170747 0.00234906 0.00676238 0.00366635 0.01792648
 0.00635009 0.00086548 0.7346471  0.00096121 0.00362307 0.00329621
 0.00326922 0.01963301]"
3,3,"[2.4207197e-03 5.3153618e-04 1.0249963e-03 9.9013209e-01 5.3441565e-04
 3.2274707e-04 1.2384757e-03 3.4435448e-04 6.0701522e-04 5.5129197e-04
 4.8727659e-04 8.2409126e-04 3.1981914e-04 6.6110195e-04]"
1,1,"[2.1801034e-03 9.9074638e-01 5.0504092e-04 3.8898661e-04 9.3881669e-04
 5.0153589e-04 4.3554627e-04 2.5985045e-03 2.3255566e-04 2.9454700e-04
 3.0585573e-04 2.2732173e-04 3.3094868e-04 3.1379735e-04]"
8,8,"[0.00460035 0.00111179 0.00087095 0.00309039 0.00292816 0.07367106
 0.04028507 0.0011029  0.8432314  0.00107403 0.01868025 0.00188968
 0.00346421 0.00399975]"
5,5,"[2.3688903e-02 3.3436627e-03 4.0974619e-04 8.5777044e-04 1.2452067e-03
 9.3789834e-01 6.3729170e-03 1.3789854e-03 1.6448537e-02 4.2870652e-04
 2.4053040e-03 8.4230717e-04 1.5329017e-03 3.1467471e-03]"
6,6,"[0.00298176 0.00479678 0.0011146  0.11282115 0.00511444 0.07940628
 0.74323    0.00582478 0.00403058 0.00154587 0.02292813 0.01038769
 0.00250986 0.00330796]"
10,10,"[4.3006029e-04 1.2232539e-03 7.8821993e-03 6.4016000e-04 2.1834942e-03
 7.2031883e-03 4.4432352e-03 2.1512194e-03 1.5808102e-03 4.3940842e-03
 9.6549857e-01 3.6404881e-04 1.2230743e-03 7.8252191e-04]"
0,0,"[9.9651164e-01 5.5146072e-04 4.1484347e-04 3.6782987e-04 2.0075869e-04
 2.7522491e-04 8.0685029e-05 1.3648889e-04 2.7352644e-04 1.0364986e-04
 9.8350421e-05 1.3416859e-04 9.1622940e-05 7.5979141e-04]"
1,1,"[3.1755520e-03 9.9126148e-01 6.2466634e-04 3.9435030e-04 7.9034583e-04
 5.4916437e-04 3.4658524e-04 1.3091459e-03 2.6235281e-04 2.5748441e-04
 2.7464019e-04 1.9748868e-04 2.7628549e-04 2.8061974e-04]"
5,5,"[1.4611366e-03 1.8625975e-03 2.8406703e-04 3.2884325e-04 6.4397341e-04
 9.8904884e-01 8.5997430e-04 4.5397723e-04 1.6426708e-03 4.1579633e-04
 1.3845530e-03 3.3681188e-04 6.0225523e-04 6.7451643e-04]"
1,1,"[6.2933643e-03 9.8802525e-01 6.9714995e-04 3.3715472e-04 6.8789627e-04
 5.4874504e-04 2.4442081e-04 1.4982860e-03 2.7722615e-04 2.4398066e-04
 2.6954274e-04 1.6498641e-04 3.7573179e-04 3.3641100e-04]"
8,8,"[2.0330565e-02 1.1476511e-03 9.2404976e-04 1.7788820e-03 1.8109062e-03
 1.1233937e-02 1.5845639e-03 5.5637828e-04 9.5427424e-01 4.0789830e-04
 1.7719772e-03 1.0561864e-03 1.3582917e-03 1.7643730e-03]"
2,0,"[1.4050448e-01 8.0877300e-03 8.3474237e-01 4.8766183e-03 1.8177481e-03
 5.8645877e-04 4.8283197e-04 1.5736902e-03 7.0788548e-04 3.0792325e-03
 8.6368271e-04 6.1871606e-04 1.1975532e-03 8.6090650e-04]"
3,3,"[1.2654460e-03 3.6176195e-04 3.9348195e-04 9.9264878e-01 3.0437857e-04
 2.8150200e-04 7.9183280e-04 3.3523067e-04 4.0870666e-04 4.1464349e-04
 2.3257529e-04 1.7329635e-03 3.2205370e-04 5.0661521e-04]"
1,1,"[3.5108870e-03 9.9150413e-01 5.5409083e-04 3.2362735e-04 7.3920324e-04
 4.1649179e-04 2.9251128e-04 1.3035549e-03 2.0668995e-04 2.3368854e-04
 2.2358319e-04 1.6226669e-04 2.6785038e-04 2.6116197e-04]"
3,0,"[2.9274821e-01 8.8386368e-03 6.5262858e-03 6.7645401e-01 1.6820759e-03
 1.0180206e-03 1.6019569e-03 1.5220904e-03 1.2625373e-03 2.2626314e-03
 5.9194595e-04 1.9395523e-03 1.0654224e-03 2.4865922e-03]"
1,1,"[5.3085778e-03 9.8952639e-01 8.0014544e-04 3.2122503e-04 6.8157283e-04
 4.0983834e-04 2.9283401e-04 1.0870832e-03 2.6313259e-04 2.2788892e-04
 2.3208397e-04 1.5710207e-04 3.9043103e-04 3.0170890e-04]"
6,6,"[3.0574598e-04 5.1205506e-04 4.3902034e-04 8.9440099e-04 1.2451983e-03
 1.5620632e-03 9.8743898e-01 7.3188415e-04 5.6484150e-04 5.2275427e-04
 2.9594915e-03 1.3405241e-03 6.2297779e-04 8.5997622e-04]"
0,1,"[8.4539783e-01 1.3376856e-01 9.5450897e-03 2.5512348e-03 1.8678303e-03
 6.6459767e-04 4.9526384e-04 1.6811050e-03 7.9152180e-04 7.0790027e-04
 3.7007139e-04 4.4770996e-04 8.4001798e-04 8.7129913e-04]"
0,3,"[8.5190129e-01 1.2284516e-03 2.3294948e-03 1.3291527e-01 7.8472623e-04
 1.0445284e-03 7.9481426e-04 4.9453584e-04 1.4978213e-03 8.7399717e-04
 4.2006531e-04 1.0990588e-03 4.9551448e-04 4.1206274e-03]"
6,6,"[2.5508154e-04 3.9074829e-04 3.2570772e-04 1.1716085e-03 9.4913092e-04
 2.3428784e-03 9.8587799e-01 6.3747494e-04 5.4025982e-04 4.6115951e-04
 4.3198466e-03 1.3054695e-03 5.8673596e-04 8.3590613e-04]"
1,7,"[3.6463798e-03 6.4836615e-01 2.7331579e-03 1.4435340e-03 4.5210165e-03
 2.7015114e-03 1.5173020e-03 3.2604074e-01 3.7601157e-04 1.5715396e-03
 2.1982209e-03 2.0440063e-03 1.8029873e-03 1.0374777e-03]"
13,13,"[6.0672383e-03 4.7006295e-04 1.7760660e-03 2.1013748e-03 1.2511675e-03
 2.6219094e-03 1.3529474e-03 1.5783022e-03 1.7693241e-03 2.3133570e-02
 2.2371600e-03 3.7516435e-03 1.7679469e-03 9.5012134e-01]"
0,0,"[9.9492514e-01 5.6753197e-04 6.6474272e-04 9.9884532e-04 2.4817456e-04
 1.6315781e-04 8.3773812e-05 1.5267239e-04 2.7536388e-04 1.3649999e-04
 8.1827347e-05 1.8100771e-04 1.1369175e-04 1.4074475e-03]"
10,10,"[0.00089173 0.00316857 0.03823649 0.0015263  0.00466412 0.00409862
 0.00737181 0.00682685 0.00327609 0.38037962 0.5325268  0.00293853
 0.00791707 0.00617742]"
0,0,"[9.9596477e-01 1.2523561e-03 7.1577245e-04 4.3065142e-04 2.2272146e-04
 1.4242025e-04 7.7791228e-05 1.5092338e-04 2.5785927e-04 9.4477051e-05
 6.1697530e-05 1.1150202e-04 1.0011527e-04 4.1683801e-04]"
1,1,"[2.1754506e-03 9.9197751e-01 5.8045908e-04 4.3679506e-04 8.5147558e-04
 4.9121852e-04 3.0546662e-04 1.7652552e-03 2.0813163e-04 2.6941838e-04
 2.5012813e-04 2.0314648e-04 2.5851859e-04 2.2708299e-04]"
0,0,"[9.9625909e-01 8.5716631e-04 7.4393669e-04 4.4469562e-04 2.1887796e-04
 1.8415067e-04 7.9829580e-05 1.3229200e-04 2.6430114e-04 1.0838149e-04
 6.6441273e-05 1.3267115e-04 1.0429429e-04 4.0401897e-04]"
11,11,"[0.00223991 0.00118129 0.00275873 0.04992338 0.00211305 0.0021865
 0.0034731  0.00269704 0.00195195 0.02198061 0.00161492 0.86129487
 0.00224395 0.04434076]"
2,0,"[0.42484748 0.03802467 0.50336784 0.00884935 0.00282749 0.00287485
 0.00117083 0.00233253 0.00277222 0.0053503  0.00227171 0.00089486
 0.00244828 0.00196764]"
0,0,"[9.9646485e-01 4.3935675e-04 4.4791269e-04 4.9585424e-04 2.1990246e-04
 1.6238482e-04 9.2153619e-05 1.1218009e-04 2.8580616e-04 1.0374339e-04
 7.9557678e-05 1.4362509e-04 9.5577809e-05 8.5700850e-04]"
0,0,"[9.9639171e-01 7.1128772e-04 3.7840585e-04 3.7130524e-04 2.0051257e-04
 2.3919271e-04 8.5328196e-05 1.1253970e-04 3.2033143e-04 7.3205076e-05
 7.7659839e-05 1.5395811e-04 1.1505325e-04 7.6956121e-04]"
10,10,"[1.9703958e-04 1.1061593e-03 4.1863788e-03 3.7116167e-04 2.4160822e-03
 2.9861960e-03 7.8183878e-03 1.8387571e-03 1.5310866e-03 2.5766958e-03
 9.7286022e-01 3.8565163e-04 9.4357022e-04 7.8264863e-04]"
2,2,"[3.0402434e-03 1.5329409e-03 9.8617584e-01 1.1303154e-03 9.7567093e-04
 4.2541264e-04 2.9605071e-04 7.7252468e-04 4.7104494e-04 2.9827110e-03
 8.0540497e-04 4.0342534e-04 7.0930336e-04 2.7908367e-04]"
0,13,"[9.95762825e-01 5.95494814e-04 4.95288288e-04 4.33510664e-04
 2.55212013e-04 2.17340930e-04 1.06886204e-04 1.62560071e-04
 3.41053936e-04 1.22210215e-04 9.83886712e-05 1.97409739e-04
 1.17379888e-04 1.09439564e-03]"
0,0,"[9.9656290e-01 4.9458037e-04 3.6773147e-04 5.8604073e-04 2.0169093e-04
 1.4789455e-04 8.0790363e-05 1.1653955e-04 2.5141137e-04 9.3450180e-05
 6.9900161e-05 1.3751806e-04 9.6256743e-05 7.9338695e-04]"
8,8,"[3.1686868e-03 6.5429532e-04 5.2141218e-04 1.0068112e-03 1.7474310e-03
 1.1839378e-02 5.3097261e-03 5.6807551e-04 9.6842235e-01 4.0289768e-04
 2.8457867e-03 8.5918925e-04 1.3099535e-03 1.3440250e-03]"
3,3,"[1.3290828e-03 5.4541911e-04 5.0242362e-04 9.9303538e-01 4.0671599e-04
 2.7406530e-04 8.7067671e-04 3.2009289e-04 4.1457915e-04 4.7035783e-04
 2.5538317e-04 9.2126947e-04 3.2527102e-04 3.2930801e-04]"
2,2,"[2.7058793e-03 5.6804356e-04 9.8812431e-01 1.1472667e-03 6.4922584e-04
 3.6286926e-04 2.5205122e-04 3.7416187e-04 6.9573428e-04 3.1172875e-03
 7.4287492e-04 3.7201282e-04 6.1896682e-04 2.6915540e-04]"
7,7,"[5.1344658e-04 3.0084033e-03 4.1124836e-04 5.0490745e-04 1.5311728e-03
 4.9450272e-04 6.9419487e-04 9.8777211e-01 2.0614402e-04 7.8840426e-04
 1.0209060e-03 1.1262549e-03 1.3096833e-03 6.1870547e-04]"
12,12,"[6.6284800e-04 1.1535330e-03 1.6608870e-03 1.2631953e-03 8.2957919e-04
 8.4127369e-04 9.2450710e-04 2.2924745e-03 1.8647464e-03 5.6852959e-03
 6.4397708e-04 5.4388451e-03 9.7515738e-01 1.5814598e-03]"
0,2,"[8.9952207e-01 3.2030481e-03 7.9192063e-03 1.3987772e-02 1.3547203e-03
 2.3443727e-03 1.0200081e-03 8.5739762e-04 2.6711384e-03 2.4314660e-03
 6.2866829e-04 1.5532522e-03 1.3352458e-03 6.1171565e-02]"
3,2,"[2.1684899e-03 5.3755566e-04 1.3219536e-03 9.8985451e-01 6.9118431e-04
 3.9504824e-04 1.1229728e-03 3.8207424e-04 7.1669131e-04 5.7582190e-04
 4.7332988e-04 8.1037421e-04 4.0126283e-04 5.4843508e-04]"
0,0,"[9.94197845e-01 2.03175354e-03 7.86795106e-04 8.00674490e-04
 2.84601731e-04 2.06606972e-04 1.10636734e-04 2.07806443e-04
 2.61022535e-04 1.32342611e-04 6.67516724e-05 1.67737831e-04
 1.21409787e-04 6.24158187e-04]"
5,5,"[1.1869541e-03 2.0845367e-03 2.9344118e-04 7.6890719e-04 1.3596497e-03
 9.5587575e-01 2.0751767e-02 9.4702025e-04 6.9592916e-03 4.7885100e-04
 4.6537304e-03 7.4258388e-04 1.4565199e-03 2.4409734e-03]"
1,1,"[2.3182007e-03 9.9061733e-01 5.6313985e-04 5.2744511e-04 1.0000820e-03
 4.4521567e-04 4.8352944e-04 2.3211471e-03 2.1103097e-04 3.3145357e-04
 2.5156041e-04 2.9481217e-04 3.4420681e-04 2.9075984e-04]"
5,5,"[2.7177520e-03 2.8065534e-03 5.4036884e-04 2.1039075e-03 2.2752765e-03
 8.4865713e-01 3.7270576e-02 9.4352127e-04 9.0572104e-02 5.3207699e-04
 5.7770843e-03 1.7783417e-03 2.2049877e-03 1.8204765e-03]"
0,0,"[9.9650323e-01 6.2892941e-04 4.1994097e-04 3.8466277e-04 2.7492613e-04
 2.1009998e-04 7.8404773e-05 1.2999788e-04 2.8240192e-04 9.9880461e-05
 7.9140678e-05 1.3093927e-04 9.7700809e-05 6.8001053e-04]"
4,4,"[4.0905261e-03 9.7286925e-03 1.1209617e-03 9.0503704e-04 9.7467458e-01
 9.6704339e-04 1.1907236e-03 2.0352239e-03 1.5465952e-03 7.3148601e-04
 1.1530137e-03 6.3683564e-04 5.7759474e-04 6.4170070e-04]"
0,0,"[9.96506751e-01 4.26242885e-04 8.08427634e-04 5.44516661e-04
 1.71373773e-04 1.38430827e-04 6.36275217e-05 1.13663846e-04
 2.57345178e-04 1.07198277e-04 6.23969172e-05 1.20844845e-04
 1.07244799e-04 5.71984856e-04]"
0,2,"[9.8587459e-01 1.5205489e-03 8.0913668e-03 1.1698403e-03 3.8945064e-04
 2.1053200e-04 1.2357419e-04 2.6949236e-04 3.7807555e-04 3.5111830e-04
 1.8659627e-04 1.8373210e-04 2.2855385e-04 1.0224126e-03]"
8,8,"[0.00954992 0.00465559 0.00130603 0.00994448 0.0034484  0.19075467
 0.11510915 0.00205389 0.6423073  0.00111539 0.00814712 0.00307293
 0.00414459 0.00439062]"
0,0,"[9.9453837e-01 1.6135777e-03 4.3942814e-04 3.4531986e-04 3.0790135e-04
 3.0748112e-04 1.2050578e-04 2.5033037e-04 3.0618804e-04 1.2496977e-04
 1.2368131e-04 1.5177875e-04 1.4988963e-04 1.2206575e-03]"
1,1,"[1.9224292e-03 9.9127734e-01 5.5523822e-04 4.1970817e-04 8.9091924e-04
 5.8475265e-04 4.5739624e-04 2.2158890e-03 2.4272762e-04 3.2929546e-04
 2.6724034e-04 2.3866337e-04 2.9593930e-04 3.0240451e-04]"
5,6,"[2.3710080e-03 1.4369038e-03 2.3159664e-04 4.2782669e-04 5.8482750e-04
 9.8610294e-01 1.4514138e-03 5.2013923e-04 2.5798569e-03 3.5348607e-04
 2.0593191e-03 3.5497025e-04 6.2205718e-04 9.0366177e-04]"
3,3,"[0.01535627 0.00203165 0.07233735 0.884678   0.00150748 0.00091418
 0.00177346 0.00140002 0.00129537 0.00954041 0.00289667 0.00216518
 0.00119254 0.0029116 ]"
0,0,"[9.9563593e-01 9.9810620e-04 6.1283773e-04 3.5720045e-04 2.5719387e-04
 3.0275551e-04 8.7664674e-05 1.1612144e-04 4.7599207e-04 8.9917237e-05
 8.8908069e-05 1.2871233e-04 9.9582285e-05 7.4911315e-04]"
6,6,"[2.2192093e-04 5.7329133e-04 3.3948960e-04 9.8344625e-04 1.2012251e-03
 1.6814404e-03 9.8247004e-01 1.1718671e-03 5.4369937e-04 5.0789968e-04
 6.6602924e-03 2.0474293e-03 6.1670429e-04 9.8124985e-04]"
0,0,"[9.9590188e-01 5.0922693e-04 4.0536685e-04 3.8321395e-04 2.2954844e-04
 2.7916109e-04 9.4521645e-05 1.2491930e-04 3.1004605e-04 9.9731980e-05
 9.4959854e-05 1.6357470e-04 1.1847860e-04 1.2854042e-03]"
1,4,"[0.00544855 0.5864269  0.00394972 0.00140386 0.31040013 0.00535902
 0.00309626 0.06678285 0.0025163  0.0034949  0.0039296  0.00222593
 0.00304426 0.00192173]"
1,1,"[3.3884267e-03 9.9146199e-01 5.2602717e-04 3.8402001e-04 7.4701384e-04
 5.2144501e-04 2.7411844e-04 1.2571097e-03 2.6843301e-04 2.3622083e-04
 2.1256377e-04 1.9141096e-04 2.4949652e-04 2.8194010e-04]"
6,6,"[5.0206273e-04 1.1652942e-03 8.2505704e-04 4.2603784e-03 2.7233753e-03
 6.7645218e-03 8.4392029e-01 2.9505135e-03 1.7793083e-03 1.3762247e-03
 1.2901677e-01 2.0189164e-03 1.2122084e-03 1.4852366e-03]"
8,8,"[2.4497284e-02 1.2364751e-03 1.3370579e-03 1.3940956e-03 2.3116551e-03
 1.3522455e-02 2.3021025e-03 7.4367755e-04 9.4422394e-01 5.5920554e-04
 2.3733438e-03 1.4841869e-03 1.4407412e-03 2.5738373e-03]"
13,0,"[0.377652   0.00185311 0.00328049 0.0078419  0.0033946  0.0068854
 0.00222491 0.00200245 0.0142267  0.00446186 0.00364417 0.00445465
 0.00410078 0.56397694]"
4,4,"[2.6181375e-03 1.2998010e-02 1.5738440e-03 5.1495072e-04 9.7053224e-01
 1.3320144e-03 1.0817799e-03 2.2921865e-03 2.1174087e-03 1.0976389e-03
 1.5548646e-03 7.4244046e-04 8.4063155e-04 7.0399779e-04]"
0,0,"[9.96474087e-01 4.65888676e-04 3.70468973e-04 4.29181819e-04
 2.12963991e-04 1.80886243e-04 7.99846748e-05 1.39630705e-04
 2.76999548e-04 1.01157755e-04 8.42446025e-05 1.67970589e-04
 1.13958376e-04 9.02589934e-04]"
3,3,"[1.3545358e-03 4.5560396e-04 5.8915326e-04 9.9233025e-01 3.8444265e-04
 2.5221371e-04 7.9006172e-04 3.7892826e-04 4.4571445e-04 5.9008703e-04
 2.7401699e-04 1.3088376e-03 3.0807414e-04 5.3827785e-04]"
0,0,"[9.95966077e-01 1.21312379e-03 6.16937876e-04 4.48823936e-04
 2.19617228e-04 1.51141925e-04 6.93909897e-05 1.75437599e-04
 2.32329956e-04 1.01797079e-04 6.83370672e-05 1.15179391e-04
 1.02109574e-04 5.19719673e-04]"
8,8,"[2.5168466e-03 5.9837417e-04 8.6415268e-04 2.2175114e-03 1.4842791e-03
 5.2085039e-03 3.9991657e-03 5.3538207e-04 9.7637993e-01 4.2865396e-04
 2.7148237e-03 9.0763316e-04 1.2989608e-03 8.4574410e-04]"
2,2,"[1.1386147e-03 4.5122093e-04 9.8879439e-01 1.1105598e-03 7.8536657e-04
 3.0376916e-04 3.1576602e-04 4.0659838e-04 6.2248361e-04 3.7292975e-03
 9.5120078e-04 4.3730121e-04 6.8717072e-04 2.6612644e-04]"
7,7,"[5.5887620e-04 3.5404689e-03 5.3681619e-04 4.1026724e-04 1.6045503e-03
 5.0827494e-04 6.0116145e-04 9.8748046e-01 1.9701908e-04 9.1592775e-04
 1.0092130e-03 8.3379587e-04 1.2043261e-03 5.9882086e-04]"
4,4,"[1.5214726e-03 1.1220209e-02 1.5003441e-03 5.5496435e-04 9.7434449e-01
 9.5806876e-04 1.1278947e-03 2.1171262e-03 1.7288852e-03 1.2184830e-03
 1.7334080e-03 7.0516684e-04 6.0548953e-04 6.6394726e-04]"
1,1,"[2.9199517e-03 9.9152279e-01 7.4379839e-04 4.1506719e-04 7.2761992e-04
 4.6228111e-04 3.5620632e-04 1.2480721e-03 2.4558778e-04 3.0453390e-04
 2.3461877e-04 2.1314663e-04 3.1589327e-04 2.9034005e-04]"
1,3,"[0.06220428 0.51748013 0.3675353  0.00782125 0.01060549 0.00364523
 0.00196218 0.00943868 0.00323027 0.00457375 0.00357082 0.00185058
 0.00361097 0.00247102]"
7,7,"[4.9305364e-04 3.4011167e-03 4.0896834e-04 4.2296489e-04 1.4928486e-03
 5.3180853e-04 7.0593343e-04 9.8780024e-01 2.0226865e-04 7.4259483e-04
 1.0270972e-03 9.6684945e-04 1.2461148e-03 5.5817043e-04]"
1,1,"[2.9655823e-03 9.9146569e-01 5.9581787e-04 3.7206596e-04 7.4411387e-04
 6.0850318e-04 3.4726382e-04 1.2609452e-03 2.7607847e-04 2.8158832e-04
 2.5818369e-04 2.1220949e-04 3.0350336e-04 3.0856224e-04]"
0,0,"[9.8028457e-01 9.5228921e-04 4.8502474e-03 3.0279451e-03 5.3108018e-04
 8.0006960e-04 2.3327416e-04 2.1231895e-04 5.9102513e-03 2.1047347e-04
 4.1171274e-04 3.1524329e-04 3.7785640e-04 1.8827529e-03]"
1,1,"[1.9728001e-03 9.9140656e-01 5.1823765e-04 3.6793386e-04 1.0163849e-03
 5.0527434e-04 4.1362472e-04 2.2185284e-03 2.1761566e-04 3.0232829e-04
 2.8183538e-04 2.2907286e-04 2.8645276e-04 2.6340337e-04]"
0,0,"[9.9539500e-01 1.0288483e-03 1.1355685e-03 6.2349415e-04 2.6746924e-04
 1.4333220e-04 8.6576962e-05 1.3437185e-04 2.2388335e-04 1.5226193e-04
 6.8532383e-05 1.3397836e-04 1.0302332e-04 5.0353678e-04]"
5,5,"[4.4642176e-04 1.2908325e-03 2.3713440e-04 3.0961799e-04 6.5135263e-04
 9.8724306e-01 2.2987649e-03 5.1009271e-04 1.2745801e-03 4.9079757e-04
 2.8342716e-03 4.0363320e-04 6.0384301e-04 1.4055190e-03]"
3,11,"[1.3423323e-03 5.4821005e-04 4.9851416e-04 9.8596919e-01 3.5494496e-04
 3.3970611e-04 8.7836321e-04 4.4228247e-04 4.7010285e-04 7.6801592e-04
 2.2886066e-04 6.7865071e-03 3.8316421e-04 9.8987343e-04]"
0,0,"[9.9471974e-01 1.9496711e-03 4.0947730e-04 3.2371475e-04 3.3498037e-04
 2.4848446e-04 1.0030205e-04 2.3779484e-04 3.3265547e-04 1.0600567e-04
 8.8064342e-05 1.6506980e-04 1.4327938e-04 8.4070867e-04]"
7,7,"[6.3682534e-04 3.4200267e-03 5.0102564e-04 3.9919981e-04 1.6300731e-03
 5.0754449e-04 5.8440329e-04 9.8785478e-01 2.0482356e-04 7.6077599e-04
 8.9151744e-04 8.3457661e-04 1.2155381e-03 5.5888039e-04]"
4,4,"[2.0959035e-03 1.5009677e-02 1.4672433e-03 5.4260629e-04 9.6941191e-01
 8.6476590e-04 1.1205560e-03 3.1334520e-03 1.6306373e-03 1.1799423e-03
 1.4688856e-03 6.8097608e-04 7.3701784e-04 6.5644528e-04]"
0,0,"[9.9591500e-01 3.9046476e-04 4.9503456e-04 6.2446744e-04 2.6765003e-04
 1.9588717e-04 1.0781725e-04 1.5884847e-04 3.3380787e-04 1.1043619e-04
 8.1875485e-05 2.2433359e-04 1.2626890e-04 9.6796331e-04]"
0,13,"[9.8713857e-01 4.4161943e-04 9.8760310e-04 7.5331377e-04 3.7908973e-04
 6.3418166e-04 1.7885375e-04 2.1585137e-04 9.9609827e-04 2.9584076e-04
 2.4308964e-04 3.1101811e-04 3.1046098e-04 7.1143582e-03]"
5,5,"[3.7601071e-03 2.0043112e-03 5.3632184e-04 6.0573372e-04 7.6421601e-04
 9.8120451e-01 1.0093868e-03 8.6705555e-04 1.5304865e-03 6.9379434e-04
 4.7426913e-03 4.7260642e-04 6.9395307e-04 1.1146674e-03]"
6,6,"[2.4257148e-04 3.7679754e-04 3.2960629e-04 8.8067731e-04 1.0178556e-03
 1.4723387e-03 9.8793298e-01 5.9137354e-04 7.9758267e-04 4.8219389e-04
 2.9870498e-03 1.4464562e-03 6.0227409e-04 8.4044400e-04]"
6,6,"[3.0578687e-04 1.0923456e-03 4.8283846e-04 9.0465322e-04 1.6144831e-03
 4.6438612e-03 9.7381443e-01 1.3598254e-03 6.3891895e-04 5.9529126e-04
 1.1435480e-02 1.4385119e-03 7.0185179e-04 9.7164587e-04]"
5,0,"[0.18627253 0.0100143  0.00179949 0.00649957 0.00478343 0.56153613
 0.04070579 0.00225091 0.16107462 0.00129055 0.00574033 0.00295878
 0.00418461 0.01088891]"
0,0,"[9.9003941e-01 2.4394505e-03 3.2228814e-03 9.4486342e-04 4.5165422e-04
 2.8088014e-04 1.2495722e-04 2.4992361e-04 3.6833217e-04 2.0202559e-04
 1.4643671e-04 1.7674422e-04 1.5462197e-04 1.1976352e-03]"
0,0,"[9.96488333e-01 5.62182919e-04 6.08018017e-04 5.78490028e-04
 2.41954942e-04 1.38723102e-04 7.23779958e-05 1.16725365e-04
 3.31053336e-04 9.09755399e-05 6.26437322e-05 1.27205072e-04
 9.82731144e-05 4.83000884e-04]"
4,4,"[2.0692053e-03 1.4698864e-02 1.5369881e-03 5.2882032e-04 9.6924061e-01
 8.6205377e-04 1.1435228e-03 3.3248495e-03 1.7210036e-03 1.1895564e-03
 1.4726302e-03 7.4423791e-04 6.8795838e-04 7.7982672e-04]"
1,1,"[3.3289411e-03 9.9101311e-01 5.3225853e-04 5.0911598e-04 9.7682700e-04
 4.0994401e-04 4.0933106e-04 1.3903764e-03 2.5245539e-04 2.3994195e-04
 2.2921417e-04 2.0621948e-04 2.6674062e-04 2.3541709e-04]"
0,0,"[9.96114254e-01 6.73804083e-04 4.66202822e-04 3.99618875e-04
 2.47062184e-04 1.59529634e-04 8.93473989e-05 1.44629303e-04
 2.53343547e-04 1.10758694e-04 7.98768306e-05 1.60908763e-04
 1.20745419e-04 9.79967299e-04]"
0,0,"[9.95830119e-01 1.05863309e-03 5.06194367e-04 6.32737880e-04
 2.93166435e-04 1.74944696e-04 9.28588343e-05 1.43564816e-04
 2.56980711e-04 1.04733292e-04 7.22994300e-05 1.26474464e-04
 1.18588534e-04 5.88697905e-04]"
0,0,"[9.9592090e-01 8.2752388e-04 4.4452661e-04 3.9714118e-04 2.4259165e-04
 2.5988658e-04 9.1900984e-05 1.4046153e-04 4.4250334e-04 8.4667270e-05
 8.4222163e-05 1.6057082e-04 1.2876390e-04 7.7449408e-04]"
10,10,"[1.9970340e-04 4.8759716e-04 1.2380074e-03 3.1958439e-04 1.4400567e-03
 3.6776187e-03 7.1423263e-03 1.4072359e-03 1.1563365e-03 1.9070567e-03
 9.7892159e-01 3.4402349e-04 7.5374678e-04 1.0051496e-03]"
0,0,"[9.9040365e-01 1.0180323e-03 3.5436475e-03 9.9783484e-04 3.7028376e-04
 2.8797810e-04 1.2295235e-04 2.0272806e-04 5.7007564e-04 2.0965363e-04
 1.9141701e-04 1.9390808e-04 1.8736841e-04 1.7005728e-03]"
0,0,"[9.9495137e-01 6.9518865e-04 5.8780500e-04 4.9200817e-04 2.5818197e-04
 1.9973640e-04 9.5284595e-05 1.4097804e-04 3.2915233e-04 1.6319432e-04
 9.1500602e-05 2.0951369e-04 1.3194457e-04 1.6542891e-03]"
2,2,"[4.0431328e-02 1.4149107e-03 9.3100405e-01 1.4141511e-02 1.8209468e-03
 8.6741173e-04 7.2477036e-04 7.7783136e-04 1.2727348e-03 3.5539805e-03
 1.2476675e-03 7.0088595e-04 8.9625397e-04 1.1459596e-03]"
1,1,"[2.7344853e-03 9.9159217e-01 4.9111695e-04 3.4597519e-04 7.5621321e-04
 7.0349989e-04 4.0189500e-04 1.4264934e-03 2.7250702e-04 2.4015176e-04
 2.6101936e-04 1.8980708e-04 2.7762557e-04 3.0699858e-04]"
1,1,"[3.4992017e-03 9.9067640e-01 7.9880463e-04 4.7919046e-04 8.4024906e-04
 4.5015625e-04 3.4524768e-04 1.3832736e-03 2.4309619e-04 2.9527571e-04
 2.1717725e-04 2.2383926e-04 2.9989416e-04 2.4822488e-04]"
3,3,"[1.6550240e-03 4.4313914e-04 4.4889859e-04 9.9214363e-01 4.1617139e-04
 3.2307478e-04 1.0584131e-03 3.0105870e-04 4.2205647e-04 4.4456730e-04
 2.8680466e-04 1.0883546e-03 3.3823398e-04 6.3055218e-04]"
0,2,"[9.6999413e-01 1.7492678e-02 6.1138030e-03 1.9379928e-03 7.0433185e-04
 5.0066074e-04 2.0152773e-04 4.0208720e-04 6.8148680e-04 4.7576558e-04
 2.1719615e-04 1.8923781e-04 3.8738365e-04 7.0181652e-04]"
8,8,"[1.3428727e-02 1.2845537e-03 8.3369494e-04 2.1509202e-03 1.9886224e-03
 2.9568663e-02 3.4365642e-03 6.3418597e-04 9.3944395e-01 5.5265625e-04
 1.6317227e-03 1.4328347e-03 1.6528142e-03 1.9600457e-03]"
1,1,"[3.9171693e-03 9.8918939e-01 7.2826585e-04 3.2208543e-04 9.2815154e-04
 5.4182066e-04 3.7227638e-04 2.2696222e-03 2.2694956e-04 2.8614243e-04
 2.8980931e-04 1.9413208e-04 4.2931168e-04 3.0465020e-04]"
0,0,"[9.9539173e-01 1.6536834e-03 5.8967411e-04 4.5803603e-04 3.2015156e-04
 1.9049931e-04 8.2761399e-05 1.4909574e-04 2.3384734e-04 9.9470839e-05
 6.7223991e-05 1.3481450e-04 1.0549235e-04 5.2376249e-04]"
0,0,"[9.9368614e-01 8.7924319e-04 1.9086032e-03 8.5267425e-04 2.6860449e-04
 1.7892131e-04 1.2274586e-04 2.0165375e-04 2.3920773e-04 2.5964566e-04
 1.0737485e-04 1.7429091e-04 1.3974383e-04 9.8143506e-04]"
1,1,"[2.0489749e-03 9.9038118e-01 5.8525591e-04 5.5874971e-04 9.3366212e-04
 5.9842964e-04 6.4280583e-04 2.2402813e-03 2.9166826e-04 3.9934803e-04
 2.8323513e-04 3.4278398e-04 3.2942914e-04 3.6422187e-04]"
1,1,"[3.7430185e-03 9.9012661e-01 5.8877520e-04 4.3003372e-04 7.8714133e-04
 6.7292905e-04 3.1271612e-04 1.6285568e-03 3.2772025e-04 2.4932306e-04
 2.7818748e-04 2.0006103e-04 3.6036031e-04 2.9455961e-04]"
0,0,"[9.96790946e-01 5.41509769e-04 4.67484846e-04 3.40522733e-04
 1.92092120e-04 1.76715985e-04 7.11619214e-05 1.15995565e-04
 2.36436259e-04 1.01606696e-04 7.32370609e-05 1.37124371e-04
 9.62973136e-05 6.58895995e-04]"
5,6,"[0.00104274 0.00375604 0.00084253 0.00117062 0.00248083 0.8138201
 0.15866998 0.00163115 0.00206576 0.00106333 0.00751675 0.00194887
 0.00172929 0.00226213]"
5,5,"[1.1891971e-03 2.1478690e-03 3.9078709e-04 3.5243397e-04 4.3884126e-04
 9.8827714e-01 1.6076782e-03 4.3594433e-04 1.5248215e-03 4.3948772e-04
 1.5306004e-03 3.7039616e-04 5.2859954e-04 7.6628471e-04]"
0,0,"[9.96636510e-01 4.99699498e-04 4.78677975e-04 3.85427935e-04
 2.21092792e-04 1.66731625e-04 7.56735244e-05 1.16867035e-04
 2.58243643e-04 9.88846587e-05 7.67909223e-05 1.32014116e-04
 9.95142400e-05 7.53897591e-04]"
0,0,"[9.92911279e-01 2.60545197e-03 1.08610780e-03 7.30370812e-04
 2.42470545e-04 2.22142829e-04 1.03145845e-04 2.02859112e-04
 2.87946401e-04 2.06129145e-04 9.80440673e-05 1.46279577e-04
 1.90815277e-04 9.66889958e-04]"
0,0,"[9.9571037e-01 1.0792646e-03 4.6008694e-04 4.7468467e-04 3.2014353e-04
 2.0379196e-04 9.4747666e-05 1.6479890e-04 3.1129169e-04 1.1618927e-04
 7.0670969e-05 1.7824498e-04 1.2772511e-04 6.8803178e-04]"
2,2,"[1.6979618e-03 6.2980084e-04 9.8994690e-01 1.1442469e-03 6.4416329e-04
 3.2603089e-04 2.5264450e-04 4.6022711e-04 5.0387741e-04 2.6163373e-03
 7.0846581e-04 3.3710420e-04 5.2277272e-04 2.0939234e-04]"
7,7,"[5.7652849e-04 3.6505742e-03 4.2325354e-04 3.9656134e-04 1.6242771e-03
 5.1668449e-04 5.8509456e-04 9.8754019e-01 1.9883880e-04 7.8658626e-04
 9.3674823e-04 8.7261008e-04 1.2599339e-03 6.3218537e-04]"
0,0,"[9.96474564e-01 4.54696594e-04 5.35556639e-04 3.61578830e-04
 2.12066283e-04 2.64124217e-04 7.21934921e-05 1.28752945e-04
 2.99783540e-04 1.04700266e-04 8.59424399e-05 1.31886831e-04
 9.58598102e-05 7.78480142e-04]"
1,4,"[0.00801108 0.46470097 0.00360021 0.00164532 0.45863116 0.0038913
 0.00313327 0.03904757 0.00272965 0.00372435 0.0039     0.00206433
 0.00281298 0.00210791]"
5,5,"[9.8202226e-04 1.6941548e-03 2.9223654e-04 3.2829191e-04 5.0324271e-04
 9.8932672e-01 1.6138727e-03 4.4850112e-04 1.0925890e-03 4.1899417e-04
 1.4304421e-03 3.9097609e-04 5.3207413e-04 9.4589696e-04]"
0,0,"[9.9472457e-01 4.1537132e-04 9.6398487e-04 8.2150358e-04 2.4102231e-04
 2.6470513e-04 9.2004600e-05 1.6286082e-04 3.0253985e-04 1.4012727e-04
 1.2833600e-04 1.8788423e-04 1.1098562e-04 1.4441354e-03]"
0,0,"[9.9629503e-01 5.2501733e-04 4.6094181e-04 6.3365360e-04 2.1380703e-04
 1.8487139e-04 6.8358990e-05 1.1880048e-04 2.5807420e-04 1.3015715e-04
 6.9323272e-05 1.7459875e-04 9.8807046e-05 7.6846388e-04]"
3,3,"[1.6884063e-03 6.0877565e-04 5.0765136e-04 9.8325092e-01 4.1284988e-04
 4.7886558e-04 1.6999643e-03 7.9939974e-04 5.6476513e-04 6.2680355e-04
 2.9794738e-04 7.5428910e-03 5.2839820e-04 9.9255284e-04]"
0,0,"[9.9584478e-01 1.1849661e-03 6.3166046e-04 4.2387564e-04 2.2930294e-04
 2.2453758e-04 7.4060314e-05 1.5117743e-04 2.3237700e-04 1.0261136e-04
 8.3014595e-05 1.0723306e-04 9.8680102e-05 6.1189890e-04]"
0,0,"[9.3019342e-01 3.8858375e-03 5.6008887e-02 2.5298337e-03 1.2517095e-03
 4.2167230e-04 2.3106727e-04 6.8672322e-04 8.7559927e-04 1.2080405e-03
 4.0042712e-04 3.3078506e-04 4.8035951e-04 1.4956056e-03]"
11,11,"[1.7739857e-03 1.2971079e-03 1.5066143e-03 4.9066640e-02 1.5912487e-03
 1.8958559e-03 2.3540545e-03 2.8447169e-03 1.6434654e-03 5.6707286e-03
 6.2016642e-04 9.1277176e-01 1.4669044e-03 1.5496783e-02]"
1,0,"[2.8628528e-02 9.6251941e-01 2.1144783e-03 7.7545841e-04 9.9830690e-04
 6.4213958e-04 3.9001612e-04 1.4848531e-03 3.7903510e-04 4.7887801e-04
 2.8621522e-04 2.6137900e-04 5.6874705e-04 4.7262036e-04]"
0,0,"[9.9675506e-01 6.1274215e-04 3.8226324e-04 4.0496036e-04 2.3157860e-04
 1.6455165e-04 7.8850637e-05 1.3688582e-04 2.3157595e-04 9.0102993e-05
 6.8238362e-05 1.3406320e-04 8.7486616e-05 6.2162318e-04]"
0,0,"[9.9664658e-01 4.3949159e-04 4.7615182e-04 3.9576637e-04 2.3208575e-04
 1.8610469e-04 8.3718762e-05 1.2058204e-04 3.1329470e-04 9.9786572e-05
 8.0383266e-05 1.6849306e-04 1.0442813e-04 6.5311015e-04]"
0,0,"[9.9526042e-01 3.4937690e-04 4.5001233e-04 5.6050491e-04 2.9119864e-04
 2.4885079e-04 9.2843344e-05 1.2961616e-04 4.9437670e-04 1.0631089e-04
 1.0160182e-04 2.3565596e-04 1.3317064e-04 1.5462914e-03]"
0,0,"[9.9628961e-01 4.6418759e-04 3.6101061e-04 4.0608042e-04 2.1069495e-04
 2.3929574e-04 8.9811758e-05 1.3025950e-04 3.0500386e-04 9.6568932e-05
 8.3260726e-05 1.4913363e-04 1.1499627e-04 1.0601094e-03]"
3,3,"[1.7139608e-02 6.9157185e-04 8.6446153e-04 9.7588956e-01 4.3297873e-04
 4.1757684e-04 7.0779002e-04 3.7791449e-04 4.9622892e-04 6.2094879e-04
 2.7371634e-04 9.0622791e-04 3.2677370e-04 8.5464003e-04]"
7,7,"[6.0614565e-04 2.8303929e-03 5.1598670e-04 4.4270587e-04 1.5091930e-03
 4.5349315e-04 5.7795126e-04 9.8804224e-01 2.0245892e-04 9.4683259e-04
 8.8996964e-04 9.1903069e-04 1.4728279e-03 5.9064926e-04]"
4,4,"[2.1685883e-03 1.3152646e-02 2.4293594e-03 6.8275217e-04 9.6993095e-01
 6.8502058e-04 9.5397874e-04 2.9532609e-03 1.8020370e-03 1.2684586e-03
 1.7687446e-03 7.9316477e-04 6.9481245e-04 7.1617862e-04]"
0,0,"[7.5064003e-01 4.2646523e-03 2.1499906e-01 1.6957574e-02 1.5644986e-03
 6.5672625e-04 5.9176626e-04 1.2264273e-03 1.2010915e-03 2.0467683e-03
 6.8869133e-04 7.6380390e-04 8.4879936e-04 3.5499542e-03]"
3,3,"[1.5159667e-03 3.8934193e-04 7.9736352e-04 9.7146499e-01 5.1745656e-04
 4.1390350e-04 1.1536673e-03 4.9317180e-04 8.4449316e-04 1.0878003e-03
 2.7597288e-04 1.7882718e-02 6.9227564e-04 2.4708649e-03]"
3,3,"[1.6693131e-03 3.8646607e-04 4.5436257e-04 9.9315298e-01 3.6643897e-04
 2.5270606e-04 7.0528995e-04 3.0155040e-04 3.8025522e-04 4.3272055e-04
 2.2149619e-04 9.1593969e-04 3.5091687e-04 4.0966642e-04]"
11,11,"[1.2445025e-03 9.4298832e-04 1.2725632e-03 1.9856123e-02 1.3765641e-03
 1.3994018e-03 1.7970466e-03 2.5378347e-03 1.1834070e-03 3.6948086e-03
 4.7301396e-04 9.5382702e-01 1.3790819e-03 9.0156971e-03]"
4,4,"[2.5910619e-03 1.9417256e-02 1.6207517e-03 6.7063933e-04 9.6464145e-01
 1.0255562e-03 1.2138083e-03 2.4052584e-03 1.7174891e-03 1.0992821e-03
 1.6420491e-03 6.8302080e-04 6.1678753e-04 6.5576780e-04]"
8,8,"[1.0344970e-02 1.3962634e-03 9.4042660e-04 3.7900931e-03 1.4904465e-03
 1.3419085e-02 6.6162101e-03 5.8254448e-04 9.5458788e-01 5.7004899e-04
 1.9135703e-03 1.1722301e-03 1.5537303e-03 1.6224720e-03]"
6,6,"[4.61573800e-04 1.71997317e-03 6.24855398e-04 1.82209676e-03
 2.31968635e-03 1.60255991e-02 9.54108834e-01 1.82580529e-03
 2.45858054e-03 7.83394207e-04 1.22981155e-02 2.49419385e-03
 1.55977171e-03 1.49735797e-03]"
4,4,"[0.01159539 0.10632797 0.00290383 0.00110288 0.8587868  0.00157696
 0.00138208 0.00729265 0.0023416  0.00173784 0.00157817 0.00108616
 0.00121416 0.00107346]"
7,7,"[5.9088762e-04 2.9444848e-03 4.9378397e-04 4.4149987e-04 1.5083225e-03
 4.9282372e-04 6.0922798e-04 9.8805410e-01 1.9340897e-04 8.4789115e-04
 9.0682553e-04 9.7027305e-04 1.3068945e-03 6.3942029e-04]"
11,11,"[7.3605956e-04 5.2334997e-04 9.8185602e-04 9.2742071e-03 1.1667387e-03
 9.7463618e-04 2.9856905e-03 1.7550788e-03 1.0718569e-03 2.3328678e-03
 4.2096831e-04 9.7071797e-01 1.3472920e-03 5.7113692e-03]"
1,1,"[4.7335709e-03 9.8894322e-01 6.3303707e-04 5.3614989e-04 8.6596445e-04
 5.1894580e-04 4.8348398e-04 1.6840291e-03 2.6515182e-04 2.6802853e-04
 2.6576323e-04 2.1758296e-04 2.9942204e-04 2.8548852e-04]"
9,9,"[9.7812864e-04 9.2513440e-04 8.6990763e-03 1.6417272e-03 2.0005442e-03
 7.9909473e-04 9.0920128e-04 1.8412168e-03 1.0168791e-03 9.6336436e-01
 3.4156721e-03 4.0437779e-03 2.3231078e-03 8.0419974e-03]"
5,5,"[5.3578831e-04 1.0263642e-03 2.5303647e-04 2.5649671e-04 5.4432359e-04
 9.9152058e-01 1.1531945e-03 3.7948633e-04 1.0424769e-03 3.9467652e-04
 1.6628630e-03 2.9594669e-04 4.2877864e-04 5.0598633e-04]"
1,1,"[3.0215546e-03 9.9162197e-01 5.6282303e-04 4.0173234e-04 8.1484544e-04
 4.5046004e-04 3.4230843e-04 1.2812987e-03 2.5133547e-04 2.4674769e-04
 2.2201522e-04 1.9223953e-04 2.9460862e-04 2.9618933e-04]"
0,13,"[0.7309376  0.00162838 0.00473835 0.00536141 0.00265056 0.00456729
 0.00167112 0.00165206 0.01036065 0.00319925 0.00278749 0.00298065
 0.00283887 0.22462632]"
7,7,"[7.2988356e-04 3.9094836e-03 4.7092207e-04 4.2668602e-04 1.6576156e-03
 5.1725435e-04 5.7340000e-04 9.8718739e-01 2.0993660e-04 7.2106923e-04
 9.7270211e-04 8.5382018e-04 1.0795944e-03 6.9025665e-04]"
0,0,"[9.6931893e-01 2.3133188e-02 6.9531926e-04 6.8280537e-04 1.0241310e-03
 8.5612066e-04 2.8281691e-04 6.5593456e-04 9.7889570e-04 2.0903150e-04
 1.8465886e-04 4.0155026e-04 3.6498843e-04 1.2115809e-03]"
1,1,"[6.2841410e-03 9.8838252e-01 7.6387601e-04 3.2871510e-04 8.6245371e-04
 5.0403655e-04 2.6387497e-04 1.0738560e-03 2.8115153e-04 2.4517681e-04
 2.4426449e-04 1.8077237e-04 3.1121794e-04 2.7392744e-04]"
0,2,"[9.4860834e-01 2.8161216e-03 3.6458693e-02 5.2429661e-03 1.0298862e-03
 6.0005765e-04 2.8339823e-04 6.0543942e-04 7.0918817e-04 7.0790097e-04
 3.9091337e-04 4.4471040e-04 4.3915081e-04 1.6633016e-03]"
0,0,"[9.96669710e-01 5.40233857e-04 4.90724691e-04 4.34639805e-04
 2.16718865e-04 1.46648134e-04 7.44952704e-05 1.07020693e-04
 2.42867143e-04 9.78032840e-05 7.14227644e-05 1.34090456e-04
 1.00115176e-04 6.73510134e-04]"
9,9,"[8.0695597e-04 8.9335773e-04 1.3679535e-02 1.1790175e-03 1.5024460e-03
 5.4017693e-04 7.4087176e-04 1.7142771e-03 7.0730015e-04 9.6791381e-01
 3.1256736e-03 1.6759766e-03 1.9040729e-03 3.6166552e-03]"
0,0,"[9.9628437e-01 4.9284974e-04 3.6768109e-04 5.8609183e-04 2.0292202e-04
 1.8471450e-04 9.7918215e-05 1.0796705e-04 2.7468128e-04 1.0448719e-04
 8.3958454e-05 1.6465237e-04 1.0779112e-04 9.3977863e-04]"
12,12,"[1.0015706e-03 1.6003373e-03 1.4149216e-03 1.7838748e-03 1.1030813e-03
 1.2318841e-03 1.5000688e-03 2.2046922e-03 2.4092889e-03 4.2002373e-03
 6.3682580e-04 7.8693908e-03 9.7045332e-01 2.5905804e-03]"
4,4,"[1.8119613e-03 1.9388545e-02 1.5676559e-03 7.0696458e-04 9.6284777e-01
 9.5762330e-04 1.4399668e-03 4.0983395e-03 1.7436366e-03 1.2855335e-03
 1.7801602e-03 8.3981425e-04 7.8782911e-04 7.4425846e-04]"
11,2,"[0.00397546 0.00365392 0.0101848  0.15258244 0.00538114 0.0055808
 0.00955661 0.00484918 0.00438141 0.26991954 0.00755608 0.42897895
 0.00479107 0.08860847]"
2,2,"[1.4718764e-03 5.0527905e-04 9.8840159e-01 9.0236816e-04 5.9142191e-04
 3.5948469e-04 2.4203338e-04 4.1992942e-04 5.9835351e-04 4.2265770e-03
 9.4732334e-04 3.6951041e-04 7.1848475e-04 2.4588819e-04]"
9,9,"[1.2412913e-03 8.2990638e-04 1.0550241e-02 1.3124266e-03 1.6528326e-03
 7.2380720e-04 7.7425380e-04 1.8039922e-03 7.5141364e-04 9.6197921e-01
 2.8926181e-03 1.6256730e-03 2.1363189e-03 1.1726018e-02]"
1,1,"[2.3078618e-03 9.9063069e-01 7.3079427e-04 5.2027020e-04 1.0699712e-03
 5.0927972e-04 4.3055249e-04 1.9795285e-03 2.6201416e-04 3.7312508e-04
 2.9493563e-04 2.7847008e-04 3.2450285e-04 2.8793674e-04]"
7,7,"[5.4090971e-04 3.9346912e-03 4.7469314e-04 3.8830625e-04 1.6240164e-03
 5.0453708e-04 5.8692606e-04 9.8744291e-01 1.9764579e-04 7.3150638e-04
 9.1133302e-04 8.4670546e-04 1.3282618e-03 4.8761585e-04]"
0,0,"[9.96208787e-01 9.50879999e-04 5.81742381e-04 5.89431729e-04
 1.92734267e-04 1.70463798e-04 6.42979212e-05 1.01721627e-04
 2.74154329e-04 1.15078547e-04 7.13232439e-05 1.08602915e-04
 9.96745584e-05 4.71157196e-04]"
8,8,"[0.0035438  0.00141725 0.0142609  0.00391649 0.00528745 0.00952316
 0.01551088 0.00266255 0.79551667 0.00681192 0.11459785 0.00431046
 0.01000583 0.01263477]"
4,4,"[2.9494178e-03 4.3488178e-02 2.2055544e-03 7.4138667e-04 9.3260628e-01
 1.7739738e-03 1.6030018e-03 6.0210628e-03 2.0623023e-03 1.8635135e-03
 1.8511420e-03 9.7850023e-04 1.0861198e-03 7.6956162e-04]"
12,12,"[5.8006839e-04 1.1276174e-03 1.6267730e-03 1.0628561e-03 8.3864294e-04
 7.8310841e-04 8.0226053e-04 2.5633413e-03 1.4813201e-03 7.0269527e-03
 6.7599356e-04 5.5689486e-03 9.7408414e-01 1.7779893e-03]"
0,0,"[6.3088292e-01 3.3895093e-01 1.2725658e-02 2.5308859e-03 2.0389254e-03
 1.2486026e-03 4.9716287e-04 4.7827419e-03 7.8834762e-04 1.2595927e-03
 6.1334827e-04 6.7253911e-04 1.5572549e-03 1.4512810e-03]"
4,4,"[7.1148355e-03 2.4736442e-02 1.8695295e-03 8.4911328e-04 9.5247304e-01
 1.4099055e-03 1.0132677e-03 3.1197479e-03 2.0129364e-03 1.3469419e-03
 1.4164012e-03 8.6171489e-04 7.6532585e-04 1.0108296e-03]"
6,6,"[4.4513756e-04 2.1717905e-03 7.7105145e-04 1.4043297e-03 3.3371726e-03
 3.3649579e-02 9.0105903e-01 2.9101954e-03 1.4381679e-03 9.7703259e-04
 4.7018688e-02 1.8838751e-03 1.4751401e-03 1.4588771e-03]"
2,3,"[0.00628576 0.00162047 0.7839406  0.0212402  0.00272147 0.00115629
 0.00174851 0.00268203 0.00170211 0.15440346 0.00981616 0.00265602
 0.00232122 0.00770589]"
13,13,"[5.4422445e-03 6.1805744e-04 5.8913557e-04 6.5538371e-03 1.4019123e-03
 2.9305404e-03 2.8606211e-03 1.7757927e-03 3.3085526e-03 4.1283732e-03
 2.1405027e-03 1.4320720e-02 1.1963965e-03 9.5273328e-01]"
3,3,"[3.0647430e-03 4.2089511e-04 5.3956889e-04 9.8542887e-01 3.1598561e-04
 4.7386930e-04 9.0934930e-04 6.1918923e-04 5.0684932e-04 5.4243853e-04
 2.4512995e-04 5.4224874e-03 3.6687448e-04 1.1435562e-03]"
13,2,"[0.00667511 0.00187352 0.00782129 0.00762254 0.00419315 0.00341073
 0.00349343 0.00553375 0.00248174 0.4227213  0.00681799 0.01082353
 0.00453008 0.51200193]"
7,1,"[5.9576094e-04 1.1045176e-02 5.4826547e-04 3.9720538e-04 1.5504587e-03
 5.6052528e-04 5.1944808e-04 9.8025197e-01 1.6749521e-04 7.0122525e-04
 8.0429373e-04 8.8481553e-04 1.4800987e-03 4.9324043e-04]"
5,5,"[3.2587948e-03 2.0246074e-02 7.3609728e-04 7.7727454e-04 2.8718680e-03
 9.2927486e-01 1.0255153e-02 4.2889109e-03 2.7290082e-03 1.1071822e-03
 1.8647943e-02 8.3035103e-04 2.4309645e-03 2.5454604e-03]"
5,5,"[6.3496395e-03 2.5011061e-03 3.4656646e-04 5.2063039e-04 7.4630009e-04
 9.8056465e-01 1.1620164e-03 6.6827028e-04 2.7218442e-03 4.3682050e-04
 1.8804525e-03 3.6908983e-04 6.4829749e-04 1.0842805e-03]"
0,0,"[9.9566662e-01 1.0608812e-03 5.6990632e-04 3.9933759e-04 4.0810142e-04
 2.2377771e-04 8.4438769e-05 1.5281678e-04 2.8240791e-04 1.0398028e-04
 7.6872333e-05 1.6094941e-04 1.0780228e-04 7.0225430e-04]"
0,0,"[9.9636012e-01 8.3844853e-04 4.5142911e-04 3.7701696e-04 2.0353208e-04
 1.7739878e-04 8.6869841e-05 1.4091280e-04 2.5081306e-04 1.0017852e-04
 7.6546719e-05 1.3318613e-04 1.2334560e-04 6.8029721e-04]"
1,1,"[2.0207791e-03 9.9217963e-01 5.1956554e-04 3.6914108e-04 8.0680131e-04
 4.6191333e-04 3.4987892e-04 1.7751186e-03 2.1413181e-04 2.8038802e-04
 2.6296146e-04 2.1043398e-04 2.8248073e-04 2.6699883e-04]"
5,5,"[2.5595729e-03 1.6952427e-03 2.6464570e-04 4.5438751e-04 6.3576997e-04
 9.8688614e-01 1.1834386e-03 5.1205466e-04 1.5313182e-03 4.8317775e-04
 1.4918477e-03 4.6363458e-04 5.4601330e-04 1.2928590e-03]"
0,0,"[9.96416807e-01 7.24865007e-04 4.42405872e-04 3.64121603e-04
 2.35791202e-04 1.93528453e-04 9.25141576e-05 1.72522516e-04
 2.15446766e-04 1.05708605e-04 8.26227042e-05 1.59631833e-04
 1.09161345e-04 6.84949686e-04]"
5,5,"[8.4406533e-04 1.4854664e-03 3.0341497e-04 4.0056126e-04 6.3106226e-04
 9.8827177e-01 1.5797591e-03 5.6569214e-04 8.5079658e-04 4.9807318e-04
 2.9633224e-03 3.4549480e-04 5.3174555e-04 7.2864012e-04]"
3,3,"[1.2327308e-03 4.0438364e-04 3.9581803e-04 9.9306715e-01 4.2311804e-04
 2.4739545e-04 8.4771781e-04 3.8376529e-04 4.1077408e-04 4.4603692e-04
 2.6425402e-04 1.0952801e-03 3.3366409e-04 4.4776217e-04]"
1,1,"[5.5848127e-03 9.8920840e-01 8.3082425e-04 3.7828504e-04 7.4732513e-04
 4.4684380e-04 2.7548248e-04 1.0650444e-03 2.5152194e-04 2.4192689e-04
 2.1779639e-04 1.7900551e-04 3.3124676e-04 2.4152668e-04]"
0,0,"[9.9669999e-01 6.0005026e-04 5.6254846e-04 4.1602459e-04 1.7920010e-04
 1.6971728e-04 8.6894092e-05 1.2345925e-04 2.4678867e-04 9.9215249e-05
 6.8104702e-05 1.4366295e-04 9.3696850e-05 5.1083841e-04]"
4,4,"[2.1311650e-03 1.1448244e-02 1.2103355e-03 5.5363332e-04 9.7483069e-01
 9.4032387e-04 1.1106441e-03 2.1394000e-03 1.5438232e-03 9.8693883e-04
 1.2221083e-03 6.8940019e-04 6.0869131e-04 5.8463460e-04]"
11,11,"[9.2330360e-04 6.2893325e-04 1.2320816e-03 1.2034154e-02 1.3931931e-03
 1.2685924e-03 2.0143259e-03 1.6929639e-03 1.2891623e-03 3.1154649e-03
 4.1607150e-04 9.6413165e-01 1.3066083e-03 8.5534714e-03]"
0,0,"[9.96440709e-01 6.82929705e-04 4.97392612e-04 4.56826529e-04
 1.91346058e-04 1.69142251e-04 9.27046713e-05 1.06677195e-04
 2.66616320e-04 1.11211346e-04 7.89713595e-05 1.37198338e-04
 1.13911199e-04 6.54435949e-04]"
0,0,"[9.96169508e-01 7.38190429e-04 7.09162676e-04 5.25636424e-04
 2.09319565e-04 1.44441714e-04 8.49902717e-05 1.21699995e-04
 2.67132098e-04 1.28844826e-04 6.76668424e-05 1.35735871e-04
 1.11403970e-04 5.86227747e-04]"
6,6,"[3.1145787e-04 5.0865242e-04 2.9125100e-04 9.3903084e-04 9.8244729e-04
 3.6551692e-03 9.8649722e-01 6.4087019e-04 7.2591577e-04 3.4034636e-04
 2.9146259e-03 1.0025670e-03 4.7091855e-04 7.1963121e-04]"
4,4,"[1.7371288e-03 1.6959654e-02 1.5073831e-03 6.8018900e-04 9.6677631e-01
 9.1246970e-04 1.3146934e-03 3.4627332e-03 1.6462733e-03 1.2023723e-03
 1.6156167e-03 7.6800835e-04 7.7085581e-04 6.4625224e-04]"
7,7,"[6.7104003e-04 6.4849383e-03 4.9514463e-04 4.0148388e-04 1.6836803e-03
 5.9150503e-04 5.1564828e-04 9.8478460e-01 1.7811000e-04 6.8167917e-04
 1.0218652e-03 8.4247062e-04 1.0716079e-03 5.7625864e-04]"
3,3,"[8.8750631e-02 2.1272807e-03 2.3700816e-03 8.9767516e-01 6.5908214e-04
 9.8153937e-04 1.1297120e-03 6.1960315e-04 9.6345064e-04 1.0416664e-03
 4.3526251e-04 1.1440259e-03 4.3218615e-04 1.6704359e-03]"
6,6,"[4.5810689e-04 1.1822548e-03 5.3755951e-04 1.3305651e-03 1.5544590e-03
 2.8205892e-02 9.5247000e-01 1.3046374e-03 1.1184128e-03 5.1728595e-04
 6.3144369e-03 2.6952194e-03 9.3343569e-04 1.3777760e-03]"
0,8,"[9.9580258e-01 9.1948977e-04 3.3597887e-04 4.0426676e-04 2.9865143e-04
 2.6811671e-04 9.7997698e-05 1.5825343e-04 4.2824214e-04 8.4226136e-05
 8.5910280e-05 1.6232535e-04 1.2832801e-04 8.2555512e-04]"
0,0,"[9.9219936e-01 3.7204530e-03 8.1363862e-04 3.6690899e-04 4.8909581e-04
 2.9817474e-04 8.9718807e-05 3.0119508e-04 3.6433502e-04 1.3716501e-04
 1.0115352e-04 1.8027370e-04 1.7195671e-04 7.6661241e-04]"
1,1,"[2.9651853e-03 9.9126387e-01 5.9505441e-04 3.5682993e-04 7.4790558e-04
 4.4006133e-04 2.8018295e-04 1.9016189e-03 2.2089764e-04 2.4613013e-04
 2.6992589e-04 1.9424038e-04 2.8221463e-04 2.3588259e-04]"
0,0,"[9.9243999e-01 5.2801665e-04 1.9208086e-03 1.4880147e-03 2.7618403e-04
 1.9306199e-04 1.2371957e-04 2.0028726e-04 3.9811770e-04 2.1562284e-04
 1.4170133e-04 2.2499604e-04 1.8714531e-04 1.6622586e-03]"
1,1,"[1.0183604e-02 9.8363751e-01 7.2240498e-04 3.6712195e-04 1.1806013e-03
 5.3453329e-04 3.2583458e-04 1.2492380e-03 3.5098137e-04 2.6546256e-04
 2.7244005e-04 2.1618952e-04 3.7204206e-04 3.2204279e-04]"
3,3,"[2.8474126e-03 4.4028298e-04 4.2082189e-04 9.9117786e-01 3.2486979e-04
 2.2161697e-04 9.8296232e-04 3.0478524e-04 3.9184777e-04 4.5840468e-04
 2.3148218e-04 1.1689552e-03 2.8276042e-04 7.4601715e-04]"
13,0,"[0.12835999 0.00162044 0.00777397 0.00560968 0.00405004 0.00315352
 0.00231619 0.00302881 0.00303387 0.01900978 0.00256205 0.00475541
 0.00229704 0.81242925]"
0,0,"[9.4424272e-01 1.9300070e-03 4.0908709e-02 3.1048015e-03 8.8661141e-04
 4.5588994e-04 2.6007381e-04 7.0132286e-04 8.3998940e-04 1.3771699e-03
 3.5921927e-04 4.0519450e-04 6.8004144e-04 3.8483106e-03]"
0,0,"[9.5975512e-01 3.1159673e-02 1.8107288e-03 1.3741814e-03 1.1436914e-03
 6.5941265e-04 2.4005125e-04 1.0737507e-03 5.1758118e-04 2.9890906e-04
 2.0676212e-04 3.1990858e-04 3.8397635e-04 1.0562547e-03]"
5,5,"[8.3623681e-04 1.2180322e-03 2.2202014e-04 3.3968608e-04 4.8440593e-04
 9.9022067e-01 1.0322985e-03 3.7345843e-04 1.2355803e-03 3.5618342e-04
 2.1858930e-03 2.8232980e-04 4.2906348e-04 7.8402361e-04]"
9,9,"[8.0138980e-04 9.4654720e-04 1.4570376e-02 1.5317600e-03 1.6569146e-03
 6.3529785e-04 7.7817758e-04 1.8064610e-03 8.5568352e-04 9.6545792e-01
 3.4645305e-03 1.5507384e-03 1.9508747e-03 3.9932956e-03]"
5,5,"[8.2971581e-04 1.2450208e-03 2.5820761e-04 3.5493594e-04 4.2891363e-04
 9.9071151e-01 8.5647235e-04 4.7926433e-04 1.4749848e-03 3.9560467e-04
 1.5262091e-03 3.0844193e-04 4.9308251e-04 6.3746970e-04]"
1,1,"[6.5527582e-03 9.8639435e-01 7.0273783e-04 4.2989510e-04 2.0007275e-03
 5.4808665e-04 3.0843980e-04 1.3678640e-03 2.8253405e-04 2.6522894e-04
 2.7752260e-04 1.9969084e-04 3.1838461e-04 3.5170565e-04]"
6,6,"[3.8116865e-04 1.8882044e-03 4.2734260e-04 9.6536055e-04 2.1859752e-03
 4.0202625e-02 9.2441148e-01 1.8669767e-03 1.7236333e-03 6.6132750e-04
 2.1478688e-02 1.1189368e-03 1.2359484e-03 1.4523552e-03]"
0,0,"[9.93520558e-01 1.07326056e-03 1.27150177e-03 1.69594691e-03
 4.04803897e-04 2.05110875e-04 1.16896517e-04 1.84964490e-04
 2.53861421e-04 1.57290066e-04 9.20866005e-05 1.60127165e-04
 1.21158155e-04 7.42416538e-04]"
1,1,"[4.1813101e-03 9.9077952e-01 6.5185351e-04 2.9598566e-04 7.8198477e-04
 4.5809941e-04 2.4488047e-04 1.1739738e-03 2.5839187e-04 2.1737289e-04
 2.0970800e-04 1.7350868e-04 3.2093388e-04 2.5245099e-04]"
12,12,"[0.00110218 0.00196768 0.0018333  0.001429   0.00157231 0.00128275
 0.00161712 0.02798509 0.00140546 0.01493526 0.001232   0.01052714
 0.92550796 0.00760274]"
0,3,"[9.6980190e-01 1.0043089e-03 2.0830790e-03 2.1990363e-02 6.1734277e-04
 4.3131085e-04 3.0129953e-04 3.1512836e-04 4.5694958e-04 4.6875246e-04
 2.1019681e-04 5.0668226e-04 2.2231801e-04 1.5902147e-03]"
12,12,"[1.2034513e-03 1.9063868e-03 1.6034995e-03 1.6212155e-03 1.1205098e-03
 1.2605640e-03 1.4400864e-03 2.3025996e-03 2.6135202e-03 4.4791936e-03
 7.5645669e-04 6.6524087e-03 9.7050416e-01 2.5359762e-03]"
4,4,"[1.4640244e-03 1.1913956e-02 1.3369758e-03 5.0266966e-04 9.7250104e-01
 9.4786851e-04 1.4724735e-03 3.2049255e-03 1.7039672e-03 1.0782600e-03
 1.6660989e-03 7.6808070e-04 6.7829021e-04 7.6155382e-04]"
0,0,"[9.9624109e-01 7.9677883e-04 6.2338408e-04 3.2646704e-04 2.4101367e-04
 1.8222618e-04 8.2318889e-05 1.3682072e-04 2.5335938e-04 1.1677467e-04
 7.6711789e-05 1.4489677e-04 1.1883801e-04 6.5944914e-04]"
0,0,"[9.4680083e-01 3.7252873e-03 3.4305654e-02 7.8931749e-03 1.2402877e-03
 4.6685236e-04 3.0781078e-04 5.9576798e-04 6.1186362e-04 1.1599173e-03
 3.4699595e-04 4.0948097e-04 3.7160635e-04 1.7647007e-03]"
8,8,"[0.00166721 0.0019782  0.00099917 0.00173069 0.00501654 0.07285226
 0.02184252 0.00206428 0.865514   0.00098473 0.01609017 0.00285854
 0.00435049 0.00205131]"
5,6,"[3.8608661e-04 1.4159452e-03 1.8744804e-04 3.1395024e-04 6.4053788e-04
 9.8271841e-01 6.5761814e-03 5.6439632e-04 1.4634405e-03 3.6604650e-04
 3.6133919e-03 4.1872749e-04 6.0225604e-04 7.3328958e-04]"
0,0,"[9.93221879e-01 2.92027276e-03 5.86038339e-04 4.25991660e-04
 3.36915138e-04 2.84571870e-04 1.27014151e-04 3.07889335e-04
 2.85399728e-04 1.39025098e-04 1.13639864e-04 1.37604598e-04
 1.85780300e-04 9.27970919e-04]"
1,1,"[8.3520748e-03 9.8616308e-01 8.1789703e-04 3.7756542e-04 1.0537134e-03
 5.3459720e-04 2.4324532e-04 9.4898400e-04 2.9423338e-04 2.2846054e-04
 2.1808071e-04 1.6836918e-04 3.0820753e-04 2.9160889e-04]"
8,8,"[7.3501552e-03 8.2870427e-04 7.8258413e-04 1.5915257e-03 1.3266224e-03
 1.4949404e-02 3.0339160e-03 4.1260038e-04 9.6402997e-01 4.0333066e-04
 1.8591025e-03 9.0835127e-04 1.2786151e-03 1.2450003e-03]"
5,5,"[9.2598319e-04 1.4529515e-03 2.8313635e-04 3.0239759e-04 5.5452064e-04
 9.9050993e-01 8.9403300e-04 4.6810354e-04 1.1245225e-03 4.6703179e-04
 1.5891093e-03 3.1441436e-04 5.2122754e-04 5.9262919e-04]"
0,2,"[8.7431955e-01 6.2656053e-03 7.9084307e-02 5.0090631e-03 1.7607393e-03
 1.3699776e-03 6.8868994e-04 1.5593960e-03 2.2399276e-03 4.2012604e-03
 1.2299638e-03 9.1230025e-04 1.9514874e-03 1.9407719e-02]"
0,0,"[9.96035278e-01 4.99359739e-04 3.65952728e-04 4.19224903e-04
 2.40680922e-04 3.07431590e-04 8.97923383e-05 1.20276614e-04
 4.09461238e-04 9.27866931e-05 9.53270137e-05 1.77715789e-04
 1.13640512e-04 1.03315024e-03]"
12,12,"[7.3936052e-04 1.5470468e-03 1.1350285e-03 1.7718289e-03 1.0001395e-03
 1.0526626e-03 1.5720072e-03 4.7372980e-03 1.8468709e-03 5.4529584e-03
 7.5198343e-04 1.0717787e-02 9.6572936e-01 1.9457607e-03]"
0,0,"[9.9664116e-01 6.7124597e-04 5.0990342e-04 3.3009175e-04 2.0178122e-04
 1.7859717e-04 7.9981604e-05 1.2108542e-04 2.5711002e-04 1.0179315e-04
 7.8242250e-05 1.2932102e-04 9.9524572e-05 6.0027157e-04]"
1,1,"[3.0702066e-03 9.8943591e-01 4.8659462e-04 4.0430026e-04 1.0482322e-03
 5.5284274e-04 4.9391226e-04 2.6185680e-03 2.5981045e-04 2.8164772e-04
 2.9574780e-04 2.6925578e-04 3.9094823e-04 3.9198197e-04]"
0,0,"[7.8094202e-01 3.9910697e-03 1.6612297e-01 3.4075271e-02 1.5920256e-03
 9.4680930e-04 7.7288999e-04 1.4747820e-03 1.2232839e-03 2.4594225e-03
 7.3113188e-04 9.6202205e-04 1.1161179e-03 3.5901428e-03]"
10,10,"[1.6260656e-04 3.6870068e-04 1.6683455e-03 4.2345279e-04 1.1014558e-03
 2.0812030e-03 5.7411711e-03 1.3123186e-03 1.0331172e-03 2.0373359e-03
 9.8230690e-01 2.9957565e-04 7.9864025e-04 6.6525087e-04]"
12,12,"[8.8130875e-04 1.5944444e-03 1.3191353e-03 1.3286885e-03 9.9706976e-04
 9.7542728e-04 1.1777614e-03 2.6384352e-03 2.0026725e-03 3.8873858e-03
 5.9690227e-04 5.9263287e-03 9.7475320e-01 1.9213019e-03]"
5,5,"[1.1223111e-03 1.6968686e-03 3.1844623e-04 7.4993935e-04 1.2808818e-03
 9.4111711e-01 3.0524060e-02 9.7463408e-04 4.2280513e-03 4.5368090e-04
 1.4333307e-02 7.5292087e-04 1.0577727e-03 1.3900619e-03]"
0,0,"[9.9645764e-01 5.6860753e-04 4.9341348e-04 4.3899086e-04 2.2696587e-04
 2.3229372e-04 7.1506787e-05 9.6337491e-05 4.3547474e-04 8.2005376e-05
 6.7291163e-05 1.5835543e-04 1.0017943e-04 5.7083956e-04]"
5,6,"[1.2921151e-03 3.8951572e-03 4.9865927e-04 2.5307650e-03 2.5063297e-03
 7.8517222e-01 1.8403620e-01 1.7319918e-03 4.3131849e-03 8.3300716e-04
 8.1797661e-03 2.0547551e-03 1.4994894e-03 1.4563707e-03]"
5,5,"[1.3527514e-03 1.4412334e-03 2.3331390e-04 4.3206400e-04 5.4224761e-04
 9.8988909e-01 7.7026419e-04 4.5058160e-04 1.1697892e-03 4.3669951e-04
 1.6098397e-03 3.5267853e-04 4.8580999e-04 8.3372713e-04]"
5,5,"[1.1790619e-03 1.5738813e-03 2.9858088e-04 4.1160505e-04 6.5434258e-04
 9.9010497e-01 7.1085343e-04 5.1350315e-04 1.1552632e-03 4.8786215e-04
 1.3351198e-03 3.7041469e-04 4.9578527e-04 7.0866954e-04]"
5,8,"[0.00729257 0.00430195 0.00109044 0.00284157 0.00437313 0.5998612
 0.08173249 0.00235892 0.2748277  0.00103691 0.0068089  0.00256135
 0.00535919 0.00555371]"
0,0,"[9.96809304e-01 6.00709580e-04 6.03834691e-04 3.88971472e-04
 1.95437504e-04 1.55433154e-04 7.37902301e-05 1.15283176e-04
 2.70201417e-04 8.59258143e-05 6.54877804e-05 1.14130511e-04
 8.91257441e-05 4.32404893e-04]"
1,1,"[6.2554754e-02 9.2095482e-01 2.5750613e-03 8.6657022e-04 2.5408948e-03
 1.4367299e-03 1.4203511e-03 3.1826783e-03 8.9811214e-04 7.9742668e-04
 5.5555691e-04 4.5413233e-04 8.6629007e-04 8.9658366e-04]"
3,3,"[1.5029419e-03 4.1748767e-04 5.9356040e-04 9.9272448e-01 3.9023298e-04
 2.6061755e-04 8.0397987e-04 2.8140726e-04 4.1392283e-04 4.8798224e-04
 2.5209045e-04 1.0095334e-03 3.4077503e-04 5.2098988e-04]"
13,13,"[3.6753828e-03 6.5979717e-04 1.5313717e-03 5.5525959e-03 1.7039159e-03
 2.1428489e-03 1.6128806e-03 2.1538662e-03 1.4500575e-03 3.3379171e-02
 2.1779414e-03 6.1167739e-03 1.7814446e-03 9.3606192e-01]"
11,11,"[1.7509055e-03 9.2422107e-04 1.0637877e-03 5.6744881e-02 1.2812818e-03
 1.6506644e-03 3.3683395e-03 2.4823924e-03 1.4488506e-03 3.3825550e-03
 6.1302836e-04 9.0815866e-01 2.0105019e-03 1.5119898e-02]"
0,0,"[9.9590451e-01 4.2453196e-04 5.1566469e-04 4.1481396e-04 2.1140053e-04
 2.5080098e-04 9.0984337e-05 1.2900219e-04 3.3450796e-04 1.2330613e-04
 9.5985226e-05 1.6585075e-04 1.0030149e-04 1.2382388e-03]"
11,11,"[1.0446794e-03 6.5959973e-04 1.1355834e-03 6.0149264e-03 1.3077037e-03
 1.1818220e-03 2.1266397e-03 2.1166452e-03 1.1733606e-03 2.3251048e-03
 4.4225252e-04 9.6992713e-01 1.6038679e-03 8.9406548e-03]"
9,9,"[1.3487260e-03 9.1664342e-04 8.9834621e-03 1.6758263e-03 2.0264410e-03
 7.6839805e-04 8.0473913e-04 2.2047297e-03 7.2664866e-04 9.6012264e-01
 3.0181562e-03 1.9259938e-03 1.9600410e-03 1.3517566e-02]"
3,3,"[1.7424851e-03 4.2382200e-04 7.1828964e-04 9.9178582e-01 5.1353872e-04
 2.8744095e-04 9.6808927e-04 3.4687939e-04 4.5775768e-04 5.6777755e-04
 3.7041915e-04 9.3057629e-04 3.3618571e-04 5.5092928e-04]"
0,8,"[9.9334526e-01 5.5334880e-04 3.4155638e-04 5.8972079e-04 3.5393707e-04
 7.0620398e-04 1.2558137e-04 1.5474284e-04 1.2014596e-03 1.0204602e-04
 1.4645688e-04 2.6698207e-04 1.7609638e-04 1.9364831e-03]"
9,9,"[1.1489008e-03 9.1449625e-04 8.5769929e-03 9.9898502e-04 1.6782931e-03
 7.7095232e-04 8.1800058e-04 2.3317975e-03 7.6915347e-04 9.6170515e-01
 3.3594058e-03 1.7216223e-03 2.2377027e-03 1.2968386e-02]"
6,6,"[1.9644649e-04 4.6017853e-04 3.2069790e-04 8.9903787e-04 1.1113066e-03
 1.9364237e-03 9.8452604e-01 9.0031029e-04 5.7715550e-04 3.9443129e-04
 6.5676011e-03 9.5661700e-04 5.6926621e-04 5.8451487e-04]"
0,0,"[9.9657452e-01 6.3510262e-04 4.1520072e-04 3.7782543e-04 2.1220691e-04
 2.0031846e-04 8.1703191e-05 1.4888959e-04 2.5006660e-04 9.5703894e-05
 7.4628231e-05 1.4895579e-04 1.0130552e-04 6.8358023e-04]"
0,0,"[9.96093571e-01 5.31296711e-04 7.45133322e-04 3.13322817e-04
 2.19314839e-04 2.15020598e-04 8.19886263e-05 1.47927843e-04
 2.95017904e-04 1.15362454e-04 9.56537915e-05 1.38067349e-04
 1.00218596e-04 9.07985028e-04]"
0,0,"[9.93112504e-01 1.00817892e-03 2.09327484e-03 1.47903548e-03
 2.60733621e-04 2.42021328e-04 1.14689479e-04 1.42384364e-04
 3.47384950e-04 1.76960239e-04 1.06902655e-04 1.45245824e-04
 1.56363269e-04 6.14334829e-04]"
0,0,"[9.9652332e-01 4.5537326e-04 5.7938235e-04 4.1780548e-04 2.1149377e-04
 1.5843641e-04 8.9251553e-05 1.2316737e-04 2.3656785e-04 1.1088811e-04
 8.4137799e-05 1.4677559e-04 1.0271419e-04 7.6079980e-04]"
1,1,"[1.9414239e-03 9.9166894e-01 4.8407828e-04 4.7567816e-04 9.1662962e-04
 4.6748866e-04 4.0291873e-04 2.0611593e-03 2.0576386e-04 2.9532361e-04
 2.7689795e-04 2.3597694e-04 2.8066308e-04 2.8685367e-04]"
6,6,"[2.3975597e-04 4.4024255e-04 3.8515506e-04 1.7180050e-03 1.1281027e-03
 1.9947507e-03 9.8233837e-01 8.0872944e-04 8.8704727e-04 5.0197629e-04
 7.1391496e-03 1.2413313e-03 5.5015780e-04 6.2720047e-04]"
8,8,"[3.0589802e-03 6.9955306e-04 6.7425246e-04 7.8706892e-04 1.2227043e-03
 8.2619758e-03 1.8822480e-03 4.7351894e-04 9.7800547e-01 3.7790911e-04
 1.8049456e-03 9.0176990e-04 1.1100251e-03 7.3968008e-04]"
0,0,"[9.9656928e-01 6.0743070e-04 6.3222524e-04 4.0129118e-04 2.1430259e-04
 1.6474031e-04 7.6852913e-05 1.3519221e-04 2.5689739e-04 9.0851659e-05
 6.6654226e-05 1.4516211e-04 1.0550973e-04 5.3349347e-04]"
3,0,"[6.4645978e-03 4.6007906e-04 5.5325945e-04 9.8749071e-01 5.2816758e-04
 2.9782375e-04 8.4871508e-04 3.3526315e-04 5.4928462e-04 4.9567042e-04
 2.3140869e-04 8.9195499e-04 3.2544410e-04 5.2754662e-04]"
7,7,"[6.3684135e-04 3.7636277e-03 5.2816252e-04 3.7560312e-04 1.4853430e-03
 5.0991197e-04 5.1734142e-04 9.8774254e-01 1.8906317e-04 8.3446706e-04
 9.0014905e-04 7.6883653e-04 1.2022178e-03 5.4574333e-04]"
11,11,"[1.2476994e-03 7.3983555e-04 1.6043046e-03 3.0998657e-02 1.2024204e-03
 1.1359041e-03 1.7892874e-03 2.0434491e-03 1.3507653e-03 3.7179880e-03
 4.3261424e-04 9.4589198e-01 1.3754648e-03 6.4696255e-03]"
1,1,"[7.6376358e-03 9.8694998e-01 9.6054614e-04 4.2558336e-04 7.5520028e-04
 5.7106907e-04 2.4032783e-04 1.0012648e-03 2.7503946e-04 2.2621194e-04
 2.1609454e-04 1.6158886e-04 3.0901024e-04 2.7047677e-04]"
1,1,"[2.9975998e-03 9.9083298e-01 8.7802019e-04 4.3707527e-04 9.4733533e-04
 4.6212805e-04 2.9431749e-04 1.5882335e-03 2.1954304e-04 3.9257435e-04
 2.4173032e-04 1.9394699e-04 2.8824559e-04 2.2628430e-04]"
1,0,"[0.14210294 0.7822963  0.0018949  0.00884109 0.0103683  0.01112385
 0.00851796 0.01064851 0.01012826 0.00151906 0.00156673 0.00352114
 0.00358852 0.00388232]"
0,0,"[7.0881712e-01 2.7675655e-01 2.3009607e-03 1.6086680e-03 2.1189137e-03
 1.2672307e-03 5.3022342e-04 1.6960986e-03 1.1921049e-03 5.3149188e-04
 3.6135229e-04 4.3224369e-04 1.0143991e-03 1.3727595e-03]"
0,0,"[9.9677569e-01 5.9753627e-04 5.2041578e-04 4.7667377e-04 2.0205977e-04
 1.4212425e-04 7.1420342e-05 1.0813191e-04 2.0538391e-04 9.5134579e-05
 6.8514768e-05 1.1562402e-04 8.4539912e-05 5.3669472e-04]"
2,2,"[1.3094622e-03 6.0298771e-04 9.8960692e-01 9.1433985e-04 7.4559485e-04
 3.3743208e-04 2.6018417e-04 4.4715215e-04 4.9950142e-04 3.2975180e-03
 6.9135911e-04 4.0802720e-04 6.4794923e-04 2.3170123e-04]"
2,2,"[1.9781489e-03 6.4168469e-04 9.8925751e-01 1.1209979e-03 8.3951786e-04
 3.1451881e-04 2.6243992e-04 4.8485131e-04 5.6844827e-04 2.6578417e-03
 6.4863381e-04 4.1912188e-04 5.2227586e-04 2.8406412e-04]"
0,0,"[9.8574859e-01 1.0096403e-03 2.0060893e-03 2.7679082e-03 4.1754762e-04
 8.1621879e-04 1.7822417e-04 4.0518763e-04 8.3778589e-04 2.5047708e-04
 2.7577693e-04 4.0318901e-04 2.2922027e-04 4.6539716e-03]"
0,0,"[9.9624455e-01 1.1393355e-03 4.3050997e-04 3.9290020e-04 2.7045087e-04
 1.8094690e-04 7.7661767e-05 1.2735817e-04 2.7709478e-04 9.5049974e-05
 6.7576817e-05 1.2587430e-04 1.0369217e-04 4.6721278e-04]"
0,0,"[9.9669349e-01 4.9441855e-04 6.4814958e-04 5.0460687e-04 1.7671690e-04
 1.5551873e-04 7.2633906e-05 1.1347219e-04 2.4555594e-04 1.0090299e-04
 6.4847292e-05 1.2254686e-04 8.5886917e-05 5.2131363e-04]"
11,9,"[1.7024776e-03 8.4982137e-04 1.8328284e-03 9.5852502e-03 2.0597801e-03
 1.8213518e-03 3.1023752e-03 3.6808325e-03 1.6201208e-03 1.0352765e-02
 1.1448826e-03 9.2741615e-01 2.3991810e-03 3.2432243e-02]"
5,8,"[1.8987311e-02 3.3205824e-03 4.0309253e-04 1.0674016e-03 1.7698536e-03
 9.3241173e-01 3.0287956e-03 9.2294411e-04 3.0934259e-02 4.7296777e-04
 1.9445511e-03 8.2835200e-04 1.3433604e-03 2.5649308e-03]"
0,2,"[9.96509254e-01 4.40566306e-04 5.34337072e-04 4.16879600e-04
 1.76934293e-04 1.52174558e-04 8.03315052e-05 1.21627316e-04
 2.64521863e-04 9.75805306e-05 7.82285351e-05 1.56523398e-04
 1.15190342e-04 8.55824852e-04]"
3,3,"[1.5484990e-03 5.2575051e-04 6.5458048e-04 9.9244010e-01 4.4761601e-04
 3.1515022e-04 8.3415123e-04 3.3017664e-04 4.7591142e-04 5.2868429e-04
 2.8642698e-04 8.0359780e-04 3.5559424e-04 4.5375226e-04]"
6,6,"[0.00059574 0.00148118 0.00141618 0.00254213 0.00363162 0.0099498
 0.55671984 0.00288264 0.00300452 0.00212535 0.41129023 0.00131821
 0.00140161 0.00164092]"
5,5,"[7.0889690e-04 1.9123685e-03 3.1749078e-04 9.0629782e-04 1.1751053e-03
 9.4660991e-01 3.8844958e-02 6.7660119e-04 2.1713695e-03 5.1574403e-04
 2.9595764e-03 9.9702505e-04 8.0477871e-04 1.3999855e-03]"
3,3,"[3.2465204e-03 5.1620742e-04 1.2917129e-03 9.8904055e-01 4.2816182e-04
 3.2211593e-04 7.6869695e-04 3.1012140e-04 5.9702346e-04 7.2811317e-04
 2.9587504e-04 1.0599942e-03 3.4222088e-04 1.0526308e-03]"
7,7,"[6.2068418e-04 1.4181949e-02 6.3091051e-04 4.1265565e-04 2.0853223e-03
 7.5229956e-04 5.9226406e-04 9.7577888e-01 1.8248873e-04 8.4263354e-04
 1.1597787e-03 9.6723053e-04 1.2623447e-03 5.3066364e-04]"
11,11,"[1.0060540e-03 6.1101961e-04 1.0562920e-03 1.9213945e-02 1.2477537e-03
 1.1423528e-03 2.4328127e-03 1.6911007e-03 1.2669837e-03 2.1859491e-03
 4.1170555e-04 9.5615840e-01 1.1786628e-03 1.0396922e-02]"
1,2,"[3.9415244e-02 9.5044571e-01 3.0154702e-03 8.4239035e-04 1.2423854e-03
 6.1507459e-04 3.5796329e-04 1.4626569e-03 4.6640285e-04 4.8400246e-04
 3.3888017e-04 2.1096092e-04 6.1875617e-04 4.8429915e-04]"
1,1,"[8.1111314e-03 9.8655951e-01 7.9909869e-04 3.4949178e-04 7.2351377e-04
 4.3941481e-04 2.6770448e-04 1.1537888e-03 2.7718869e-04 2.3873770e-04
 2.0529059e-04 1.8315412e-04 3.6894224e-04 3.2293634e-04]"
0,0,"[9.9623483e-01 5.9291726e-04 4.5133059e-04 4.6617055e-04 2.3914730e-04
 1.9020862e-04 7.7968019e-05 1.4299243e-04 2.3508517e-04 1.0001272e-04
 8.5743479e-05 1.4573499e-04 1.0220495e-04 9.3557028e-04]"
6,6,"[3.5990324e-04 8.4011257e-04 4.0618988e-04 7.6628593e-04 1.4660096e-03
 1.2913176e-02 9.7297454e-01 9.6168753e-04 1.0090555e-03 5.6487619e-04
 3.5879000e-03 2.2698955e-03 8.4597076e-04 1.0344974e-03]"
6,6,"[2.9160207e-04 5.2660977e-04 3.7196605e-04 1.2101944e-03 1.0333313e-03
 3.5024718e-03 9.8579586e-01 8.0508582e-04 6.3019875e-04 4.2708474e-04
 2.5418601e-03 1.6140128e-03 5.6825986e-04 6.8150478e-04]"
0,1,"[9.9116206e-01 3.6868672e-03 1.3197325e-03 5.1771669e-04 3.7838079e-04
 2.9241259e-04 1.3084360e-04 3.2661977e-04 5.2098610e-04 1.7286913e-04
 1.3515278e-04 1.8285368e-04 1.7587852e-04 9.9766243e-04]"
7,7,"[2.9360636e-03 6.8645760e-02 1.5098499e-03 9.2519156e-04 3.3555101e-03
 1.0309276e-03 9.3796069e-04 9.1269827e-01 4.5944934e-04 1.0850293e-03
 1.7008035e-03 1.2620395e-03 2.4746947e-03 9.7847416e-04]"
4,4,"[3.7041397e-03 1.6541051e-02 1.3278058e-03 7.8220386e-04 9.6740896e-01
 9.1195724e-04 1.1512229e-03 2.6744204e-03 1.5397625e-03 9.5673522e-04
 1.1937022e-03 6.7325484e-04 5.8738433e-04 5.4744032e-04]"
0,0,"[9.5715380e-01 1.5791417e-03 3.3337045e-02 2.0091829e-03 6.4536626e-04
 4.4920400e-04 2.1874161e-04 4.5158574e-04 7.1044505e-04 1.0282337e-03
 2.5740973e-04 3.3268164e-04 3.5539822e-04 1.4715276e-03]"
3,3,"[1.2015201e-03 3.5457822e-04 3.8857348e-04 9.9328113e-01 4.1310032e-04
 2.4538193e-04 9.4313332e-04 2.9211643e-04 4.2494258e-04 4.0460890e-04
 2.3792013e-04 1.0504508e-03 3.1743609e-04 4.4522813e-04]"
0,0,"[8.8266277e-01 8.3368890e-02 1.7353505e-02 4.6848902e-03 2.6366436e-03
 8.0554315e-04 4.2908988e-04 2.9653220e-03 7.9030503e-04 9.5123192e-04
 4.3467685e-04 5.3868681e-04 7.5916690e-04 1.6192439e-03]"
6,6,"[2.6585764e-04 5.6267006e-04 3.6095895e-04 8.1876054e-04 1.0076888e-03
 5.0799809e-03 9.8449463e-01 7.0236670e-04 6.7314028e-04 3.9485493e-04
 2.9798108e-03 1.2113648e-03 6.4842839e-04 7.9950684e-04]"
0,2,"[9.2105287e-01 4.6862066e-02 2.0923356e-02 1.7912081e-03 1.3942282e-03
 5.3421309e-04 4.8104589e-04 1.7089399e-03 1.1960334e-03 8.9767080e-04
 5.1425997e-04 3.6045443e-04 1.0382414e-03 1.2454886e-03]"
1,1,"[2.3661884e-03 9.9114639e-01 6.4765423e-04 4.6025749e-04 9.4451138e-04
 4.2928976e-04 3.7761399e-04 1.9112781e-03 2.1319682e-04 3.3895567e-04
 2.7377624e-04 2.2894569e-04 3.4408402e-04 3.1805638e-04]"
0,0,"[9.9628311e-01 1.0109339e-03 5.8341899e-04 3.3568931e-04 2.2728219e-04
 1.4542065e-04 7.1494942e-05 1.4783865e-04 2.3790909e-04 9.4434814e-05
 6.8419744e-05 1.2138814e-04 1.0504827e-04 5.6785555e-04]"
2,2,"[4.9725743e-03 2.9292996e-03 9.8098767e-01 1.1212919e-03 9.7642763e-04
 5.3923659e-04 3.1054474e-04 8.4880152e-04 5.8958412e-04 4.1036811e-03
 1.0202291e-03 3.8466562e-04 8.7702705e-04 3.3905322e-04]"
1,1,"[5.1789875e-03 9.8943537e-01 7.6517340e-04 3.8129196e-04 7.6605834e-04
 4.3976179e-04 2.9906069e-04 1.0859185e-03 2.5105043e-04 2.9831094e-04
 2.4300641e-04 1.9391315e-04 3.3022434e-04 3.3199455e-04]"
12,12,"[5.8304740e-04 1.5318572e-03 1.3318459e-03 1.0876851e-03 1.0221208e-03
 8.4798923e-04 1.0415376e-03 3.1552461e-03 1.4755784e-03 5.4193838e-03
 7.0516346e-04 4.2619514e-03 9.7612745e-01 1.4091681e-03]"
7,7,"[5.5956910e-04 3.5602634e-03 4.7517192e-04 3.8055287e-04 1.5387160e-03
 4.9471500e-04 5.6239573e-04 9.8792809e-01 1.8793333e-04 7.9721975e-04
 9.4063592e-04 8.2314300e-04 1.1943958e-03 5.5724586e-04]"
1,1,"[2.5112361e-03 9.9159908e-01 5.7226018e-04 5.0962257e-04 8.5387967e-04
 5.1394809e-04 3.9967804e-04 1.4072753e-03 2.5215215e-04 2.9746367e-04
 2.5853113e-04 2.2421745e-04 3.0960073e-04 2.9119209e-04]"
0,0,"[9.9664825e-01 5.2675011e-04 5.0891185e-04 4.6348976e-04 1.6859188e-04
 1.5655809e-04 6.8687019e-05 1.2518567e-04 2.7201214e-04 9.0543042e-05
 6.6911532e-05 1.2470667e-04 1.0354037e-04 6.7596236e-04]"
0,0,"[9.9565083e-01 7.2135741e-04 4.6944077e-04 3.9194900e-04 3.1521660e-04
 3.3706127e-04 9.7301323e-05 1.5217969e-04 3.3575328e-04 1.2750983e-04
 1.0979662e-04 1.5165306e-04 1.2930766e-04 1.0106935e-03]"
2,2,"[1.5679301e-03 1.0459519e-03 9.8872000e-01 8.6035277e-04 1.0526223e-03
 4.0286870e-04 2.9640601e-04 5.0836004e-04 5.5394869e-04 2.7915533e-03
 8.9211063e-04 4.6641350e-04 5.6637177e-04 2.7515064e-04]"
4,4,"[3.4821134e-03 3.4028623e-02 1.8545995e-03 7.8011031e-04 9.4476086e-01
 1.1724746e-03 1.4522608e-03 4.8400937e-03 1.8518046e-03 1.4577932e-03
 1.6687632e-03 9.5324777e-04 8.7077823e-04 8.2647754e-04]"
11,11,"[1.9437858e-03 1.4529987e-03 1.7991719e-03 1.5666224e-01 1.9725836e-03
 1.8270282e-03 4.0931585e-03 2.3794456e-03 1.9615195e-03 8.3309105e-03
 7.8889157e-04 8.0190700e-01 1.9165999e-03 1.2964672e-02]"
3,3,"[1.5201401e-03 6.5905548e-04 4.8647774e-04 9.9152303e-01 6.7041989e-04
 3.4479302e-04 1.2024496e-03 4.0765762e-04 4.9517275e-04 5.4586004e-04
 3.0850095e-04 9.7986707e-04 3.6223428e-04 4.9443822e-04]"
5,5,"[3.1933757e-03 2.0176731e-03 4.5776114e-04 5.7545758e-04 6.2469230e-04
 9.8384619e-01 1.1194211e-03 6.5308897e-04 1.3906771e-03 5.4727047e-04
 3.5313971e-03 4.1842417e-04 5.5354222e-04 1.0710275e-03]"
3,3,"[3.2581373e-03 5.8066542e-04 5.6226482e-04 9.9108315e-01 3.8633615e-04
 2.7934139e-04 7.1193720e-04 3.2972489e-04 4.1506696e-04 5.3354719e-04
 2.0522581e-04 8.5439143e-04 3.0026460e-04 5.0002005e-04]"
8,8,"[0.00392139 0.00173141 0.00121342 0.00170254 0.00333327 0.16529466
 0.00897075 0.00108842 0.7990981  0.00085745 0.00670362 0.00213334
 0.00214555 0.00180609]"
6,10,"[7.8413042e-04 2.3783236e-03 5.9246481e-04 2.3726714e-03 2.2662729e-03
 4.0513884e-02 9.2678684e-01 1.6472964e-03 3.9051513e-03 6.6868414e-04
 1.3761768e-02 1.7711498e-03 9.9336531e-04 1.5579870e-03]"
13,13,"[6.2665404e-03 3.6003836e-04 7.4075902e-04 2.5571019e-03 7.8009110e-04
 2.2748357e-03 1.1336860e-03 1.2277941e-03 1.8701388e-03 3.1703359e-03
 1.9018939e-03 3.4105228e-03 1.1437006e-03 9.7316259e-01]"
1,1,"[5.7261381e-03 9.8873478e-01 6.9832557e-04 3.9797949e-04 9.4221951e-04
 4.6844297e-04 2.7681026e-04 1.1706111e-03 3.1715850e-04 2.2635298e-04
 2.5218120e-04 1.8175245e-04 3.3010606e-04 2.7691826e-04]"
2,2,"[1.5556691e-03 6.9862325e-04 9.8948365e-01 1.0170072e-03 7.9965586e-04
 3.6180826e-04 2.7012394e-04 4.5955856e-04 5.0920818e-04 2.9228807e-03
 7.1578147e-04 3.8506967e-04 6.0665433e-04 2.1449580e-04]"
9,9,"[9.4166765e-04 8.7009079e-04 1.2868254e-02 1.3618566e-03 1.6680629e-03
 6.3266774e-04 7.2643952e-04 1.7178801e-03 7.8347238e-04 9.6710467e-01
 2.7535404e-03 1.7149157e-03 1.8569133e-03 4.9995594e-03]"
0,0,"[9.9663639e-01 7.4181525e-04 5.5234646e-04 4.1460132e-04 2.4061382e-04
 1.2980947e-04 7.1410155e-05 1.3535742e-04 2.2659023e-04 9.8755903e-05
 6.2516126e-05 1.2217193e-04 9.7194061e-05 4.7043050e-04]"
4,4,"[2.6670047e-03 5.5438340e-02 3.0455261e-03 8.9375227e-04 9.1679746e-01
 1.8339707e-03 1.9112363e-03 6.8640760e-03 2.3037505e-03 2.1338644e-03
 3.0375698e-03 1.0982601e-03 1.1858250e-03 7.8927126e-04]"
7,7,"[8.0546015e-04 4.1262610e-03 5.0453463e-04 4.8181866e-04 1.6518271e-03
 5.3346809e-04 5.5700197e-04 9.8693639e-01 2.1465073e-04 6.6758436e-04
 9.5054368e-04 8.7497314e-04 1.0488174e-03 6.4669299e-04]"
1,1,"[2.0424826e-03 9.9189246e-01 5.4169557e-04 3.9282706e-04 8.4623398e-04
 4.9973512e-04 3.7120003e-04 1.9114158e-03 2.2701525e-04 2.9952414e-04
 2.3255374e-04 2.1561531e-04 2.7483335e-04 2.5262230e-04]"
0,0,"[9.95752215e-01 6.02097542e-04 3.59826226e-04 4.83972224e-04
 3.34016600e-04 2.77060084e-04 1.28577303e-04 1.69257502e-04
 3.51621798e-04 1.11267276e-04 9.95302980e-05 2.14371248e-04
 1.46189748e-04 9.70197550e-04]"
3,2,"[9.9708047e-04 5.0369435e-04 3.8082481e-04 9.9234831e-01 3.2642929e-04
 2.6775623e-04 1.0379947e-03 3.7417805e-04 3.4190156e-04 4.5438018e-04
 2.8721229e-04 1.7007883e-03 3.8313237e-04 5.9643132e-04]"
5,10,"[8.4081281e-04 9.2790637e-04 2.6706723e-04 3.6147275e-04 5.7669246e-04
 9.8898041e-01 1.3640231e-03 3.8194226e-04 1.2588797e-03 4.5756795e-04
 3.0677279e-03 3.0438809e-04 4.9121951e-04 7.1976031e-04]"
2,4,"[1.5996875e-03 2.0561691e-03 9.6923679e-01 1.4209372e-03 1.2043357e-02
 5.4188131e-04 6.9486763e-04 1.4313342e-03 9.8082214e-04 5.6819040e-03
 2.1489956e-03 8.9443766e-04 8.5990079e-04 4.0888897e-04]"
0,0,"[9.9462932e-01 6.6902582e-04 1.3651212e-03 6.5172982e-04 1.9179496e-04
 2.3339497e-04 9.3850431e-05 1.2476540e-04 4.9073034e-04 1.2721635e-04
 1.0737576e-04 1.4611418e-04 1.3753321e-04 1.0319870e-03]"
1,1,"[1.5736168e-03 9.8562509e-01 6.6347118e-04 4.7356696e-04 1.2606144e-03
 6.4258813e-04 5.1579415e-04 7.1322252e-03 2.0370125e-04 4.6095700e-04
 3.7411798e-04 3.6871075e-04 4.2858391e-04 2.7687097e-04]"
5,5,"[9.7539567e-04 1.3040622e-03 1.6715012e-04 3.5787132e-04 5.4507219e-04
 9.8895299e-01 1.8013864e-03 4.9291190e-04 2.1046486e-03 3.2170367e-04
 1.2628639e-03 3.2097066e-04 5.0707062e-04 8.8586035e-04]"
11,11,"[1.0201090e-03 8.3333580e-04 1.2000540e-03 1.4919702e-02 1.6177609e-03
 1.7027049e-03 2.5459204e-03 2.4376621e-03 1.3995734e-03 5.8167041e-03
 6.7471887e-04 9.4598019e-01 1.7470367e-03 1.8104535e-02]"
1,1,"[4.0969392e-03 9.9021447e-01 6.1534200e-04 3.8983644e-04 7.9357944e-04
 5.3419103e-04 2.6288978e-04 1.6264793e-03 2.0380075e-04 2.4855178e-04
 2.2369626e-04 1.7392365e-04 2.9501901e-04 3.2129823e-04]"
12,12,"[5.8188254e-04 1.2651791e-03 1.2329336e-03 1.0889778e-03 9.8707853e-04
 9.3732215e-04 1.1174132e-03 2.8394561e-03 1.5960506e-03 5.5635776e-03
 7.3906453e-04 6.0042078e-03 9.7391945e-01 2.1274728e-03]"
0,0,"[9.96702969e-01 6.84924889e-04 4.59122995e-04 3.75976699e-04
 1.75895373e-04 1.43122801e-04 7.25448044e-05 1.09267596e-04
 2.44768715e-04 9.10970703e-05 6.53390671e-05 1.25011677e-04
 9.96425370e-05 6.50212984e-04]"
0,0,"[9.96222377e-01 8.37497180e-04 6.83851715e-04 4.21096542e-04
 1.99101138e-04 1.64272002e-04 8.15664389e-05 1.14829825e-04
 2.68797419e-04 1.00375139e-04 6.32366573e-05 1.33688533e-04
 1.19265176e-04 5.90078649e-04]"
2,2,"[3.1358176e-03 7.2510703e-04 9.8860139e-01 1.5702926e-03 6.9292414e-04
 2.8938937e-04 2.5501312e-04 3.9102175e-04 5.2514486e-04 2.0489523e-03
 6.9529761e-04 3.5211028e-04 4.7399310e-04 2.4347355e-04]"
11,13,"[1.6478597e-03 8.6109166e-04 9.3805318e-04 5.3995095e-02 1.3142476e-03
 1.8066383e-03 6.0173655e-03 2.4089222e-03 1.7976848e-03 2.5442040e-03
 7.3976786e-04 9.0388882e-01 1.9798197e-03 2.0060372e-02]"
0,0,"[9.95579541e-01 3.63664381e-04 4.88862046e-04 5.30122372e-04
 2.64127157e-04 2.60292523e-04 1.03652303e-04 1.16610354e-04
 5.17379784e-04 1.02494756e-04 9.82429628e-05 1.78530507e-04
 1.18359407e-04 1.27817621e-03]"
9,13,"[0.00374104 0.00149395 0.00807449 0.00438924 0.00367174 0.00330337
 0.00354705 0.00516216 0.00249371 0.48136753 0.00876513 0.00707827
 0.00529745 0.46161488]"
9,9,"[1.0828184e-03 7.4745039e-04 9.8704966e-03 2.1517221e-03 1.5014245e-03
 7.8546634e-04 6.5452466e-04 1.6900605e-03 6.7180942e-04 9.6130168e-01
 3.8308143e-03 2.9636913e-03 1.9130257e-03 1.0834893e-02]"
9,9,"[8.8663463e-04 8.4013876e-04 1.1685572e-02 1.3407377e-03 1.5799679e-03
 6.0177612e-04 7.4879680e-04 1.7000363e-03 6.6167448e-04 9.6884280e-01
 2.8581815e-03 1.3231306e-03 1.8916080e-03 5.0391024e-03]"
9,9,"[8.4671547e-04 8.7764894e-04 1.5024896e-02 1.4333382e-03 1.5846494e-03
 6.2735094e-04 7.1618229e-04 1.6119267e-03 8.2643313e-04 9.6506464e-01
 2.9753989e-03 1.7766511e-03 2.1243889e-03 4.5097023e-03]"
5,10,"[0.01155122 0.2111439  0.00237227 0.00229789 0.00740543 0.70913637
 0.01795739 0.00691908 0.00345814 0.00240696 0.01850484 0.00119941
 0.0031166  0.0025306 ]"
9,9,"[8.6756260e-04 7.8582973e-04 1.3582848e-02 1.2387059e-03 1.7140356e-03
 6.1691337e-04 7.0332212e-04 1.5800212e-03 7.7107485e-04 9.6470714e-01
 3.0896396e-03 1.8949986e-03 1.8919235e-03 6.5560234e-03]"
0,0,"[9.9630910e-01 4.3466096e-04 7.1494083e-04 4.6542700e-04 2.1130657e-04
 1.9288865e-04 7.4666576e-05 1.0971007e-04 3.7668482e-04 1.1640836e-04
 8.7412031e-05 1.2810661e-04 9.8591947e-05 6.7986897e-04]"
10,10,"[1.4317363e-04 5.5143452e-04 1.4429457e-03 2.9006670e-04 1.2672022e-03
 2.0966874e-03 5.2408637e-03 1.4241892e-03 8.6226914e-04 2.5831319e-03
 9.8198754e-01 2.9390070e-04 8.9252688e-04 9.2406129e-04]"
1,1,"[3.6781069e-03 9.9084502e-01 6.3925213e-04 4.2136779e-04 7.2962325e-04
 5.0579594e-04 3.1755152e-04 1.2380029e-03 2.6643203e-04 2.8908238e-04
 2.3514203e-04 2.1900660e-04 2.9645528e-04 3.1929641e-04]"
0,0,"[9.9424237e-01 5.0034566e-04 4.2127480e-04 1.1639283e-03 2.2261933e-04
 2.8509230e-04 1.3298888e-04 1.0650450e-04 4.8981578e-04 1.2879206e-04
 9.9137338e-05 2.5357550e-04 1.3548155e-04 1.8181526e-03]"
0,1,"[9.5450544e-01 3.4156889e-02 3.2501621e-03 1.1726125e-03 1.3696286e-03
 8.4952440e-04 2.8766858e-04 9.6990104e-04 5.5917969e-04 3.2261919e-04
 3.0622512e-04 2.8484905e-04 4.5734009e-04 1.5081052e-03]"
12,12,"[0.0144908  0.00402251 0.00562574 0.00643222 0.00218128 0.00477722
 0.00271509 0.00643697 0.01041475 0.01389569 0.00281813 0.01612565
 0.80798876 0.10207515]"
9,9,"[2.1054512e-03 1.4630653e-03 8.6115953e-03 2.4144112e-03 2.9408894e-03
 9.9843438e-04 1.2148095e-03 3.7789219e-03 8.4353366e-04 9.4852990e-01
 3.8166612e-03 2.9425700e-03 2.2364531e-03 1.8103307e-02]"
2,2,"[1.8128459e-03 5.7424908e-04 9.8308426e-01 9.1962074e-04 6.6386507e-04
 3.8953195e-04 2.6359098e-04 5.1230367e-04 5.3261017e-04 8.7218536e-03
 9.2835323e-04 3.7941342e-04 8.6906715e-04 3.4832326e-04]"
4,4,"[1.5932205e-03 1.4465912e-02 1.5367041e-03 5.4079987e-04 9.6849471e-01
 9.2991401e-04 1.4305970e-03 3.5688847e-03 1.7295548e-03 1.3610796e-03
 1.8272654e-03 8.0575375e-04 8.5205585e-04 8.6361537e-04]"
2,2,"[3.4709123e-03 1.7632733e-03 9.8570454e-01 1.6479595e-03 1.3611708e-03
 3.5446533e-04 3.1791205e-04 6.2480057e-04 5.3848821e-04 2.2654755e-03
 6.4374122e-04 4.8353811e-04 5.1430217e-04 3.0930125e-04]"
0,2,"[0.73679554 0.0025682  0.24007808 0.00364305 0.00122675 0.00098876
 0.00076916 0.00111801 0.00240062 0.00317142 0.00158771 0.00085194
 0.00136713 0.00343369]"
0,0,"[9.96218622e-01 5.55747829e-04 5.05818927e-04 7.56472466e-04
 2.04318378e-04 2.76128936e-04 1.04972976e-04 1.10724250e-04
 3.08710209e-04 8.19239649e-05 8.34516177e-05 1.24631391e-04
 9.79035394e-05 5.70733100e-04]"
0,0,"[9.9608433e-01 9.8597107e-04 4.2858621e-04 3.6116815e-04 2.6921116e-04
 2.1742396e-04 7.7290220e-05 1.8317786e-04 2.6283748e-04 1.0294327e-04
 7.8319586e-05 1.4376479e-04 1.1572159e-04 6.8900932e-04]"
9,2,"[1.2848098e-03 8.6661958e-04 1.3148024e-02 1.8997280e-03 1.7435927e-03
 5.5071880e-04 7.5911218e-04 2.4170706e-03 7.0550037e-04 9.5627826e-01
 2.4790959e-03 1.9875609e-03 2.9056398e-03 1.2974215e-02]"
12,12,"[1.0355673e-03 2.0447175e-03 1.2951698e-03 1.6143455e-03 1.1043323e-03
 1.0987017e-03 1.3029040e-03 3.2424638e-03 2.1423798e-03 3.9107702e-03
 6.7132310e-04 6.2996452e-03 9.7242343e-01 1.8142000e-03]"
5,5,"[4.6478750e-04 1.9180661e-03 3.8132348e-04 2.8615113e-04 9.1980287e-04
 9.8768765e-01 2.3018979e-03 5.5235904e-04 1.1039351e-03 5.0429162e-04
 2.3573015e-03 4.6266694e-04 5.2296231e-04 5.3683791e-04]"
1,1,"[1.2066419e-02 9.8241562e-01 9.8758913e-04 4.0228860e-04 7.3986122e-04
 4.5974489e-04 2.3253342e-04 1.1066402e-03 3.0588103e-04 2.4433425e-04
 2.1042231e-04 1.6573181e-04 3.5973190e-04 3.0320557e-04]"
4,4,"[2.0073757e-03 1.6370324e-02 1.7177300e-03 6.0577539e-04 9.6691918e-01
 8.5563323e-04 1.1967570e-03 3.7397607e-03 1.7065631e-03 1.1490647e-03
 1.4896559e-03 7.1937300e-04 7.5104821e-04 7.7168323e-04]"
0,0,"[9.9646449e-01 5.7607010e-04 4.9468881e-04 3.2085043e-04 2.4157079e-04
 1.9340080e-04 8.9983310e-05 1.3240927e-04 2.5023293e-04 1.1857188e-04
 9.5426309e-05 1.1747491e-04 1.0534472e-04 7.9934148e-04]"
1,1,"[3.8021496e-03 9.9040765e-01 5.6076172e-04 3.5895253e-04 7.5751869e-04
 4.8289559e-04 3.2951211e-04 1.6906526e-03 2.4539416e-04 2.6882507e-04
 2.3794762e-04 2.1090001e-04 3.2522780e-04 3.2164145e-04]"
0,0,"[9.95824814e-01 6.39812730e-04 7.88130041e-04 5.12391794e-04
 2.16961998e-04 2.19368812e-04 7.36185757e-05 1.51270156e-04
 2.91042437e-04 1.23311082e-04 1.04156505e-04 1.29723179e-04
 1.05127598e-04 8.20171379e-04]"
0,2,"[9.94599223e-01 5.18578221e-04 1.53919938e-03 9.53617971e-04
 2.58975255e-04 1.73649518e-04 9.06723144e-05 1.20207704e-04
 2.88257987e-04 1.67015576e-04 1.24040787e-04 1.39374781e-04
 1.26930856e-04 9.00069892e-04]"
0,0,"[9.9434704e-01 1.2695794e-03 9.4240793e-04 1.0894348e-03 3.8045234e-04
 1.9417414e-04 9.6392687e-05 1.4851913e-04 2.4572024e-04 1.4831671e-04
 7.0738621e-05 1.3550655e-04 1.0331883e-04 8.2829618e-04]"
1,1,"[1.7202245e-03 9.8584765e-01 7.1622105e-04 4.2187324e-04 1.1773681e-03
 7.5211050e-04 5.3990114e-04 6.5715993e-03 2.1646750e-04 5.0646637e-04
 4.0564325e-04 3.2446042e-04 4.6936379e-04 3.3053625e-04]"
9,9,"[8.7913382e-04 8.6757628e-04 1.3245377e-02 1.3645182e-03 1.6307434e-03
 6.3971954e-04 7.0893945e-04 1.7218097e-03 7.6768611e-04 9.6728671e-01
 2.7405510e-03 1.6079549e-03 1.9459204e-03 4.5933826e-03]"
1,1,"[1.1554872e-02 9.8167199e-01 1.0717505e-03 3.7842852e-04 8.4133248e-04
 4.0069592e-04 3.1509003e-04 1.9142879e-03 2.7930900e-04 2.6585921e-04
 2.6444218e-04 1.8119048e-04 4.8665921e-04 3.7397261e-04]"
0,0,"[9.8985869e-01 6.2293379e-04 8.9227012e-04 1.3484729e-03 3.0251016e-04
 3.0031093e-04 1.2252205e-04 1.8315617e-04 5.7634845e-04 1.9894577e-04
 1.2800537e-04 3.0390191e-04 2.0647155e-04 4.9553830e-03]"
0,0,"[9.93742287e-01 7.48587714e-04 8.14302184e-04 4.24347760e-04
 3.76908691e-04 4.73687658e-04 1.00887744e-04 1.34882401e-04
 6.58655073e-04 1.29120352e-04 1.54445326e-04 1.75378751e-04
 1.59733667e-04 1.90671347e-03]"
11,11,"[8.5095997e-04 7.1112032e-04 8.8111870e-04 1.2878997e-02 1.1048859e-03
 1.0911443e-03 2.3547038e-03 2.1722845e-03 1.0316373e-03 2.1059001e-03
 3.7519110e-04 9.6592492e-01 1.3949116e-03 7.1222493e-03]"
8,0,"[7.9272486e-02 1.3169636e-03 1.6883687e-03 2.2284375e-03 3.2797232e-03
 7.6775001e-03 1.7535649e-03 8.9110725e-04 8.9183378e-01 7.6689781e-04
 2.0446882e-03 1.7856179e-03 1.9793962e-03 3.4815951e-03]"
10,10,"[3.2702982e-04 7.2914775e-04 3.0043875e-03 3.6782489e-04 1.5234282e-03
 5.8506285e-03 4.3996284e-03 1.4179384e-03 1.8426075e-03 2.3700108e-03
 9.7584438e-01 3.4957525e-04 1.0062311e-03 9.6720317e-04]"
2,2,"[1.1799007e-03 5.6346093e-04 9.6525741e-01 1.3594491e-03 9.5750456e-04
 4.8389976e-04 4.2549809e-04 6.1259745e-04 8.2663324e-04 2.4418550e-02
 1.3742440e-03 5.9741619e-04 1.3366177e-03 6.0683221e-04]"
4,4,"[3.5545840e-03 1.9701218e-02 1.3711266e-03 5.6827307e-04 9.6381986e-01
 1.0073265e-03 9.6290838e-04 3.0848586e-03 1.6829550e-03 9.2414254e-04
 1.3258362e-03 6.5931142e-04 6.7285402e-04 6.6496147e-04]"
10,10,"[1.5676449e-04 5.4118759e-04 1.7647885e-03 3.4693789e-04 1.5718584e-03
 2.3865248e-03 6.0655875e-03 1.3867256e-03 1.0071653e-03 2.1912151e-03
 9.8082203e-01 2.7601563e-04 7.8851590e-04 6.9466571e-04]"
0,0,"[0.69563264 0.00681582 0.0019921  0.00448334 0.00393691 0.0806969
 0.00247812 0.00132911 0.18277623 0.001023   0.00277438 0.00234499
 0.00222655 0.01148996]"
13,13,"[3.7839895e-03 3.2368721e-04 6.6626928e-04 1.7677242e-03 9.6706650e-04
 2.2578465e-03 1.6750783e-03 1.1901902e-03 1.6935358e-03 4.7028488e-03
 2.1098314e-03 3.6818525e-03 1.2014054e-03 9.7397870e-01]"
2,2,"[1.2404675e-03 7.0432771e-04 9.8949373e-01 1.0152523e-03 7.8044657e-04
 3.9024113e-04 3.0071050e-04 4.6378822e-04 5.6966464e-04 2.9868851e-03
 9.1254670e-04 4.0322874e-04 4.7465309e-04 2.6431301e-04]"
1,1,"[1.9437711e-03 9.9110633e-01 5.3888262e-04 4.2190318e-04 1.0172076e-03
 6.0539477e-04 4.8508245e-04 2.1073713e-03 2.3256028e-04 3.5046836e-04
 3.1861247e-04 2.4403229e-04 3.1276833e-04 3.1552248e-04]"
0,0,"[9.8703903e-01 1.1754641e-03 2.0014730e-03 5.6966087e-03 5.2121223e-04
 3.7014612e-04 2.3537234e-04 2.0086799e-04 4.4200337e-04 4.4566934e-04
 1.4262977e-04 3.0040910e-04 1.9582119e-04 1.2333817e-03]"
7,7,"[6.1679393e-04 2.8122731e-03 4.7517341e-04 4.5693404e-04 1.6180719e-03
 4.6699459e-04 6.0200936e-04 9.8798907e-01 2.0382812e-04 8.2888309e-04
 9.2705275e-04 9.4552833e-04 1.4495847e-03 6.0773717e-04]"
1,0,"[1.6268371e-02 9.5397389e-01 1.5969931e-03 8.1924687e-04 9.0301903e-03
 1.4444205e-03 8.7724708e-04 1.1511490e-02 9.1393065e-04 5.4572255e-04
 8.9102855e-04 5.0073588e-04 9.0995355e-04 7.1693008e-04]"
7,7,"[6.7365216e-04 3.2871524e-03 4.4876087e-04 4.3645664e-04 1.5064053e-03
 5.1557174e-04 6.6540367e-04 9.8761302e-01 2.1386032e-04 7.5566652e-04
 9.3260186e-04 9.5816661e-04 1.3408595e-03 6.5269234e-04]"
13,0,"[1.6127963e-02 6.5278116e-04 2.2980988e-03 5.1339730e-03 1.9159014e-03
 2.6201869e-03 1.4501234e-03 1.9993549e-03 1.3127336e-03 1.6203035e-02
 2.0350949e-03 4.2458349e-03 1.1197908e-03 9.4288516e-01]"
5,5,"[1.7167661e-02 5.2001881e-03 1.0812550e-03 8.0294564e-04 1.7374947e-03
 9.6168226e-01 1.1042829e-03 1.2415645e-03 2.4536240e-03 8.7140012e-04
 2.6059391e-03 7.9231599e-04 1.5853160e-03 1.6738934e-03]"
